data,adset_id,adset_name,campaign_id,leads_entrada,cliques_ad,threads,leads_qualificados,leads_avaliados,receita_estimada,sessoes,leads_com_sessao
2026-07-22,120247357080930278,[AFS] [F3] [AMARA OKAFOR] V1,120247357080990278,33,33,32,28,99,1.89,0,0
2026-07-22,120247357080980278,[AFS] [F3] [AMARA OKAFOR] V5,120247357080990278,46,46,43,44,135,5.88,0,0
2026-07-22,120247357081010278,[AFS] [F3] [AMARA OKAFOR] V6,120247357080990278,51,51,44,53,156,6.15,0,0
2026-07-22,120247357081030278,[AFS] [F3] [AMARA OKAFOR] V3,120247357080990278,35,35,30,44,105,4.98,0,0
2026-07-22,120247357081040278,[AFS] [F3] [AMARA OKAFOR] V2,120247357080990278,48,48,43,42,147,4.45,0,0
2026-07-22,120247357081050278,[AFS] [F3] [AMARA OKAFOR] V4,120247357080990278,27,27,24,39,96,3.90,0,0
2026-07-22,120247357457050278,[AFS] [F3] [ZOLA DLAMINI] V4,120247357456980278,30,30,27,40,84,4.42,0,0
2026-07-22,120247357457060278,[AFS] [F3] [ZOLA DLAMINI] V2,120247357456980278,38,38,35,70,129,4.69,0,0
2026-07-22,120247357457070278,[AFS] [F3] [ZOLA DLAMINI] V3,120247357456980278,42,42,39,47,132,2.80,0,0
2026-07-22,120247357457080278,[AFS] [F3] [ZOLA DLAMINI] V5,120247357456980278,55,55,50,63,162,5.05,0,0
2026-07-22,120247357457090278,[AFS] [F3] [ZOLA DLAMINI]V6,120247357456980278,59,59,56,74,183,6.55,0,0
2026-07-22,120247357457100278,[AFS] [F3] [ZOLA DLAMINI] V1,120247357456980278,44,44,38,46,132,2.77,0,0
2026-07-22,120247358420040278,[AFS] [F3] [AMINATA DIALLO] V6,120247358419970278,38,38,36,41,117,3.33,0,0
2026-07-22,120247358420050278,[AFS] [F3] [AMINATA DIALLO] V4,120247358419970278,15,15,15,24,51,1.66,0,0
2026-07-22,120247358420060278,[AFS] [F3] [AMINATA DIALLO] V5,120247358419970278,40,40,38,42,129,5.17,0,0
2026-07-22,120247358420070278,[AFS] [F3] [AMINATA DIALLO] V3,120247358419970278,34,34,34,42,102,4.37,0,0
2026-07-22,120247358420080278,[AFS] [F3] [AMINATA DIALLO] V2,120247358419970278,28,28,27,29,78,2.24,0,0
2026-07-22,120247358420090278,[AFS] [F3] [AMINATA DIALLO] V1,120247358419970278,35,35,28,27,102,4.96,0,0
2026-07-22,120247358791290278,[AFS] [F3] [FOLASADE ADEYEMI] V5,120247358791270278,35,35,31,38,105,3.23,0,0
2026-07-22,120247358791350278,[AFS] [F3] [FOLASADE ADEYEMI] V6,120247358791270278,35,35,30,24,108,2.31,0,0
2026-07-22,120247358791360278,[AFS] [F3] [FOLASADE ADEYEMI] V4,120247358791270278,25,25,24,13,75,2.11,0,0
2026-07-22,120247358791370278,[AFS] [F3] [FOLASADE ADEYEMI] V3,120247358791270278,29,29,28,17,93,2.30,0,0
2026-07-22,120247358791380278,[AFS] [F3] [FOLASADE ADEYEMI] V2,120247358791270278,23,23,21,14,75,2.28,0,0
2026-07-22,120247358791390278,[AFS] [F3] [FOLASADE ADEYEMI] V1,120247358791270278,31,31,27,29,99,3.00,0,0
2026-07-22,120247359464720278,[AFS] [F3] [NOMVULA MOKOENA] V6,120247359464690278,25,25,24,19,75,1.79,0,0
2026-07-22,120247359464770278,[AFS] [F3] [NOMVULA MOKOENA] V4,120247359464690278,25,25,23,20,75,3.07,0,0
2026-07-22,120247359464780278,[AFS] [F3] [NOMVULA MOKOENA] V5,120247359464690278,33,33,30,28,90,4.45,0,0
2026-07-22,120247359464790278,[AFS] [F3] [NOMVULA MOKOENA] V2,120247359464690278,24,24,20,12,75,1.51,0,0
2026-07-22,120247359464800278,[AFS] [F3] [NOMVULA MOKOENA] V1,120247359464690278,24,24,20,12,78,1.48,0,0
2026-07-22,120247359464810278,[AFS] [F3] [NOMVULA MOKOENA] V3,120247359464690278,17,17,15,13,51,2.11,0,0
2026-07-22,120247360141400278,[AFS] [F3] [CHIPO MOYO]  V1,120247360141370278,15,15,14,26,60,2.77,0,0
2026-07-22,120247360141410278,[AFS] [F3] [CHIPO MOYO]  V6,120247360141370278,27,27,26,43,84,3.73,0,0
2026-07-22,120247360141440278,[AFS] [F3] [CHIPO MOYO]  V3,120247360141370278,34,34,32,40,99,3.21,0,0
2026-07-22,120247360141470278,[AFS] [F3] [CHIPO MOYO]  V5,120247360141370278,31,31,26,44,96,4.59,0,0
2026-07-22,120247360141480278,[AFS] [F3] [CHIPO MOYO]  V4,120247360141370278,30,30,27,39,96,4.77,0,0
2026-07-22,120247360141490278,[AFS] [F3] [CHIPO MOYO]  V2,120247360141370278,42,42,42,42,123,4.47,0,0
2026-07-22,120247360356770278,[AFS] [F3] [FATOUMATA TRAORE] V4,120247360356710278,48,48,41,41,141,4.70,0,0
2026-07-22,120247360356790278,[AFS] [F3] [FATOUMATA TRAORE] V6,120247360356710278,27,27,25,29,81,3.86,0,0
2026-07-22,120247360356800278,[AFS] [F3] [FATOUMATA TRAORE] V5,120247360356710278,20,20,17,32,66,2.69,0,0
2026-07-22,120247360356810278,[AFS] [F3] [FATOUMATA TRAORE] V3,120247360356710278,34,34,28,20,93,1.76,0,0
2026-07-22,120247360356820278,[AFS] [F3] [FATOUMATA TRAORE] V2,120247360356710278,23,23,19,20,69,1.16,0,0
2026-07-22,120247360356830278,[AFS] [F3] [FATOUMATA TRAORE] V1,120247360356710278,50,50,47,69,159,6.31,0,0
2026-07-22,120247360531040278,[AFS] [F3] [AMINATA DIALLO] V1,120247360531070278,31,31,29,34,84,2.52,0,0
2026-07-22,120247360531120278,[AFS] [F3] [AMINATA DIALLO] V3,120247360531070278,31,31,27,31,99,2.32,0,0
2026-07-22,120247360531130278,[AFS] [F3] [AMINATA DIALLO] V5,120247360531070278,27,27,25,30,84,2.80,0,0
2026-07-22,120247360531140278,[AFS] [F3] [AMINATA DIALLO] V6,120247360531070278,41,41,38,68,123,9.25,0,0
2026-07-22,120247360531150278,[AFS] [F3] [AMINATA DIALLO]V4,120247360531070278,40,40,35,40,117,3.62,0,0
2026-07-22,120247360531160278,[AFS] [F3] [AMINATA DIALLO] V2,120247360531070278,48,48,43,45,138,4.63,0,0
2026-07-22,120247382249470278,[AFS_RELA_EN_BOT_0001] [NOURBESE] V3,120247382249440278,36,36,31,27,111,2.16,0,0
2026-07-22,120247382249520278,[AFS_RELA_EN_BOT_0001] [NOURBESE] V1,120247382249440278,30,30,25,21,87,1.42,0,0
2026-07-22,120247382249530278,[AFS_RELA_EN_BOT_0001] [NOURBESE] V2,120247382249440278,42,42,41,42,129,3.68,0,0
2026-07-22,120247382249540278,[AFS_RELA_EN_BOT_0001] [NOURBESE] V5,120247382249440278,72,72,67,99,219,8.33,0,0
2026-07-22,120247382249550278,[AFS_RELA_EN_BOT_0001] [NOURBESE] V6,120247382249440278,31,31,31,51,93,5.07,0,0
2026-07-22,120247382249560278,[AFS_RELA_EN_BOT_0001] [NOURBESE] V4,120247382249440278,19,19,17,21,57,1.38,0,0
2026-07-22,120247382323040278,[AFS] [F3] [WANGARI KAMAU] V4,120247382322970278,40,40,36,41,120,3.41,0,0
2026-07-22,120247382323050278,[AFS] [F3] [WANGARI KAMAU] V6,120247382322970278,32,32,29,40,105,3.68,0,0
2026-07-22,120247382323060278,[AFS] [F3] [WANGARI KAMAU] V5,120247382322970278,40,40,36,49,123,5.64,0,0
2026-07-22,120247382323070278,[AFS] [F3] [WANGARI KAMAU] V2,120247382322970278,25,25,23,23,72,3.10,0,0
2026-07-22,120247382323080278,[AFS] [F3] [WANGARI KAMAU] V3,120247382322970278,21,21,19,24,72,2.46,0,0
2026-07-22,120247382323090278,[AFS] [F3] [WANGARI KAMAU] V1,120247382322970278,35,35,32,41,111,3.71,0,0
2026-07-22,120247461971660278,[AFS_RELA_EN_BOT_0001] [ADAMMA] V1,120247461971670278,5,5,5,3,12,0.32,0,0
2026-07-22,120247462052200278,[AFS_RELA_EN_BOT_0001] [ADAMMA] V2,120247461971670278,4,4,4,6,6,0.85,0,0
2026-07-22,120247462063520278,[AFS_RELA_EN_BOT_0001] [ADAMMA] V4,120247461971670278,4,4,4,3,12,0.66,0,0
2026-07-22,120247462073710278,[AFS_RELA_EN_BOT_0001] [ADAMMA] V5,120247461971670278,5,5,5,6,15,0.35,0,0
2026-07-22,120247462083520278,[AFS_RELA_EN_BOT_0001] [ADAMMA] V6,120247461971670278,2,2,2,3,6,0.37,0,0
2026-07-22,120247488168300278,[AFS] [F3] [BONTLE MODISE] V1,120247488168210278,40,40,35,30,114,2.53,0,0
2026-07-22,120247488215910278,[AFS] [F3] [BONTLE MODISE] V2,120247488168210278,53,53,51,62,162,5.39,0,0
2026-07-22,120247488220950278,[AFS] [F3] [BONTLE MODISE] V3,120247488168210278,21,21,19,6,63,1.20,0,0
2026-07-22,120247488225850278,[AFS] [F3] [BONTLE MODISE] V4,120247488168210278,39,39,34,38,123,3.87,0,0
2026-07-22,120247488230320278,[AFS] [F3] [BONTLE MODISE] V5,120247488168210278,49,49,44,36,138,4.42,0,0
2026-07-22,120247488234950278,[AFS] [F3] [BONTLE MODISE] V6,120247488168210278,20,20,18,12,60,1.03,0,0
2026-07-22,120247488259350278,[AFS] [F3] [LUNGILE HADEBE] V1,120247488259330278,40,40,36,39,126,4.32,0,0
2026-07-22,120247488354910278,[AFS] [F3] [LUNGILE HADEBE] V2,120247488259330278,30,30,25,32,96,3.54,0,0
2026-07-22,120247488362150278,[AFS] [F3] [LUNGILE HADEBE] V3,120247488259330278,32,32,27,26,96,2.46,0,0
2026-07-22,120247488368490278,[AFS] [F3] [LUNGILE HADEBE] V4,120247488259330278,14,14,13,17,42,1.90,0,0
2026-07-22,120247488373900278,[AFS] [F3] [LUNGILE HADEBE] V5,120247488259330278,28,28,25,52,96,4.54,0,0
2026-07-22,120247488419540278,[AFS] [F3] [LUNGILE HADEBE] V6,120247488259330278,28,28,27,35,87,3.94,0,0
2026-07-22,120247488474100278,[AFS] [F3] [LERATO MAHLANGU] V1,120247488474000278,45,45,35,55,138,6.38,0,0
2026-07-22,120247488538970278,[AFS] [F3] [LERATO MAHLANGU] V2,120247488474000278,18,18,16,24,57,2.90,0,0
2026-07-22,120247488660110278,[AFS] [F3] [LERATO MAHLANGU] V3,120247488474000278,35,35,29,32,111,2.38,0,0
2026-07-22,120247488793560278,[AFS] [F3] [LERATO MAHLANGU] V4,120247488474000278,25,25,24,28,66,3.12,0,0
2026-07-22,120247488827940278,[AFS] [F3] [LERATO MAHLANGU] V5,120247488474000278,64,64,60,92,198,8.89,0,0
2026-07-22,120247488854820278,[AFS] [F3] [LERATO MAHLANGU] V6,120247488474000278,32,32,26,40,96,4.62,0,0
2026-07-22,120247488930200278,[AFS] [F3] [NOURBESE ACHEBE] V1,120247488930090278,20,20,18,14,60,2.16,0,0
2026-07-22,120247488968980278,[AFS] [F3] [NOURBESE ACHEBE] V2,120247488930090278,26,26,24,43,84,3.34,0,0
2026-07-22,120247488989090278,[AFS] [F3] [NOURBESE ACHEBE] V3,120247488930090278,24,24,23,30,69,2.98,0,0
2026-07-22,120247489010590278,[AFS] [F3] [NOURBESE ACHEBE] V4,120247488930090278,22,22,20,15,63,1.03,0,0
2026-07-22,120247489016960278,[AFS] [F3] [NOURBESE ACHEBE] V5,120247488930090278,38,38,34,42,114,5.45,0,0
2026-07-22,120247489033080278,[AFS] [F3] [NOURBESE ACHEBE] V6,120247488930090278,20,20,17,18,54,2.20,0,0
2026-07-22,120247489048840278,[AFS] [F3] [MORENIKE AJAYI] V1,120247489048850278,18,18,18,18,60,2.13,0,0
2026-07-22,120247489055990278,[AFS] [F3] [NONHLANHLA CELE] V1,120247489056040278,15,15,15,20,45,2.58,0,0
2026-07-22,120247489113490278,[AFS] [F3] [NONHLANHLA CELE] V2,120247489056040278,39,39,36,33,120,4.24,0,0
2026-07-22,120247489137090278,[AFS] [F3] [NONHLANHLA CELE] V3,120247489056040278,22,22,18,19,75,1.49,0,0
2026-07-22,120247489142030278,[AFS] [F3] [MORENIKE AJAYI] V2,120247489048850278,17,17,17,5,54,1.58,0,0
2026-07-22,120247489148840278,[AFS] [F3] [MORENIKE AJAYI] V3,120247489048850278,24,24,24,21,72,2.45,0,0
2026-07-22,120247489149860278,[AFS] [F3] [NONHLANHLA CELE] V4,120247489056040278,14,14,13,23,42,1.84,0,0
2026-07-22,120247489152530278,[AFS] [F3] [MORENIKE AJAYI] V4,120247489048850278,23,23,23,14,78,1.73,0,0
2026-07-22,120247489155770278,[AFS] [F3] [MORENIKE AJAYI] V5,120247489048850278,19,19,19,1,63,0.24,0,0
2026-07-22,120247489155880278,[AFS] [F3] [NONHLANHLA CELE] V5,120247489056040278,26,26,23,24,75,2.78,0,0
2026-07-22,120247489160390278,[AFS] [F3] [MORENIKE AJAYI] V6,120247489048850278,23,23,23,19,69,2.09,0,0
2026-07-22,120247489160520278,[AFS] [F3] [NONHLANHLA CELE] V6,120247489056040278,104,104,93,113,273,9.94,0,0
2026-07-22,120247490527940278,[AFS] [F3] [SAIDA HAMISI] V1,120247490527990278,1,1,1,0,6,0.00,0,0
2026-07-22,120247490558800278,[AFS] [F3] [SAIDA HAMISI] V2,120247490527990278,1,1,1,0,3,0.00,0,0
2026-07-22,120247490572030278,[AFS] [F3] [SAIDA HAMISI] V3,120247490527990278,1,1,1,3,6,0.72,0,0
2026-07-22,120247490579700278,[AFS] [F3] [SAIDA HAMISI] V5,120247490527990278,2,2,2,6,6,0.42,0,0
2026-07-22,120247490584240278,[AFS] [F3] [SAIDA HAMISI] V6,120247490527990278,2,2,2,3,9,0.65,0,0
2026-07-22,120247490618490278,[AFS] [F3] [YETUNDE ALABI] V2,120247490598050278,4,4,4,3,12,0.40,0,0
2026-07-22,120247490620890278,[AFS] [F3] [YETUNDE ALABI] V3,120247490598050278,4,4,4,9,21,1.06,0,0
2026-07-22,120247490623620278,[AFS] [F3] [YETUNDE ALABI] V4,120247490598050278,3,3,3,6,12,0.25,0,0
2026-07-22,120247490626940278,[AFS] [F3] [YETUNDE ALABI] V5,120247490598050278,1,1,1,3,6,0.26,0,0
2026-07-22,120247490631910278,,,0,0,0,3,3,0.14,0,0
2026-07-22,120247490644830278,[AFS] [F3] [NALEDI MOLEFE] V1,120247490644850278,1,1,1,0,0,0,0,0
2026-07-22,120247490686120278,[AFS] [F3] [NALEDI MOLEFE] V2,120247490644850278,4,4,4,0,9,0.10,0,0
2026-07-22,120247490688600278,[AFS] [F3] [NALEDI MOLEFE] V3,120247490644850278,2,2,2,2,9,0.19,0,0
2026-07-22,120247490699100278,[AFS] [F3] [NALEDI MOLEFE] V5,120247490644850278,3,3,3,0,9,0.07,0,0
2026-07-22,120247490703500278,,,0,0,0,0,3,0.00,0,0
2026-07-22,120247506168140278,[AFS] [F3] [BONGEKILE ZUNGU] V1,120247506168050278,13,13,10,9,39,1.15,0,0
2026-07-22,120247506197150278,[AFS] [F3] [BONGEKILE ZUNGU] V2,120247506168050278,15,15,13,7,51,1.29,0,0
2026-07-22,120247506203840278,[AFS] [F3] [BONGEKILE ZUNGU] V3,120247506168050278,23,23,18,12,75,1.98,0,0
2026-07-22,120247506216350278,[AFS] [F3] [BONGEKILE ZUNGU] V4,120247506168050278,14,14,12,5,42,1.17,0,0
2026-07-22,120247506238310278,[AFS] [F3] [BONGEKILE ZUNGU] V5,120247506168050278,18,18,16,8,60,1.43,0,0
2026-07-22,120247506249690278,[AFS] [F3] [BONGEKILE ZUNGU] V6,120247506168050278,22,22,19,7,66,1.36,0,0
2026-07-22,120247506424250278,[AFS] [F3] [MBALI BUTHELEZI] V1,120247506424170278,30,30,28,23,99,3.55,0,0
2026-07-22,120247506530130278,[AFS] [F3] [MBALI BUTHELEZI] V2,120247506424170278,18,18,17,16,63,1.83,0,0
2026-07-22,120247506542160278,[AFS] [F3] [MBALI BUTHELEZI] V3,120247506424170278,20,20,20,14,60,3.41,0,0
2026-07-22,120247506551600278,[AFS] [F3] [MBALI BUTHELEZI] V4,120247506424170278,12,12,11,6,39,0.61,0,0
2026-07-22,120247506560570278,[AFS] [F3] [MBALI BUTHELEZI] V5,120247506424170278,18,18,15,18,57,2.54,0,0
2026-07-22,120247506567820278,[AFS] [F3] [MBALI BUTHELEZI] V6,120247506424170278,17,17,13,3,51,0.59,0,0
2026-07-22,120247510472600278,[AFS] [F3] [Amarachi Nwafor] V1,120247510472480278,17,17,17,0,54,1.11,0,0
2026-07-22,120247511200720278,[AFS] [F3] [Amarachi Nwafor] V2,120247510472480278,13,13,13,7,39,1.58,0,0
2026-07-22,120247511268740278,[AFS] [F3] [Amarachi Nwafor] V3,120247510472480278,6,6,6,0,18,0.36,0,0
2026-07-22,120247511278660278,[AFS] [F3] [Amarachi Nwafor] V4,120247510472480278,9,9,9,6,30,1.65,0,0
2026-07-22,120247511285940278,[AFS] [F3] [Amarachi Nwafor] V5,120247510472480278,6,6,6,2,18,0.42,0,0
2026-07-22,120247511291500278,[AFS] [F3] [Amarachi Nwafor] V6,120247510472480278,8,8,8,0,24,0.44,0,0
2026-07-22,120247511324670278,[AFS] [F3] [Chinelo Umeh] V1,120247511324690278,6,6,6,5,18,0.94,0,0
2026-07-22,120247511421230278,[AFS] [F3] [Chinelo Umeh] V2,120247511324690278,5,5,5,3,15,0.80,0,0
2026-07-22,120247511427740278,[AFS] [F3] [Chinelo Umeh] V3,120247511324690278,5,5,5,0,15,0.52,0,0
2026-07-22,120247511436300278,[AFS] [F3] [Chinelo Umeh] V4,120247511324690278,4,4,4,0,12,0.56,0,0
2026-07-22,120247511443330278,[AFS] [F3] [Chinelo Umeh] V5,120247511324690278,15,15,15,3,48,1.29,0,0
2026-07-22,120247511457850278,[AFS] [F3] [Chinelo Umeh] V6,120247511324690278,10,10,10,5,30,1.32,0,0
2026-07-22,120247511492340278,[AFS] [F3] [OLUCHI EZEANI] V1,120247511492330278,9,9,9,6,33,0.93,0,0
2026-07-22,120247511563030278,[AFS] [F3] [OLUCHI EZEANI] V2,120247511492330278,6,6,6,6,21,0.78,0,0
2026-07-22,120247511574100278,[AFS] [F3] [OLUCHI EZEANI] V3,120247511492330278,14,14,14,11,48,3.08,0,0
2026-07-22,120247511580070278,[AFS] [F3] [OLUCHI EZEANI] V4,120247511492330278,10,10,10,3,30,0.49,0,0
2026-07-22,120247511592870278,[AFS] [F3] [OLUCHI EZEANI] V5,120247511492330278,15,15,15,8,45,1.07,0,0
2026-07-22,120247511637820278,[AFS] [F3] [OLUCHI EZEANI] V6,120247511492330278,16,16,16,0,48,0.43,0,0
2026-07-22,120253057249320281,[AFS] [F3] [AYANDA] V1,120253057249230281,2,2,2,3,6,0.17,0,0
2026-07-22,120253057288510281,[AFS] [F3] [AYANDA] V2,120253057249230281,12,12,12,15,36,1.42,0,0
2026-07-22,120253057293970281,[AFS] [F3] [AYANDA] V3,120253057249230281,10,10,10,9,24,0.84,0,0
2026-07-22,120253057299420281,[AFS] [F3] [AYANDA] V4,120253057249230281,13,13,13,15,39,1.14,0,0
2026-07-22,120253057306490281,[AFS] [F3] [AYANDA] V5,120253057249230281,10,10,10,3,21,0.54,0,0
2026-07-22,120253057315290281,[AFS] [F3] [AYANDA] V6,120253057249230281,6,6,6,6,18,0.83,0,0
2026-07-22,120253057329180281,[AFS] [F3] [KHANYISA MTHEMBU] V1,120253057329110281,5,5,5,0,6,0.00,0,0
2026-07-22,120253057385670281,[AFS] [F3] [KHANYISA MTHEMBU] V2,120253057329110281,7,7,7,6,18,0.32,0,0
2026-07-22,120253057396940281,[AFS] [F3] [KHANYISA MTHEMBU] V3,120253057329110281,8,8,8,10,21,0.72,0,0
2026-07-22,120253057400840281,[AFS] [F3] [KHANYISA MTHEMBU] V4,120253057329110281,17,17,17,24,48,2.36,0,0
2026-07-22,120253057404980281,[AFS] [F3] [KHANYISA MTHEMBU] V5,120253057329110281,13,13,13,13,36,1.63,0,0
2026-07-22,120253057408300281,[AFS] [F3] [KHANYISA MTHEMBU] V6,120253057329110281,8,8,8,12,21,1.01,0,0
2026-07-22,120253057415450281,[AFS] [F3] [NTOMBI ZUMA] V1,120253057415460281,9,9,9,8,27,1.14,0,0
2026-07-22,120253057444620281,[AFS] [F3] [NTOMBI ZUMA] V2,120253057415460281,18,18,18,15,48,1.58,0,0
2026-07-22,120253057454260281,[AFS] [F3] [NTOMBI ZUMA] V3,120253057415460281,11,11,11,15,30,2.33,0,0
2026-07-22,120253057457110281,[AFS] [F3] [NTOMBI ZUMA] V4,120253057415460281,9,9,9,15,27,1.69,0,0
2026-07-22,120253057459930281,[AFS] [F3] [NTOMBI ZUMA] V5,120253057415460281,10,10,10,15,27,1.34,0,0
2026-07-22,120253057464720281,[AFS] [F3] [NTOMBI ZUMA] V6,120253057415460281,4,4,4,3,12,0.41,0,0
2026-07-22,120253057479010281,[AFS] [F3] [SIBONGILE MOLEFE]V1,120253057478930281,2,2,2,0,3,0.00,0,0
2026-07-22,120253057510640281,[AFS] [F3] [SIBONGILE MOLEFE] V2,120253057478930281,7,7,7,2,15,0.21,0,0
2026-07-22,120253057512790281,[AFS] [F3] [SIBONGILE MOLEFE] V3,120253057478930281,6,6,6,3,12,0.40,0,0
2026-07-22,120253057515110281,[AFS] [F3] [SIBONGILE MOLEFE] V4,120253057478930281,5,5,5,6,15,1.22,0,0
2026-07-22,120253057519430281,[AFS] [F3] [SIBONGILE MOLEFE] V5,120253057478930281,3,3,3,0,3,0.10,0,0
2026-07-22,120253057522840281,[AFS] [F3] [SIBONGILE MOLEFE] V6,120253057478930281,2,2,2,3,6,0.15,0,0
2026-07-22,120253079044420281,[AFS] [F3] [ZOLA OKAFOR] V1,120253079044410281,16,16,16,6,57,1.56,0,0
2026-07-22,120253079114620281,[AFS] [F3] [ZOLA OKAFOR] V2,120253079044410281,29,29,29,3,90,0.71,0,0
2026-07-22,120253079117950281,[AFS] [F3] [ZOLA OKAFOR] V3,120253079044410281,17,17,17,3,51,0.40,0,0
2026-07-22,120253079122720281,[AFS_RELA_EN_BOT_0003] [ZOLA] V4,120253079044410281,1,1,1,0,3,0.00,0,0
2026-07-22,120253079128080281,[AFS] [F3] [ZOLA OKAFOR] V5,120253079044410281,25,25,25,16,78,2.48,0,0
2026-07-22,120253079132510281,[AFS] [F3] [ZOLA OKAFOR] V6,120253079044410281,16,16,16,11,45,1.43,0,0
2026-07-22,120253082530860281,[AFS] [F3] [NOSIZWE HLONGWANE] V1,120253082530810281,14,14,14,15,42,1.95,0,0
2026-07-22,120253082684680281,[AFS] [F3] [NOSIZWE HLONGWANE] V2,120253082530810281,12,12,12,10,42,1.13,0,0
2026-07-22,120253082723400281,[AFS] [F3] [NOSIZWE HLONGWANE] V3,120253082530810281,30,30,30,38,90,6.11,0,0
2026-07-22,120253082732550281,[AFS] [F3] [NOSIZWE HLONGWANE] V4,120253082530810281,20,20,20,16,60,1.44,0,0
2026-07-22,120253082737930281,[AFS] [F3] [NOSIZWE HLONGWANE] V5,120253082530810281,25,25,25,21,75,3.46,0,0
2026-07-22,120253082741790281,[AFS] [F3] [NOSIZWE HLONGWANE] V6,120253082530810281,31,31,31,45,96,6.28,0,0
2026-07-22,120253082817280281,[AFS] [F3] [ZANELE DUDE] V1,120253082817170281,36,36,36,34,102,2.86,0,0
2026-07-22,120253082840560281,[AFS] [F3] [ZANELE DUDE]  V2,120253082817170281,39,39,39,24,126,2.07,0,0
2026-07-22,120253082846410281,[AFS] [F3] [ZANELE DUDE]  V3,120253082817170281,28,28,28,19,84,1.48,0,0
2026-07-22,120253082849840281,[AFS] [F3] [ZANELE DUDE]  V4,120253082817170281,22,22,22,18,66,2.87,0,0
2026-07-22,120253082852390281,[AFS] [F3] [ZANELE DUDE] V5,120253082817170281,22,22,22,15,69,1.60,0,0
2026-07-22,120253082855810281,[AFS] [F3] [ZANELE DUDE] V6,120253082817170281,36,36,36,23,114,2.11,0,0
2026-07-22,120253100952610281,[AFS] [F3] [NOKUTHULA NDLOVU] V4,120253100917260281,1,1,1,0,0,0,0,0
2026-07-22,120253100955530281,[AFS] [F3] [NOKUTHULA NDLOVU] V3,120253100917260281,1,1,1,0,0,0,0,0
2026-07-22,120253100996160281,[AFS] [F3] [NOKUTHULA NDLOVU] V5,120253100917260281,1,1,1,0,3,0.00,0,0
2026-07-22,120253101016690281,[AFS] [F3] [ZANELE MOKO] V1,120253101016570281,9,9,9,16,27,3.18,0,0
2026-07-22,120253101032080281,[AFS] [F3] [ZANELE MOKO] V2,120253101016570281,4,4,4,3,12,0.33,0,0
2026-07-22,120253101033490281,[AFS] [F3] [ZANELE MOKO] V3,120253101016570281,9,9,9,6,24,0.52,0,0
2026-07-22,120253101035060281,[AFS] [F3] [ZANELE MOKO] V4,120253101016570281,12,12,12,12,27,1.04,0,0
2026-07-22,120253101038430281,[AFS] [F3] [ZANELE MOKO] V5,120253101016570281,10,10,10,13,27,0.88,0,0
2026-07-22,120253101044980281,[AFS] [F3] [ZANELE MOKO] V6,120253101016570281,20,20,20,21,51,1.22,0,0
2026-07-22,120253101069070281,[AFS] [F3] [NOMPUMELELO DUDE] V1,120253101068990281,11,11,11,6,27,0.42,0,0
2026-07-22,120253101088870281,[AFS] [F3] [NOMPUMELELO DUDE] V2,120253101068990281,1,1,1,3,3,0.43,0,0
2026-07-22,120253101091190281,[AFS] [F3] [NOMPUMELELO DUDE] V3,120253101068990281,1,1,1,3,3,0.37,0,0
2026-07-22,120253101093050281,[AFS] [F3] [NOMPUMELELO DUDE] V4,120253101068990281,3,3,3,0,6,0.00,0,0
2026-07-22,120253101094910281,[AFS] [F3] [NOMPUMELELO DUDE] V5,120253101068990281,2,2,2,3,6,0.47,0,0
2026-07-22,120253101270940281,[AFS] [F3] [SINDISIWE XABA] V1,120253101270850281,29,29,29,36,96,2.82,0,0
2026-07-22,120253101284450281,[AFS] [F3] [SINDISIWE XABA] V2,120253101270850281,49,49,49,41,150,4.84,0,0
2026-07-22,120253101286320281,[AFS] [F3] [SINDISIWE XABA] V3,120253101270850281,17,17,17,6,51,0.57,0,0
2026-07-22,120253101288330281,[AFS] [F3] [SINDISIWE XABA] V4,120253101270850281,26,26,26,40,78,2.81,0,0
2026-07-22,120253101296180281,[AFS] [F3] [SINDISIWE XABA] V6,120253101270850281,15,15,15,12,42,1.32,0,0
2026-07-22,120253101303050281,[AFS] [F3] [AYANDA ZULU]  V1,120253101302970281,34,34,34,51,102,4.74,0,0
2026-07-22,120253101316180281,[AFS] [F3] [AYANDA ZULU] V2,120253101302970281,28,28,28,40,90,3.43,0,0
2026-07-22,120253101319060281,[AFS] [F3] [AYANDA ZULU]  V3,120253101302970281,13,13,13,9,45,1.49,0,0
2026-07-22,120253101321190281,[AFS] [F3] [AYANDA ZULU]  V4,120253101302970281,33,33,33,32,96,2.96,0,0
2026-07-22,120253101322290281,[AFS] [F3] [AYANDA ZULU]  V5,120253101302970281,11,11,11,16,45,1.36,0,0
2026-07-22,120253101330930281,[AFS] [F3] [TARIRO CHIKORE] V1,120253101330870281,26,26,26,40,84,4.39,0,0
2026-07-22,120253101343520281,[AFS] [F3] [TARIRO CHIKORE] V2,120253101330870281,11,11,11,6,33,0.49,0,0
2026-07-22,120253101346700281,[AFS] [F3] [TARIRO CHIKORE] V3,120253101330870281,27,27,27,35,84,4.21,0,0
2026-07-22,120253101348250281,[AFS] [F3] [TARIRO CHIKORE] V4,120253101330870281,24,24,24,17,84,2.82,0,0
2026-07-22,120253101349160281,[AFS] [F3] [TARIRO CHIKORE] V5,120253101330870281,12,12,12,12,33,1.85,0,0
2026-07-22,120253101349570281,[AFS] [F3] [TARIRO CHIKORE] V6,120253101330870281,19,19,19,22,57,2.71,0,0
2026-07-22,120253136735850281,[AFS] [F3] [BISOLA FASHOLA] V1,120253136735780281,10,10,10,1,27,0.16,0,0
2026-07-22,120253136853570281,[AFS] [F3] [BISOLA FASHOLA] V2,120253136735780281,22,22,22,27,63,5.29,0,0
2026-07-22,120253136864150281,[AFS] [F3] [BISOLA FASHOLA] V3,120253136735780281,8,8,8,6,30,0.52,0,0
2026-07-22,120253136874720281,[AFS] [F3] [BISOLA FASHOLA] V4,120253136735780281,25,25,25,8,72,0.72,0,0
2026-07-22,120253136880620281,[AFS] [F3] [BISOLA FASHOLA] V5,120253136735780281,36,36,36,5,111,0.82,0,0
2026-07-22,120253136890790281,[AFS] [F3] [BISOLA FASHOLA] V6,120253136735780281,31,31,31,9,102,1.49,0,0
2026-07-22,120253137096490281,[AFS] [F3] [TEMILADE OGUNBIYI] V1,120253137096420281,14,14,14,4,48,0.40,0,0
2026-07-22,120253137141160281,[AFS] [F3] [TEMILADE OGUNBIYI] V2,120253137096420281,11,11,11,13,30,1.93,0,0
2026-07-22,120253137147810281,[AFS] [F3] [TEMILADE OGUNBIYI] V3,120253137096420281,14,14,14,17,42,2.11,0,0
2026-07-22,120253137153070281,[AFS] [F3] [TEMILADE OGUNBIYI] V4,120253137096420281,16,16,16,15,48,2.30,0,0
2026-07-22,120253137159570281,[AFS] [F3] [TEMILADE OGUNBIYI] V5,120253137096420281,23,23,23,20,69,3.05,0,0
2026-07-22,120253137172840281,[AFS] [F3] [BOITUMELO SEABI] V1,120253137172780281,21,21,21,21,63,1.98,0,0
2026-07-22,120253137204850281,[AFS] [F3] [BOITUMELO SEABI] V2,120253137172780281,52,52,52,58,162,6.00,0,0
2026-07-22,120253137209500281,[AFS] [F3] [BOITUMELO SEABI] V3,120253137172780281,51,51,51,64,162,8.02,0,0
2026-07-22,120253137215430281,[AFS] [F3] [BOITUMELO SEABI] V4,120253137172780281,12,12,12,15,39,2.05,0,0
2026-07-22,120253137221200281,[AFS] [F3] [BOITUMELO SEABI] V5,120253137172780281,25,25,25,13,69,0.78,0,0
2026-07-22,120253137226520281,[AFS] [F3] [BOITUMELO SEABI] V6,120253137172780281,26,26,26,31,84,3.48,0,0
2026-07-22,120253138463570281,[AFS] [F3] [DAMILOLA ADEWALE] V1,120253138463510281,24,24,24,24,78,2.10,0,0
2026-07-22,120253138571220281,[AFS] [F3] [DAMILOLA ADEWALE] V2,120253138463510281,66,66,66,45,189,4.11,0,0
2026-07-22,120253138575670281,[AFS] [F3] [DAMILOLA ADEWALE] V3,120253138463510281,20,20,20,14,60,1.10,0,0
2026-07-22,120253138581950281,[AFS] [F3] [DAMILOLA ADEWALE] V4,120253138463510281,39,39,39,20,120,2.23,0,0
2026-07-22,120253138584190281,[AFS] [F3] [DAMILOLA ADEWALE] V5,120253138463510281,21,21,21,20,75,2.31,0,0
2026-07-22,120253138587130281,[AFS] [F3] [DAMILOLA ADEWALE] V6,120253138463510281,37,37,37,17,114,1.44,0,0
2026-07-22,120253138672320281,[AFS] [F3] [KIKELOMO BAKARE] V1,120253138672250281,31,31,31,25,99,2.26,0,0
2026-07-22,120253138733630281,[AFS] [F3] [KIKELOMO BAKARE] V2,120253138672250281,34,34,34,19,105,2.40,0,0
2026-07-22,120253138736470281,[AFS] [F3] [KIKELOMO BAKARE] V3,120253138672250281,33,33,33,10,105,1.09,0,0
2026-07-22,120253138745550281,[AFS] [F3] [KIKELOMO BAKARE] V4,120253138672250281,39,39,39,15,117,1.73,0,0
2026-07-22,120253138749420281,[AFS] [F3] [KIKELOMO BAKARE] V5,120253138672250281,15,15,15,4,45,0.85,0,0
2026-07-22,120253138753460281,[AFS] [F3] [KIKELOMO BAKARE] V6,120253138672250281,20,20,20,17,57,1.82,0,0
2026-07-22,120253138766290281,[AFS] [F3] [TOLULOPE ADEBAYO] V1,120253138766230281,25,25,25,27,75,2.97,0,0
2026-07-22,120253138878630281,[AFS] [F3] [TOLULOPE ADEBAYO] V2,120253138766230281,21,21,21,10,60,0.92,0,0
2026-07-22,120253138906100281,[AFS] [F3] [TOLULOPE ADEBAYO] V3,120253138766230281,27,27,27,34,78,3.31,0,0
2026-07-22,120253138919620281,[AFS] [F3] [TOLULOPE ADEBAYO] V4,120253138766230281,14,14,14,15,48,1.77,0,0
2026-07-22,120253138933900281,[AFS] [F3] [TOLULOPE ADEBAYO] V5,120253138766230281,62,62,62,60,192,6.95,0,0
2026-07-22,120253138944340281,[AFS] [F3] [TOLULOPE ADEBAYO] V6,120253138766230281,16,16,16,13,54,0.84,0,0
2026-07-22,120253141376140281,[AFS] [F3] [PRECIOUS NCUBE] V1,120253141376060281,17,17,17,18,54,1.74,0,0
2026-07-22,120253141499830281,[AFS] [F3] [PRECIOUS NCUBE] V2,120253141376060281,37,37,37,59,111,5.98,0,0
2026-07-22,120253141501720281,[AFS] [F3] [PRECIOUS NCUBE] V3,120253141376060281,19,19,19,24,60,1.96,0,0
2026-07-22,120253141502670281,[AFS] [F3] [PRECIOUS NCUBE] V4,120253141376060281,23,23,23,37,75,4.68,0,0
2026-07-22,120253141504530281,[AFS] [F3] [PRECIOUS NCUBE] V5,120253141376060281,9,9,9,17,36,2.08,0,0
2026-07-22,120253141509190281,[AFS] [F3] [PRECIOUS NCUBE] V6,120253141376060281,20,20,20,28,60,4.72,0,0
2026-07-22,120253141635530281,[AFS] [F3] [FAITH MSIMANG] V1,120253141635460281,34,34,34,41,105,4.70,0,0
2026-07-22,120253141724210281,[AFS] [F3] [FAITH MSIMANG] V2,120253141635460281,15,15,15,12,51,0.97,0,0
2026-07-22,120253141733960281,[AFS] [F3] [FAITH MSIMANG] V3,120253141635460281,19,19,19,33,57,2.22,0,0
2026-07-22,120253141747920281,[AFS] [F3] [FAITH MSIMANG] V4,120253141635460281,36,36,36,52,108,6.90,0,0
2026-07-22,120253141780200281,[AFS] [F3] [FAITH MSIMANG] V5,120253141635460281,31,31,31,41,93,3.60,0,0
2026-07-22,120253141807020281,[AFS] [F3] [FAITH MSIMANG] V6,120253141635460281,19,19,19,25,57,2.96,0,0
2026-07-22,120253141863660281,[AFS] [F3] [MARTHA MHLONGO] V1,120253141863550281,30,30,30,38,93,3.51,0,0
2026-07-22,120253141934410281,[AFS] [F3] [MARTHA MHLONGO] V2,120253141863550281,27,27,27,36,84,3.36,0,0
2026-07-22,120253141937270281,[AFS] [F3] [MARTHA MHLONGO] V3,120253141863550281,26,26,26,39,69,2.83,0,0
2026-07-22,120253141941400281,[AFS] [F3] [MARTHA MHLONGO] V4,120253141863550281,23,23,23,20,66,2.09,0,0
2026-07-22,120253141945370281,[AFS] [F3] [MARTHA MHLONGO] V5,120253141863550281,51,51,51,47,150,3.95,0,0
2026-07-22,120253141950760281,[AFS] [F3] [MARTHA MHLONGO] V6,120253141863550281,31,31,31,44,90,3.71,0,0
2026-07-22,120253141970000281,[AFS] [F3] [BRENDA MTHETHWA] V1,120253141969930281,23,23,23,12,63,1.24,0,0
2026-07-22,120253142005590281,[AFS] [F3] [BRENDA MTHETHWA] V2,120253141969930281,16,16,16,6,51,0.52,0,0
2026-07-22,120253142011070281,[AFS] [F3] [BRENDA MTHETHWA] V3,120253141969930281,19,19,19,24,63,3.92,0,0
2026-07-22,120253142016080281,[AFS] [F3] [BRENDA MTHETHWA] V4,120253141969930281,14,14,14,12,45,1.89,0,0
2026-07-22,120253142027880281,[AFS] [F3] [BRENDA MTHETHWA] V5,120253141969930281,42,42,42,34,123,4.25,0,0
2026-07-22,120253142036410281,[AFS] [F3] [BRENDA MTHETHWA] V6,120253141969930281,22,22,22,14,66,1.79,0,0
2026-07-22,120253142123880281,[AFS] [F3] [CHARMAINE MABUZA] V1,120253142123820281,3,3,3,3,9,0.24,0,0
2026-07-22,120253142282790281,[AFS] [F3] [CHARMAINE MABUZA] V2,120253142123820281,29,29,29,19,84,1.95,0,0
2026-07-22,120253142290360281,[AFS] [F3] [CHARMAINE MABUZA] V3,120253142123820281,17,17,17,14,54,1.15,0,0
2026-07-22,120253142297110281,[AFS] [F3] [CHARMAINE MABUZA] V4,120253142123820281,15,15,15,20,48,1.72,0,0
2026-07-22,120253142301540281,[AFS] [F3] [CHARMAINE MABUZA] V5,120253142123820281,30,30,30,39,102,3.86,0,0
2026-07-22,120253142306480281,[AFS] [F3] [CHARMAINE MABUZA] V6,120253142123820281,24,24,24,24,69,1.70,0,0
2026-07-22,120253167383880281,[AFS] [F3] [AMANDA MHLONGO] V1,120253167383820281,54,54,54,59,177,5.63,0,0
2026-07-22,120253167420410281,[AFS] [F3] [AMANDA MHLONGO] V2,120253167383820281,22,22,22,17,72,1.68,0,0
2026-07-22,120253167424590281,[AFS] [F3] [AMANDA MHLONGO] V3,120253167383820281,21,21,21,14,63,1.07,0,0
2026-07-22,120253167426990281,[AFS] [F3] [AMANDA MHLONGO] V4,120253167383820281,40,40,40,45,120,4.73,0,0
2026-07-22,120253167433710281,[AFS] [F3] [AMANDA MHLONGO] V5,120253167383820281,24,24,24,4,75,0.97,0,0
2026-07-22,120253167436950281,[AFS] [F3] [AMANDA MHLONGO] V6,120253167383820281,10,10,10,4,30,0.46,0,0
2026-07-22,120253167453190281,[AFS] [F3] [THULISILE MDLULI] V1,120253167453110281,19,19,19,16,60,1.93,0,0
2026-07-22,120253167657030281,[AFS] [F3] [THULISILE MDLULI] V2,120253167453110281,31,31,31,35,99,5.34,0,0
2026-07-22,120253167666800281,[AFS] [F3] [THULISILE MDLULI] V3,120253167453110281,27,27,27,28,81,1.89,0,0
2026-07-22,120253167671240281,[AFS] [F3] [THULISILE MDLULI] V4,120253167453110281,19,19,19,18,57,1.45,0,0
2026-07-22,120253167676340281,[AFS] [F3] [THULISILE MDLULI] V5,120253167453110281,28,28,28,36,93,3.85,0,0
2026-07-22,120253167681590281,[AFS] [F3] [THULISILE MDLULI] V6,120253167453110281,23,23,23,11,72,2.13,0,0
2026-07-22,120253167773150281,[AFS] [F3] [SAMANTHA MAKHANYA] V1,120253167773160281,2,2,2,4,6,0.46,0,0
2026-07-22,120253167944440281,[AFS] [F3] [SAMANTHA MAKHANYA] V2,120253167773160281,32,32,32,34,102,3.67,0,0
2026-07-22,120253167947120281,[AFS] [F3] [SAMANTHA MAKHANYA] V3,120253167773160281,20,20,20,15,63,1.74,0,0
2026-07-22,120253167949790281,[AFS] [F3] [SAMANTHA MAKHANYA] V4,120253167773160281,22,22,22,29,72,2.68,0,0
2026-07-22,120253167954350281,[AFS] [F3] [SAMANTHA MAKHANYA] V5,120253167773160281,18,18,18,17,54,1.27,0,0
2026-07-22,120253167956510281,[AFS] [F3] [SAMANTHA MAKHANYA] V6,120253167773160281,30,30,30,20,93,1.49,0,0
2026-07-22,120253168223720281,[AFS] [F3] [RONKE LAWAL] V1,120253168223660281,10,10,10,13,30,1.58,0,0
2026-07-22,120253168272260281,[AFS] [F3] [RONKE LAWAL] V2,120253168223660281,19,19,19,8,60,1.63,0,0
2026-07-22,120253168276010281,[AFS] [F3] [RONKE LAWAL] V3,120253168223660281,10,10,10,17,30,1.46,0,0
2026-07-22,120253168279700281,[AFS] [F3] [RONKE LAWAL] V4,120253168223660281,26,26,26,28,84,2.97,0,0
2026-07-22,120253168282030281,[AFS] [F3] [RONKE LAWAL] V5,120253168223660281,18,18,18,21,60,3.27,0,0
2026-07-22,120253168285770281,[AFS] [F3] [RONKE LAWAL] V6,120253168223660281,15,15,15,15,45,2.78,0,0
2026-07-22,120253168354310281,[AFS] [F3] [SIMI AFOLAYAN] V1,120253168354220281,8,8,8,4,27,0.43,0,0
2026-07-22,120253168393840281,[AFS] [F3] [SIMI AFOLAYAN] V2,120253168354220281,18,18,18,10,57,1.01,0,0
2026-07-22,120253168397070281,[AFS] [F3] [SIMI AFOLAYAN] V3,120253168354220281,11,11,11,11,36,1.66,0,0
2026-07-22,120253168399990281,[AFS] [F3] [SIMI AFOLAYAN] V4,120253168354220281,26,26,26,19,84,2.77,0,0
2026-07-22,120253168402020281,[AFS] [F3] [SIMI AFOLAYAN] V5,120253168354220281,13,13,13,11,42,1.76,0,0
2026-07-22,120253168407870281,[AFS] [F3] [SIMI AFOLAYAN] V6,120253168354220281,13,13,13,10,45,1.27,0,0
2026-07-22,120253168447900281,[AFS] [F3] [OMOTOLA OJO] V1,120253168447820281,11,11,11,14,33,2.72,0,0
2026-07-22,120253168472750281,[AFS] [F3] [OMOTOLA OJO] V2,120253168447820281,18,18,18,14,57,2.67,0,0
2026-07-22,120253168474870281,[AFS] [F3] [OMOTOLA OJO] V3,120253168447820281,13,13,13,11,39,1.92,0,0
2026-07-22,120253168478000281,[AFS] [F3] [OMOTOLA OJO] V4,120253168447820281,10,10,10,3,30,0.56,0,0
2026-07-22,120253168484450281,[AFS] [F3] [OMOTOLA OJO] V5,120253168447820281,10,10,10,3,36,1.51,0,0
2026-07-22,120253168488310281,[AFS] [F3] [OMOTOLA OJO] V6,120253168447820281,12,12,12,10,36,1.50,0,0
2026-07-23,120247357080930278,[AFS] [F3] [AMARA OKAFOR] V1,120247357080990278,20,20,20,4,54,0.30,0,0
2026-07-23,120247357080980278,[AFS] [F3] [AMARA OKAFOR] V5,120247357080990278,18,18,18,4,51,0.32,0,0
2026-07-23,120247357081010278,[AFS] [F3] [AMARA OKAFOR] V6,120247357080990278,26,26,24,3,75,0.60,0,0
2026-07-23,120247357081030278,[AFS] [F3] [AMARA OKAFOR] V3,120247357080990278,16,16,12,0,45,0.00,0,0
2026-07-23,120247357081040278,[AFS] [F3] [AMARA OKAFOR] V2,120247357080990278,22,22,19,2,63,0.21,0,0
2026-07-23,120247357081050278,[AFS] [F3] [AMARA OKAFOR] V4,120247357080990278,15,15,12,0,30,0.05,0,0
2026-07-23,120247357457050278,[AFS] [F3] [ZOLA DLAMINI] V4,120247357456980278,16,16,14,2,48,0.09,0,0
2026-07-23,120247357457060278,[AFS] [F3] [ZOLA DLAMINI] V2,120247357456980278,28,28,28,7,69,0.47,0,0
2026-07-23,120247357457070278,[AFS] [F3] [ZOLA DLAMINI] V3,120247357456980278,15,15,13,5,36,0.20,0,0
2026-07-23,120247357457080278,[AFS] [F3] [ZOLA DLAMINI] V5,120247357456980278,18,18,16,8,48,0.45,0,0
2026-07-23,120247357457090278,[AFS] [F3] [ZOLA DLAMINI]V6,120247357456980278,45,45,44,9,123,0.82,0,0
2026-07-23,120247357457100278,[AFS] [F3] [ZOLA DLAMINI] V1,120247357456980278,19,19,18,6,54,0.40,0,0
2026-07-23,120247358420040278,[AFS] [F3] [AMINATA DIALLO] V6,120247358419970278,17,17,17,1,48,0.30,0,0
2026-07-23,120247358420050278,[AFS] [F3] [AMINATA DIALLO] V4,120247358419970278,13,13,12,0,33,0.05,0,0
2026-07-23,120247358420060278,[AFS] [F3] [AMINATA DIALLO] V5,120247358419970278,14,14,13,0,30,0.05,0,0
2026-07-23,120247358420070278,[AFS] [F3] [AMINATA DIALLO] V3,120247358419970278,18,18,18,0,51,0.17,0,0
2026-07-23,120247358420080278,[AFS] [F3] [AMINATA DIALLO] V2,120247358419970278,18,18,16,3,51,0.51,0,0
2026-07-23,120247358420090278,[AFS] [F3] [AMINATA DIALLO] V1,120247358419970278,15,15,14,2,45,0.71,0,0
2026-07-23,120247358791290278,[AFS] [F3] [FOLASADE ADEYEMI] V5,120247358791270278,19,19,18,4,51,0.53,0,0
2026-07-23,120247358791350278,[AFS] [F3] [FOLASADE ADEYEMI] V6,120247358791270278,21,21,21,5,60,0.48,0,0
2026-07-23,120247358791360278,[AFS] [F3] [FOLASADE ADEYEMI] V4,120247358791270278,16,16,14,0,45,0.12,0,0
2026-07-23,120247358791370278,[AFS] [F3] [FOLASADE ADEYEMI] V3,120247358791270278,9,9,9,0,21,0.05,0,0
2026-07-23,120247358791380278,[AFS] [F3] [FOLASADE ADEYEMI] V2,120247358791270278,6,6,6,0,9,0.02,0,0
2026-07-23,120247358791390278,[AFS] [F3] [FOLASADE ADEYEMI] V1,120247358791270278,14,14,12,0,33,0.02,0,0
2026-07-23,120247359464720278,[AFS] [F3] [NOMVULA MOKOENA] V6,120247359464690278,20,20,18,5,54,0.36,0,0
2026-07-23,120247359464770278,[AFS] [F3] [NOMVULA MOKOENA] V4,120247359464690278,11,11,9,0,30,0.01,0,0
2026-07-23,120247359464780278,[AFS] [F3] [NOMVULA MOKOENA] V5,120247359464690278,11,11,11,4,33,0.34,0,0
2026-07-23,120247359464790278,[AFS] [F3] [NOMVULA MOKOENA] V2,120247359464690278,16,16,14,2,45,0.27,0,0
2026-07-23,120247359464800278,[AFS] [F3] [NOMVULA MOKOENA] V1,120247359464690278,12,12,10,0,27,0.32,0,0
2026-07-23,120247359464810278,[AFS] [F3] [NOMVULA MOKOENA] V3,120247359464690278,13,13,9,2,39,0.23,0,0
2026-07-23,120247360141400278,[AFS] [F3] [CHIPO MOYO]  V1,120247360141370278,18,18,16,2,39,0.21,0,0
2026-07-23,120247360141410278,[AFS] [F3] [CHIPO MOYO]  V6,120247360141370278,26,26,24,10,72,0.92,0,0
2026-07-23,120247360141440278,[AFS] [F3] [CHIPO MOYO]  V3,120247360141370278,15,15,14,5,39,0.37,0,0
2026-07-23,120247360141470278,[AFS] [F3] [CHIPO MOYO]  V5,120247360141370278,18,18,15,2,48,0.20,0,0
2026-07-23,120247360141480278,[AFS] [F3] [CHIPO MOYO]  V4,120247360141370278,15,15,14,6,39,0.35,0,0
2026-07-23,120247360141490278,[AFS] [F3] [CHIPO MOYO]  V2,120247360141370278,10,10,10,5,27,0.55,0,0
2026-07-23,120247360356770278,[AFS] [F3] [FATOUMATA TRAORE] V4,120247360356710278,15,15,15,1,45,0.14,0,0
2026-07-23,120247360356790278,[AFS] [F3] [FATOUMATA TRAORE] V6,120247360356710278,17,17,14,0,45,0.06,0,0
2026-07-23,120247360356800278,[AFS] [F3] [FATOUMATA TRAORE] V5,120247360356710278,7,7,7,0,15,0.15,0,0
2026-07-23,120247360356810278,[AFS] [F3] [FATOUMATA TRAORE] V3,120247360356710278,8,8,8,1,27,0.11,0,0
2026-07-23,120247360356820278,[AFS] [F3] [FATOUMATA TRAORE] V2,120247360356710278,10,10,9,0,30,0.07,0,0
2026-07-23,120247360356830278,[AFS] [F3] [FATOUMATA TRAORE] V1,120247360356710278,19,19,19,2,48,0.24,0,0
2026-07-23,120247360531040278,[AFS] [F3] [AMINATA DIALLO] V1,120247360531070278,15,15,15,0,45,0.05,0,0
2026-07-23,120247360531120278,[AFS] [F3] [AMINATA DIALLO] V3,120247360531070278,19,19,17,9,51,0.69,0,0
2026-07-23,120247360531130278,[AFS] [F3] [AMINATA DIALLO] V5,120247360531070278,15,15,15,4,45,0.32,0,0
2026-07-23,120247360531140278,[AFS] [F3] [AMINATA DIALLO] V6,120247360531070278,22,22,19,3,60,0.45,0,0
2026-07-23,120247360531150278,[AFS] [F3] [AMINATA DIALLO]V4,120247360531070278,14,14,13,3,39,0.18,0,0
2026-07-23,120247360531160278,[AFS] [F3] [AMINATA DIALLO] V2,120247360531070278,23,23,20,0,69,0.08,0,0
2026-07-23,120247382249470278,[AFS_RELA_EN_BOT_0001] [NOURBESE] V3,120247382249440278,15,15,14,2,39,0.15,0,0
2026-07-23,120247382249520278,[AFS_RELA_EN_BOT_0001] [NOURBESE] V1,120247382249440278,7,7,7,6,18,0.45,0,0
2026-07-23,120247382249530278,[AFS_RELA_EN_BOT_0001] [NOURBESE] V2,120247382249440278,34,34,32,11,105,0.50,0,0
2026-07-23,120247382249540278,[AFS_RELA_EN_BOT_0001] [NOURBESE] V5,120247382249440278,41,41,41,21,114,1.38,0,0
2026-07-23,120247382249550278,[AFS_RELA_EN_BOT_0001] [NOURBESE] V6,120247382249440278,11,11,11,6,30,0.56,0,0
2026-07-23,120247382249560278,[AFS_RELA_EN_BOT_0001] [NOURBESE] V4,120247382249440278,18,18,17,8,48,0.53,0,0
2026-07-23,120247382323040278,[AFS] [F3] [WANGARI KAMAU] V4,120247382322970278,25,25,23,9,72,0.43,0,0
2026-07-23,120247382323050278,[AFS] [F3] [WANGARI KAMAU] V6,120247382322970278,28,28,26,14,78,1.03,0,0
2026-07-23,120247382323060278,[AFS] [F3] [WANGARI KAMAU] V5,120247382322970278,22,22,21,6,63,0.37,0,0
2026-07-23,120247382323070278,[AFS] [F3] [WANGARI KAMAU] V2,120247382322970278,20,20,20,8,63,0.48,0,0
2026-07-23,120247382323080278,[AFS] [F3] [WANGARI KAMAU] V3,120247382322970278,18,18,15,1,45,0.10,0,0
2026-07-23,120247382323090278,[AFS] [F3] [WANGARI KAMAU] V1,120247382322970278,23,23,19,13,66,0.75,0,0
2026-07-23,120247461971660278,[AFS_RELA_EN_BOT_0001] [ADAMMA] V1,120247461971670278,5,5,5,0,15,0.00,0,0
2026-07-23,120247462052200278,[AFS_RELA_EN_BOT_0001] [ADAMMA] V2,120247461971670278,7,7,7,6,21,0.58,0,0
2026-07-23,120247462054640278,[AFS_RELA_EN_BOT_0001] [ADAMMA] V3,120247461971670278,2,2,2,2,6,0.08,0,0
2026-07-23,120247462063520278,[AFS_RELA_EN_BOT_0001] [ADAMMA] V4,120247461971670278,2,2,2,1,6,0.09,0,0
2026-07-23,120247462073710278,[AFS_RELA_EN_BOT_0001] [ADAMMA] V5,120247461971670278,3,3,3,0,9,0.00,0,0
2026-07-23,120247462083520278,[AFS_RELA_EN_BOT_0001] [ADAMMA] V6,120247461971670278,4,4,4,0,12,0.00,0,0
2026-07-23,120247488168300278,[AFS] [F3] [BONTLE MODISE] V1,120247488168210278,27,27,27,0,81,0.39,0,0
2026-07-23,120247488215910278,[AFS] [F3] [BONTLE MODISE] V2,120247488168210278,24,24,22,2,69,0.50,0,0
2026-07-23,120247488220950278,[AFS] [F3] [BONTLE MODISE] V3,120247488168210278,9,9,8,0,27,0.13,0,0
2026-07-23,120247488225850278,[AFS] [F3] [BONTLE MODISE] V4,120247488168210278,18,18,18,4,48,1.33,0,0
2026-07-23,120247488230320278,[AFS] [F3] [BONTLE MODISE] V5,120247488168210278,16,16,14,2,45,0.18,0,0
2026-07-23,120247488234950278,[AFS] [F3] [BONTLE MODISE] V6,120247488168210278,7,7,7,0,24,0.11,0,0
2026-07-23,120247488259350278,[AFS] [F3] [LUNGILE HADEBE] V1,120247488259330278,37,37,32,7,99,0.80,0,0
2026-07-23,120247488354910278,[AFS] [F3] [LUNGILE HADEBE] V2,120247488259330278,15,15,15,2,39,0.13,0,0
2026-07-23,120247488362150278,[AFS] [F3] [LUNGILE HADEBE] V3,120247488259330278,20,20,18,1,54,0.27,0,0
2026-07-23,120247488368490278,[AFS] [F3] [LUNGILE HADEBE] V4,120247488259330278,14,14,14,0,39,0.15,0,0
2026-07-23,120247488373900278,[AFS] [F3] [LUNGILE HADEBE] V5,120247488259330278,24,24,20,3,57,0.43,0,0
2026-07-23,120247488419540278,[AFS] [F3] [LUNGILE HADEBE] V6,120247488259330278,11,11,10,4,30,0.17,0,0
2026-07-23,120247488474100278,[AFS] [F3] [LERATO MAHLANGU] V1,120247488474000278,21,21,21,5,54,1.02,0,0
2026-07-23,120247488538970278,[AFS] [F3] [LERATO MAHLANGU] V2,120247488474000278,10,10,9,1,27,0.14,0,0
2026-07-23,120247488660110278,[AFS] [F3] [LERATO MAHLANGU] V3,120247488474000278,14,14,14,8,36,0.45,0,0
2026-07-23,120247488793560278,[AFS] [F3] [LERATO MAHLANGU] V4,120247488474000278,20,20,17,2,63,0.36,0,0
2026-07-23,120247488827940278,[AFS] [F3] [LERATO MAHLANGU] V5,120247488474000278,32,32,30,8,78,0.61,0,0
2026-07-23,120247488854820278,[AFS] [F3] [LERATO MAHLANGU] V6,120247488474000278,14,14,13,1,36,0.13,0,0
2026-07-23,120247488930200278,[AFS] [F3] [NOURBESE ACHEBE] V1,120247488930090278,11,11,10,0,30,0.07,0,0
2026-07-23,120247488968980278,[AFS] [F3] [NOURBESE ACHEBE] V2,120247488930090278,16,16,15,0,42,0.10,0,0
2026-07-23,120247488989090278,[AFS] [F3] [NOURBESE ACHEBE] V3,120247488930090278,8,8,8,0,21,0.00,0,0
2026-07-23,120247489010590278,[AFS] [F3] [NOURBESE ACHEBE] V4,120247488930090278,8,8,7,0,24,0.11,0,0
2026-07-23,120247489016960278,[AFS] [F3] [NOURBESE ACHEBE] V5,120247488930090278,10,10,9,0,27,0.06,0,0
2026-07-23,120247489033080278,[AFS] [F3] [NOURBESE ACHEBE] V6,120247488930090278,15,15,13,1,48,0.55,0,0
2026-07-23,120247489048840278,[AFS] [F3] [MORENIKE AJAYI] V1,120247489048850278,8,8,8,4,18,0.39,0,0
2026-07-23,120247489055990278,[AFS] [F3] [NONHLANHLA CELE] V1,120247489056040278,11,11,11,0,30,0.15,0,0
2026-07-23,120247489113490278,[AFS] [F3] [NONHLANHLA CELE] V2,120247489056040278,16,16,13,0,42,0.08,0,0
2026-07-23,120247489137090278,[AFS] [F3] [NONHLANHLA CELE] V3,120247489056040278,14,14,12,0,33,0.05,0,0
2026-07-23,120247489142030278,[AFS] [F3] [MORENIKE AJAYI] V2,120247489048850278,13,13,13,0,36,0.13,0,0
2026-07-23,120247489148840278,[AFS] [F3] [MORENIKE AJAYI] V3,120247489048850278,10,10,10,4,30,0.45,0,0
2026-07-23,120247489149860278,[AFS] [F3] [NONHLANHLA CELE] V4,120247489056040278,17,17,15,2,51,0.20,0,0
2026-07-23,120247489152530278,[AFS] [F3] [MORENIKE AJAYI] V4,120247489048850278,7,7,7,0,12,0.00,0,0
2026-07-23,120247489155770278,[AFS] [F3] [MORENIKE AJAYI] V5,120247489048850278,15,15,15,0,39,0.17,0,0
2026-07-23,120247489155880278,[AFS] [F3] [NONHLANHLA CELE] V5,120247489056040278,9,9,8,2,27,0.26,0,0
2026-07-23,120247489160390278,[AFS] [F3] [MORENIKE AJAYI] V6,120247489048850278,10,10,10,2,30,0.27,0,0
2026-07-23,120247489160520278,[AFS] [F3] [NONHLANHLA CELE] V6,120247489056040278,36,36,33,8,102,1.64,0,0
2026-07-23,120247490527940278,[AFS] [F3] [SAIDA HAMISI] V1,120247490527990278,1,1,1,0,0,0,0,0
2026-07-23,120247490572030278,[AFS] [F3] [SAIDA HAMISI] V3,120247490527990278,1,1,1,0,0,0,0,0
2026-07-23,120247490584240278,[AFS] [F3] [SAIDA HAMISI] V6,120247490527990278,1,1,1,0,0,0,0,0
2026-07-23,120247490597970278,[AFS] [F3] [YETUNDE ALABI] V1,120247490598050278,7,7,7,0,21,0.00,0,0
2026-07-23,120247490618490278,[AFS] [F3] [YETUNDE ALABI] V2,120247490598050278,6,6,6,0,15,0.06,0,0
2026-07-23,120247490620890278,[AFS] [F3] [YETUNDE ALABI] V3,120247490598050278,9,9,9,2,18,0.16,0,0
2026-07-23,120247490623620278,[AFS] [F3] [YETUNDE ALABI] V4,120247490598050278,10,10,10,1,27,0.09,0,0
2026-07-23,120247490626940278,[AFS] [F3] [YETUNDE ALABI] V5,120247490598050278,5,5,5,0,12,0.08,0,0
2026-07-23,120247490631910278,[AFS] [F3] [YETUNDE ALABI] V6,120247490598050278,4,4,4,0,9,0.00,0,0
2026-07-23,120247490686120278,[AFS] [F3] [NALEDI MOLEFE] V2,120247490644850278,5,5,5,0,18,0.05,0,0
2026-07-23,120247490688600278,[AFS] [F3] [NALEDI MOLEFE] V3,120247490644850278,4,4,4,2,9,0.10,0,0
2026-07-23,120247490692330278,[AFS] [F3] [NALEDI MOLEFE] V4,120247490644850278,3,3,3,2,12,0.07,0,0
2026-07-23,120247490699100278,[AFS] [F3] [NALEDI MOLEFE] V5,120247490644850278,1,1,1,0,0,0,0,0
2026-07-23,120247490703500278,[AFS] [F3] [NALEDI MOLEFE] V6,120247490644850278,2,2,2,0,3,0.00,0,0
2026-07-23,120247506168140278,[AFS] [F3] [BONGEKILE ZUNGU] V1,120247506168050278,8,8,7,0,24,0.03,0,0
2026-07-23,120247506197150278,[AFS] [F3] [BONGEKILE ZUNGU] V2,120247506168050278,12,12,9,0,30,0.16,0,0
2026-07-23,120247506203840278,[AFS] [F3] [BONGEKILE ZUNGU] V3,120247506168050278,7,7,7,0,15,0.18,0,0
2026-07-23,120247506216350278,[AFS] [F3] [BONGEKILE ZUNGU] V4,120247506168050278,4,4,4,0,12,0.11,0,0
2026-07-23,120247506238310278,[AFS] [F3] [BONGEKILE ZUNGU] V5,120247506168050278,5,5,5,0,9,0.00,0,0
2026-07-23,120247506249690278,[AFS] [F3] [BONGEKILE ZUNGU] V6,120247506168050278,8,8,8,0,24,0.10,0,0
2026-07-23,120247506424250278,[AFS] [F3] [MBALI BUTHELEZI] V1,120247506424170278,13,13,13,0,30,0.33,0,0
2026-07-23,120247506530130278,[AFS] [F3] [MBALI BUTHELEZI] V2,120247506424170278,14,14,13,0,33,0.04,0,0
2026-07-23,120247506542160278,[AFS] [F3] [MBALI BUTHELEZI] V3,120247506424170278,12,12,10,0,36,0.23,0,0
2026-07-23,120247506551600278,[AFS] [F3] [MBALI BUTHELEZI] V4,120247506424170278,7,7,6,0,18,0.05,0,0
2026-07-23,120247506560570278,[AFS] [F3] [MBALI BUTHELEZI] V5,120247506424170278,9,9,9,0,24,0.08,0,0
2026-07-23,120247506567820278,[AFS] [F3] [MBALI BUTHELEZI] V6,120247506424170278,12,12,12,0,36,0.05,0,0
2026-07-23,120247510472600278,[AFS] [F3] [Amarachi Nwafor] V1,120247510472480278,6,6,6,0,15,0.09,0,0
2026-07-23,120247511200720278,[AFS] [F3] [Amarachi Nwafor] V2,120247510472480278,5,5,5,0,15,0.12,0,0
2026-07-23,120247511268740278,[AFS] [F3] [Amarachi Nwafor] V3,120247510472480278,2,2,2,0,6,0.00,0,0
2026-07-23,120247511278660278,[AFS] [F3] [Amarachi Nwafor] V4,120247510472480278,5,5,5,0,12,0.17,0,0
2026-07-23,120247511285940278,[AFS] [F3] [Amarachi Nwafor] V5,120247510472480278,6,6,6,0,18,0.02,0,0
2026-07-23,120247511291500278,[AFS] [F3] [Amarachi Nwafor] V6,120247510472480278,2,2,2,0,6,0.00,0,0
2026-07-23,120247511324670278,[AFS] [F3] [Chinelo Umeh] V1,120247511324690278,8,8,8,0,24,0.21,0,0
2026-07-23,120247511421230278,[AFS] [F3] [Chinelo Umeh] V2,120247511324690278,7,7,7,0,21,0.05,0,0
2026-07-23,120247511427740278,[AFS] [F3] [Chinelo Umeh] V3,120247511324690278,7,7,7,0,21,0.00,0,0
2026-07-23,120247511436300278,[AFS] [F3] [Chinelo Umeh] V4,120247511324690278,5,5,5,0,15,0.07,0,0
2026-07-23,120247511443330278,[AFS] [F3] [Chinelo Umeh] V5,120247511324690278,4,4,4,0,9,0.00,0,0
2026-07-23,120247511457850278,[AFS] [F3] [Chinelo Umeh] V6,120247511324690278,3,3,3,0,12,0.03,0,0
2026-07-23,120247511492340278,[AFS] [F3] [OLUCHI EZEANI] V1,120247511492330278,9,9,9,0,21,0.11,0,0
2026-07-23,120247511563030278,[AFS] [F3] [OLUCHI EZEANI] V2,120247511492330278,10,10,10,0,27,0.12,0,0
2026-07-23,120247511574100278,[AFS] [F3] [OLUCHI EZEANI] V3,120247511492330278,3,3,3,0,3,0.00,0,0
2026-07-23,120247511580070278,[AFS] [F3] [OLUCHI EZEANI] V4,120247511492330278,5,5,5,0,15,0.05,0,0
2026-07-23,120247511592870278,[AFS] [F3] [OLUCHI EZEANI] V5,120247511492330278,5,5,5,0,15,0.04,0,0
2026-07-23,120247511637820278,[AFS] [F3] [OLUCHI EZEANI] V6,120247511492330278,5,5,5,0,15,0.01,0,0
2026-07-23,120253079044420281,[AFS] [F3] [ZOLA OKAFOR] V1,120253079044410281,17,17,17,0,45,0.07,0,0
2026-07-23,120253079114620281,[AFS] [F3] [ZOLA OKAFOR] V2,120253079044410281,13,13,13,0,33,0.09,0,0
2026-07-23,120253079117950281,[AFS] [F3] [ZOLA OKAFOR] V3,120253079044410281,11,11,11,0,30,0.12,0,0
2026-07-23,120253079128080281,[AFS] [F3] [ZOLA OKAFOR] V5,120253079044410281,8,8,8,0,21,0.00,0,0
2026-07-23,120253079132510281,[AFS] [F3] [ZOLA OKAFOR] V6,120253079044410281,16,16,16,0,48,0.19,0,0
2026-07-23,120253082530860281,[AFS] [F3] [NOSIZWE HLONGWANE] V1,120253082530810281,14,14,14,1,42,0.11,0,0
2026-07-23,120253082684680281,[AFS] [F3] [NOSIZWE HLONGWANE] V2,120253082530810281,10,10,10,0,24,0.12,0,0
2026-07-23,120253082723400281,[AFS] [F3] [NOSIZWE HLONGWANE] V3,120253082530810281,10,10,10,0,30,0.13,0,0
2026-07-23,120253082732550281,[AFS] [F3] [NOSIZWE HLONGWANE] V4,120253082530810281,8,8,8,0,24,0.03,0,0
2026-07-23,120253082737930281,[AFS] [F3] [NOSIZWE HLONGWANE] V5,120253082530810281,15,15,15,0,45,0.07,0,0
2026-07-23,120253082741790281,[AFS] [F3] [NOSIZWE HLONGWANE] V6,120253082530810281,22,22,22,7,63,0.94,0,0
2026-07-23,120253082817280281,[AFS] [F3] [ZANELE DUDE] V1,120253082817170281,20,20,20,5,60,0.44,0,0
2026-07-23,120253082840560281,[AFS] [F3] [ZANELE DUDE]  V2,120253082817170281,11,11,11,2,24,0.11,0,0
2026-07-23,120253082846410281,[AFS] [F3] [ZANELE DUDE]  V3,120253082817170281,12,12,12,2,33,0.26,0,0
2026-07-23,120253082849840281,[AFS] [F3] [ZANELE DUDE]  V4,120253082817170281,17,17,17,0,51,0.09,0,0
2026-07-23,120253082852390281,[AFS] [F3] [ZANELE DUDE] V5,120253082817170281,11,11,11,7,30,0.40,0,0
2026-07-23,120253082855810281,[AFS] [F3] [ZANELE DUDE] V6,120253082817170281,21,21,21,1,54,0.17,0,0
2026-07-23,120253101270940281,[AFS] [F3] [SINDISIWE XABA] V1,120253101270850281,15,15,15,5,36,0.62,0,0
2026-07-23,120253101284450281,[AFS] [F3] [SINDISIWE XABA] V2,120253101270850281,27,27,27,6,66,0.50,0,0
2026-07-23,120253101286320281,[AFS] [F3] [SINDISIWE XABA] V3,120253101270850281,12,12,12,0,36,0.09,0,0
2026-07-23,120253101288330281,[AFS] [F3] [SINDISIWE XABA] V4,120253101270850281,15,15,15,0,45,0.40,0,0
2026-07-23,120253101296180281,[AFS] [F3] [SINDISIWE XABA] V6,120253101270850281,5,5,5,0,15,0.02,0,0
2026-07-23,120253101303050281,[AFS] [F3] [AYANDA ZULU]  V1,120253101302970281,13,13,13,2,33,0.53,0,0
2026-07-23,120253101316180281,[AFS] [F3] [AYANDA ZULU] V2,120253101302970281,14,14,14,2,30,0.20,0,0
2026-07-23,120253101319060281,[AFS] [F3] [AYANDA ZULU]  V3,120253101302970281,8,8,8,0,18,0.00,0,0
2026-07-23,120253101321190281,[AFS] [F3] [AYANDA ZULU]  V4,120253101302970281,20,20,20,3,60,0.30,0,0
2026-07-23,120253101322290281,[AFS] [F3] [AYANDA ZULU]  V5,120253101302970281,14,14,14,2,30,0.16,0,0
2026-07-23,120253101330930281,[AFS] [F3] [TARIRO CHIKORE] V1,120253101330870281,21,21,21,4,54,0.33,0,0
2026-07-23,120253101343520281,[AFS] [F3] [TARIRO CHIKORE] V2,120253101330870281,7,7,7,0,21,0.00,0,0
2026-07-23,120253101346700281,[AFS] [F3] [TARIRO CHIKORE] V3,120253101330870281,15,15,15,0,48,0.20,0,0
2026-07-23,120253101348250281,[AFS] [F3] [TARIRO CHIKORE] V4,120253101330870281,14,14,14,2,30,0.17,0,0
2026-07-23,120253101349160281,[AFS] [F3] [TARIRO CHIKORE] V5,120253101330870281,6,6,6,0,18,0.01,0,0
2026-07-23,120253101349570281,[AFS] [F3] [TARIRO CHIKORE] V6,120253101330870281,11,11,11,1,33,0.12,0,0
2026-07-23,120253136735850281,[AFS] [F3] [BISOLA FASHOLA] V1,120253136735780281,13,13,13,2,39,0.19,0,0
2026-07-23,120253136853570281,[AFS] [F3] [BISOLA FASHOLA] V2,120253136735780281,12,12,12,0,36,0.05,0,0
2026-07-23,120253136864150281,[AFS] [F3] [BISOLA FASHOLA] V3,120253136735780281,14,14,14,1,36,0.28,0,0
2026-07-23,120253136874720281,[AFS] [F3] [BISOLA FASHOLA] V4,120253136735780281,7,7,7,0,21,0.02,0,0
2026-07-23,120253136880620281,[AFS] [F3] [BISOLA FASHOLA] V5,120253136735780281,15,15,15,3,39,0.31,0,0
2026-07-23,120253136890790281,[AFS] [F3] [BISOLA FASHOLA] V6,120253136735780281,7,7,7,0,12,0.06,0,0
2026-07-23,120253137096490281,[AFS] [F3] [TEMILADE OGUNBIYI] V1,120253137096420281,8,8,8,0,18,0.00,0,0
2026-07-23,120253137141160281,[AFS] [F3] [TEMILADE OGUNBIYI] V2,120253137096420281,14,14,14,0,45,0.04,0,0
2026-07-23,120253137147810281,[AFS] [F3] [TEMILADE OGUNBIYI] V3,120253137096420281,8,8,8,1,24,0.25,0,0
2026-07-23,120253137153070281,[AFS] [F3] [TEMILADE OGUNBIYI] V4,120253137096420281,11,11,11,0,30,0.02,0,0
2026-07-23,120253137159570281,[AFS] [F3] [TEMILADE OGUNBIYI] V5,120253137096420281,1,1,1,0,0,0,0,0
2026-07-23,120253137172840281,[AFS] [F3] [BOITUMELO SEABI] V1,120253137172780281,5,5,5,0,18,0.03,0,0
2026-07-23,120253137204850281,[AFS] [F3] [BOITUMELO SEABI] V2,120253137172780281,32,32,32,8,84,0.84,0,0
2026-07-23,120253137209500281,[AFS] [F3] [BOITUMELO SEABI] V3,120253137172780281,25,25,25,4,63,0.35,0,0
2026-07-23,120253137215430281,[AFS] [F3] [BOITUMELO SEABI] V4,120253137172780281,10,10,10,0,27,0.11,0,0
2026-07-23,120253137221200281,[AFS] [F3] [BOITUMELO SEABI] V5,120253137172780281,10,10,10,2,30,0.19,0,0
2026-07-23,120253137226520281,[AFS] [F3] [BOITUMELO SEABI] V6,120253137172780281,15,15,15,1,39,0.21,0,0
2026-07-23,120253138463570281,[AFS] [F3] [DAMILOLA ADEWALE] V1,120253138463510281,13,13,13,2,33,0.16,0,0
2026-07-23,120253138571220281,[AFS] [F3] [DAMILOLA ADEWALE] V2,120253138463510281,24,24,24,6,69,0.54,0,0
2026-07-23,120253138575670281,[AFS] [F3] [DAMILOLA ADEWALE] V3,120253138463510281,13,13,13,4,33,0.47,0,0
2026-07-23,120253138581950281,[AFS] [F3] [DAMILOLA ADEWALE] V4,120253138463510281,21,21,21,0,57,0.15,0,0
2026-07-23,120253138584190281,[AFS] [F3] [DAMILOLA ADEWALE] V5,120253138463510281,20,20,20,0,48,0.00,0,0
2026-07-23,120253138587130281,[AFS] [F3] [DAMILOLA ADEWALE] V6,120253138463510281,18,18,18,9,48,0.59,0,0
2026-07-23,120253138672320281,[AFS] [F3] [KIKELOMO BAKARE] V1,120253138672250281,21,21,21,2,54,0.42,0,0
2026-07-23,120253138733630281,[AFS] [F3] [KIKELOMO BAKARE] V2,120253138672250281,18,18,18,0,48,0.19,0,0
2026-07-23,120253138736470281,[AFS] [F3] [KIKELOMO BAKARE] V3,120253138672250281,19,19,19,0,51,0.13,0,0
2026-07-23,120253138745550281,[AFS] [F3] [KIKELOMO BAKARE] V4,120253138672250281,16,16,16,0,45,0.02,0,0
2026-07-23,120253138749420281,[AFS] [F3] [KIKELOMO BAKARE] V5,120253138672250281,9,9,9,0,27,0.10,0,0
2026-07-23,120253138753460281,[AFS] [F3] [KIKELOMO BAKARE] V6,120253138672250281,12,12,12,2,36,0.18,0,0
2026-07-23,120253138766290281,[AFS] [F3] [TOLULOPE ADEBAYO] V1,120253138766230281,16,16,16,2,48,0.25,0,0
2026-07-23,120253138878630281,[AFS] [F3] [TOLULOPE ADEBAYO] V2,120253138766230281,8,8,8,2,24,0.08,0,0
2026-07-23,120253138906100281,[AFS] [F3] [TOLULOPE ADEBAYO] V3,120253138766230281,27,27,27,8,84,0.78,0,0
2026-07-23,120253138919620281,[AFS] [F3] [TOLULOPE ADEBAYO] V4,120253138766230281,22,22,22,3,60,0.38,0,0
2026-07-23,120253138933900281,[AFS] [F3] [TOLULOPE ADEBAYO] V5,120253138766230281,30,30,30,14,81,1.33,0,0
2026-07-23,120253138944340281,[AFS] [F3] [TOLULOPE ADEBAYO] V6,120253138766230281,17,17,17,2,42,0.15,0,0
2026-07-23,120253141376140281,[AFS] [F3] [PRECIOUS NCUBE] V1,120253141376060281,8,8,8,0,21,0.10,0,0
2026-07-23,120253141499830281,[AFS] [F3] [PRECIOUS NCUBE] V2,120253141376060281,12,12,12,4,33,0.53,0,0
2026-07-23,120253141501720281,[AFS] [F3] [PRECIOUS NCUBE] V3,120253141376060281,5,5,5,0,12,0.06,0,0
2026-07-23,120253141502670281,[AFS] [F3] [PRECIOUS NCUBE] V4,120253141376060281,13,13,13,2,30,0.21,0,0
2026-07-23,120253141504530281,[AFS] [F3] [PRECIOUS NCUBE] V5,120253141376060281,15,15,15,0,33,0.10,0,0
2026-07-23,120253141509190281,[AFS] [F3] [PRECIOUS NCUBE] V6,120253141376060281,11,11,11,0,33,0.15,0,0
2026-07-23,120253141635530281,[AFS] [F3] [FAITH MSIMANG] V1,120253141635460281,14,14,14,0,36,0.03,0,0
2026-07-23,120253141724210281,[AFS] [F3] [FAITH MSIMANG] V2,120253141635460281,16,16,16,2,42,0.21,0,0
2026-07-23,120253141733960281,[AFS] [F3] [FAITH MSIMANG] V3,120253141635460281,16,16,16,7,45,0.44,0,0
2026-07-23,120253141747920281,[AFS] [F3] [FAITH MSIMANG] V4,120253141635460281,23,23,23,3,63,0.67,0,0
2026-07-23,120253141780200281,[AFS] [F3] [FAITH MSIMANG] V5,120253141635460281,12,12,12,2,36,0.57,0,0
2026-07-23,120253141807020281,[AFS] [F3] [FAITH MSIMANG] V6,120253141635460281,13,13,13,2,39,0.22,0,0
2026-07-23,120253141863660281,[AFS] [F3] [MARTHA MHLONGO] V1,120253141863550281,24,24,24,5,66,0.41,0,0
2026-07-23,120253141934410281,[AFS] [F3] [MARTHA MHLONGO] V2,120253141863550281,13,13,13,4,36,0.40,0,0
2026-07-23,120253141937270281,[AFS] [F3] [MARTHA MHLONGO] V3,120253141863550281,19,19,19,2,57,0.34,0,0
2026-07-23,120253141941400281,[AFS] [F3] [MARTHA MHLONGO] V4,120253141863550281,27,27,27,2,81,0.23,0,0
2026-07-23,120253141945370281,[AFS] [F3] [MARTHA MHLONGO] V5,120253141863550281,27,27,27,4,69,0.35,0,0
2026-07-23,120253141950760281,[AFS] [F3] [MARTHA MHLONGO] V6,120253141863550281,10,10,10,2,30,0.39,0,0
2026-07-23,120253141970000281,[AFS] [F3] [BRENDA MTHETHWA] V1,120253141969930281,8,8,8,0,24,0.11,0,0
2026-07-23,120253142005590281,[AFS] [F3] [BRENDA MTHETHWA] V2,120253141969930281,8,8,8,2,21,1.04,0,0
2026-07-23,120253142011070281,[AFS] [F3] [BRENDA MTHETHWA] V3,120253141969930281,14,14,14,0,36,0.06,0,0
2026-07-23,120253142016080281,[AFS] [F3] [BRENDA MTHETHWA] V4,120253141969930281,9,9,9,2,27,0.24,0,0
2026-07-23,120253142027880281,[AFS] [F3] [BRENDA MTHETHWA] V5,120253141969930281,16,16,16,1,48,0.20,0,0
2026-07-23,120253142036410281,[AFS] [F3] [BRENDA MTHETHWA] V6,120253141969930281,10,10,10,0,30,0.05,0,0
2026-07-23,120253142282790281,[AFS] [F3] [CHARMAINE MABUZA] V2,120253142123820281,15,15,15,3,42,0.19,0,0
2026-07-23,120253142290360281,[AFS] [F3] [CHARMAINE MABUZA] V3,120253142123820281,21,21,21,6,60,0.44,0,0
2026-07-23,120253142297110281,[AFS] [F3] [CHARMAINE MABUZA] V4,120253142123820281,8,8,8,0,18,0.21,0,0
2026-07-23,120253142301540281,[AFS] [F3] [CHARMAINE MABUZA] V5,120253142123820281,15,15,15,1,33,0.12,0,0
2026-07-23,120253142306480281,[AFS] [F3] [CHARMAINE MABUZA] V6,120253142123820281,13,13,13,0,39,0.12,0,0
2026-07-23,120253167383880281,[AFS] [F3] [AMANDA MHLONGO] V1,120253167383820281,25,25,25,6,60,0.56,0,0
2026-07-23,120253167420410281,[AFS] [F3] [AMANDA MHLONGO] V2,120253167383820281,10,10,10,3,24,0.16,0,0
2026-07-23,120253167424590281,[AFS] [F3] [AMANDA MHLONGO] V3,120253167383820281,17,17,17,0,51,0.01,0,0
2026-07-23,120253167426990281,[AFS] [F3] [AMANDA MHLONGO] V4,120253167383820281,22,22,22,3,69,0.38,0,0
2026-07-23,120253167433710281,[AFS] [F3] [AMANDA MHLONGO] V5,120253167383820281,11,11,11,0,30,0.10,0,0
2026-07-23,120253167436950281,[AFS] [F3] [AMANDA MHLONGO] V6,120253167383820281,3,3,3,0,9,0.00,0,0
2026-07-23,120253167453190281,[AFS] [F3] [THULISILE MDLULI] V1,120253167453110281,15,15,15,4,42,0.37,0,0
2026-07-23,120253167657030281,[AFS] [F3] [THULISILE MDLULI] V2,120253167453110281,16,16,16,2,42,0.24,0,0
2026-07-23,120253167666800281,[AFS] [F3] [THULISILE MDLULI] V3,120253167453110281,12,12,12,2,36,0.23,0,0
2026-07-23,120253167671240281,[AFS] [F3] [THULISILE MDLULI] V4,120253167453110281,23,23,23,3,69,0.32,0,0
2026-07-23,120253167676340281,[AFS] [F3] [THULISILE MDLULI] V5,120253167453110281,10,10,10,0,21,0.03,0,0
2026-07-23,120253167681590281,[AFS] [F3] [THULISILE MDLULI] V6,120253167453110281,9,9,9,0,24,0.03,0,0
2026-07-23,120253167944440281,[AFS] [F3] [SAMANTHA MAKHANYA] V2,120253167773160281,25,25,25,5,69,0.82,0,0
2026-07-23,120253167947120281,[AFS] [F3] [SAMANTHA MAKHANYA] V3,120253167773160281,11,11,11,2,30,0.22,0,0
2026-07-23,120253167949790281,[AFS] [F3] [SAMANTHA MAKHANYA] V4,120253167773160281,7,7,7,0,15,0.05,0,0
2026-07-23,120253167954350281,[AFS] [F3] [SAMANTHA MAKHANYA] V5,120253167773160281,16,16,16,0,48,0.17,0,0
2026-07-23,120253167956510281,[AFS] [F3] [SAMANTHA MAKHANYA] V6,120253167773160281,15,15,15,0,42,0.22,0,0
2026-07-23,120253168223720281,[AFS] [F3] [RONKE LAWAL] V1,120253168223660281,6,6,6,0,18,0.04,0,0
2026-07-23,120253168272260281,[AFS] [F3] [RONKE LAWAL] V2,120253168223660281,7,7,7,2,18,0.11,0,0
2026-07-23,120253168276010281,[AFS] [F3] [RONKE LAWAL] V3,120253168223660281,6,6,6,0,18,0.02,0,0
2026-07-23,120253168279700281,[AFS] [F3] [RONKE LAWAL] V4,120253168223660281,18,18,18,0,48,0.11,0,0
2026-07-23,120253168282030281,[AFS] [F3] [RONKE LAWAL] V5,120253168223660281,10,10,10,0,24,0.08,0,0
2026-07-23,120253168285770281,[AFS] [F3] [RONKE LAWAL] V6,120253168223660281,10,10,10,1,30,0.06,0,0
2026-07-23,120253168354310281,[AFS] [F3] [SIMI AFOLAYAN] V1,120253168354220281,7,7,7,0,18,0.00,0,0
2026-07-23,120253168393840281,[AFS] [F3] [SIMI AFOLAYAN] V2,120253168354220281,6,6,6,0,18,0.00,0,0
2026-07-23,120253168397070281,[AFS] [F3] [SIMI AFOLAYAN] V3,120253168354220281,11,11,11,0,30,0.08,0,0
2026-07-23,120253168399990281,[AFS] [F3] [SIMI AFOLAYAN] V4,120253168354220281,20,20,20,0,54,0.35,0,0
2026-07-23,120253168402020281,[AFS] [F3] [SIMI AFOLAYAN] V5,120253168354220281,7,7,7,0,18,0.08,0,0
2026-07-23,120253168407870281,[AFS] [F3] [SIMI AFOLAYAN] V6,120253168354220281,9,9,9,0,21,0.11,0,0
2026-07-23,120253168447900281,[AFS] [F3] [OMOTOLA OJO] V1,120253168447820281,7,7,7,0,21,0.14,0,0
2026-07-23,120253168472750281,[AFS] [F3] [OMOTOLA OJO] V2,120253168447820281,10,10,10,0,30,0.17,0,0
2026-07-23,120253168474870281,[AFS] [F3] [OMOTOLA OJO] V3,120253168447820281,7,7,7,0,21,0.41,0,0
2026-07-23,120253168478000281,[AFS] [F3] [OMOTOLA OJO] V4,120253168447820281,10,10,10,0,30,0.04,0,0
2026-07-23,120253168484450281,[AFS] [F3] [OMOTOLA OJO] V5,120253168447820281,11,11,11,0,27,0.00,0,0
2026-07-23,120253168488310281,[AFS] [F3] [OMOTOLA OJO] V6,120253168447820281,6,6,6,0,18,0.09,0,0
2026-07-24,120247357080930278,[AFS] [F3] [AMARA OKAFOR] V1,120247357080990278,29,29,28,38,111,4.57,111,18
2026-07-24,120247357080980278,[AFS] [F3] [AMARA OKAFOR] V5,120247357080990278,35,35,32,44,114,4.33,123,22
2026-07-24,120247357081010278,[AFS] [F3] [AMARA OKAFOR] V6,120247357080990278,48,48,40,60,153,5.48,125,28
2026-07-24,120247357081030278,[AFS] [F3] [AMARA OKAFOR] V3,120247357080990278,42,42,37,52,135,7.68,177,23
2026-07-24,120247357081040278,[AFS] [F3] [AMARA OKAFOR] V2,120247357080990278,33,33,28,33,102,3.49,95,23
2026-07-24,120247357081050278,[AFS] [F3] [AMARA OKAFOR] V4,120247357080990278,38,38,33,39,117,2.62,65,17
2026-07-24,120247357457050278,[AFS] [F3] [ZOLA DLAMINI] V4,120247357456980278,21,21,18,31,75,2.62,57,13
2026-07-24,120247357457060278,[AFS] [F3] [ZOLA DLAMINI] V2,120247357456980278,41,41,37,56,129,4.46,91,25
2026-07-24,120247357457070278,[AFS] [F3] [ZOLA DLAMINI] V3,120247357456980278,51,51,43,72,159,7.38,171,27
2026-07-24,120247357457080278,[AFS] [F3] [ZOLA DLAMINI] V5,120247357456980278,44,44,41,44,135,4.49,97,23
2026-07-24,120247357457090278,[AFS] [F3] [ZOLA DLAMINI]V6,120247357456980278,53,53,47,72,165,6.92,183,42
2026-07-24,120247357457100278,[AFS] [F3] [ZOLA DLAMINI] V1,120247357456980278,36,36,31,30,111,2.83,87,23
2026-07-24,120247358420040278,[AFS] [F3] [AMINATA DIALLO] V6,120247358419970278,31,31,30,23,102,2.36,69,23
2026-07-24,120247358420050278,[AFS] [F3] [AMINATA DIALLO] V4,120247358419970278,27,27,24,25,84,2.25,47,13
2026-07-24,120247358420060278,[AFS] [F3] [AMINATA DIALLO] V5,120247358419970278,27,27,25,9,87,0.84,18,9
2026-07-24,120247358420070278,[AFS] [F3] [AMINATA DIALLO] V3,120247358419970278,35,35,32,42,111,8.61,143,21
2026-07-24,120247358420080278,[AFS] [F3] [AMINATA DIALLO] V2,120247358419970278,36,36,31,32,111,5.43,118,17
2026-07-24,120247358420090278,[AFS] [F3] [AMINATA DIALLO] V1,120247358419970278,44,44,38,31,135,2.32,84,21
2026-07-24,120247358791290278,[AFS] [F3] [FOLASADE ADEYEMI] V5,120247358791270278,24,24,20,24,84,2.71,72,17
2026-07-24,120247358791350278,[AFS] [F3] [FOLASADE ADEYEMI] V6,120247358791270278,26,26,21,18,78,2.01,62,13
2026-07-24,120247358791360278,[AFS] [F3] [FOLASADE ADEYEMI] V4,120247358791270278,18,18,16,23,63,5.60,107,11
2026-07-24,120247358791370278,[AFS] [F3] [FOLASADE ADEYEMI] V3,120247358791270278,30,30,24,0,96,0.46,16,8
2026-07-24,120247358791380278,[AFS] [F3] [FOLASADE ADEYEMI] V2,120247358791270278,24,24,21,20,75,2.07,47,11
2026-07-24,120247358791390278,[AFS] [F3] [FOLASADE ADEYEMI] V1,120247358791270278,25,25,18,9,75,1.65,38,9
2026-07-24,120247359464720278,[AFS] [F3] [NOMVULA MOKOENA] V6,120247359464690278,40,40,35,42,123,4.64,92,23
2026-07-24,120247359464770278,[AFS] [F3] [NOMVULA MOKOENA] V4,120247359464690278,27,27,24,17,84,1.85,48,8
2026-07-24,120247359464780278,[AFS] [F3] [NOMVULA MOKOENA] V5,120247359464690278,36,36,34,27,111,3.92,81,20
2026-07-24,120247359464790278,[AFS] [F3] [NOMVULA MOKOENA] V2,120247359464690278,32,32,27,25,105,3.94,89,15
2026-07-24,120247359464800278,[AFS] [F3] [NOMVULA MOKOENA] V1,120247359464690278,26,26,23,16,87,2.68,70,15
2026-07-24,120247359464810278,[AFS] [F3] [NOMVULA MOKOENA] V3,120247359464690278,21,21,19,12,63,1.15,43,10
2026-07-24,120247360141400278,[AFS] [F3] [CHIPO MOYO]  V1,120247360141370278,22,22,21,14,69,1.66,51,12
2026-07-24,120247360141410278,[AFS] [F3] [CHIPO MOYO]  V6,120247360141370278,30,30,28,38,99,5.03,151,27
2026-07-24,120247360141440278,[AFS] [F3] [CHIPO MOYO]  V3,120247360141370278,25,25,23,37,84,3.52,79,17
2026-07-24,120247360141470278,[AFS] [F3] [CHIPO MOYO]  V5,120247360141370278,32,32,28,19,99,3.25,88,11
2026-07-24,120247360141480278,[AFS] [F3] [CHIPO MOYO]  V4,120247360141370278,27,27,25,29,87,2.93,83,17
2026-07-24,120247360141490278,[AFS] [F3] [CHIPO MOYO]  V2,120247360141370278,44,44,38,48,135,4.61,129,27
2026-07-24,120247360356770278,[AFS] [F3] [FATOUMATA TRAORE] V4,120247360356710278,53,53,50,68,159,7.32,205,35
2026-07-24,120247360356790278,[AFS] [F3] [FATOUMATA TRAORE] V6,120247360356710278,27,27,22,32,84,4.17,91,15
2026-07-24,120247360356800278,[AFS] [F3] [FATOUMATA TRAORE] V5,120247360356710278,18,18,15,14,54,1.58,37,9
2026-07-24,120247360356810278,[AFS] [F3] [FATOUMATA TRAORE] V3,120247360356710278,14,14,14,21,42,1.68,39,10
2026-07-24,120247360356820278,[AFS] [F3] [FATOUMATA TRAORE] V2,120247360356710278,26,26,24,30,87,3.25,70,12
2026-07-24,120247360356830278,[AFS] [F3] [FATOUMATA TRAORE] V1,120247360356710278,38,38,37,49,123,4.65,115,28
2026-07-24,120247360531040278,[AFS] [F3] [AMINATA DIALLO] V1,120247360531070278,22,22,20,21,69,2.88,35,8
2026-07-24,120247360531120278,[AFS] [F3] [AMINATA DIALLO] V3,120247360531070278,32,32,28,36,105,5.11,134,16
2026-07-24,120247360531130278,[AFS] [F3] [AMINATA DIALLO] V5,120247360531070278,45,45,38,70,141,7.58,166,29
2026-07-24,120247360531140278,[AFS] [F3] [AMINATA DIALLO] V6,120247360531070278,58,58,51,69,186,7.11,202,38
2026-07-24,120247360531150278,[AFS] [F3] [AMINATA DIALLO]V4,120247360531070278,33,33,32,45,111,6.28,142,22
2026-07-24,120247360531160278,[AFS] [F3] [AMINATA DIALLO] V2,120247360531070278,28,28,25,21,93,2.34,48,13
2026-07-24,120247382249470278,[AFS_RELA_EN_BOT_0001] [NOURBESE] V3,120247382249440278,1,1,1,0,3,0.00,11,4
2026-07-24,120247382249520278,[AFS_RELA_EN_BOT_0001] [NOURBESE] V1,120247382249440278,3,3,3,3,9,0.21,15,3
2026-07-24,120247382249530278,[AFS_RELA_EN_BOT_0001] [NOURBESE] V2,120247382249440278,9,9,9,5,21,0.51,28,14
2026-07-24,120247382249540278,[AFS_RELA_EN_BOT_0001] [NOURBESE] V5,120247382249440278,21,21,19,12,63,2.05,122,29
2026-07-24,120247382249550278,[AFS_RELA_EN_BOT_0001] [NOURBESE] V6,120247382249440278,13,13,12,11,39,1.66,68,12
2026-07-24,120247382249560278,[AFS_RELA_EN_BOT_0001] [NOURBESE] V4,120247382249440278,4,4,4,3,12,0.38,30,6
2026-07-24,120247382323040278,[AFS] [F3] [WANGARI KAMAU] V4,120247382322970278,36,36,35,60,123,6.33,158,23
2026-07-24,120247382323050278,[AFS] [F3] [WANGARI KAMAU] V6,120247382322970278,26,26,23,34,75,4.25,152,23
2026-07-24,120247382323060278,[AFS] [F3] [WANGARI KAMAU] V5,120247382322970278,30,30,28,43,90,4.60,111,20
2026-07-24,120247382323070278,[AFS] [F3] [WANGARI KAMAU] V2,120247382322970278,32,32,29,48,99,4.90,103,21
2026-07-24,120247382323080278,[AFS] [F3] [WANGARI KAMAU] V3,120247382322970278,60,60,54,77,186,7.01,150,34
2026-07-24,120247382323090278,[AFS] [F3] [WANGARI KAMAU] V1,120247382322970278,42,42,39,56,132,3.88,99,29
2026-07-24,120247462052200278,[AFS_RELA_EN_BOT_0001] [ADAMMA] V2,120247461971670278,2,2,2,3,6,0.32,29,5
2026-07-24,120247462054640278,,,0,0,0,0,0,0,3,1
2026-07-24,120247462063520278,[AFS_RELA_EN_BOT_0001] [ADAMMA] V4,120247461971670278,2,2,2,0,6,0.00,4,1
2026-07-24,120247462073710278,,,0,0,0,0,0,0,1,1
2026-07-24,120247488168300278,[AFS] [F3] [BONTLE MODISE] V1,120247488168210278,35,35,28,38,117,3.67,76,20
2026-07-24,120247488215910278,[AFS] [F3] [BONTLE MODISE] V2,120247488168210278,58,58,54,58,177,7.49,165,30
2026-07-24,120247488220950278,[AFS] [F3] [BONTLE MODISE] V3,120247488168210278,27,27,26,42,81,4.17,103,18
2026-07-24,120247488225850278,[AFS] [F3] [BONTLE MODISE] V4,120247488168210278,27,27,24,40,96,3.37,79,17
2026-07-24,120247488230320278,[AFS] [F3] [BONTLE MODISE] V5,120247488168210278,42,42,41,48,132,4.41,108,27
2026-07-24,120247488234950278,[AFS] [F3] [BONTLE MODISE] V6,120247488168210278,23,23,21,31,66,4.12,93,15
2026-07-24,120247488259350278,[AFS] [F3] [LUNGILE HADEBE] V1,120247488259330278,49,49,45,54,153,7.61,191,36
2026-07-24,120247488354910278,[AFS] [F3] [LUNGILE HADEBE] V2,120247488259330278,38,38,34,52,114,4.20,116,25
2026-07-24,120247488362150278,[AFS] [F3] [LUNGILE HADEBE] V3,120247488259330278,43,43,37,47,132,5.22,137,24
2026-07-24,120247488368490278,[AFS] [F3] [LUNGILE HADEBE] V4,120247488259330278,22,22,21,15,72,3.39,87,14
2026-07-24,120247488373900278,[AFS] [F3] [LUNGILE HADEBE] V5,120247488259330278,28,28,26,44,87,3.80,113,23
2026-07-24,120247488419540278,[AFS] [F3] [LUNGILE HADEBE] V6,120247488259330278,39,39,37,55,129,4.78,105,27
2026-07-24,120247488474100278,[AFS] [F3] [LERATO MAHLANGU] V1,120247488474000278,41,41,32,53,123,7.78,220,27
2026-07-24,120247488538970278,[AFS] [F3] [LERATO MAHLANGU] V2,120247488474000278,18,18,14,27,57,2.47,70,13
2026-07-24,120247488660110278,[AFS] [F3] [LERATO MAHLANGU] V3,120247488474000278,28,28,26,42,87,3.32,96,21
2026-07-24,120247488793560278,[AFS] [F3] [LERATO MAHLANGU] V4,120247488474000278,22,22,22,19,63,1.75,46,12
2026-07-24,120247488827940278,[AFS] [F3] [LERATO MAHLANGU] V5,120247488474000278,61,61,57,93,198,9.86,222,43
2026-07-24,120247488854820278,[AFS] [F3] [LERATO MAHLANGU] V6,120247488474000278,28,28,23,25,84,2.59,66,16
2026-07-24,120247488930200278,[AFS] [F3] [NOURBESE ACHEBE] V1,120247488930090278,20,20,18,24,60,2.39,69,13
2026-07-24,120247488968980278,[AFS] [F3] [NOURBESE ACHEBE] V2,120247488930090278,42,42,34,27,126,4.33,105,24
2026-07-24,120247488989090278,[AFS] [F3] [NOURBESE ACHEBE] V3,120247488930090278,15,15,14,19,48,2.17,55,11
2026-07-24,120247489010590278,[AFS] [F3] [NOURBESE ACHEBE] V4,120247488930090278,22,22,21,16,75,2.53,58,12
2026-07-24,120247489016960278,[AFS] [F3] [NOURBESE ACHEBE] V5,120247488930090278,39,39,33,41,123,5.19,126,29
2026-07-24,120247489033080278,[AFS] [F3] [NOURBESE ACHEBE] V6,120247488930090278,25,25,20,12,75,2.24,76,13
2026-07-24,120247489048840278,[AFS] [F3] [MORENIKE AJAYI] V1,120247489048850278,16,16,16,18,51,2.56,82,12
2026-07-24,120247489055990278,[AFS] [F3] [NONHLANHLA CELE] V1,120247489056040278,23,23,19,22,72,1.54,36,12
2026-07-24,120247489113490278,[AFS] [F3] [NONHLANHLA CELE] V2,120247489056040278,29,29,21,15,90,1.32,40,13
2026-07-24,120247489137090278,[AFS] [F3] [NONHLANHLA CELE] V3,120247489056040278,21,21,20,20,63,2.22,50,14
2026-07-24,120247489142030278,[AFS] [F3] [MORENIKE AJAYI] V2,120247489048850278,28,28,28,35,90,3.93,83,14
2026-07-24,120247489148840278,[AFS] [F3] [MORENIKE AJAYI] V3,120247489048850278,26,26,26,21,78,2.25,67,14
2026-07-24,120247489149860278,[AFS] [F3] [NONHLANHLA CELE] V4,120247489056040278,20,20,17,25,66,3.13,74,16
2026-07-24,120247489152530278,[AFS] [F3] [MORENIKE AJAYI] V4,120247489048850278,18,18,18,16,54,1.93,42,11
2026-07-24,120247489155770278,[AFS] [F3] [MORENIKE AJAYI] V5,120247489048850278,20,20,20,11,60,1.36,39,11
2026-07-24,120247489155880278,[AFS] [F3] [NONHLANHLA CELE] V5,120247489056040278,16,16,13,18,51,0.97,35,9
2026-07-24,120247489160390278,[AFS] [F3] [MORENIKE AJAYI] V6,120247489048850278,29,29,29,28,87,4.28,88,16
2026-07-24,120247489160520278,[AFS] [F3] [NONHLANHLA CELE] V6,120247489056040278,86,86,79,129,270,15.41,410,58
2026-07-24,120247490597970278,[AFS] [F3] [YETUNDE ALABI] V1,120247490598050278,19,19,19,6,63,0.87,22,9
2026-07-24,120247490618490278,[AFS] [F3] [YETUNDE ALABI] V2,120247490598050278,9,9,9,0,27,0.23,9,6
2026-07-24,120247490620890278,[AFS] [F3] [YETUNDE ALABI] V3,120247490598050278,33,33,33,12,99,1.90,57,19
2026-07-24,120247490623620278,[AFS] [F3] [YETUNDE ALABI] V4,120247490598050278,34,34,34,27,105,4.17,112,21
2026-07-24,120247490626940278,[AFS] [F3] [YETUNDE ALABI] V5,120247490598050278,24,24,24,21,84,3.24,78,14
2026-07-24,120247490631910278,[AFS] [F3] [YETUNDE ALABI] V6,120247490598050278,21,21,21,8,66,1.72,34,10
2026-07-24,120247490644830278,[AFS] [F3] [NALEDI MOLEFE] V1,120247490644850278,24,24,24,25,72,2.90,70,15
2026-07-24,120247490686120278,[AFS] [F3] [NALEDI MOLEFE] V2,120247490644850278,18,18,18,12,54,1.32,43,9
2026-07-24,120247490688600278,[AFS] [F3] [NALEDI MOLEFE] V3,120247490644850278,23,23,23,29,81,3.67,59,13
2026-07-24,120247490692330278,[AFS] [F3] [NALEDI MOLEFE] V4,120247490644850278,19,19,19,18,57,2.34,60,8
2026-07-24,120247490699100278,[AFS] [F3] [NALEDI MOLEFE] V5,120247490644850278,25,25,25,25,87,2.88,63,11
2026-07-24,120247490703500278,[AFS] [F3] [NALEDI MOLEFE] V6,120247490644850278,34,34,34,29,105,5.23,117,15
2026-07-24,120247506168140278,[AFS] [F3] [BONGEKILE ZUNGU] V1,120247506168050278,27,27,23,11,81,1.92,37,7
2026-07-24,120247506197150278,[AFS] [F3] [BONGEKILE ZUNGU] V2,120247506168050278,24,24,21,15,78,3.19,72,14
2026-07-24,120247506203840278,[AFS] [F3] [BONGEKILE ZUNGU] V3,120247506168050278,16,16,14,12,51,2.39,56,10
2026-07-24,120247506216350278,[AFS] [F3] [BONGEKILE ZUNGU] V4,120247506168050278,27,27,24,16,84,4.21,117,15
2026-07-24,120247506238310278,[AFS] [F3] [BONGEKILE ZUNGU] V5,120247506168050278,11,11,11,6,39,0.72,14,4
2026-07-24,120247506249690278,[AFS] [F3] [BONGEKILE ZUNGU] V6,120247506168050278,16,16,15,8,54,1.45,50,12
2026-07-24,120247506424250278,[AFS] [F3] [MBALI BUTHELEZI] V1,120247506424170278,28,28,27,22,96,3.42,78,19
2026-07-24,120247506530130278,[AFS] [F3] [MBALI BUTHELEZI] V2,120247506424170278,21,21,18,7,66,1.34,35,13
2026-07-24,120247506542160278,[AFS] [F3] [MBALI BUTHELEZI] V3,120247506424170278,17,17,16,4,51,0.80,34,9
2026-07-24,120247506551600278,[AFS] [F3] [MBALI BUTHELEZI] V4,120247506424170278,21,21,18,12,63,2.37,51,10
2026-07-24,120247506560570278,[AFS] [F3] [MBALI BUTHELEZI] V5,120247506424170278,23,23,22,17,78,2.52,62,11
2026-07-24,120247506567820278,[AFS] [F3] [MBALI BUTHELEZI] V6,120247506424170278,27,27,23,15,93,2.69,62,13
2026-07-24,120247510472600278,[AFS] [F3] [Amarachi Nwafor] V1,120247510472480278,18,18,18,9,57,1.29,28,10
2026-07-24,120247511200720278,[AFS] [F3] [Amarachi Nwafor] V2,120247510472480278,13,13,13,7,39,0.91,25,7
2026-07-24,120247511268740278,[AFS] [F3] [Amarachi Nwafor] V3,120247510472480278,18,18,18,16,54,3.62,94,9
2026-07-24,120247511278660278,[AFS] [F3] [Amarachi Nwafor] V4,120247510472480278,11,11,11,21,36,2.80,58,10
2026-07-24,120247511285940278,[AFS] [F3] [Amarachi Nwafor] V5,120247510472480278,11,11,11,11,33,0.96,22,6
2026-07-24,120247511291500278,[AFS] [F3] [Amarachi Nwafor] V6,120247510472480278,12,12,12,12,39,2.03,55,6
2026-07-24,120247511324670278,[AFS] [F3] [Chinelo Umeh] V1,120247511324690278,16,16,16,16,51,3.87,98,13
2026-07-24,120247511421230278,[AFS] [F3] [Chinelo Umeh] V2,120247511324690278,15,15,15,20,45,3.12,75,12
2026-07-24,120247511427740278,[AFS] [F3] [Chinelo Umeh] V3,120247511324690278,5,5,5,6,15,0.68,15,4
2026-07-24,120247511436300278,[AFS] [F3] [Chinelo Umeh] V4,120247511324690278,11,11,11,15,36,3.57,87,7
2026-07-24,120247511443330278,[AFS] [F3] [Chinelo Umeh] V5,120247511324690278,15,15,15,16,45,2.29,50,10
2026-07-24,120247511457850278,[AFS] [F3] [Chinelo Umeh] V6,120247511324690278,7,7,7,6,18,2.44,50,5
2026-07-24,120247511492340278,[AFS] [F3] [OLUCHI EZEANI] V1,120247511492330278,8,8,8,2,24,0.89,24,6
2026-07-24,120247511563030278,[AFS] [F3] [OLUCHI EZEANI] V2,120247511492330278,10,10,10,5,33,1.67,37,9
2026-07-24,120247511574100278,[AFS] [F3] [OLUCHI EZEANI] V3,120247511492330278,12,12,12,0,39,0.72,22,7
2026-07-24,120247511580070278,[AFS] [F3] [OLUCHI EZEANI] V4,120247511492330278,11,11,11,12,33,1.98,53,10
2026-07-24,120247511592870278,[AFS] [F3] [OLUCHI EZEANI] V5,120247511492330278,6,6,6,3,18,0.49,14,4
2026-07-24,120247511637820278,[AFS] [F3] [OLUCHI EZEANI] V6,120247511492330278,13,13,13,0,42,0.76,21,6
2026-07-24,120247565170940278,[AFS] [F3] [Ebunoluwa Akinola] V1,120247565170970278,10,10,10,2,30,0.51,15,4
2026-07-24,120247565212910278,[AFS] [F3] [Ebunoluwa Akinola] V2,120247565170970278,5,5,5,0,15,0.19,3,2
2026-07-24,120247565218940278,[AFS] [F3] [Ebunoluwa Akinola] V3,120247565170970278,8,8,8,14,24,2.46,60,7
2026-07-24,120247565225410278,[AFS] [F3] [Ebunoluwa Akinola] V4,120247565170970278,19,19,19,0,57,0.45,13,5
2026-07-24,120247565236450278,[AFS] [F3] [Ebunoluwa Akinola] V5,120247565170970278,12,12,12,0,36,0.13,5,2
2026-07-24,120247565265520278,[AFS] [F3] [Ebunoluwa Akinola] V6,120247565170970278,13,13,13,3,42,0.71,13,5
2026-07-24,120247565319140278,[AFS] [F3] [Kelechi Onyekachi] V1,120247565319070278,11,11,11,3,39,0.73,18,5
2026-07-24,120247566326940278,[AFS] [F3] [Kelechi Onyekachi] V2,120247565319070278,8,8,8,3,24,0.45,11,3
2026-07-24,120247566362420278,[AFS] [F3] [Kelechi Onyekachi] V3,120247565319070278,8,8,8,6,24,1.74,45,5
2026-07-24,120247566388550278,[AFS] [F3] [Kelechi Onyekachi] V4,120247565319070278,14,14,14,9,42,2.44,46,6
2026-07-24,120247566417460278,[AFS] [F3] [Kelechi Onyekachi] V5,120247565319070278,10,10,10,0,30,0.06,2,1
2026-07-24,120247566440100278,[AFS] [F3] [Kelechi Onyekachi] V6,120247565319070278,15,15,15,6,51,1.63,40,11
2026-07-24,120247566460400278,[AFS] [F3] [Adaobi Okonkwo] V1,120247566460390278,23,23,23,10,72,1.87,41,7
2026-07-24,120247566488020278,[AFS] [F3] [Adaobi Okonkwo] V2,120247566460390278,8,8,8,7,24,2.27,45,3
2026-07-24,120247566493330278,[AFS] [F3] [Adaobi Okonkwo] V3,120247566460390278,15,15,15,13,48,1.86,49,9
2026-07-24,120247566496630278,[AFS] [F3] [Adaobi Okonkwo] V4,120247566460390278,18,18,18,14,60,1.93,34,7
2026-07-24,120247566505120278,[AFS] [F3] [Adaobi Okonkwo] V5,120247566460390278,13,13,13,9,42,0.87,16,4
2026-07-24,120247566509570278,[AFS] [F3] [Adaobi Okonkwo] V6,120247566460390278,11,11,11,9,33,1.33,37,4
2026-07-24,120247566544800278,[AFS] [F3] [BISOLA FASHOLA] V1,120247566544730278,13,13,13,3,39,1.61,25,4
2026-07-24,120247566558640278,[AFS] [F3] [BISOLA FASHOLA] V2,120247566544730278,17,17,17,5,54,1.01,23,8
2026-07-24,120247566563680278,[AFS] [F3] [BISOLA FASHOLA] V3,120247566544730278,8,8,8,2,24,0.31,6,2
2026-07-24,120247566567050278,[AFS] [F3] [BISOLA FASHOLA] V4,120247566544730278,17,17,17,9,63,2.29,44,7
2026-07-24,120247566568070278,[AFS] [F3] [BISOLA FASHOLA] V5,120247566544730278,20,20,20,3,63,1.47,36,12
2026-07-24,120247566569190278,[AFS] [F3] [BISOLA FASHOLA] V6,120247566544730278,14,14,14,0,42,0.32,7,2
2026-07-24,120247566626120278,[AFS] [F3] [TEMILADE OGUNBIYI] V1,120247566626060278,12,12,12,3,36,0.43,11,3
2026-07-24,120247566636330278,[AFS] [F3] [TEMILADE OGUNBIYI] V2,120247566626060278,10,10,10,6,30,0.88,13,3
2026-07-24,120247566637750278,[AFS] [F3] [TEMILADE OGUNBIYI] V3,120247566626060278,11,11,11,5,33,0.83,26,5
2026-07-24,120247566640090278,[AFS] [F3] [TEMILADE OGUNBIYI] V4,120247566626060278,6,6,6,6,21,0.67,15,3
2026-07-24,120247566642950278,[AFS] [F3] [TEMILADE OGUNBIYI] V5,120247566626060278,10,10,10,0,36,0.40,9,5
2026-07-24,120247566645210278,[AFS] [F3] [TEMILADE OGUNBIYI] V6,120247566626060278,8,8,8,2,27,0.16,2,1
2026-07-24,120247566662340278,[AFS] [F3] [BOITUMELO SEABI] V1,120247566662260278,10,10,10,12,33,1.74,47,5
2026-07-24,120247566694500278,[AFS] [F3] [BOITUMELO SEABI] V2,120247566662260278,16,16,16,16,54,1.32,28,8
2026-07-24,120247566698490278,[AFS] [F3] [BOITUMELO SEABI] V3,120247566662260278,15,15,15,11,48,0.99,21,7
2026-07-24,120247566701950278,[AFS] [F3] [BOITUMELO SEABI] V4,120247566662260278,19,19,19,16,60,1.55,34,12
2026-07-24,120247566705080278,[AFS] [F3] [BOITUMELO SEABI] V5,120247566662260278,18,18,18,12,57,1.28,24,5
2026-07-24,120247566708300278,[AFS] [F3] [BOITUMELO SEABI] V6,120247566662260278,9,9,9,6,27,0.32,10,3
2026-07-24,120253057249320281,,,0,0,0,0,0,0,4,1
2026-07-24,120253057306490281,,,0,0,0,0,0,0,1,1
2026-07-24,120253057404980281,,,0,0,0,0,0,0,2,1
2026-07-24,120253057415450281,,,0,0,0,0,0,0,12,1
2026-07-24,120253057454260281,,,0,0,0,0,0,0,1,1
2026-07-24,120253079044420281,[AFS] [F3] [ZOLA OKAFOR] V1,120253079044410281,41,41,41,32,129,5.25,122,23
2026-07-24,120253079114620281,[AFS] [F3] [ZOLA OKAFOR] V2,120253079044410281,32,32,32,10,96,1.21,29,12
2026-07-24,120253079117950281,[AFS] [F3] [ZOLA OKAFOR] V3,120253079044410281,19,19,19,18,66,2.24,42,12
2026-07-24,120253079128080281,[AFS] [F3] [ZOLA OKAFOR] V5,120253079044410281,18,18,18,17,66,1.96,41,10
2026-07-24,120253079132510281,[AFS] [F3] [ZOLA OKAFOR] V6,120253079044410281,24,24,24,0,75,0.23,14,5
2026-07-24,120253082530860281,[AFS] [F3] [NOSIZWE HLONGWANE] V1,120253082530810281,21,21,21,12,66,1.60,38,10
2026-07-24,120253082684680281,[AFS] [F3] [NOSIZWE HLONGWANE] V2,120253082530810281,24,24,24,23,78,3.09,73,12
2026-07-24,120253082723400281,[AFS] [F3] [NOSIZWE HLONGWANE] V3,120253082530810281,28,28,28,22,84,3.86,105,15
2026-07-24,120253082732550281,[AFS] [F3] [NOSIZWE HLONGWANE] V4,120253082530810281,22,22,22,11,66,1.21,34,11
2026-07-24,120253082737930281,[AFS] [F3] [NOSIZWE HLONGWANE] V5,120253082530810281,24,24,24,14,84,1.98,36,9
2026-07-24,120253082741790281,[AFS] [F3] [NOSIZWE HLONGWANE] V6,120253082530810281,32,32,32,21,96,4.47,140,22
2026-07-24,120253082817280281,[AFS] [F3] [ZANELE DUDE] V1,120253082817170281,28,28,28,26,93,3.25,91,18
2026-07-24,120253082840560281,[AFS] [F3] [ZANELE DUDE]  V2,120253082817170281,28,28,28,18,87,2.51,68,12
2026-07-24,120253082846410281,[AFS] [F3] [ZANELE DUDE]  V3,120253082817170281,24,24,24,8,81,0.98,35,10
2026-07-24,120253082849840281,[AFS] [F3] [ZANELE DUDE]  V4,120253082817170281,27,27,27,9,87,1.08,27,10
2026-07-24,120253082852390281,[AFS] [F3] [ZANELE DUDE] V5,120253082817170281,30,30,30,3,99,1.13,30,5
2026-07-24,120253082855810281,[AFS] [F3] [ZANELE DUDE] V6,120253082817170281,34,34,34,12,105,1.98,47,18
2026-07-24,120253101016690281,,,0,0,0,0,0,0,8,1
2026-07-24,120253101035060281,,,0,0,0,0,0,0,4,1
2026-07-24,120253101270940281,[AFS] [F3] [SINDISIWE XABA] V1,120253101270850281,25,25,25,24,81,4.06,79,15
2026-07-24,120253101284450281,[AFS] [F3] [SINDISIWE XABA] V2,120253101270850281,45,45,44,32,141,3.50,91,22
2026-07-24,120253101286320281,[AFS] [F3] [SINDISIWE XABA] V3,120253101270850281,22,22,22,14,69,1.32,26,10
2026-07-24,120253101288330281,[AFS] [F3] [SINDISIWE XABA] V4,120253101270850281,19,19,19,18,60,2.32,69,16
2026-07-24,120253101296180281,[AFS] [F3] [SINDISIWE XABA] V6,120253101270850281,8,8,8,3,24,0.48,10,4
2026-07-24,120253101303050281,[AFS] [F3] [AYANDA ZULU]  V1,120253101302970281,26,26,26,12,81,3.10,96,17
2026-07-24,120253101316180281,[AFS] [F3] [AYANDA ZULU] V2,120253101302970281,23,23,23,17,72,1.89,56,16
2026-07-24,120253101319060281,[AFS] [F3] [AYANDA ZULU]  V3,120253101302970281,11,11,11,8,33,0.75,19,5
2026-07-24,120253101321190281,[AFS] [F3] [AYANDA ZULU]  V4,120253101302970281,39,39,39,28,120,2.98,74,19
2026-07-24,120253101322290281,[AFS] [F3] [AYANDA ZULU]  V5,120253101302970281,21,21,21,14,63,1.68,46,12
2026-07-24,120253101330930281,[AFS] [F3] [TARIRO CHIKORE] V1,120253101330870281,23,23,23,27,72,3.66,97,18
2026-07-24,120253101343520281,[AFS] [F3] [TARIRO CHIKORE] V2,120253101330870281,18,18,18,11,54,1.29,39,11
2026-07-24,120253101346700281,[AFS] [F3] [TARIRO CHIKORE] V3,120253101330870281,34,34,34,23,96,2.77,80,24
2026-07-24,120253101348250281,[AFS] [F3] [TARIRO CHIKORE] V4,120253101330870281,24,24,24,21,72,2.32,65,14
2026-07-24,120253101349160281,[AFS] [F3] [TARIRO CHIKORE] V5,120253101330870281,11,11,11,8,33,1.22,19,7
2026-07-24,120253101349570281,[AFS] [F3] [TARIRO CHIKORE] V6,120253101330870281,16,16,16,8,48,0.89,20,8
2026-07-24,120253136735850281,[AFS] [F3] [BISOLA FASHOLA] V1,120253136735780281,15,15,15,1,45,0.57,11,6
2026-07-24,120253136853570281,[AFS] [F3] [BISOLA FASHOLA] V2,120253136735780281,26,26,26,8,84,2.23,53,11
2026-07-24,120253136864150281,[AFS] [F3] [BISOLA FASHOLA] V3,120253136735780281,15,15,15,6,48,0.83,31,10
2026-07-24,120253136874720281,[AFS] [F3] [BISOLA FASHOLA] V4,120253136735780281,27,27,27,11,84,1.99,46,9
2026-07-24,120253136880620281,[AFS] [F3] [BISOLA FASHOLA] V5,120253136735780281,28,28,28,16,87,2.26,62,10
2026-07-24,120253136890790281,[AFS] [F3] [BISOLA FASHOLA] V6,120253136735780281,25,25,25,3,75,0.63,19,9
2026-07-24,120253137096490281,[AFS] [F3] [TEMILADE OGUNBIYI] V1,120253137096420281,13,13,13,13,42,1.79,44,6
2026-07-24,120253137141160281,[AFS] [F3] [TEMILADE OGUNBIYI] V2,120253137096420281,27,27,27,14,81,3.28,77,13
2026-07-24,120253137147810281,[AFS] [F3] [TEMILADE OGUNBIYI] V3,120253137096420281,22,22,22,9,69,1.79,50,13
2026-07-24,120253137153070281,[AFS] [F3] [TEMILADE OGUNBIYI] V4,120253137096420281,15,15,15,8,45,0.97,23,7
2026-07-24,120253137159570281,[AFS] [F3] [TEMILADE OGUNBIYI] V5,120253137096420281,2,2,2,0,6,0.18,7,3
2026-07-24,120253137172840281,[AFS] [F3] [BOITUMELO SEABI] V1,120253137172780281,20,20,20,28,63,2.87,78,13
2026-07-24,120253137204850281,[AFS] [F3] [BOITUMELO SEABI] V2,120253137172780281,48,48,48,51,153,5.53,138,39
2026-07-24,120253137209500281,[AFS] [F3] [BOITUMELO SEABI] V3,120253137172780281,32,32,32,17,96,2.39,67,17
2026-07-24,120253137215430281,[AFS] [F3] [BOITUMELO SEABI] V4,120253137172780281,17,17,17,9,57,2.03,49,7
2026-07-24,120253137221200281,[AFS] [F3] [BOITUMELO SEABI] V5,120253137172780281,28,28,28,11,90,1.42,38,12
2026-07-24,120253137226520281,[AFS] [F3] [BOITUMELO SEABI] V6,120253137172780281,20,20,20,23,66,2.99,75,17
2026-07-24,120253138463570281,[AFS] [F3] [DAMILOLA ADEWALE] V1,120253138463510281,38,38,38,35,120,3.21,72,17
2026-07-24,120253138571220281,[AFS] [F3] [DAMILOLA ADEWALE] V2,120253138463510281,47,47,47,33,162,4.46,145,27
2026-07-24,120253138575670281,[AFS] [F3] [DAMILOLA ADEWALE] V3,120253138463510281,21,21,21,14,63,1.53,58,13
2026-07-24,120253138581950281,[AFS] [F3] [DAMILOLA ADEWALE] V4,120253138463510281,34,34,34,27,114,4.10,119,17
2026-07-24,120253138584190281,[AFS] [F3] [DAMILOLA ADEWALE] V5,120253138463510281,22,22,22,23,66,1.86,41,8
2026-07-24,120253138587130281,[AFS] [F3] [DAMILOLA ADEWALE] V6,120253138463510281,30,30,30,27,102,4.02,87,18
2026-07-24,120253138672320281,[AFS] [F3] [KIKELOMO BAKARE] V1,120253138672250281,32,32,32,4,102,0.96,36,12
2026-07-24,120253138733630281,[AFS] [F3] [KIKELOMO BAKARE] V2,120253138672250281,30,30,30,15,105,2.93,57,15
2026-07-24,120253138736470281,[AFS] [F3] [KIKELOMO BAKARE] V3,120253138672250281,20,20,20,6,66,0.68,22,7
2026-07-24,120253138745550281,[AFS] [F3] [KIKELOMO BAKARE] V4,120253138672250281,46,46,46,29,150,4.12,96,22
2026-07-24,120253138749420281,[AFS] [F3] [KIKELOMO BAKARE] V5,120253138672250281,16,16,16,17,51,1.53,39,6
2026-07-24,120253138753460281,[AFS] [F3] [KIKELOMO BAKARE] V6,120253138672250281,16,16,16,6,48,0.60,23,6
2026-07-24,120253138766290281,[AFS] [F3] [TOLULOPE ADEBAYO] V1,120253138766230281,28,28,28,11,87,1.05,32,7
2026-07-24,120253138878630281,[AFS] [F3] [TOLULOPE ADEBAYO] V2,120253138766230281,21,21,21,13,66,1.55,39,9
2026-07-24,120253138906100281,[AFS] [F3] [TOLULOPE ADEBAYO] V3,120253138766230281,29,29,29,28,90,2.93,79,25
2026-07-24,120253138919620281,[AFS] [F3] [TOLULOPE ADEBAYO] V4,120253138766230281,41,41,41,31,126,4.36,101,19
2026-07-24,120253138933900281,[AFS] [F3] [TOLULOPE ADEBAYO] V5,120253138766230281,60,60,60,66,186,5.61,191,47
2026-07-24,120253138944340281,[AFS] [F3] [TOLULOPE ADEBAYO] V6,120253138766230281,23,23,23,18,75,2.43,66,10
2026-07-24,120253141376140281,[AFS] [F3] [PRECIOUS NCUBE] V1,120253141376060281,9,9,9,4,27,1.05,32,6
2026-07-24,120253141499830281,[AFS] [F3] [PRECIOUS NCUBE] V2,120253141376060281,30,30,30,22,93,5.60,107,24
2026-07-24,120253141501720281,[AFS] [F3] [PRECIOUS NCUBE] V3,120253141376060281,17,17,17,14,54,1.88,26,10
2026-07-24,120253141502670281,[AFS] [F3] [PRECIOUS NCUBE] V4,120253141376060281,22,22,22,26,69,5.13,134,15
2026-07-24,120253141504530281,[AFS] [F3] [PRECIOUS NCUBE] V5,120253141376060281,11,11,11,12,39,0.89,23,7
2026-07-24,120253141509190281,[AFS] [F3] [PRECIOUS NCUBE] V6,120253141376060281,18,18,18,13,54,1.39,35,9
2026-07-24,120253141635530281,[AFS] [F3] [FAITH MSIMANG] V1,120253141635460281,32,32,32,27,96,4.16,112,16
2026-07-24,120253141724210281,[AFS] [F3] [FAITH MSIMANG] V2,120253141635460281,13,13,13,3,39,0.28,14,6
2026-07-24,120253141733960281,[AFS] [F3] [FAITH MSIMANG] V3,120253141635460281,12,12,12,11,36,0.98,41,14
2026-07-24,120253141747920281,[AFS] [F3] [FAITH MSIMANG] V4,120253141635460281,33,33,33,53,105,5.64,175,29
2026-07-24,120253141780200281,[AFS] [F3] [FAITH MSIMANG] V5,120253141635460281,27,27,27,40,81,4.87,126,21
2026-07-24,120253141807020281,[AFS] [F3] [FAITH MSIMANG] V6,120253141635460281,26,26,26,27,78,3.08,72,16
2026-07-24,120253141863660281,[AFS] [F3] [MARTHA MHLONGO] V1,120253141863550281,35,35,35,52,111,3.78,113,26
2026-07-24,120253141934410281,[AFS] [F3] [MARTHA MHLONGO] V2,120253141863550281,27,27,27,44,87,5.17,138,21
2026-07-24,120253141937270281,[AFS] [F3] [MARTHA MHLONGO] V3,120253141863550281,27,27,27,25,84,2.77,63,15
2026-07-24,120253141941400281,[AFS] [F3] [MARTHA MHLONGO] V4,120253141863550281,34,34,34,26,105,2.41,70,21
2026-07-24,120253141945370281,[AFS] [F3] [MARTHA MHLONGO] V5,120253141863550281,42,42,42,33,129,3.16,88,24
2026-07-24,120253141950760281,[AFS] [F3] [MARTHA MHLONGO] V6,120253141863550281,22,22,22,16,66,1.23,49,12
2026-07-24,120253141970000281,[AFS] [F3] [BRENDA MTHETHWA] V1,120253141969930281,16,16,16,18,51,1.84,44,13
2026-07-24,120253142005590281,[AFS] [F3] [BRENDA MTHETHWA] V2,120253141969930281,16,16,16,3,51,0.45,58,5
2026-07-24,120253142011070281,[AFS] [F3] [BRENDA MTHETHWA] V3,120253141969930281,19,19,19,15,60,2.01,60,18
2026-07-24,120253142016080281,[AFS] [F3] [BRENDA MTHETHWA] V4,120253141969930281,22,22,22,13,66,2.79,57,13
2026-07-24,120253142027880281,[AFS] [F3] [BRENDA MTHETHWA] V5,120253141969930281,34,34,34,39,108,5.31,115,22
2026-07-24,120253142036410281,[AFS] [F3] [BRENDA MTHETHWA] V6,120253141969930281,18,18,18,20,63,2.18,51,13
2026-07-24,120253142123880281,[AFS] [F3] [CHARMAINE MABUZA] V1,120253142123820281,1,1,1,0,3,0.00,0,0
2026-07-24,120253142282790281,[AFS] [F3] [CHARMAINE MABUZA] V2,120253142123820281,19,19,19,12,57,2.34,66,8
2026-07-24,120253142290360281,[AFS] [F3] [CHARMAINE MABUZA] V3,120253142123820281,14,14,14,5,42,1.04,22,13
2026-07-24,120253142297110281,[AFS] [F3] [CHARMAINE MABUZA] V4,120253142123820281,9,9,9,12,36,2.14,51,10
2026-07-24,120253142301540281,[AFS] [F3] [CHARMAINE MABUZA] V5,120253142123820281,34,34,34,22,102,3.16,81,15
2026-07-24,120253142306480281,[AFS] [F3] [CHARMAINE MABUZA] V6,120253142123820281,14,14,14,3,42,0.97,17,9
2026-07-24,120253167383880281,[AFS] [F3] [AMANDA MHLONGO] V1,120253167383820281,53,53,53,64,171,7.66,161,32
2026-07-24,120253167420410281,[AFS] [F3] [AMANDA MHLONGO] V2,120253167383820281,17,17,17,8,51,0.71,19,9
2026-07-24,120253167424590281,[AFS] [F3] [AMANDA MHLONGO] V3,120253167383820281,17,17,17,17,57,1.94,44,11
2026-07-24,120253167426990281,[AFS] [F3] [AMANDA MHLONGO] V4,120253167383820281,30,30,30,29,102,2.56,76,23
2026-07-24,120253167433710281,[AFS] [F3] [AMANDA MHLONGO] V5,120253167383820281,19,19,19,9,57,0.89,31,11
2026-07-24,120253167436950281,[AFS] [F3] [AMANDA MHLONGO] V6,120253167383820281,20,20,20,24,66,2.89,57,11
2026-07-24,120253167453190281,[AFS] [F3] [THULISILE MDLULI] V1,120253167453110281,11,11,11,7,33,0.87,33,9
2026-07-24,120253167657030281,[AFS] [F3] [THULISILE MDLULI] V2,120253167453110281,34,34,34,48,111,4.75,106,23
2026-07-24,120253167666800281,[AFS] [F3] [THULISILE MDLULI] V3,120253167453110281,16,16,16,11,54,1.49,31,9
2026-07-24,120253167671240281,[AFS] [F3] [THULISILE MDLULI] V4,120253167453110281,13,13,13,16,48,2.17,42,11
2026-07-24,120253167676340281,[AFS] [F3] [THULISILE MDLULI] V5,120253167453110281,20,20,20,15,63,2.10,56,11
2026-07-24,120253167681590281,[AFS] [F3] [THULISILE MDLULI] V6,120253167453110281,11,11,11,9,33,1.10,37,8
2026-07-24,120253167944440281,[AFS] [F3] [SAMANTHA MAKHANYA] V2,120253167773160281,29,29,29,29,99,4.46,123,22
2026-07-24,120253167947120281,[AFS] [F3] [SAMANTHA MAKHANYA] V3,120253167773160281,18,18,18,33,57,3.64,91,12
2026-07-24,120253167949790281,[AFS] [F3] [SAMANTHA MAKHANYA] V4,120253167773160281,15,15,15,18,48,2.54,68,10
2026-07-24,120253167954350281,[AFS] [F3] [SAMANTHA MAKHANYA] V5,120253167773160281,30,30,30,41,96,3.38,84,19
2026-07-24,120253167956510281,[AFS] [F3] [SAMANTHA MAKHANYA] V6,120253167773160281,22,22,22,12,72,1.62,39,17
2026-07-24,120253168223720281,[AFS] [F3] [RONKE LAWAL] V1,120253168223660281,8,8,8,12,24,2.18,55,7
2026-07-24,120253168272260281,[AFS] [F3] [RONKE LAWAL] V2,120253168223660281,19,19,19,12,60,1.48,37,10
2026-07-24,120253168276010281,[AFS] [F3] [RONKE LAWAL] V3,120253168223660281,13,13,13,13,42,1.87,33,12
2026-07-24,120253168279700281,[AFS] [F3] [RONKE LAWAL] V4,120253168223660281,20,20,20,17,63,2.49,41,7
2026-07-24,120253168282030281,[AFS] [F3] [RONKE LAWAL] V5,120253168223660281,19,19,19,19,66,2.48,57,13
2026-07-24,120253168285770281,[AFS] [F3] [RONKE LAWAL] V6,120253168223660281,16,16,16,14,51,2.12,43,12
2026-07-24,120253168354310281,[AFS] [F3] [SIMI AFOLAYAN] V1,120253168354220281,16,16,16,13,51,3.84,57,7
2026-07-24,120253168393840281,[AFS] [F3] [SIMI AFOLAYAN] V2,120253168354220281,26,26,26,15,75,2.64,62,12
2026-07-24,120253168397070281,[AFS] [F3] [SIMI AFOLAYAN] V3,120253168354220281,12,12,12,3,42,0.94,21,8
2026-07-24,120253168399990281,[AFS] [F3] [SIMI AFOLAYAN] V4,120253168354220281,16,16,16,6,51,1.10,36,13
2026-07-24,120253168402020281,[AFS] [F3] [SIMI AFOLAYAN] V5,120253168354220281,11,11,11,6,33,1.27,38,8
2026-07-24,120253168407870281,[AFS] [F3] [SIMI AFOLAYAN] V6,120253168354220281,16,16,16,9,51,1.57,44,5
2026-07-24,120253168447900281,[AFS] [F3] [OMOTOLA OJO] V1,120253168447820281,25,25,25,16,78,2.05,58,15
2026-07-24,120253168472750281,[AFS] [F3] [OMOTOLA OJO] V2,120253168447820281,16,16,16,6,48,1.03,25,8
2026-07-24,120253168474870281,[AFS] [F3] [OMOTOLA OJO] V3,120253168447820281,19,19,19,10,60,1.93,55,12
2026-07-24,120253168478000281,[AFS] [F3] [OMOTOLA OJO] V4,120253168447820281,23,23,23,13,75,2.22,56,14
2026-07-24,120253168484450281,[AFS] [F3] [OMOTOLA OJO] V5,120253168447820281,12,12,12,3,36,0.44,11,5
2026-07-24,120253168488310281,[AFS] [F3] [OMOTOLA OJO] V6,120253168447820281,14,14,14,12,48,2.90,78,10
2026-07-24,120253224542190281,[AFS] [F3] [FERNANDA RIOS] V1,120253224542110281,24,24,24,18,75,2.96,79,12
2026-07-24,120253224671810281,[AFS] [F3] [FERNANDA RIOS] V2,120253224542110281,11,11,11,0,33,0.25,7,3
2026-07-24,120253224676330281,[AFS] [F3] [FERNANDA RIOS] V3,120253224542110281,9,9,9,2,30,0.28,4,3
2026-07-24,120253224685120281,[AFS] [F3] [FERNANDA RIOS] V4,120253224542110281,16,16,16,0,51,0.37,9,4
2026-07-24,120253224700400281,[AFS] [F3] [FERNANDA RIOS] V5,120253224542110281,9,9,9,3,27,0.65,12,3
2026-07-24,120253224723160281,[AFS] [F3] [FERNANDA RIOS] V6,120253224542110281,16,16,16,0,48,0.76,21,10
2026-07-24,120253224769150281,[AFS] [F3] [Ngozi Anozie] V1,120253224769080281,17,17,17,14,57,2.02,46,5
2026-07-24,120253224960730281,[AFS] [F3] [Ngozi Anozie] V2,120253224769080281,80,80,80,140,252,12.86,309,49
2026-07-24,120253224978560281,[AFS] [F3] [Ngozi Anozie] V3,120253224769080281,19,19,19,24,57,1.56,44,9
2026-07-24,120253224985020281,[AFS] [F3] [Ngozi Anozie] V4,120253224769080281,13,13,13,6,39,0.57,15,5
2026-07-24,120253224989840281,[AFS] [F3] [Ngozi Anozie] V5,120253224769080281,30,30,30,42,90,3.58,85,19
2026-07-24,120253224997610281,[AFS] [F3] [Ngozi Anozie] V6,120253224769080281,14,14,14,19,42,2.33,57,6
2026-07-24,120253225009820281,[AFS] [F3] [Michelle Ndlovu] V1,120253225009810281,19,19,19,13,57,1.65,33,6
2026-07-24,120253225026480281,[AFS] [F3] [Michelle Ndlovu] V2,120253225009810281,23,23,23,35,72,4.28,84,13
2026-07-24,120253225029450281,[AFS] [F3] [Michelle Ndlovu] V3,120253225009810281,23,23,23,30,69,3.56,61,14
2026-07-24,120253225032160281,[AFS] [F3] [Michelle Ndlovu] V4,120253225009810281,25,25,25,21,75,2.31,55,13
2026-07-24,120253225035240281,[AFS] [F3] [Michelle Ndlovu] V5,120253225009810281,28,28,28,20,84,1.58,40,10
2026-07-24,120253225038370281,[AFS] [F3] [Michelle Ndlovu] V6,120253225009810281,20,20,20,9,60,1.67,32,6
2026-07-24,120253225073690281,[AFS] [F3] [Candice Mhlongo] V1,120253225073650281,19,19,19,0,57,0.32,10,6
2026-07-24,120253225087760281,[AFS] [F3] [Candice Mhlongo] V2,120253225073650281,18,18,18,6,60,1.02,23,6
2026-07-24,120253225101570281,[AFS] [F3] [Candice Mhlongo] V3,120253225073650281,22,22,22,12,72,2.14,54,7
2026-07-24,120253225111400281,[AFS] [F3] [Candice Mhlongo] V4,120253225073650281,16,16,16,20,54,3.36,69,10
2026-07-24,120253225135180281,[AFS] [F3] [Candice Mhlongo] V5,120253225073650281,19,19,19,19,60,2.76,70,13
2026-07-24,120253225169560281,[AFS] [F3] [Candice Mhlongo] V6,120253225073650281,12,12,12,5,39,0.79,20,4
2026-07-24,120253225329900281,[AFS] [F3] [Nokuthula Hadebe] V1,120253225329830281,11,11,11,12,33,1.15,24,8
2026-07-24,120253225450210281,[AFS] [F3] [Nokuthula Hadebe] V2,120253225329830281,27,27,27,27,81,3.44,94,10
2026-07-24,120253225501180281,[AFS] [F3] [Nokuthula Hadebe] V3,120253225329830281,30,30,30,30,96,3.95,77,13
2026-07-24,120253225541760281,[AFS] [F3] [Nokuthula Hadebe] V4,120253225329830281,35,35,35,42,105,4.91,123,19
2026-07-24,120253225586410281,[AFS] [F3] [Nokuthula Hadebe] V5,120253225329830281,24,24,24,21,81,2.80,67,10
2026-07-24,120253225638960281,[AFS] [F3] [Nokuthula Hadebe] V6,120253225329830281,36,36,36,47,114,4.30,102,20
2026-07-24,120253225795580281,[AFS] [F3] [Tebogo Mokoena] V1,120253225795550281,101,101,101,127,327,11.03,252,43
2026-07-24,120253225872080281,[AFS] [F3] [Tebogo Mokoena] V2,120253225795550281,44,44,44,48,141,5.33,140,18
2026-07-24,120253225880820281,[AFS] [F3] [Tebogo Mokoena] V3,120253225795550281,22,22,22,38,66,3.44,72,14
2026-07-24,120253225889030281,[AFS] [F3] [Tebogo Mokoena] V4,120253225795550281,17,17,17,18,54,2.33,59,9
2026-07-24,120253225931950281,[AFS] [F3] [Tebogo Mokoena] V5,120253225795550281,34,34,34,37,111,3.89,86,17
2026-07-24,120253226001460281,[AFS] [F3] [Tebogo Mokoena] V6,120253225795550281,29,29,29,48,99,3.29,73,17
2026-07-25,120247357080930278,[AFS] [F3] [AMARA OKAFOR] V1,120247357080990278,23,23,21,19,48,3.05,111,19
2026-07-25,120247357080980278,[AFS] [F3] [AMARA OKAFOR] V5,120247357080990278,35,35,32,24,96,3.17,95,22
2026-07-25,120247357081010278,[AFS] [F3] [AMARA OKAFOR] V6,120247357080990278,44,44,44,72,150,7.70,241,49
2026-07-25,120247357081030278,[AFS] [F3] [AMARA OKAFOR] V3,120247357080990278,42,42,39,36,135,3.21,125,28
2026-07-25,120247357081040278,[AFS] [F3] [AMARA OKAFOR] V2,120247357080990278,32,32,30,36,99,4.00,124,27
2026-07-25,120247357081050278,[AFS] [F3] [AMARA OKAFOR] V4,120247357080990278,25,25,23,24,75,3.70,123,16
2026-07-25,120247357457050278,[AFS] [F3] [ZOLA DLAMINI] V4,120247357456980278,20,20,19,30,60,3.20,78,18
2026-07-25,120247357457060278,[AFS] [F3] [ZOLA DLAMINI] V2,120247357456980278,31,31,30,29,90,2.68,116,27
2026-07-25,120247357457070278,[AFS] [F3] [ZOLA DLAMINI] V3,120247357456980278,42,42,41,61,138,5.54,139,33
2026-07-25,120247357457080278,[AFS] [F3] [ZOLA DLAMINI] V5,120247357456980278,31,31,28,24,96,2.58,117,23
2026-07-25,120247357457090278,[AFS] [F3] [ZOLA DLAMINI]V6,120247357456980278,49,49,48,61,159,6.56,188,45
2026-07-25,120247357457100278,[AFS] [F3] [ZOLA DLAMINI] V1,120247357456980278,44,44,42,42,135,4.59,129,27
2026-07-25,120247358420040278,[AFS] [F3] [AMINATA DIALLO] V6,120247358419970278,39,39,36,58,120,5.41,138,34
2026-07-25,120247358420050278,[AFS] [F3] [AMINATA DIALLO] V4,120247358419970278,15,15,14,9,45,0.69,40,14
2026-07-25,120247358420060278,[AFS] [F3] [AMINATA DIALLO] V5,120247358419970278,39,39,38,50,126,5.65,134,26
2026-07-25,120247358420070278,[AFS] [F3] [AMINATA DIALLO] V3,120247358419970278,51,51,46,56,159,5.03,241,35
2026-07-25,120247358420080278,[AFS] [F3] [AMINATA DIALLO] V2,120247358419970278,33,33,32,42,96,4.39,138,31
2026-07-25,120247358420090278,[AFS] [F3] [AMINATA DIALLO] V1,120247358419970278,42,42,36,59,138,5.94,126,27
2026-07-25,120247358791290278,[AFS] [F3] [FOLASADE ADEYEMI] V5,120247358791270278,26,26,25,13,66,1.56,71,15
2026-07-25,120247358791350278,[AFS] [F3] [FOLASADE ADEYEMI] V6,120247358791270278,29,29,26,10,90,1.47,49,17
2026-07-25,120247358791360278,[AFS] [F3] [FOLASADE ADEYEMI] V4,120247358791270278,33,33,32,31,99,2.83,95,23
2026-07-25,120247358791370278,[AFS] [F3] [FOLASADE ADEYEMI] V3,120247358791270278,22,22,21,16,60,1.38,43,12
2026-07-25,120247358791380278,[AFS] [F3] [FOLASADE ADEYEMI] V2,120247358791270278,13,13,12,11,36,1.51,68,11
2026-07-25,120247358791390278,[AFS] [F3] [FOLASADE ADEYEMI] V1,120247358791270278,11,11,10,7,36,0.71,25,8
2026-07-25,120247359464720278,[AFS] [F3] [NOMVULA MOKOENA] V6,120247359464690278,32,32,28,28,114,3.24,110,25
2026-07-25,120247359464770278,[AFS] [F3] [NOMVULA MOKOENA] V4,120247359464690278,13,13,13,7,36,0.63,25,9
2026-07-25,120247359464780278,[AFS] [F3] [NOMVULA MOKOENA] V5,120247359464690278,7,7,7,3,18,0.38,43,10
2026-07-25,120247359464790278,[AFS] [F3] [NOMVULA MOKOENA] V2,120247359464690278,25,25,25,14,66,1.73,81,18
2026-07-25,120247359464800278,[AFS] [F3] [NOMVULA MOKOENA] V1,120247359464690278,21,21,19,20,54,1.77,67,16
2026-07-25,120247359464810278,[AFS] [F3] [NOMVULA MOKOENA] V3,120247359464690278,14,14,13,10,42,0.82,30,10
2026-07-25,120247360141400278,[AFS] [F3] [CHIPO MOYO]  V1,120247360141370278,11,11,10,6,30,0.56,28,9
2026-07-25,120247360141410278,[AFS] [F3] [CHIPO MOYO]  V6,120247360141370278,41,41,38,61,126,6.18,178,35
2026-07-25,120247360141440278,[AFS] [F3] [CHIPO MOYO]  V3,120247360141370278,22,22,22,26,60,2.84,84,21
2026-07-25,120247360141470278,[AFS] [F3] [CHIPO MOYO]  V5,120247360141370278,34,34,32,46,105,4.78,123,25
2026-07-25,120247360141480278,[AFS] [F3] [CHIPO MOYO]  V4,120247360141370278,27,27,26,28,78,2.06,76,17
2026-07-25,120247360141490278,[AFS] [F3] [CHIPO MOYO]  V2,120247360141370278,30,30,28,43,96,7.12,222,33
2026-07-25,120247360356770278,[AFS] [F3] [FATOUMATA TRAORE] V4,120247360356710278,32,32,30,45,114,4.84,132,33
2026-07-25,120247360356790278,[AFS] [F3] [FATOUMATA TRAORE] V6,120247360356710278,26,26,23,27,81,2.65,108,23
2026-07-25,120247360356800278,[AFS] [F3] [FATOUMATA TRAORE] V5,120247360356710278,4,4,4,6,12,0.28,21,5
2026-07-25,120247360356810278,[AFS] [F3] [FATOUMATA TRAORE] V3,120247360356710278,14,14,13,12,39,0.95,40,13
2026-07-25,120247360356820278,[AFS] [F3] [FATOUMATA TRAORE] V2,120247360356710278,26,26,25,24,69,2.12,75,18
2026-07-25,120247360356830278,[AFS] [F3] [FATOUMATA TRAORE] V1,120247360356710278,66,66,53,54,201,5.18,175,41
2026-07-25,120247360531040278,[AFS] [F3] [AMINATA DIALLO] V1,120247360531070278,35,35,31,33,102,3.30,125,19
2026-07-25,120247360531120278,[AFS] [F3] [AMINATA DIALLO] V3,120247360531070278,44,44,43,56,132,6.36,186,40
2026-07-25,120247360531130278,[AFS] [F3] [AMINATA DIALLO] V5,120247360531070278,41,41,39,44,123,4.80,170,28
2026-07-25,120247360531140278,[AFS] [F3] [AMINATA DIALLO] V6,120247360531070278,52,52,48,63,162,5.66,199,47
2026-07-25,120247360531150278,[AFS] [F3] [AMINATA DIALLO]V4,120247360531070278,19,19,17,13,45,1.24,89,18
2026-07-25,120247360531160278,[AFS] [F3] [AMINATA DIALLO] V2,120247360531070278,21,21,21,10,54,1.24,37,11
2026-07-25,120247382249470278,,,0,0,0,0,0,0,3,1
2026-07-25,120247382249520278,[AFS_RELA_EN_BOT_0001] [NOURBESE] V1,120247382249440278,2,2,2,3,6,0.31,12,2
2026-07-25,120247382249530278,[AFS_RELA_EN_BOT_0001] [NOURBESE] V2,120247382249440278,2,2,2,2,6,0.19,17,6
2026-07-25,120247382249540278,[AFS_RELA_EN_BOT_0001] [NOURBESE] V5,120247382249440278,5,5,4,5,15,0.56,20,5
2026-07-25,120247382249550278,[AFS_RELA_EN_BOT_0001] [NOURBESE] V6,120247382249440278,1,1,1,0,0,0,3,2
2026-07-25,120247382249560278,[AFS_RELA_EN_BOT_0001] [NOURBESE] V4,120247382249440278,1,1,1,0,3,0.01,8,3
2026-07-25,120247382323040278,[AFS] [F3] [WANGARI KAMAU] V4,120247382322970278,51,51,46,59,156,5.68,153,34
2026-07-25,120247382323050278,[AFS] [F3] [WANGARI KAMAU] V6,120247382322970278,40,40,36,54,126,5.48,142,26
2026-07-25,120247382323060278,[AFS] [F3] [WANGARI KAMAU] V5,120247382322970278,43,43,39,55,126,5.27,208,34
2026-07-25,120247382323070278,[AFS] [F3] [WANGARI KAMAU] V2,120247382322970278,41,41,35,53,120,5.51,193,33
2026-07-25,120247382323080278,[AFS] [F3] [WANGARI KAMAU] V3,120247382322970278,32,32,31,40,102,6.78,215,27
2026-07-25,120247382323090278,[AFS] [F3] [WANGARI KAMAU] V1,120247382322970278,39,39,39,43,111,3.12,134,32
2026-07-25,120247462052200278,,,0,0,0,0,0,0,5,1
2026-07-25,120247488168300278,[AFS] [F3] [BONTLE MODISE] V1,120247488168210278,54,54,51,69,165,5.75,180,36
2026-07-25,120247488215910278,[AFS] [F3] [BONTLE MODISE] V2,120247488168210278,53,53,48,44,171,4.31,155,38
2026-07-25,120247488220950278,[AFS] [F3] [BONTLE MODISE] V3,120247488168210278,34,34,33,50,114,3.59,88,24
2026-07-25,120247488225850278,[AFS] [F3] [BONTLE MODISE] V4,120247488168210278,41,41,38,51,117,4.21,139,33
2026-07-25,120247488230320278,[AFS] [F3] [BONTLE MODISE] V5,120247488168210278,49,49,45,70,147,6.86,200,47
2026-07-25,120247488234950278,[AFS] [F3] [BONTLE MODISE] V6,120247488168210278,19,19,18,12,57,1.37,82,17
2026-07-25,120247488259350278,[AFS] [F3] [LUNGILE HADEBE] V1,120247488259330278,43,43,35,62,147,8.92,224,35
2026-07-25,120247488354910278,[AFS] [F3] [LUNGILE HADEBE] V2,120247488259330278,17,17,15,22,51,2.17,86,19
2026-07-25,120247488362150278,[AFS] [F3] [LUNGILE HADEBE] V3,120247488259330278,26,26,23,17,75,2.43,68,22
2026-07-25,120247488368490278,[AFS] [F3] [LUNGILE HADEBE] V4,120247488259330278,11,11,10,9,27,1.67,56,9
2026-07-25,120247488373900278,[AFS] [F3] [LUNGILE HADEBE] V5,120247488259330278,20,20,17,16,57,1.59,51,17
2026-07-25,120247488419540278,[AFS] [F3] [LUNGILE HADEBE] V6,120247488259330278,36,36,33,42,99,4.17,158,33
2026-07-25,120247488474100278,[AFS] [F3] [LERATO MAHLANGU] V1,120247488474000278,36,36,32,35,123,3.58,111,29
2026-07-25,120247488538970278,[AFS] [F3] [LERATO MAHLANGU] V2,120247488474000278,9,9,9,15,27,1.18,37,12
2026-07-25,120247488660110278,[AFS] [F3] [LERATO MAHLANGU] V3,120247488474000278,42,42,39,47,132,5.43,112,22
2026-07-25,120247488793560278,[AFS] [F3] [LERATO MAHLANGU] V4,120247488474000278,30,30,29,37,93,3.81,130,20
2026-07-25,120247488827940278,[AFS] [F3] [LERATO MAHLANGU] V5,120247488474000278,58,58,54,95,183,10.72,216,50
2026-07-25,120247488854820278,[AFS] [F3] [LERATO MAHLANGU] V6,120247488474000278,32,32,31,43,99,5.77,121,27
2026-07-25,120247488930200278,[AFS] [F3] [NOURBESE ACHEBE] V1,120247488930090278,7,7,6,9,21,1.43,49,9
2026-07-25,120247488968980278,[AFS] [F3] [NOURBESE ACHEBE] V2,120247488930090278,46,46,44,73,144,7.36,199,36
2026-07-25,120247488989090278,[AFS] [F3] [NOURBESE ACHEBE] V3,120247488930090278,22,22,20,32,63,3.89,123,15
2026-07-25,120247489010590278,[AFS] [F3] [NOURBESE ACHEBE] V4,120247488930090278,23,23,22,10,60,0.73,30,9
2026-07-25,120247489016960278,[AFS] [F3] [NOURBESE ACHEBE] V5,120247488930090278,47,47,44,78,147,11.93,300,40
2026-07-25,120247489033080278,[AFS] [F3] [NOURBESE ACHEBE] V6,120247488930090278,16,16,15,11,45,0.58,24,8
2026-07-25,120247489048840278,[AFS] [F3] [MORENIKE AJAYI] V1,120247489048850278,17,17,17,25,51,2.09,59,12
2026-07-25,120247489055990278,[AFS] [F3] [NONHLANHLA CELE] V1,120247489056040278,11,11,11,8,30,1.28,50,10
2026-07-25,120247489113490278,[AFS] [F3] [NONHLANHLA CELE] V2,120247489056040278,32,32,27,40,96,3.24,81,20
2026-07-25,120247489137090278,[AFS] [F3] [NONHLANHLA CELE] V3,120247489056040278,29,29,28,41,90,4.86,144,25
2026-07-25,120247489142030278,[AFS] [F3] [MORENIKE AJAYI] V2,120247489048850278,13,13,13,6,33,1.00,82,18
2026-07-25,120247489148840278,[AFS] [F3] [MORENIKE AJAYI] V3,120247489048850278,11,11,11,15,33,1.88,63,15
2026-07-25,120247489149860278,[AFS] [F3] [NONHLANHLA CELE] V4,120247489056040278,23,23,22,30,78,2.60,84,18
2026-07-25,120247489152530278,[AFS] [F3] [MORENIKE AJAYI] V4,120247489048850278,12,12,12,6,39,0.85,42,11
2026-07-25,120247489155770278,[AFS] [F3] [MORENIKE AJAYI] V5,120247489048850278,37,37,37,36,114,4.58,112,20
2026-07-25,120247489155880278,[AFS] [F3] [NONHLANHLA CELE] V5,120247489056040278,12,12,11,7,33,0.62,18,7
2026-07-25,120247489160390278,[AFS] [F3] [MORENIKE AJAYI] V6,120247489048850278,23,23,23,29,72,4.21,173,20
2026-07-25,120247489160520278,[AFS] [F3] [NONHLANHLA CELE] V6,120247489056040278,85,85,75,92,252,9.80,331,70
2026-07-25,120247490597970278,[AFS] [F3] [YETUNDE ALABI] V1,120247490598050278,6,6,6,0,12,0.00,6,3
2026-07-25,120247490618490278,[AFS] [F3] [YETUNDE ALABI] V2,120247490598050278,2,2,2,0,6,0.13,12,5
2026-07-25,120247490620890278,[AFS] [F3] [YETUNDE ALABI] V3,120247490598050278,1,1,1,0,3,0.06,8,4
2026-07-25,120247490623620278,[AFS] [F3] [YETUNDE ALABI] V4,120247490598050278,2,2,2,2,3,0.17,26,7
2026-07-25,120247490626940278,[AFS] [F3] [YETUNDE ALABI] V5,120247490598050278,5,5,5,3,3,0.25,36,5
2026-07-25,120247490631910278,[AFS] [F3] [YETUNDE ALABI] V6,120247490598050278,4,4,4,5,9,0.49,33,6
2026-07-25,120247490644830278,[AFS] [F3] [NALEDI MOLEFE] V1,120247490644850278,2,2,2,0,6,0.09,24,10
2026-07-25,120247490686120278,[AFS] [F3] [NALEDI MOLEFE] V2,120247490644850278,6,6,6,1,15,0.20,6,3
2026-07-25,120247490688600278,[AFS] [F3] [NALEDI MOLEFE] V3,120247490644850278,10,10,10,9,18,0.96,75,11
2026-07-25,120247490692330278,[AFS] [F3] [NALEDI MOLEFE] V4,120247490644850278,3,3,3,6,6,0.79,44,7
2026-07-25,120247490699100278,[AFS] [F3] [NALEDI MOLEFE] V5,120247490644850278,10,10,10,6,18,0.51,45,12
2026-07-25,120247490703500278,[AFS] [F3] [NALEDI MOLEFE] V6,120247490644850278,7,7,7,6,18,0.49,39,9
2026-07-25,120247506168140278,[AFS] [F3] [BONGEKILE ZUNGU] V1,120247506168050278,15,15,14,14,48,1.95,66,11
2026-07-25,120247506197150278,[AFS] [F3] [BONGEKILE ZUNGU] V2,120247506168050278,12,12,12,3,30,0.59,55,13
2026-07-25,120247506203840278,[AFS] [F3] [BONGEKILE ZUNGU] V3,120247506168050278,10,10,9,5,27,1.05,39,10
2026-07-25,120247506216350278,[AFS] [F3] [BONGEKILE ZUNGU] V4,120247506168050278,18,18,17,11,54,1.47,57,13
2026-07-25,120247506238310278,[AFS] [F3] [BONGEKILE ZUNGU] V5,120247506168050278,12,12,12,5,30,0.67,23,8
2026-07-25,120247506249690278,[AFS] [F3] [BONGEKILE ZUNGU] V6,120247506168050278,25,25,23,22,84,2.72,64,14
2026-07-25,120247506424250278,[AFS] [F3] [MBALI BUTHELEZI] V1,120247506424170278,35,35,33,37,96,4.66,153,31
2026-07-25,120247506530130278,[AFS] [F3] [MBALI BUTHELEZI] V2,120247506424170278,27,27,26,21,78,2.55,77,22
2026-07-25,120247506542160278,[AFS] [F3] [MBALI BUTHELEZI] V3,120247506424170278,20,20,19,10,63,1.24,37,14
2026-07-25,120247506551600278,[AFS] [F3] [MBALI BUTHELEZI] V4,120247506424170278,13,13,11,10,39,1.03,54,10
2026-07-25,120247506560570278,[AFS] [F3] [MBALI BUTHELEZI] V5,120247506424170278,27,27,25,19,72,2.84,78,18
2026-07-25,120247506567820278,[AFS] [F3] [MBALI BUTHELEZI] V6,120247506424170278,18,18,17,6,42,1.06,34,8
2026-07-25,120247510472600278,[AFS] [F3] [Amarachi Nwafor] V1,120247510472480278,6,6,6,0,15,0.13,19,7
2026-07-25,120247511200720278,[AFS] [F3] [Amarachi Nwafor] V2,120247510472480278,4,4,4,3,12,0.48,23,5
2026-07-25,120247511268740278,[AFS] [F3] [Amarachi Nwafor] V3,120247510472480278,2,2,2,3,6,0.28,15,3
2026-07-25,120247511278660278,[AFS] [F3] [Amarachi Nwafor] V4,120247510472480278,4,4,4,9,9,1.48,59,6
2026-07-25,120247511285940278,,,0,0,0,0,0,0,2,2
2026-07-25,120247511291500278,[AFS] [F3] [Amarachi Nwafor] V6,120247510472480278,4,4,4,3,9,0.22,25,4
2026-07-25,120247511324670278,[AFS] [F3] [Chinelo Umeh] V1,120247511324690278,4,4,4,6,9,0.51,34,8
2026-07-25,120247511421230278,[AFS] [F3] [Chinelo Umeh] V2,120247511324690278,2,2,2,0,6,0.06,14,3
2026-07-25,120247511427740278,[AFS] [F3] [Chinelo Umeh] V3,120247511324690278,2,2,2,0,6,0.07,7,2
2026-07-25,120247511436300278,[AFS] [F3] [Chinelo Umeh] V4,120247511324690278,2,2,2,0,3,0.06,7,5
2026-07-25,120247511443330278,[AFS] [F3] [Chinelo Umeh] V5,120247511324690278,3,3,3,4,9,0.31,27,8
2026-07-25,120247511457850278,[AFS] [F3] [Chinelo Umeh] V6,120247511324690278,4,4,4,1,12,0.20,12,3
2026-07-25,120247511492340278,[AFS] [F3] [OLUCHI EZEANI] V1,120247511492330278,1,1,1,0,3,0.00,13,3
2026-07-25,120247511563030278,[AFS] [F3] [OLUCHI EZEANI] V2,120247511492330278,2,2,2,0,3,0.00,15,4
2026-07-25,120247511574100278,[AFS] [F3] [OLUCHI EZEANI] V3,120247511492330278,2,2,2,0,3,0.00,2,1
2026-07-25,120247511580070278,[AFS] [F3] [OLUCHI EZEANI] V4,120247511492330278,2,2,2,0,6,0.12,13,4
2026-07-25,120247511637820278,[AFS] [F3] [OLUCHI EZEANI] V6,120247511492330278,2,2,2,0,3,0.00,5,3
2026-07-25,120247565170940278,[AFS] [F3] [Ebunoluwa Akinola] V1,120247565170970278,17,17,17,12,51,2.12,37,10
2026-07-25,120247565212910278,[AFS] [F3] [Ebunoluwa Akinola] V2,120247565170970278,6,6,6,0,18,0.13,7,4
2026-07-25,120247565218940278,[AFS] [F3] [Ebunoluwa Akinola] V3,120247565170970278,7,7,7,3,27,0.77,26,6
2026-07-25,120247565225410278,[AFS] [F3] [Ebunoluwa Akinola] V4,120247565170970278,12,12,12,3,36,0.74,20,4
2026-07-25,120247565236450278,[AFS] [F3] [Ebunoluwa Akinola] V5,120247565170970278,7,7,7,1,21,0.31,10,3
2026-07-25,120247565265520278,[AFS] [F3] [Ebunoluwa Akinola] V6,120247565170970278,13,13,13,15,36,2.22,60,11
2026-07-25,120247565319140278,[AFS] [F3] [Kelechi Onyekachi] V1,120247565319070278,8,8,8,0,18,0.63,22,5
2026-07-25,120247566326940278,[AFS] [F3] [Kelechi Onyekachi] V2,120247565319070278,8,8,8,3,24,1.62,44,8
2026-07-25,120247566362420278,[AFS] [F3] [Kelechi Onyekachi] V3,120247565319070278,19,19,19,5,60,1.34,24,10
2026-07-25,120247566388550278,[AFS] [F3] [Kelechi Onyekachi] V4,120247565319070278,14,14,14,6,42,1.76,64,7
2026-07-25,120247566417460278,[AFS] [F3] [Kelechi Onyekachi] V5,120247565319070278,15,15,15,6,51,1.97,42,8
2026-07-25,120247566440100278,[AFS] [F3] [Kelechi Onyekachi] V6,120247565319070278,9,9,9,3,21,0.46,22,8
2026-07-25,120247566460400278,[AFS] [F3] [Adaobi Okonkwo] V1,120247566460390278,25,25,25,18,72,2.54,66,19
2026-07-25,120247566488020278,[AFS] [F3] [Adaobi Okonkwo] V2,120247566460390278,12,12,12,6,36,0.88,35,10
2026-07-25,120247566493330278,[AFS] [F3] [Adaobi Okonkwo] V3,120247566460390278,13,13,13,11,36,1.41,29,9
2026-07-25,120247566496630278,[AFS] [F3] [Adaobi Okonkwo] V4,120247566460390278,13,13,13,8,39,1.33,55,14
2026-07-25,120247566505120278,[AFS] [F3] [Adaobi Okonkwo] V5,120247566460390278,13,13,13,11,36,3.01,77,7
2026-07-25,120247566509570278,[AFS] [F3] [Adaobi Okonkwo] V6,120247566460390278,25,25,25,23,84,3.33,65,14
2026-07-25,120247566544800278,[AFS] [F3] [BISOLA FASHOLA] V1,120247566544730278,7,7,7,3,21,0.36,21,5
2026-07-25,120247566558640278,[AFS] [F3] [BISOLA FASHOLA] V2,120247566544730278,28,28,28,28,81,3.92,87,20
2026-07-25,120247566563680278,[AFS] [F3] [BISOLA FASHOLA] V3,120247566544730278,1,1,1,0,3,0.04,6,3
2026-07-25,120247566567050278,[AFS] [F3] [BISOLA FASHOLA] V4,120247566544730278,25,25,25,13,63,2.49,90,18
2026-07-25,120247566568070278,[AFS] [F3] [BISOLA FASHOLA] V5,120247566544730278,8,8,8,2,21,0.37,17,8
2026-07-25,120247566569190278,[AFS] [F3] [BISOLA FASHOLA] V6,120247566544730278,8,8,8,8,27,0.96,28,5
2026-07-25,120247566626120278,[AFS] [F3] [TEMILADE OGUNBIYI] V1,120247566626060278,2,2,2,0,6,0.08,3,3
2026-07-25,120247566636330278,[AFS] [F3] [TEMILADE OGUNBIYI] V2,120247566626060278,9,9,9,10,27,1.47,50,9
2026-07-25,120247566637750278,[AFS] [F3] [TEMILADE OGUNBIYI] V3,120247566626060278,12,12,12,9,36,1.65,41,6
2026-07-25,120247566640090278,[AFS] [F3] [TEMILADE OGUNBIYI] V4,120247566626060278,8,8,8,5,21,1.62,48,7
2026-07-25,120247566642950278,[AFS] [F3] [TEMILADE OGUNBIYI] V5,120247566626060278,7,7,7,4,15,0.58,13,2
2026-07-25,120247566645210278,[AFS] [F3] [TEMILADE OGUNBIYI] V6,120247566626060278,3,3,3,1,6,0.15,8,2
2026-07-25,120247566662340278,[AFS] [F3] [BOITUMELO SEABI] V1,120247566662260278,13,13,13,5,36,0.62,13,5
2026-07-25,120247566694500278,[AFS] [F3] [BOITUMELO SEABI] V2,120247566662260278,10,10,10,9,24,0.76,39,9
2026-07-25,120247566698490278,[AFS] [F3] [BOITUMELO SEABI] V3,120247566662260278,16,16,16,25,51,2.95,82,16
2026-07-25,120247566701950278,[AFS] [F3] [BOITUMELO SEABI] V4,120247566662260278,11,11,11,6,30,1.12,51,7
2026-07-25,120247566705080278,[AFS] [F3] [BOITUMELO SEABI] V5,120247566662260278,11,11,11,4,30,0.32,14,6
2026-07-25,120247566708300278,[AFS] [F3] [BOITUMELO SEABI] V6,120247566662260278,6,6,6,13,18,0.94,25,5
2026-07-25,120253057329180281,,,0,0,0,0,0,0,1,1
2026-07-25,120253057415450281,,,0,0,0,0,0,0,3,1
2026-07-25,120253079044420281,[AFS] [F3] [ZOLA OKAFOR] V1,120253079044410281,20,20,20,20,51,2.14,92,25
2026-07-25,120253079114620281,[AFS] [F3] [ZOLA OKAFOR] V2,120253079044410281,21,21,21,5,63,0.57,22,8
2026-07-25,120253079117950281,[AFS] [F3] [ZOLA OKAFOR] V3,120253079044410281,21,21,21,4,54,0.86,47,11
2026-07-25,120253079128080281,[AFS] [F3] [ZOLA OKAFOR] V5,120253079044410281,24,24,24,12,60,1.74,58,12
2026-07-25,120253079132510281,[AFS] [F3] [ZOLA OKAFOR] V6,120253079044410281,26,26,26,6,78,2.10,57,10
2026-07-25,120253082530860281,[AFS] [F3] [NOSIZWE HLONGWANE] V1,120253082530810281,12,12,12,2,33,0.33,9,5
2026-07-25,120253082684680281,[AFS] [F3] [NOSIZWE HLONGWANE] V2,120253082530810281,12,12,12,10,33,2.07,53,14
2026-07-25,120253082723400281,[AFS] [F3] [NOSIZWE HLONGWANE] V3,120253082530810281,28,28,28,12,93,3.36,103,23
2026-07-25,120253082732550281,[AFS] [F3] [NOSIZWE HLONGWANE] V4,120253082530810281,6,6,6,11,18,0.98,29,6
2026-07-25,120253082737930281,[AFS] [F3] [NOSIZWE HLONGWANE] V5,120253082530810281,19,19,19,6,45,1.14,50,12
2026-07-25,120253082741790281,[AFS] [F3] [NOSIZWE HLONGWANE] V6,120253082530810281,6,6,6,2,18,0.33,21,9
2026-07-25,120253082817280281,[AFS] [F3] [ZANELE DUDE] V1,120253082817170281,49,49,49,28,141,4.86,141,25
2026-07-25,120253082840560281,[AFS] [F3] [ZANELE DUDE]  V2,120253082817170281,17,17,17,10,48,1.15,35,11
2026-07-25,120253082846410281,[AFS] [F3] [ZANELE DUDE]  V3,120253082817170281,13,13,13,3,30,0.61,24,6
2026-07-25,120253082849840281,[AFS] [F3] [ZANELE DUDE]  V4,120253082817170281,21,21,21,6,57,1.70,60,15
2026-07-25,120253082852390281,[AFS] [F3] [ZANELE DUDE] V5,120253082817170281,22,22,22,3,57,0.45,17,6
2026-07-25,120253082855810281,[AFS] [F3] [ZANELE DUDE] V6,120253082817170281,15,15,15,3,42,0.60,47,14
2026-07-25,120253101016690281,,,0,0,0,0,0,0,1,1
2026-07-25,120253101035060281,,,0,0,0,0,0,0,2,1
2026-07-25,120253101270940281,[AFS] [F3] [SINDISIWE XABA] V1,120253101270850281,13,13,13,2,33,0.26,59,13
2026-07-25,120253101284450281,[AFS] [F3] [SINDISIWE XABA] V2,120253101270850281,43,43,43,36,147,4.05,110,23
2026-07-25,120253101286320281,[AFS] [F3] [SINDISIWE XABA] V3,120253101270850281,10,10,10,5,27,0.62,30,7
2026-07-25,120253101288330281,[AFS] [F3] [SINDISIWE XABA] V4,120253101270850281,20,20,20,25,69,3.56,77,18
2026-07-25,120253101296180281,[AFS] [F3] [SINDISIWE XABA] V6,120253101270850281,9,9,9,6,27,0.75,22,7
2026-07-25,120253101303050281,[AFS] [F3] [AYANDA ZULU]  V1,120253101302970281,28,28,28,36,81,6.66,181,24
2026-07-25,120253101316180281,[AFS] [F3] [AYANDA ZULU] V2,120253101302970281,16,16,16,14,45,1.33,46,10
2026-07-25,120253101319060281,[AFS] [F3] [AYANDA ZULU]  V3,120253101302970281,12,12,12,0,36,0.44,17,8
2026-07-25,120253101321190281,[AFS] [F3] [AYANDA ZULU]  V4,120253101302970281,25,25,25,18,75,2.04,69,20
2026-07-25,120253101322290281,[AFS] [F3] [AYANDA ZULU]  V5,120253101302970281,18,18,18,21,60,2.49,67,14
2026-07-25,120253101330930281,[AFS] [F3] [TARIRO CHIKORE] V1,120253101330870281,15,15,15,11,39,1.27,30,9
2026-07-25,120253101343520281,[AFS] [F3] [TARIRO CHIKORE] V2,120253101330870281,11,11,11,2,33,0.49,13,6
2026-07-25,120253101346700281,[AFS] [F3] [TARIRO CHIKORE] V3,120253101330870281,25,25,25,26,78,3.79,93,22
2026-07-25,120253101348250281,[AFS] [F3] [TARIRO CHIKORE] V4,120253101330870281,11,11,11,6,33,0.65,20,10
2026-07-25,120253101349160281,[AFS] [F3] [TARIRO CHIKORE] V5,120253101330870281,11,11,11,0,33,0.51,28,10
2026-07-25,120253101349570281,[AFS] [F3] [TARIRO CHIKORE] V6,120253101330870281,2,2,2,0,6,0.00,16,5
2026-07-25,120253136735850281,[AFS] [F3] [BISOLA FASHOLA] V1,120253136735780281,6,6,6,3,18,0.56,23,7
2026-07-25,120253136853570281,[AFS] [F3] [BISOLA FASHOLA] V2,120253136735780281,21,21,21,6,57,1.16,50,13
2026-07-25,120253136864150281,[AFS] [F3] [BISOLA FASHOLA] V3,120253136735780281,7,7,7,3,18,0.66,19,3
2026-07-25,120253136874720281,[AFS] [F3] [BISOLA FASHOLA] V4,120253136735780281,20,20,20,6,60,1.36,41,14
2026-07-25,120253136880620281,[AFS] [F3] [BISOLA FASHOLA] V5,120253136735780281,12,12,12,3,33,0.39,22,6
2026-07-25,120253136890790281,[AFS] [F3] [BISOLA FASHOLA] V6,120253136735780281,18,18,18,8,54,1.73,46,9
2026-07-25,120253137096490281,[AFS] [F3] [TEMILADE OGUNBIYI] V1,120253137096420281,8,8,8,5,21,0.80,25,6
2026-07-25,120253137141160281,[AFS] [F3] [TEMILADE OGUNBIYI] V2,120253137096420281,19,19,19,6,54,1.45,60,16
2026-07-25,120253137147810281,[AFS] [F3] [TEMILADE OGUNBIYI] V3,120253137096420281,16,16,16,18,48,3.03,96,17
2026-07-25,120253137153070281,[AFS] [F3] [TEMILADE OGUNBIYI] V4,120253137096420281,7,7,7,3,21,0.47,21,6
2026-07-25,120253137159570281,[AFS] [F3] [TEMILADE OGUNBIYI] V5,120253137096420281,1,1,1,2,3,0.22,4,1
2026-07-25,120253137172840281,[AFS] [F3] [BOITUMELO SEABI] V1,120253137172780281,13,13,13,23,33,1.41,56,15
2026-07-25,120253137204850281,[AFS] [F3] [BOITUMELO SEABI] V2,120253137172780281,58,58,58,62,174,6.45,187,49
2026-07-25,120253137209500281,[AFS] [F3] [BOITUMELO SEABI] V3,120253137172780281,24,24,24,27,81,2.12,71,26
2026-07-25,120253137215430281,[AFS] [F3] [BOITUMELO SEABI] V4,120253137172780281,15,15,15,23,51,4.20,90,11
2026-07-25,120253137221200281,[AFS] [F3] [BOITUMELO SEABI] V5,120253137172780281,22,22,22,9,60,0.77,29,13
2026-07-25,120253137226520281,[AFS] [F3] [BOITUMELO SEABI] V6,120253137172780281,14,14,14,7,36,0.85,44,12
2026-07-25,120253138463570281,[AFS] [F3] [DAMILOLA ADEWALE] V1,120253138463510281,16,16,16,11,42,0.98,40,14
2026-07-25,120253138571220281,[AFS] [F3] [DAMILOLA ADEWALE] V2,120253138463510281,50,50,50,25,126,3.34,108,25
2026-07-25,120253138575670281,[AFS] [F3] [DAMILOLA ADEWALE] V3,120253138463510281,20,20,20,20,63,2.25,69,14
2026-07-25,120253138581950281,[AFS] [F3] [DAMILOLA ADEWALE] V4,120253138463510281,32,32,32,9,84,1.53,40,17
2026-07-25,120253138584190281,[AFS] [F3] [DAMILOLA ADEWALE] V5,120253138463510281,14,14,14,7,45,1.07,44,12
2026-07-25,120253138587130281,[AFS] [F3] [DAMILOLA ADEWALE] V6,120253138463510281,24,24,24,6,60,0.64,81,15
2026-07-25,120253138672320281,[AFS] [F3] [KIKELOMO BAKARE] V1,120253138672250281,21,21,21,8,57,1.08,45,12
2026-07-25,120253138733630281,[AFS] [F3] [KIKELOMO BAKARE] V2,120253138672250281,29,29,29,16,84,2.11,62,15
2026-07-25,120253138736470281,[AFS] [F3] [KIKELOMO BAKARE] V3,120253138672250281,16,16,16,0,42,0.08,7,2
2026-07-25,120253138745550281,[AFS] [F3] [KIKELOMO BAKARE] V4,120253138672250281,30,30,30,16,78,2.21,82,18
2026-07-25,120253138749420281,[AFS] [F3] [KIKELOMO BAKARE] V5,120253138672250281,13,13,13,8,36,1.08,33,6
2026-07-25,120253138753460281,[AFS] [F3] [KIKELOMO BAKARE] V6,120253138672250281,18,18,18,19,54,2.44,64,10
2026-07-25,120253138766290281,[AFS] [F3] [TOLULOPE ADEBAYO] V1,120253138766230281,16,16,16,14,45,0.75,31,10
2026-07-25,120253138878630281,[AFS] [F3] [TOLULOPE ADEBAYO] V2,120253138766230281,14,14,14,3,39,0.38,8,5
2026-07-25,120253138906100281,[AFS] [F3] [TOLULOPE ADEBAYO] V3,120253138766230281,32,32,32,28,90,3.01,115,28
2026-07-25,120253138919620281,[AFS] [F3] [TOLULOPE ADEBAYO] V4,120253138766230281,24,24,24,4,69,0.56,44,18
2026-07-25,120253138933900281,[AFS] [F3] [TOLULOPE ADEBAYO] V5,120253138766230281,56,56,56,76,174,7.64,213,52
2026-07-25,120253138944340281,[AFS] [F3] [TOLULOPE ADEBAYO] V6,120253138766230281,20,20,20,14,54,1.30,47,12
2026-07-25,120253141376140281,[AFS] [F3] [PRECIOUS NCUBE] V1,120253141376060281,5,5,5,0,15,0.00,1,1
2026-07-25,120253141499830281,[AFS] [F3] [PRECIOUS NCUBE] V2,120253141376060281,11,11,11,6,33,1.35,97,18
2026-07-25,120253141501720281,[AFS] [F3] [PRECIOUS NCUBE] V3,120253141376060281,19,19,19,9,54,1.69,71,15
2026-07-25,120253141502670281,[AFS] [F3] [PRECIOUS NCUBE] V4,120253141376060281,6,6,6,5,18,0.81,49,12
2026-07-25,120253141504530281,[AFS] [F3] [PRECIOUS NCUBE] V5,120253141376060281,9,9,9,0,21,0.29,18,4
2026-07-25,120253141509190281,[AFS] [F3] [PRECIOUS NCUBE] V6,120253141376060281,7,7,7,0,21,0.18,28,7
2026-07-25,120253141635530281,[AFS] [F3] [FAITH MSIMANG] V1,120253141635460281,12,12,12,7,36,0.78,27,11
2026-07-25,120253141724210281,[AFS] [F3] [FAITH MSIMANG] V2,120253141635460281,9,9,9,14,27,1.07,35,9
2026-07-25,120253141733960281,[AFS] [F3] [FAITH MSIMANG] V3,120253141635460281,6,6,6,2,18,0.48,20,8
2026-07-25,120253141747920281,[AFS] [F3] [FAITH MSIMANG] V4,120253141635460281,38,38,38,38,111,5.99,178,31
2026-07-25,120253141780200281,[AFS] [F3] [FAITH MSIMANG] V5,120253141635460281,27,27,27,23,87,3.21,102,24
2026-07-25,120253141807020281,[AFS] [F3] [FAITH MSIMANG] V6,120253141635460281,5,5,5,5,15,0.35,22,8
2026-07-25,120253141863660281,[AFS] [F3] [MARTHA MHLONGO] V1,120253141863550281,15,15,15,0,39,0.04,29,9
2026-07-25,120253141934410281,[AFS] [F3] [MARTHA MHLONGO] V2,120253141863550281,15,15,15,12,39,0.96,43,13
2026-07-25,120253141937270281,[AFS] [F3] [MARTHA MHLONGO] V3,120253141863550281,8,8,8,6,21,0.46,49,10
2026-07-25,120253141941400281,[AFS] [F3] [MARTHA MHLONGO] V4,120253141863550281,20,20,20,10,60,1.21,29,14
2026-07-25,120253141945370281,[AFS] [F3] [MARTHA MHLONGO] V5,120253141863550281,30,30,30,44,108,6.03,148,23
2026-07-25,120253141950760281,[AFS] [F3] [MARTHA MHLONGO] V6,120253141863550281,16,16,16,9,48,0.98,29,9
2026-07-25,120253141970000281,[AFS] [F3] [BRENDA MTHETHWA] V1,120253141969930281,14,14,14,16,39,2.43,70,15
2026-07-25,120253142005590281,[AFS] [F3] [BRENDA MTHETHWA] V2,120253141969930281,9,9,9,5,24,0.57,23,6
2026-07-25,120253142011070281,[AFS] [F3] [BRENDA MTHETHWA] V3,120253141969930281,17,17,17,15,48,1.29,39,14
2026-07-25,120253142016080281,[AFS] [F3] [BRENDA MTHETHWA] V4,120253141969930281,8,8,8,5,21,0.35,32,9
2026-07-25,120253142027880281,[AFS] [F3] [BRENDA MTHETHWA] V5,120253141969930281,15,15,15,24,39,4.51,159,21
2026-07-25,120253142036410281,[AFS] [F3] [BRENDA MTHETHWA] V6,120253141969930281,13,13,13,12,30,1.17,34,10
2026-07-25,120253142282790281,[AFS] [F3] [CHARMAINE MABUZA] V2,120253142123820281,8,8,8,0,24,0.14,10,4
2026-07-25,120253142290360281,[AFS] [F3] [CHARMAINE MABUZA] V3,120253142123820281,9,9,9,7,27,0.99,40,8
2026-07-25,120253142297110281,[AFS] [F3] [CHARMAINE MABUZA] V4,120253142123820281,12,12,12,11,33,1.91,48,13
2026-07-25,120253142301540281,[AFS] [F3] [CHARMAINE MABUZA] V5,120253142123820281,14,14,14,3,42,0.92,52,19
2026-07-25,120253142306480281,[AFS] [F3] [CHARMAINE MABUZA] V6,120253142123820281,15,15,15,15,54,2.55,86,16
2026-07-25,120253167383880281,[AFS] [F3] [AMANDA MHLONGO] V1,120253167383820281,70,70,70,110,216,9.39,288,62
2026-07-25,120253167420410281,[AFS] [F3] [AMANDA MHLONGO] V2,120253167383820281,15,15,15,15,45,1.61,46,11
2026-07-25,120253167424590281,[AFS] [F3] [AMANDA MHLONGO] V3,120253167383820281,18,18,18,9,48,0.72,30,12
2026-07-25,120253167426990281,[AFS] [F3] [AMANDA MHLONGO] V4,120253167383820281,23,23,23,20,54,2.39,91,25
2026-07-25,120253167433710281,[AFS] [F3] [AMANDA MHLONGO] V5,120253167383820281,13,13,13,6,42,0.81,8,5
2026-07-25,120253167436950281,[AFS] [F3] [AMANDA MHLONGO] V6,120253167383820281,11,11,11,11,27,1.22,61,12
2026-07-25,120253167453190281,[AFS] [F3] [THULISILE MDLULI] V1,120253167453110281,13,13,13,9,39,1.05,41,6
2026-07-25,120253167657030281,[AFS] [F3] [THULISILE MDLULI] V2,120253167453110281,35,35,35,37,96,4.27,138,31
2026-07-25,120253167666800281,[AFS] [F3] [THULISILE MDLULI] V3,120253167453110281,24,24,24,15,66,1.56,63,15
2026-07-25,120253167671240281,[AFS] [F3] [THULISILE MDLULI] V4,120253167453110281,20,20,20,18,51,2.12,83,14
2026-07-25,120253167676340281,[AFS] [F3] [THULISILE MDLULI] V5,120253167453110281,15,15,15,7,42,1.32,39,11
2026-07-25,120253167681590281,[AFS] [F3] [THULISILE MDLULI] V6,120253167453110281,22,22,22,20,66,2.46,72,15
2026-07-25,120253167944440281,[AFS] [F3] [SAMANTHA MAKHANYA] V2,120253167773160281,19,19,19,9,45,0.68,57,16
2026-07-25,120253167947120281,[AFS] [F3] [SAMANTHA MAKHANYA] V3,120253167773160281,22,22,22,35,63,4.03,117,17
2026-07-25,120253167949790281,[AFS] [F3] [SAMANTHA MAKHANYA] V4,120253167773160281,15,15,15,23,42,1.86,60,12
2026-07-25,120253167954350281,[AFS] [F3] [SAMANTHA MAKHANYA] V5,120253167773160281,33,33,33,30,105,4.39,138,28
2026-07-25,120253167956510281,[AFS] [F3] [SAMANTHA MAKHANYA] V6,120253167773160281,33,33,33,39,99,2.95,97,24
2026-07-25,120253168223720281,[AFS] [F3] [RONKE LAWAL] V1,120253168223660281,11,11,11,9,33,0.96,33,8
2026-07-25,120253168272260281,[AFS] [F3] [RONKE LAWAL] V2,120253168223660281,7,7,7,11,18,1.54,62,12
2026-07-25,120253168276010281,[AFS] [F3] [RONKE LAWAL] V3,120253168223660281,9,9,9,5,30,1.11,50,10
2026-07-25,120253168279700281,[AFS] [F3] [RONKE LAWAL] V4,120253168223660281,27,27,27,14,84,2.55,83,17
2026-07-25,120253168282030281,[AFS] [F3] [RONKE LAWAL] V5,120253168223660281,11,11,11,3,24,0.43,34,11
2026-07-25,120253168285770281,[AFS] [F3] [RONKE LAWAL] V6,120253168223660281,6,6,6,3,15,0.37,39,8
2026-07-25,120253168354310281,[AFS] [F3] [SIMI AFOLAYAN] V1,120253168354220281,8,8,8,3,21,0.63,68,10
2026-07-25,120253168393840281,[AFS] [F3] [SIMI AFOLAYAN] V2,120253168354220281,13,13,13,8,39,1.14,31,10
2026-07-25,120253168397070281,[AFS] [F3] [SIMI AFOLAYAN] V3,120253168354220281,14,14,14,1,36,0.70,27,10
2026-07-25,120253168399990281,[AFS] [F3] [SIMI AFOLAYAN] V4,120253168354220281,21,21,21,16,66,3.16,73,17
2026-07-25,120253168402020281,[AFS] [F3] [SIMI AFOLAYAN] V5,120253168354220281,15,15,15,6,45,0.96,24,6
2026-07-25,120253168407870281,[AFS] [F3] [SIMI AFOLAYAN] V6,120253168354220281,21,21,21,0,60,0.88,28,14
2026-07-25,120253168447900281,[AFS] [F3] [OMOTOLA OJO] V1,120253168447820281,12,12,12,6,33,1.12,46,12
2026-07-25,120253168472750281,[AFS] [F3] [OMOTOLA OJO] V2,120253168447820281,16,16,16,1,45,0.55,24,11
2026-07-25,120253168474870281,[AFS] [F3] [OMOTOLA OJO] V3,120253168447820281,11,11,11,0,30,0.44,22,9
2026-07-25,120253168478000281,[AFS] [F3] [OMOTOLA OJO] V4,120253168447820281,18,18,18,3,57,1.46,58,12
2026-07-25,120253168484450281,[AFS] [F3] [OMOTOLA OJO] V5,120253168447820281,11,11,11,5,33,1.04,36,8
2026-07-25,120253168488310281,[AFS] [F3] [OMOTOLA OJO] V6,120253168447820281,10,10,10,9,24,1.36,53,7
2026-07-25,120253224542190281,[AFS] [F3] [FERNANDA RIOS] V1,120253224542110281,19,19,19,7,54,1.36,45,13
2026-07-25,120253224671810281,[AFS] [F3] [FERNANDA RIOS] V2,120253224542110281,9,9,9,0,27,0.25,7,3
2026-07-25,120253224676330281,[AFS] [F3] [FERNANDA RIOS] V3,120253224542110281,9,9,9,0,24,0.14,10,4
2026-07-25,120253224685120281,[AFS] [F3] [FERNANDA RIOS] V4,120253224542110281,13,13,13,5,36,1.44,43,9
2026-07-25,120253224700400281,[AFS] [F3] [FERNANDA RIOS] V5,120253224542110281,5,5,5,0,15,0.08,7,2
2026-07-25,120253224723160281,[AFS] [F3] [FERNANDA RIOS] V6,120253224542110281,7,7,7,3,21,0.63,18,3
2026-07-25,120253224769150281,[AFS] [F3] [Ngozi Anozie] V1,120253224769080281,17,17,17,17,45,1.75,55,10
2026-07-25,120253224960730281,[AFS] [F3] [Ngozi Anozie] V2,120253224769080281,66,66,66,107,204,10.90,289,63
2026-07-25,120253224978560281,[AFS] [F3] [Ngozi Anozie] V3,120253224769080281,8,8,8,8,24,0.50,23,9
2026-07-25,120253224985020281,[AFS] [F3] [Ngozi Anozie] V4,120253224769080281,10,10,10,14,30,1.75,36,7
2026-07-25,120253224989840281,[AFS] [F3] [Ngozi Anozie] V5,120253224769080281,13,13,13,8,39,0.45,22,8
2026-07-25,120253224997610281,[AFS] [F3] [Ngozi Anozie] V6,120253224769080281,10,10,10,19,30,2.08,60,9
2026-07-25,120253225009820281,[AFS] [F3] [Michelle Ndlovu] V1,120253225009810281,17,17,17,13,51,1.55,50,14
2026-07-25,120253225026480281,[AFS] [F3] [Michelle Ndlovu] V2,120253225009810281,26,26,26,22,84,3.98,125,24
2026-07-25,120253225029450281,[AFS] [F3] [Michelle Ndlovu] V3,120253225009810281,11,11,11,7,39,3.10,123,12
2026-07-25,120253225032160281,[AFS] [F3] [Michelle Ndlovu] V4,120253225009810281,14,14,14,12,45,1.86,54,10
2026-07-25,120253225035240281,[AFS] [F3] [Michelle Ndlovu] V5,120253225009810281,8,8,8,8,24,1.04,28,10
2026-07-25,120253225038370281,[AFS] [F3] [Michelle Ndlovu] V6,120253225009810281,16,16,16,11,54,1.62,53,12
2026-07-25,120253225073690281,[AFS] [F3] [Candice Mhlongo] V1,120253225073650281,22,22,22,9,69,1.99,59,10
2026-07-25,120253225087760281,[AFS] [F3] [Candice Mhlongo] V2,120253225073650281,18,18,18,17,60,2.16,65,14
2026-07-25,120253225101570281,[AFS] [F3] [Candice Mhlongo] V3,120253225073650281,14,14,14,4,36,0.46,16,6
2026-07-25,120253225111400281,[AFS] [F3] [Candice Mhlongo] V4,120253225073650281,31,31,31,31,96,4.75,153,24
2026-07-25,120253225135180281,[AFS] [F3] [Candice Mhlongo] V5,120253225073650281,35,35,35,21,108,2.75,65,17
2026-07-25,120253225169560281,[AFS] [F3] [Candice Mhlongo] V6,120253225073650281,11,11,11,6,30,1.13,37,6
2026-07-25,120253225329900281,[AFS] [F3] [Nokuthula Hadebe] V1,120253225329830281,17,17,17,21,54,1.71,57,8
2026-07-25,120253225450210281,[AFS] [F3] [Nokuthula Hadebe] V2,120253225329830281,23,23,23,25,69,1.83,71,23
2026-07-25,120253225501180281,[AFS] [F3] [Nokuthula Hadebe] V3,120253225329830281,52,52,52,72,153,5.36,171,34
2026-07-25,120253225541760281,[AFS] [F3] [Nokuthula Hadebe] V4,120253225329830281,25,25,25,31,75,3.41,115,18
2026-07-25,120253225586410281,[AFS] [F3] [Nokuthula Hadebe] V5,120253225329830281,31,31,31,39,90,3.51,94,19
2026-07-25,120253225638960281,[AFS] [F3] [Nokuthula Hadebe] V6,120253225329830281,35,35,35,33,105,3.87,126,26
2026-07-25,120253225795580281,[AFS] [F3] [Tebogo Mokoena] V1,120253225795550281,86,86,86,125,243,8.59,329,72
2026-07-25,120253225872080281,[AFS] [F3] [Tebogo Mokoena] V2,120253225795550281,50,50,50,81,153,5.92,171,34
2026-07-25,120253225880820281,[AFS] [F3] [Tebogo Mokoena] V3,120253225795550281,40,40,40,67,126,6.66,173,34
2026-07-25,120253225889030281,[AFS] [F3] [Tebogo Mokoena] V4,120253225795550281,27,27,27,30,78,2.59,60,11
2026-07-25,120253225931950281,[AFS] [F3] [Tebogo Mokoena] V5,120253225795550281,48,48,48,66,144,4.24,168,38
2026-07-25,120253226001460281,[AFS] [F3] [Tebogo Mokoena] V6,120253225795550281,43,43,43,62,126,4.54,118,24
2026-07-26,120247357080930278,[AFS] [F3] [AMARA OKAFOR] V1,120247357080990278,1,1,1,0,0,0,18,4
2026-07-26,120247357080980278,[AFS] [F3] [AMARA OKAFOR] V5,120247357080990278,26,26,22,25,84,2.26,85,19
2026-07-26,120247357081010278,[AFS] [F3] [AMARA OKAFOR] V6,120247357080990278,40,40,38,40,102,4.55,154,36
2026-07-26,120247357081030278,[AFS] [F3] [AMARA OKAFOR] V3,120247357080990278,43,43,41,51,123,6.97,181,31
2026-07-26,120247357081040278,[AFS] [F3] [AMARA OKAFOR] V2,120247357080990278,23,23,22,22,69,1.75,65,17
2026-07-26,120247357081050278,[AFS] [F3] [AMARA OKAFOR] V4,120247357080990278,16,16,16,20,45,2.47,69,14
2026-07-26,120247357457050278,[AFS] [F3] [ZOLA DLAMINI] V4,120247357456980278,31,31,28,55,87,7.25,201,31
2026-07-26,120247357457060278,[AFS] [F3] [ZOLA DLAMINI] V2,120247357456980278,7,7,6,9,18,1.16,60,16
2026-07-26,120247357457070278,[AFS] [F3] [ZOLA DLAMINI] V3,120247357456980278,41,41,38,58,111,4.16,171,43
2026-07-26,120247357457080278,[AFS] [F3] [ZOLA DLAMINI] V5,120247357456980278,28,28,27,46,84,3.79,102,28
2026-07-26,120247357457090278,[AFS] [F3] [ZOLA DLAMINI]V6,120247357456980278,60,60,59,87,174,7.31,254,53
2026-07-26,120247357457100278,[AFS] [F3] [ZOLA DLAMINI] V1,120247357456980278,35,35,32,54,102,6.07,196,31
2026-07-26,120247358420040278,[AFS] [F3] [AMINATA DIALLO] V6,120247358419970278,42,42,40,56,120,7.88,193,36
2026-07-26,120247358420050278,[AFS] [F3] [AMINATA DIALLO] V4,120247358419970278,7,7,6,1,18,0.09,9,5
2026-07-26,120247358420060278,[AFS] [F3] [AMINATA DIALLO] V5,120247358419970278,28,28,25,27,72,3.56,107,28
2026-07-26,120247358420070278,[AFS] [F3] [AMINATA DIALLO] V3,120247358419970278,43,43,40,52,117,5.69,183,35
2026-07-26,120247358420080278,[AFS] [F3] [AMINATA DIALLO] V2,120247358419970278,21,21,20,16,63,1.35,76,17
2026-07-26,120247358420090278,[AFS] [F3] [AMINATA DIALLO] V1,120247358419970278,41,41,37,43,111,3.53,140,37
2026-07-26,120247358791290278,[AFS] [F3] [FOLASADE ADEYEMI] V5,120247358791270278,2,2,2,3,6,0.79,30,8
2026-07-26,120247358791350278,[AFS] [F3] [FOLASADE ADEYEMI] V6,120247358791270278,26,26,23,20,81,2.08,58,19
2026-07-26,120247358791360278,[AFS] [F3] [FOLASADE ADEYEMI] V4,120247358791270278,26,26,22,13,78,1.76,62,11
2026-07-26,120247358791370278,[AFS] [F3] [FOLASADE ADEYEMI] V3,120247358791270278,3,3,3,0,9,0.03,19,5
2026-07-26,120247358791380278,[AFS] [F3] [FOLASADE ADEYEMI] V2,120247358791270278,2,2,2,1,6,0.15,10,5
2026-07-26,120247358791390278,[AFS] [F3] [FOLASADE ADEYEMI] V1,120247358791270278,4,4,4,0,9,0.00,15,4
2026-07-26,120247359464720278,[AFS] [F3] [NOMVULA MOKOENA] V6,120247359464690278,43,43,40,26,123,4.69,138,27
2026-07-26,120247359464770278,[AFS] [F3] [NOMVULA MOKOENA] V4,120247359464690278,1,1,1,0,3,0.00,6,5
2026-07-26,120247359464780278,,,0,0,0,0,0,0,5,3
2026-07-26,120247359464790278,[AFS] [F3] [NOMVULA MOKOENA] V2,120247359464690278,1,1,1,3,3,0.51,26,7
2026-07-26,120247359464800278,[AFS] [F3] [NOMVULA MOKOENA] V1,120247359464690278,2,2,2,4,6,0.49,24,7
2026-07-26,120247359464810278,[AFS] [F3] [NOMVULA MOKOENA] V3,120247359464690278,3,3,2,0,9,0.08,8,4
2026-07-26,120247360141400278,[AFS] [F3] [CHIPO MOYO]  V1,120247360141370278,5,5,5,6,15,0.32,7,3
2026-07-26,120247360141410278,[AFS] [F3] [CHIPO MOYO]  V6,120247360141370278,29,29,27,39,81,3.47,129,36
2026-07-26,120247360141440278,[AFS] [F3] [CHIPO MOYO]  V3,120247360141370278,2,2,2,0,3,0.00,23,6
2026-07-26,120247360141470278,[AFS] [F3] [CHIPO MOYO]  V5,120247360141370278,33,33,33,46,102,3.87,143,31
2026-07-26,120247360141480278,[AFS] [F3] [CHIPO MOYO]  V4,120247360141370278,26,26,23,49,87,4.35,77,18
2026-07-26,120247360141490278,[AFS] [F3] [CHIPO MOYO]  V2,120247360141370278,42,42,35,52,126,6.30,189,29
2026-07-26,120247360356770278,[AFS] [F3] [FATOUMATA TRAORE] V4,120247360356710278,39,39,35,54,99,5.10,177,37
2026-07-26,120247360356790278,[AFS] [F3] [FATOUMATA TRAORE] V6,120247360356710278,24,24,23,37,78,3.68,84,16
2026-07-26,120247360356800278,[AFS] [F3] [FATOUMATA TRAORE] V5,120247360356710278,2,2,1,2,6,0.06,0,0
2026-07-26,120247360356810278,[AFS] [F3] [FATOUMATA TRAORE] V3,120247360356710278,2,2,2,3,6,0.59,17,3
2026-07-26,120247360356820278,[AFS] [F3] [FATOUMATA TRAORE] V2,120247360356710278,20,20,19,21,63,1.74,56,15
2026-07-26,120247360356830278,[AFS] [F3] [FATOUMATA TRAORE] V1,120247360356710278,37,37,36,54,114,6.17,150,38
2026-07-26,120247360531040278,[AFS] [F3] [AMINATA DIALLO] V1,120247360531070278,27,27,24,36,87,2.20,64,22
2026-07-26,120247360531120278,[AFS] [F3] [AMINATA DIALLO] V3,120247360531070278,29,29,28,50,93,5.36,169,28
2026-07-26,120247360531130278,[AFS] [F3] [AMINATA DIALLO] V5,120247360531070278,35,35,34,39,114,3.34,119,27
2026-07-26,120247360531140278,[AFS] [F3] [AMINATA DIALLO] V6,120247360531070278,40,40,36,54,111,6.13,162,33
2026-07-26,120247360531150278,[AFS] [F3] [AMINATA DIALLO]V4,120247360531070278,1,1,1,3,3,0.32,34,7
2026-07-26,120247360531160278,[AFS] [F3] [AMINATA DIALLO] V2,120247360531070278,2,2,2,6,9,0.40,35,7
2026-07-26,120247382249470278,[AFS_RELA_EN_BOT_0001] [NOURBESE] V3,120247382249440278,1,1,1,3,3,0.20,5,2
2026-07-26,120247382249520278,,,0,0,0,0,0,0,2,2
2026-07-26,120247382249530278,[AFS_RELA_EN_BOT_0001] [NOURBESE] V2,120247382249440278,1,1,1,0,3,0.00,2,2
2026-07-26,120247382249540278,[AFS_RELA_EN_BOT_0001] [NOURBESE] V5,120247382249440278,2,2,2,3,6,0.23,11,3
2026-07-26,120247382249550278,,,0,0,0,0,0,0,2,1
2026-07-26,120247382249560278,,,0,0,0,0,0,0,2,2
2026-07-26,120247382323040278,[AFS] [F3] [WANGARI KAMAU] V4,120247382322970278,46,46,40,49,126,3.85,150,34
2026-07-26,120247382323050278,[AFS] [F3] [WANGARI KAMAU] V6,120247382322970278,30,30,27,53,99,5.83,146,32
2026-07-26,120247382323060278,[AFS] [F3] [WANGARI KAMAU] V5,120247382322970278,27,27,25,43,99,4.93,91,17
2026-07-26,120247382323070278,[AFS] [F3] [WANGARI KAMAU] V2,120247382322970278,38,38,37,62,135,7.20,190,35
2026-07-26,120247382323080278,[AFS] [F3] [WANGARI KAMAU] V3,120247382322970278,39,39,39,47,123,6.56,162,28
2026-07-26,120247382323090278,[AFS] [F3] [WANGARI KAMAU] V1,120247382322970278,35,35,33,59,120,4.65,127,29
2026-07-26,120247462052200278,,,0,0,0,0,0,0,1,1
2026-07-26,120247488168300278,[AFS] [F3] [BONTLE MODISE] V1,120247488168210278,44,44,43,38,126,3.26,114,36
2026-07-26,120247488215910278,[AFS] [F3] [BONTLE MODISE] V2,120247488168210278,47,47,45,67,132,5.00,159,42
2026-07-26,120247488220950278,[AFS] [F3] [BONTLE MODISE] V3,120247488168210278,29,29,26,40,78,3.83,131,22
2026-07-26,120247488225850278,[AFS] [F3] [BONTLE MODISE] V4,120247488168210278,20,20,20,33,60,3.85,123,22
2026-07-26,120247488230320278,[AFS] [F3] [BONTLE MODISE] V5,120247488168210278,42,42,39,58,132,5.29,147,31
2026-07-26,120247488234950278,[AFS] [F3] [BONTLE MODISE] V6,120247488168210278,1,1,1,2,3,0.09,9,4
2026-07-26,120247488259350278,[AFS] [F3] [LUNGILE HADEBE] V1,120247488259330278,60,60,54,89,168,6.35,248,52
2026-07-26,120247488354910278,[AFS] [F3] [LUNGILE HADEBE] V2,120247488259330278,1,1,1,3,6,0.23,34,7
2026-07-26,120247488362150278,[AFS] [F3] [LUNGILE HADEBE] V3,120247488259330278,3,3,3,8,9,0.34,35,8
2026-07-26,120247488368490278,[AFS] [F3] [LUNGILE HADEBE] V4,120247488259330278,1,1,1,3,3,0.18,4,2
2026-07-26,120247488373900278,[AFS] [F3] [LUNGILE HADEBE] V5,120247488259330278,2,2,2,3,6,0.52,28,7
2026-07-26,120247488419540278,[AFS] [F3] [LUNGILE HADEBE] V6,120247488259330278,24,24,24,39,69,2.66,69,21
2026-07-26,120247488474100278,[AFS] [F3] [LERATO MAHLANGU] V1,120247488474000278,36,36,31,55,105,4.15,131,29
2026-07-26,120247488538970278,[AFS] [F3] [LERATO MAHLANGU] V2,120247488474000278,1,1,1,0,0,0,10,3
2026-07-26,120247488660110278,[AFS] [F3] [LERATO MAHLANGU] V3,120247488474000278,32,32,28,60,96,4.77,139,32
2026-07-26,120247488793560278,[AFS] [F3] [LERATO MAHLANGU] V4,120247488474000278,26,26,24,40,78,4.12,88,21
2026-07-26,120247488827940278,[AFS] [F3] [LERATO MAHLANGU] V5,120247488474000278,64,64,63,83,183,5.32,302,63
2026-07-26,120247488854820278,[AFS] [F3] [LERATO MAHLANGU] V6,120247488474000278,16,16,16,40,60,5.01,170,17
2026-07-26,120247488930200278,[AFS] [F3] [NOURBESE ACHEBE] V1,120247488930090278,1,1,1,0,3,0.04,3,3
2026-07-26,120247488968980278,[AFS] [F3] [NOURBESE ACHEBE] V2,120247488930090278,45,45,39,59,129,7.23,235,43
2026-07-26,120247488989090278,[AFS] [F3] [NOURBESE ACHEBE] V3,120247488930090278,15,15,14,18,48,1.47,46,10
2026-07-26,120247489010590278,[AFS] [F3] [NOURBESE ACHEBE] V4,120247488930090278,3,3,3,3,9,0.37,19,6
2026-07-26,120247489016960278,[AFS] [F3] [NOURBESE ACHEBE] V5,120247488930090278,50,50,47,77,138,6.33,192,47
2026-07-26,120247489048840278,[AFS] [F3] [MORENIKE AJAYI] V1,120247489048850278,1,1,1,0,0,0,18,7
2026-07-26,120247489055990278,[AFS] [F3] [NONHLANHLA CELE] V1,120247489056040278,1,1,1,0,3,0.00,17,2
2026-07-26,120247489113490278,[AFS] [F3] [NONHLANHLA CELE] V2,120247489056040278,25,25,25,40,78,3.65,107,24
2026-07-26,120247489137090278,[AFS] [F3] [NONHLANHLA CELE] V3,120247489056040278,12,12,12,20,48,1.70,30,11
2026-07-26,120247489142030278,,,0,0,0,0,0,0,3,2
2026-07-26,120247489148840278,[AFS] [F3] [MORENIKE AJAYI] V3,120247489048850278,2,2,2,6,6,0.71,47,7
2026-07-26,120247489149860278,[AFS] [F3] [NONHLANHLA CELE] V4,120247489056040278,25,25,23,18,63,1.40,60,15
2026-07-26,120247489152530278,[AFS] [F3] [MORENIKE AJAYI] V4,120247489048850278,2,2,2,0,3,0.00,4,1
2026-07-26,120247489155770278,[AFS] [F3] [MORENIKE AJAYI] V5,120247489048850278,19,19,19,29,54,2.79,91,18
2026-07-26,120247489155880278,,,0,0,0,0,0,0,1,1
2026-07-26,120247489160390278,[AFS] [F3] [MORENIKE AJAYI] V6,120247489048850278,2,2,2,3,3,0.73,36,5
2026-07-26,120247489160520278,[AFS] [F3] [NONHLANHLA CELE] V6,120247489056040278,62,62,57,100,183,11.39,337,65
2026-07-26,120247490620890278,,,0,0,0,0,0,0,1,1
2026-07-26,120247490623620278,,,0,0,0,0,0,0,4,3
2026-07-26,120247490626940278,,,0,0,0,0,0,0,2,1
2026-07-26,120247490631910278,,,0,0,0,0,0,0,3,1
2026-07-26,120247490644830278,,,0,0,0,0,0,0,2,1
2026-07-26,120247490688600278,,,0,0,0,0,0,0,3,1
2026-07-26,120247490699100278,,,0,0,0,0,0,0,5,2
2026-07-26,120247506168140278,[AFS] [F3] [BONGEKILE ZUNGU] V1,120247506168050278,20,20,18,15,60,3.05,71,15
2026-07-26,120247506197150278,,,0,0,0,0,0,0,13,2
2026-07-26,120247506203840278,[AFS] [F3] [BONGEKILE ZUNGU] V3,120247506168050278,1,1,1,0,3,0.03,5,3
2026-07-26,120247506216350278,[AFS] [F3] [BONGEKILE ZUNGU] V4,120247506168050278,20,20,19,26,63,2.50,55,13
2026-07-26,120247506238310278,,,0,0,0,0,0,0,1,1
2026-07-26,120247506249690278,[AFS] [F3] [BONGEKILE ZUNGU] V6,120247506168050278,32,32,30,32,90,2.63,81,24
2026-07-26,120247506424250278,[AFS] [F3] [MBALI BUTHELEZI] V1,120247506424170278,22,22,21,24,66,2.22,82,19
2026-07-26,120247506530130278,[AFS] [F3] [MBALI BUTHELEZI] V2,120247506424170278,24,24,21,28,84,2.43,48,15
2026-07-26,120247506542160278,[AFS] [F3] [MBALI BUTHELEZI] V3,120247506424170278,16,16,15,30,54,4.39,86,13
2026-07-26,120247506551600278,[AFS] [F3] [MBALI BUTHELEZI] V4,120247506424170278,1,1,1,0,3,0.00,1,1
2026-07-26,120247506560570278,[AFS] [F3] [MBALI BUTHELEZI] V5,120247506424170278,20,20,18,21,63,2.75,105,15
2026-07-26,120247506567820278,[AFS] [F3] [MBALI BUTHELEZI] V6,120247506424170278,1,1,1,0,3,0.06,7,4
2026-07-26,120247510472600278,,,0,0,0,0,0,0,1,1
2026-07-26,120247511268740278,,,0,0,0,0,0,0,6,1
2026-07-26,120247511278660278,,,0,0,0,0,0,0,8,1
2026-07-26,120247511324670278,,,0,0,0,0,0,0,1,1
2026-07-26,120247511421230278,,,0,0,0,0,0,0,1,1
2026-07-26,120247511443330278,,,0,0,0,0,0,0,5,2
2026-07-26,120247511457850278,,,0,0,0,0,0,0,10,1
2026-07-26,120247511492340278,,,0,0,0,0,0,0,1,1
2026-07-26,120247565170940278,[AFS] [F3] [Ebunoluwa Akinola] V1,120247565170970278,2,2,2,0,6,0.00,24,6
2026-07-26,120247565212910278,[AFS] [F3] [Ebunoluwa Akinola] V2,120247565170970278,1,1,1,3,3,0.25,6,1
2026-07-26,120247565218940278,[AFS] [F3] [Ebunoluwa Akinola] V3,120247565170970278,2,2,2,0,0,0,7,3
2026-07-26,120247565225410278,[AFS] [F3] [Ebunoluwa Akinola] V4,120247565170970278,2,2,2,0,6,0.00,3,2
2026-07-26,120247565265520278,[AFS] [F3] [Ebunoluwa Akinola] V6,120247565170970278,1,1,1,2,3,0.11,17,4
2026-07-26,120247565319140278,[AFS] [F3] [Kelechi Onyekachi] V1,120247565319070278,6,6,6,8,18,1.61,41,6
2026-07-26,120247566326940278,[AFS] [F3] [Kelechi Onyekachi] V2,120247565319070278,10,10,10,2,33,0.59,23,9
2026-07-26,120247566362420278,[AFS] [F3] [Kelechi Onyekachi] V3,120247565319070278,12,12,12,4,33,0.74,37,11
2026-07-26,120247566388550278,[AFS] [F3] [Kelechi Onyekachi] V4,120247565319070278,11,11,11,15,36,2.05,55,10
2026-07-26,120247566417460278,[AFS] [F3] [Kelechi Onyekachi] V5,120247565319070278,12,12,12,2,30,0.35,24,10
2026-07-26,120247566440100278,[AFS] [F3] [Kelechi Onyekachi] V6,120247565319070278,11,11,11,6,36,1.10,24,4
2026-07-26,120247566460400278,[AFS] [F3] [Adaobi Okonkwo] V1,120247566460390278,31,31,31,24,108,3.45,109,23
2026-07-26,120247566488020278,[AFS] [F3] [Adaobi Okonkwo] V2,120247566460390278,20,20,20,11,66,2.25,58,13
2026-07-26,120247566493330278,[AFS] [F3] [Adaobi Okonkwo] V3,120247566460390278,8,8,8,20,33,2.92,76,11
2026-07-26,120247566496630278,[AFS] [F3] [Adaobi Okonkwo] V4,120247566460390278,15,15,15,8,42,1.04,36,9
2026-07-26,120247566505120278,[AFS] [F3] [Adaobi Okonkwo] V5,120247566460390278,20,20,20,18,63,2.00,63,16
2026-07-26,120247566509570278,[AFS] [F3] [Adaobi Okonkwo] V6,120247566460390278,26,26,26,30,72,3.22,102,22
2026-07-26,120247566558640278,[AFS] [F3] [BISOLA FASHOLA] V2,120247566544730278,17,17,17,25,57,3.27,118,21
2026-07-26,120247566567050278,[AFS] [F3] [BISOLA FASHOLA] V4,120247566544730278,13,13,13,12,54,1.22,26,9
2026-07-26,120247566569190278,[AFS] [F3] [BISOLA FASHOLA] V6,120247566544730278,11,11,11,12,33,1.54,35,8
2026-07-26,120247566626120278,,,0,0,0,0,0,0,2,1
2026-07-26,120247566636330278,,,0,0,0,0,0,0,11,4
2026-07-26,120247566637750278,[AFS] [F3] [TEMILADE OGUNBIYI] V3,120247566626060278,2,2,2,3,6,0.34,18,5
2026-07-26,120247566640090278,[AFS] [F3] [TEMILADE OGUNBIYI] V4,120247566626060278,14,14,14,15,45,2.03,59,10
2026-07-26,120247566642950278,[AFS] [F3] [TEMILADE OGUNBIYI] V5,120247566626060278,2,2,2,0,6,0.00,4,2
2026-07-26,120247566645210278,[AFS] [F3] [TEMILADE OGUNBIYI] V6,120247566626060278,1,1,1,0,3,0.00,0,0
2026-07-26,120247566662340278,,,0,0,0,0,0,0,9,4
2026-07-26,120247566698490278,[AFS] [F3] [BOITUMELO SEABI] V3,120247566662260278,13,13,13,16,39,1.45,50,9
2026-07-26,120247566701950278,[AFS] [F3] [BOITUMELO SEABI] V4,120247566662260278,2,2,2,3,6,0.16,8,6
2026-07-26,120247566705080278,[AFS] [F3] [BOITUMELO SEABI] V5,120247566662260278,1,1,1,0,3,0.00,12,4
2026-07-26,120247566708300278,,,0,0,0,0,0,0,2,2
2026-07-26,120253057415450281,,,0,0,0,0,0,0,2,1
2026-07-26,120253079044420281,[AFS] [F3] [ZOLA OKAFOR] V1,120253079044410281,4,4,4,2,12,0.34,19,7
2026-07-26,120253079114620281,[AFS] [F3] [ZOLA OKAFOR] V2,120253079044410281,3,3,3,0,9,0.00,1,1
2026-07-26,120253079117950281,[AFS] [F3] [ZOLA OKAFOR] V3,120253079044410281,3,3,3,3,9,0.63,20,3
2026-07-26,120253079128080281,[AFS] [F3] [ZOLA OKAFOR] V5,120253079044410281,2,2,2,0,6,0.04,9,4
2026-07-26,120253079132510281,[AFS] [F3] [ZOLA OKAFOR] V6,120253079044410281,30,30,30,16,93,2.38,66,12
2026-07-26,120253082530860281,[AFS] [F3] [NOSIZWE HLONGWANE] V1,120253082530810281,1,1,1,1,3,0.07,14,5
2026-07-26,120253082684680281,[AFS] [F3] [NOSIZWE HLONGWANE] V2,120253082530810281,2,2,2,0,3,0.00,54,8
2026-07-26,120253082723400281,[AFS] [F3] [NOSIZWE HLONGWANE] V3,120253082530810281,35,35,35,50,108,6.36,153,22
2026-07-26,120253082732550281,[AFS] [F3] [NOSIZWE HLONGWANE] V4,120253082530810281,3,3,3,0,9,0.00,4,1
2026-07-26,120253082737930281,[AFS] [F3] [NOSIZWE HLONGWANE] V5,120253082530810281,23,23,23,30,75,2.78,75,17
2026-07-26,120253082741790281,[AFS] [F3] [NOSIZWE HLONGWANE] V6,120253082530810281,4,4,4,5,12,0.57,23,6
2026-07-26,120253082817280281,[AFS] [F3] [ZANELE DUDE] V1,120253082817170281,48,48,48,56,150,5.31,160,37
2026-07-26,120253082840560281,[AFS] [F3] [ZANELE DUDE]  V2,120253082817170281,1,1,1,3,3,0.73,22,4
2026-07-26,120253082846410281,[AFS] [F3] [ZANELE DUDE]  V3,120253082817170281,2,2,2,3,6,0.20,9,3
2026-07-26,120253082849840281,[AFS] [F3] [ZANELE DUDE]  V4,120253082817170281,2,2,2,1,6,0.07,6,3
2026-07-26,120253082852390281,[AFS] [F3] [ZANELE DUDE] V5,120253082817170281,3,3,3,0,12,0.04,5,4
2026-07-26,120253082855810281,[AFS] [F3] [ZANELE DUDE] V6,120253082817170281,3,3,3,0,9,0.00,7,5
2026-07-26,120253101035060281,,,0,0,0,0,0,0,1,1
2026-07-26,120253101270940281,[AFS] [F3] [SINDISIWE XABA] V1,120253101270850281,1,1,1,0,3,0.00,6,2
2026-07-26,120253101284450281,[AFS] [F3] [SINDISIWE XABA] V2,120253101270850281,80,80,80,76,225,5.69,183,50
2026-07-26,120253101286320281,[AFS] [F3] [SINDISIWE XABA] V3,120253101270850281,3,3,3,6,9,0.94,30,5
2026-07-26,120253101288330281,[AFS] [F3] [SINDISIWE XABA] V4,120253101270850281,34,34,34,41,90,2.35,97,29
2026-07-26,120253101303050281,[AFS] [F3] [AYANDA ZULU]  V1,120253101302970281,38,38,38,47,120,4.59,154,28
2026-07-26,120253101316180281,[AFS] [F3] [AYANDA ZULU] V2,120253101302970281,3,3,3,6,9,1.05,35,6
2026-07-26,120253101319060281,,,0,0,0,0,0,0,2,2
2026-07-26,120253101321190281,[AFS] [F3] [AYANDA ZULU]  V4,120253101302970281,50,50,50,74,156,6.78,185,37
2026-07-26,120253101322290281,[AFS] [F3] [AYANDA ZULU]  V5,120253101302970281,35,35,35,51,102,4.30,120,30
2026-07-26,120253101330930281,[AFS] [F3] [TARIRO CHIKORE] V1,120253101330870281,4,4,4,3,12,0.34,40,8
2026-07-26,120253101343520281,[AFS] [F3] [TARIRO CHIKORE] V2,120253101330870281,4,4,4,3,12,0.10,6,5
2026-07-26,120253101346700281,[AFS] [F3] [TARIRO CHIKORE] V3,120253101330870281,56,56,56,93,177,6.65,178,45
2026-07-26,120253101348250281,[AFS] [F3] [TARIRO CHIKORE] V4,120253101330870281,3,3,3,3,12,0.62,25,4
2026-07-26,120253101349160281,,,0,0,0,0,0,0,7,4
2026-07-26,120253101349570281,[AFS] [F3] [TARIRO CHIKORE] V6,120253101330870281,1,1,1,3,3,0.15,4,1
2026-07-26,120253136735850281,[AFS] [F3] [BISOLA FASHOLA] V1,120253136735780281,1,1,1,0,3,0.04,13,5
2026-07-26,120253136853570281,[AFS] [F3] [BISOLA FASHOLA] V2,120253136735780281,5,5,5,4,15,0.26,8,2
2026-07-26,120253136864150281,[AFS] [F3] [BISOLA FASHOLA] V3,120253136735780281,1,1,1,0,3,0.00,0,0
2026-07-26,120253136874720281,[AFS] [F3] [BISOLA FASHOLA] V4,120253136735780281,5,5,5,0,12,0.04,15,7
2026-07-26,120253136880620281,[AFS] [F3] [BISOLA FASHOLA] V5,120253136735780281,2,2,2,2,6,0.37,13,2
2026-07-26,120253136890790281,[AFS] [F3] [BISOLA FASHOLA] V6,120253136735780281,2,2,2,0,6,0.00,13,6
2026-07-26,120253137096490281,[AFS] [F3] [TEMILADE OGUNBIYI] V1,120253137096420281,1,1,1,3,3,0.56,21,2
2026-07-26,120253137141160281,[AFS] [F3] [TEMILADE OGUNBIYI] V2,120253137096420281,5,5,5,7,15,0.47,16,5
2026-07-26,120253137147810281,[AFS] [F3] [TEMILADE OGUNBIYI] V3,120253137096420281,1,1,1,0,0,0,25,10
2026-07-26,120253137153070281,[AFS] [F3] [TEMILADE OGUNBIYI] V4,120253137096420281,3,3,3,2,9,0.16,8,3
2026-07-26,120253137159570281,,,0,0,0,0,0,0,5,2
2026-07-26,120253137172840281,[AFS] [F3] [BOITUMELO SEABI] V1,120253137172780281,1,1,1,0,3,0.03,9,4
2026-07-26,120253137204850281,[AFS] [F3] [BOITUMELO SEABI] V2,120253137172780281,67,67,67,107,198,8.87,290,69
2026-07-26,120253137209500281,[AFS] [F3] [BOITUMELO SEABI] V3,120253137172780281,39,39,39,57,111,5.49,156,32
2026-07-26,120253137215430281,[AFS] [F3] [BOITUMELO SEABI] V4,120253137172780281,19,19,19,11,45,0.65,52,9
2026-07-26,120253137221200281,[AFS] [F3] [BOITUMELO SEABI] V5,120253137172780281,3,3,3,6,9,0.95,35,4
2026-07-26,120253137226520281,,,0,0,0,0,0,0,5,3
2026-07-26,120253138463570281,[AFS] [F3] [DAMILOLA ADEWALE] V1,120253138463510281,2,2,2,1,6,0.11,15,4
2026-07-26,120253138571220281,[AFS] [F3] [DAMILOLA ADEWALE] V2,120253138463510281,3,3,3,3,9,0.42,33,9
2026-07-26,120253138575670281,[AFS] [F3] [DAMILOLA ADEWALE] V3,120253138463510281,42,42,42,39,129,3.36,101,22
2026-07-26,120253138581950281,[AFS] [F3] [DAMILOLA ADEWALE] V4,120253138463510281,3,3,3,3,9,0.15,29,6
2026-07-26,120253138584190281,[AFS] [F3] [DAMILOLA ADEWALE] V5,120253138463510281,24,24,24,24,72,2.34,43,14
2026-07-26,120253138587130281,[AFS] [F3] [DAMILOLA ADEWALE] V6,120253138463510281,1,1,1,0,3,0.00,4,2
2026-07-26,120253138733630281,[AFS] [F3] [KIKELOMO BAKARE] V2,120253138672250281,39,39,39,38,111,3.64,119,27
2026-07-26,120253138736470281,[AFS] [F3] [KIKELOMO BAKARE] V3,120253138672250281,1,1,1,0,6,0.00,1,1
2026-07-26,120253138745550281,[AFS] [F3] [KIKELOMO BAKARE] V4,120253138672250281,2,2,2,0,6,0.00,14,5
2026-07-26,120253138749420281,,,0,0,0,0,0,0,8,2
2026-07-26,120253138753460281,,,0,0,0,0,0,0,5,4
2026-07-26,120253138766290281,[AFS] [F3] [TOLULOPE ADEBAYO] V1,120253138766230281,1,1,1,0,3,0.00,0,0
2026-07-26,120253138878630281,,,0,0,0,0,0,0,13,3
2026-07-26,120253138906100281,[AFS] [F3] [TOLULOPE ADEBAYO] V3,120253138766230281,7,7,7,12,21,1.12,58,15
2026-07-26,120253138919620281,[AFS] [F3] [TOLULOPE ADEBAYO] V4,120253138766230281,2,2,2,5,6,0.55,34,10
2026-07-26,120253138933900281,[AFS] [F3] [TOLULOPE ADEBAYO] V5,120253138766230281,65,65,65,116,189,11.54,353,59
2026-07-26,120253138944340281,[AFS] [F3] [TOLULOPE ADEBAYO] V6,120253138766230281,2,2,2,3,6,0.07,9,4
2026-07-26,120253141376140281,,,0,0,0,0,0,0,11,2
2026-07-26,120253141499830281,[AFS] [F3] [PRECIOUS NCUBE] V2,120253141376060281,37,37,37,76,120,6.40,148,28
2026-07-26,120253141501720281,[AFS] [F3] [PRECIOUS NCUBE] V3,120253141376060281,32,32,32,41,99,4.60,133,22
2026-07-26,120253141502670281,[AFS] [F3] [PRECIOUS NCUBE] V4,120253141376060281,1,1,1,0,0,0,6,1
2026-07-26,120253141504530281,[AFS] [F3] [PRECIOUS NCUBE] V5,120253141376060281,1,1,1,0,3,0.00,5,2
2026-07-26,120253141509190281,[AFS] [F3] [PRECIOUS NCUBE] V6,120253141376060281,2,2,2,3,6,0.24,9,4
2026-07-26,120253141635530281,,,0,0,0,0,0,0,16,5
2026-07-26,120253141724210281,,,0,0,0,0,0,0,1,1
2026-07-26,120253141733960281,[AFS] [F3] [FAITH MSIMANG] V3,120253141635460281,2,2,2,3,6,0.14,3,2
2026-07-26,120253141747920281,[AFS] [F3] [FAITH MSIMANG] V4,120253141635460281,81,81,81,144,264,14.22,301,66
2026-07-26,120253141780200281,[AFS] [F3] [FAITH MSIMANG] V5,120253141635460281,40,40,40,72,123,5.97,184,39
2026-07-26,120253141807020281,[AFS] [F3] [FAITH MSIMANG] V6,120253141635460281,1,1,1,3,3,0.28,16,5
2026-07-26,120253141863660281,[AFS] [F3] [MARTHA MHLONGO] V1,120253141863550281,6,6,6,3,18,0.07,2,1
2026-07-26,120253141934410281,[AFS] [F3] [MARTHA MHLONGO] V2,120253141863550281,2,2,2,0,6,0.00,16,7
2026-07-26,120253141937270281,,,0,0,0,0,0,0,13,5
2026-07-26,120253141941400281,[AFS] [F3] [MARTHA MHLONGO] V4,120253141863550281,5,5,5,8,12,0.38,26,10
2026-07-26,120253141945370281,[AFS] [F3] [MARTHA MHLONGO] V5,120253141863550281,70,70,70,88,216,6.34,202,53
2026-07-26,120253141950760281,[AFS] [F3] [MARTHA MHLONGO] V6,120253141863550281,4,4,4,9,12,0.43,24,6
2026-07-26,120253141970000281,[AFS] [F3] [BRENDA MTHETHWA] V1,120253141969930281,1,1,1,0,3,0.06,29,7
2026-07-26,120253142005590281,,,0,0,0,0,0,0,12,3
2026-07-26,120253142011070281,[AFS] [F3] [BRENDA MTHETHWA] V3,120253141969930281,3,3,3,3,9,0.16,11,7
2026-07-26,120253142016080281,[AFS] [F3] [BRENDA MTHETHWA] V4,120253141969930281,1,1,1,3,3,0.33,25,4
2026-07-26,120253142027880281,[AFS] [F3] [BRENDA MTHETHWA] V5,120253141969930281,4,4,4,2,12,0.15,28,9
2026-07-26,120253142036410281,[AFS] [F3] [BRENDA MTHETHWA] V6,120253141969930281,1,1,1,0,3,0.00,20,5
2026-07-26,120253142282790281,[AFS] [F3] [CHARMAINE MABUZA] V2,120253142123820281,1,1,1,0,3,0.00,6,3
2026-07-26,120253142290360281,[AFS] [F3] [CHARMAINE MABUZA] V3,120253142123820281,3,3,3,3,9,0.63,34,8
2026-07-26,120253142297110281,[AFS] [F3] [CHARMAINE MABUZA] V4,120253142123820281,18,18,18,21,63,3.26,59,12
2026-07-26,120253142301540281,,,0,0,0,0,0,0,4,4
2026-07-26,120253142306480281,[AFS] [F3] [CHARMAINE MABUZA] V6,120253142123820281,40,40,40,22,114,3.28,87,25
2026-07-26,120253167383880281,[AFS] [F3] [AMANDA MHLONGO] V1,120253167383820281,91,91,91,185,291,11.95,361,82
2026-07-26,120253167420410281,[AFS] [F3] [AMANDA MHLONGO] V2,120253167383820281,1,1,1,0,3,0.00,16,5
2026-07-26,120253167424590281,[AFS] [F3] [AMANDA MHLONGO] V3,120253167383820281,2,2,2,3,6,0.41,14,4
2026-07-26,120253167426990281,[AFS] [F3] [AMANDA MHLONGO] V4,120253167383820281,5,5,5,6,15,0.54,33,12
2026-07-26,120253167433710281,[AFS] [F3] [AMANDA MHLONGO] V5,120253167383820281,6,6,6,6,15,0.16,21,6
2026-07-26,120253167436950281,[AFS] [F3] [AMANDA MHLONGO] V6,120253167383820281,1,1,1,3,3,0.18,12,5
2026-07-26,120253167453190281,[AFS] [F3] [THULISILE MDLULI] V1,120253167453110281,3,3,3,2,9,0.12,5,3
2026-07-26,120253167657030281,[AFS] [F3] [THULISILE MDLULI] V2,120253167453110281,4,4,4,2,15,0.13,38,14
2026-07-26,120253167666800281,[AFS] [F3] [THULISILE MDLULI] V3,120253167453110281,2,2,2,2,6,0.19,26,12
2026-07-26,120253167671240281,[AFS] [F3] [THULISILE MDLULI] V4,120253167453110281,3,3,3,5,12,0.33,21,6
2026-07-26,120253167676340281,,,0,0,0,0,0,0,9,2
2026-07-26,120253167681590281,[AFS] [F3] [THULISILE MDLULI] V6,120253167453110281,23,23,23,25,75,2.97,81,14
2026-07-26,120253167944440281,[AFS] [F3] [SAMANTHA MAKHANYA] V2,120253167773160281,6,6,6,6,18,0.70,29,7
2026-07-26,120253167947120281,[AFS] [F3] [SAMANTHA MAKHANYA] V3,120253167773160281,30,30,30,25,90,3.69,99,17
2026-07-26,120253167949790281,[AFS] [F3] [SAMANTHA MAKHANYA] V4,120253167773160281,22,22,22,33,75,4.10,94,16
2026-07-26,120253167954350281,[AFS] [F3] [SAMANTHA MAKHANYA] V5,120253167773160281,54,54,54,53,156,4.50,132,36
2026-07-26,120253167956510281,[AFS] [F3] [SAMANTHA MAKHANYA] V6,120253167773160281,40,40,40,44,120,3.24,75,29
2026-07-26,120253168223720281,[AFS] [F3] [RONKE LAWAL] V1,120253168223660281,5,5,5,9,15,0.78,35,7
2026-07-26,120253168272260281,[AFS] [F3] [RONKE LAWAL] V2,120253168223660281,2,2,2,5,6,0.43,24,3
2026-07-26,120253168276010281,[AFS] [F3] [RONKE LAWAL] V3,120253168223660281,13,13,13,9,36,1.63,57,12
2026-07-26,120253168279700281,[AFS] [F3] [RONKE LAWAL] V4,120253168223660281,33,33,33,15,99,2.28,86,24
2026-07-26,120253168282030281,,,0,0,0,0,0,0,4,2
2026-07-26,120253168285770281,,,0,0,0,0,0,0,1,1
2026-07-26,120253168354310281,[AFS] [F3] [SIMI AFOLAYAN] V1,120253168354220281,2,2,2,0,6,0.00,0,0
2026-07-26,120253168393840281,,,0,0,0,0,0,0,9,3
2026-07-26,120253168397070281,[AFS] [F3] [SIMI AFOLAYAN] V3,120253168354220281,1,1,1,3,3,0.08,9,4
2026-07-26,120253168399990281,[AFS] [F3] [SIMI AFOLAYAN] V4,120253168354220281,48,48,48,75,141,6.99,208,37
2026-07-26,120253168402020281,[AFS] [F3] [SIMI AFOLAYAN] V5,120253168354220281,1,1,1,0,3,0.00,5,2
2026-07-26,120253168407870281,[AFS] [F3] [SIMI AFOLAYAN] V6,120253168354220281,4,4,4,8,12,0.33,11,5
2026-07-26,120253168447900281,[AFS] [F3] [OMOTOLA OJO] V1,120253168447820281,4,4,4,5,12,0.60,22,6
2026-07-26,120253168472750281,,,0,0,0,0,0,0,9,5
2026-07-26,120253168474870281,[AFS] [F3] [OMOTOLA OJO] V3,120253168447820281,3,3,3,3,9,0.39,12,4
2026-07-26,120253168478000281,[AFS] [F3] [OMOTOLA OJO] V4,120253168447820281,30,30,30,28,84,3.40,86,18
2026-07-26,120253168484450281,,,0,0,0,0,0,0,2,1
2026-07-26,120253168488310281,,,0,0,0,0,0,0,1,1
2026-07-26,120253224542190281,[AFS] [F3] [FERNANDA RIOS] V1,120253224542110281,32,32,32,27,105,2.89,86,20
2026-07-26,120253224671810281,,,0,0,0,0,0,0,2,2
2026-07-26,120253224676330281,,,0,0,0,0,0,0,1,1
2026-07-26,120253224685120281,,,0,0,0,0,0,0,12,4
2026-07-26,120253224700400281,,,0,0,0,0,0,0,2,1
2026-07-26,120253224769150281,[AFS] [F3] [Ngozi Anozie] V1,120253224769080281,1,1,1,0,3,0.00,14,6
2026-07-26,120253224960730281,[AFS] [F3] [Ngozi Anozie] V2,120253224769080281,130,130,130,281,399,24.17,708,114
2026-07-26,120253224978560281,[AFS] [F3] [Ngozi Anozie] V3,120253224769080281,3,3,3,6,9,0.57,18,5
2026-07-26,120253224985020281,[AFS] [F3] [Ngozi Anozie] V4,120253224769080281,1,1,1,3,3,0.11,24,5
2026-07-26,120253224989840281,[AFS] [F3] [Ngozi Anozie] V5,120253224769080281,1,1,1,0,3,0.00,7,4
2026-07-26,120253225009820281,[AFS] [F3] [Michelle Ndlovu] V1,120253225009810281,35,35,35,49,108,3.48,93,23
2026-07-26,120253225026480281,[AFS] [F3] [Michelle Ndlovu] V2,120253225009810281,47,47,47,83,144,6.40,214,35
2026-07-26,120253225029450281,[AFS] [F3] [Michelle Ndlovu] V3,120253225009810281,47,47,47,59,141,5.94,154,33
2026-07-26,120253225032160281,[AFS] [F3] [Michelle Ndlovu] V4,120253225009810281,2,2,2,3,3,0.89,23,5
2026-07-26,120253225035240281,[AFS] [F3] [Michelle Ndlovu] V5,120253225009810281,1,1,1,3,3,0.23,28,5
2026-07-26,120253225038370281,[AFS] [F3] [Michelle Ndlovu] V6,120253225009810281,38,38,38,42,111,5.75,133,25
2026-07-26,120253225073690281,[AFS] [F3] [Candice Mhlongo] V1,120253225073650281,31,31,31,26,90,2.13,50,19
2026-07-26,120253225087760281,[AFS] [F3] [Candice Mhlongo] V2,120253225073650281,30,30,30,39,102,3.68,67,16
2026-07-26,120253225101570281,,,0,0,0,0,0,0,6,3
2026-07-26,120253225111400281,[AFS] [F3] [Candice Mhlongo] V4,120253225073650281,37,37,37,42,114,5.12,120,22
2026-07-26,120253225135180281,[AFS] [F3] [Candice Mhlongo] V5,120253225073650281,44,44,44,48,129,3.93,145,35
2026-07-26,120253225329900281,[AFS] [F3] [Nokuthula Hadebe] V1,120253225329830281,2,2,2,3,3,0.24,21,6
2026-07-26,120253225450210281,,,0,0,0,0,0,0,5,4
2026-07-26,120253225501180281,[AFS] [F3] [Nokuthula Hadebe] V3,120253225329830281,58,58,58,97,177,7.51,225,59
2026-07-26,120253225541760281,[AFS] [F3] [Nokuthula Hadebe] V4,120253225329830281,2,2,2,6,6,0.43,29,11
2026-07-26,120253225586410281,[AFS] [F3] [Nokuthula Hadebe] V5,120253225329830281,50,50,50,53,153,4.67,121,29
2026-07-26,120253225638960281,[AFS] [F3] [Nokuthula Hadebe] V6,120253225329830281,33,33,33,52,102,3.49,105,27
2026-07-26,120253225795580281,[AFS] [F3] [Tebogo Mokoena] V1,120253225795550281,133,133,133,239,408,16.85,439,101
2026-07-26,120253225872080281,[AFS] [F3] [Tebogo Mokoena] V2,120253225795550281,58,58,58,93,162,7.70,220,49
2026-07-26,120253225880820281,[AFS] [F3] [Tebogo Mokoena] V3,120253225795550281,45,45,45,104,147,7.96,266,47
2026-07-26,120253225889030281,[AFS] [F3] [Tebogo Mokoena] V4,120253225795550281,4,4,4,5,12,0.43,38,11
2026-07-26,120253225931950281,[AFS] [F3] [Tebogo Mokoena] V5,120253225795550281,59,59,59,103,171,8.37,237,44
2026-07-26,120253226001460281,[AFS] [F3] [Tebogo Mokoena] V6,120253225795550281,42,42,42,71,120,5.41,189,43
2026-07-27,120247357080930278,[AFS] [F3] [AMARA OKAFOR] V1,120247357080990278,1,1,1,3,3,0.24,12,4
2026-07-27,120247357080980278,[AFS] [F3] [AMARA OKAFOR] V5,120247357080990278,44,44,39,28,129,3.10,95,26
2026-07-27,120247357081010278,[AFS] [F3] [AMARA OKAFOR] V6,120247357080990278,61,61,57,71,186,7.60,221,47
2026-07-27,120247357081030278,[AFS] [F3] [AMARA OKAFOR] V3,120247357080990278,64,64,60,72,201,5.24,188,46
2026-07-27,120247357081040278,[AFS] [F3] [AMARA OKAFOR] V2,120247357080990278,55,55,51,62,177,5.87,160,35
2026-07-27,120247357081050278,[AFS] [F3] [AMARA OKAFOR] V4,120247357080990278,38,38,36,44,114,4.59,130,22
2026-07-27,120247357457050278,[AFS] [F3] [ZOLA DLAMINI] V4,120247357456980278,49,49,46,86,150,7.83,210,42
2026-07-27,120247357457060278,[AFS] [F3] [ZOLA DLAMINI] V2,120247357456980278,2,2,2,0,6,0.00,0,0
2026-07-27,120247357457070278,[AFS] [F3] [ZOLA DLAMINI] V3,120247357456980278,59,59,54,95,174,8.70,232,41
2026-07-27,120247357457080278,[AFS] [F3] [ZOLA DLAMINI] V5,120247357456980278,51,51,47,60,153,4.82,151,35
2026-07-27,120247357457090278,[AFS] [F3] [ZOLA DLAMINI]V6,120247357456980278,73,73,68,112,213,11.13,281,61
2026-07-27,120247357457100278,[AFS] [F3] [ZOLA DLAMINI] V1,120247357456980278,51,51,46,64,159,4.73,124,29
2026-07-27,120247358420040278,[AFS] [F3] [AMINATA DIALLO] V6,120247358419970278,53,53,52,81,156,8.38,271,44
2026-07-27,120247358420050278,[AFS] [F3] [AMINATA DIALLO] V4,120247358419970278,1,1,1,0,3,0.00,5,3
2026-07-27,120247358420060278,[AFS] [F3] [AMINATA DIALLO] V5,120247358419970278,52,52,49,61,156,4.59,163,29
2026-07-27,120247358420070278,[AFS] [F3] [AMINATA DIALLO] V3,120247358419970278,39,39,38,57,120,3.67,111,31
2026-07-27,120247358420080278,[AFS] [F3] [AMINATA DIALLO] V2,120247358419970278,46,46,40,60,144,5.72,135,24
2026-07-27,120247358420090278,[AFS] [F3] [AMINATA DIALLO] V1,120247358419970278,34,34,32,21,99,1.80,79,23
2026-07-27,120247358791290278,[AFS] [F3] [FOLASADE ADEYEMI] V5,120247358791270278,1,1,1,0,3,0.00,9,5
2026-07-27,120247358791350278,[AFS] [F3] [FOLASADE ADEYEMI] V6,120247358791270278,38,38,34,24,117,3.93,93,21
2026-07-27,120247358791360278,[AFS] [F3] [FOLASADE ADEYEMI] V4,120247358791270278,33,33,31,18,93,3.19,96,21
2026-07-27,120247358791370278,[AFS] [F3] [FOLASADE ADEYEMI] V3,120247358791270278,3,3,3,0,9,0.12,4,2
2026-07-27,120247358791380278,,,0,0,0,0,0,0,2,1
2026-07-27,120247358791390278,[AFS] [F3] [FOLASADE ADEYEMI] V1,120247358791270278,5,5,4,4,15,0.41,14,3
2026-07-27,120247359464720278,[AFS] [F3] [NOMVULA MOKOENA] V6,120247359464690278,38,38,35,11,105,2.15,83,23
2026-07-27,120247359464770278,[AFS] [F3] [NOMVULA MOKOENA] V4,120247359464690278,1,1,1,0,3,0.07,2,1
2026-07-27,120247359464780278,[AFS] [F3] [NOMVULA MOKOENA] V5,120247359464690278,1,1,1,0,3,0.00,3,3
2026-07-27,120247359464800278,[AFS] [F3] [NOMVULA MOKOENA] V1,120247359464690278,2,2,2,0,6,0.04,7,4
2026-07-27,120247359464810278,,,0,0,0,0,0,0,1,1
2026-07-27,120247360141400278,[AFS] [F3] [CHIPO MOYO]  V1,120247360141370278,3,3,3,1,9,0.04,5,3
2026-07-27,120247360141410278,[AFS] [F3] [CHIPO MOYO]  V6,120247360141370278,66,66,62,124,216,10.31,307,55
2026-07-27,120247360141440278,[AFS] [F3] [CHIPO MOYO]  V3,120247360141370278,1,1,1,3,3,0.76,24,3
2026-07-27,120247360141470278,[AFS] [F3] [CHIPO MOYO]  V5,120247360141370278,36,36,35,51,108,4.89,149,28
2026-07-27,120247360141480278,[AFS] [F3] [CHIPO MOYO]  V4,120247360141370278,51,51,45,89,153,8.38,237,38
2026-07-27,120247360141490278,[AFS] [F3] [CHIPO MOYO]  V2,120247360141370278,56,56,46,63,162,6.95,209,37
2026-07-27,120247360356770278,[AFS] [F3] [FATOUMATA TRAORE] V4,120247360356710278,51,51,46,51,159,3.90,143,38
2026-07-27,120247360356790278,[AFS] [F3] [FATOUMATA TRAORE] V6,120247360356710278,34,34,31,40,93,5.15,173,26
2026-07-27,120247360356800278,,,0,0,0,0,0,0,3,1
2026-07-27,120247360356810278,[AFS] [F3] [FATOUMATA TRAORE] V3,120247360356710278,1,1,1,3,3,0.14,4,1
2026-07-27,120247360356820278,[AFS] [F3] [FATOUMATA TRAORE] V2,120247360356710278,38,38,34,45,114,3.88,107,24
2026-07-27,120247360356830278,[AFS] [F3] [FATOUMATA TRAORE] V1,120247360356710278,67,67,65,76,204,6.36,214,41
2026-07-27,120247360531040278,[AFS] [F3] [AMINATA DIALLO] V1,120247360531070278,30,30,27,28,81,1.74,71,18
2026-07-27,120247360531120278,[AFS] [F3] [AMINATA DIALLO] V3,120247360531070278,53,53,47,70,156,6.78,178,33
2026-07-27,120247360531130278,[AFS] [F3] [AMINATA DIALLO] V5,120247360531070278,55,55,51,60,147,4.17,132,35
2026-07-27,120247360531140278,[AFS] [F3] [AMINATA DIALLO] V6,120247360531070278,99,99,91,165,309,13.79,364,72
2026-07-27,120247360531150278,[AFS] [F3] [AMINATA DIALLO]V4,120247360531070278,2,2,2,2,6,0.07,8,3
2026-07-27,120247360531160278,[AFS] [F3] [AMINATA DIALLO] V2,120247360531070278,3,3,3,6,9,0.36,17,6
2026-07-27,120247382249470278,,,0,0,0,0,0,0,3,1
2026-07-27,120247382249520278,[AFS_RELA_EN_BOT_0001] [NOURBESE] V1,120247382249440278,1,1,1,0,3,0.00,0,0
2026-07-27,120247382249530278,[AFS_RELA_EN_BOT_0001] [NOURBESE] V2,120247382249440278,2,2,2,0,6,0.00,1,1
2026-07-27,120247382249540278,[AFS_RELA_EN_BOT_0001] [NOURBESE] V5,120247382249440278,5,5,5,8,15,0.38,12,5
2026-07-27,120247382249560278,[AFS_RELA_EN_BOT_0001] [NOURBESE] V4,120247382249440278,2,2,2,3,6,0.21,6,2
2026-07-27,120247382323040278,[AFS] [F3] [WANGARI KAMAU] V4,120247382322970278,64,64,60,87,198,10.33,313,50
2026-07-27,120247382323050278,[AFS] [F3] [WANGARI KAMAU] V6,120247382322970278,69,69,64,100,195,9.61,297,52
2026-07-27,120247382323060278,[AFS] [F3] [WANGARI KAMAU] V5,120247382322970278,57,57,53,81,159,8.04,254,44
2026-07-27,120247382323070278,[AFS] [F3] [WANGARI KAMAU] V2,120247382322970278,52,52,48,42,138,3.53,121,25
2026-07-27,120247382323080278,[AFS] [F3] [WANGARI KAMAU] V3,120247382322970278,50,50,48,78,141,7.30,218,39
2026-07-27,120247382323090278,[AFS] [F3] [WANGARI KAMAU] V1,120247382322970278,63,63,57,79,180,8.29,246,44
2026-07-27,120247488168300278,[AFS] [F3] [BONTLE MODISE] V1,120247488168210278,44,44,43,54,126,4.38,137,35
2026-07-27,120247488215910278,[AFS] [F3] [BONTLE MODISE] V2,120247488168210278,66,66,61,90,189,7.09,218,51
2026-07-27,120247488220950278,[AFS] [F3] [BONTLE MODISE] V3,120247488168210278,35,35,35,47,105,4.25,111,20
2026-07-27,120247488225850278,[AFS] [F3] [BONTLE MODISE] V4,120247488168210278,41,41,40,74,117,7.51,190,40
2026-07-27,120247488230320278,[AFS] [F3] [BONTLE MODISE] V5,120247488168210278,50,50,48,67,144,6.64,184,40
2026-07-27,120247488234950278,[AFS] [F3] [BONTLE MODISE] V6,120247488168210278,1,1,1,0,3,0.04,1,1
2026-07-27,120247488259350278,[AFS] [F3] [LUNGILE HADEBE] V1,120247488259330278,72,72,65,95,204,8.60,285,58
2026-07-27,120247488354910278,[AFS] [F3] [LUNGILE HADEBE] V2,120247488259330278,2,2,2,0,3,0.00,0,0
2026-07-27,120247488362150278,[AFS] [F3] [LUNGILE HADEBE] V3,120247488259330278,1,1,1,0,3,0.00,11,4
2026-07-27,120247488368490278,[AFS] [F3] [LUNGILE HADEBE] V4,120247488259330278,1,1,1,0,3,0.00,5,2
2026-07-27,120247488373900278,[AFS] [F3] [LUNGILE HADEBE] V5,120247488259330278,1,1,1,2,3,0.47,34,7
2026-07-27,120247488419540278,[AFS] [F3] [LUNGILE HADEBE] V6,120247488259330278,40,40,37,66,129,5.62,139,27
2026-07-27,120247488474100278,[AFS] [F3] [LERATO MAHLANGU] V1,120247488474000278,65,65,56,87,195,10.16,284,47
2026-07-27,120247488538970278,,,0,0,0,0,0,0,1,1
2026-07-27,120247488660110278,[AFS] [F3] [LERATO MAHLANGU] V3,120247488474000278,53,53,49,65,153,5.16,179,35
2026-07-27,120247488793560278,[AFS] [F3] [LERATO MAHLANGU] V4,120247488474000278,28,28,27,41,84,5.01,170,26
2026-07-27,120247488827940278,[AFS] [F3] [LERATO MAHLANGU] V5,120247488474000278,87,87,85,166,267,14.47,353,73
2026-07-27,120247488854820278,[AFS] [F3] [LERATO MAHLANGU] V6,120247488474000278,46,46,43,73,135,6.91,186,33
2026-07-27,120247488968980278,[AFS] [F3] [NOURBESE ACHEBE] V2,120247488930090278,38,38,38,43,114,5.46,175,32
2026-07-27,120247488989090278,[AFS] [F3] [NOURBESE ACHEBE] V3,120247488930090278,18,18,15,13,51,1.65,50,11
2026-07-27,120247489010590278,[AFS] [F3] [NOURBESE ACHEBE] V4,120247488930090278,1,1,1,3,3,0.30,10,1
2026-07-27,120247489016960278,[AFS] [F3] [NOURBESE ACHEBE] V5,120247488930090278,30,30,27,30,90,4.79,137,29
2026-07-27,120247489033080278,[AFS] [F3] [NOURBESE ACHEBE] V6,120247488930090278,3,3,2,3,9,0.54,16,3
2026-07-27,120247489048840278,[AFS] [F3] [MORENIKE AJAYI] V1,120247489048850278,4,4,4,10,12,1.43,56,7
2026-07-27,120247489055990278,,,0,0,0,0,0,0,2,2
2026-07-27,120247489113490278,[AFS] [F3] [NONHLANHLA CELE] V2,120247489056040278,38,38,34,43,114,5.77,167,21
2026-07-27,120247489137090278,[AFS] [F3] [NONHLANHLA CELE] V3,120247489056040278,20,20,18,20,45,2.20,94,16
2026-07-27,120247489142030278,[AFS] [F3] [MORENIKE AJAYI] V2,120247489048850278,2,2,2,2,6,0.12,3,1
2026-07-27,120247489148840278,[AFS] [F3] [MORENIKE AJAYI] V3,120247489048850278,1,1,1,3,3,0.22,9,3
2026-07-27,120247489149860278,[AFS] [F3] [NONHLANHLA CELE] V4,120247489056040278,31,31,27,23,93,2.07,58,13
2026-07-27,120247489152530278,[AFS] [F3] [MORENIKE AJAYI] V4,120247489048850278,3,3,3,0,9,0.11,3,2
2026-07-27,120247489155770278,[AFS] [F3] [MORENIKE AJAYI] V5,120247489048850278,39,39,39,54,117,5.25,147,33
2026-07-27,120247489155880278,[AFS] [F3] [NONHLANHLA CELE] V5,120247489056040278,3,3,3,0,9,0.04,1,1
2026-07-27,120247489160390278,[AFS] [F3] [MORENIKE AJAYI] V6,120247489048850278,3,3,3,3,6,0.77,56,6
2026-07-27,120247489160520278,[AFS] [F3] [NONHLANHLA CELE] V6,120247489056040278,158,158,147,287,477,25.87,637,115
2026-07-27,120247490631910278,,,0,0,0,0,0,0,2,1
2026-07-27,120247490686120278,,,0,0,0,0,0,0,1,1
2026-07-27,120247490688600278,,,0,0,0,0,0,0,2,2
2026-07-27,120247490692330278,,,0,0,0,0,0,0,1,1
2026-07-27,120247490699100278,,,0,0,0,0,0,0,1,1
2026-07-27,120247506168140278,[AFS] [F3] [BONGEKILE ZUNGU] V1,120247506168050278,42,42,37,38,126,4.13,120,22
2026-07-27,120247506197150278,[AFS] [F3] [BONGEKILE ZUNGU] V2,120247506168050278,1,1,1,0,3,0.00,0,0
2026-07-27,120247506203840278,,,0,0,0,0,0,0,1,1
2026-07-27,120247506216350278,[AFS] [F3] [BONGEKILE ZUNGU] V4,120247506168050278,31,31,28,35,90,4.59,111,24
2026-07-27,120247506249690278,[AFS] [F3] [BONGEKILE ZUNGU] V6,120247506168050278,29,29,27,47,87,4.38,100,25
2026-07-27,120247506424250278,[AFS] [F3] [MBALI BUTHELEZI] V1,120247506424170278,59,59,52,66,180,7.23,190,37
2026-07-27,120247506530130278,[AFS] [F3] [MBALI BUTHELEZI] V2,120247506424170278,34,34,31,23,93,2.36,87,20
2026-07-27,120247506542160278,[AFS] [F3] [MBALI BUTHELEZI] V3,120247506424170278,29,29,28,44,96,5.02,116,24
2026-07-27,120247506551600278,,,0,0,0,0,0,0,1,1
2026-07-27,120247506560570278,[AFS] [F3] [MBALI BUTHELEZI] V5,120247506424170278,21,21,19,25,63,3.03,85,17
2026-07-27,120247506567820278,,,0,0,0,0,0,0,2,1
2026-07-27,120247510472600278,,,0,0,0,0,0,0,2,1
2026-07-27,120247511285940278,,,0,0,0,0,0,0,1,1
2026-07-27,120247511324670278,,,0,0,0,0,0,0,2,1
2026-07-27,120247511563030278,,,0,0,0,0,0,0,17,2
2026-07-27,120247565170940278,[AFS] [F3] [Ebunoluwa Akinola] V1,120247565170970278,2,2,2,0,6,0.00,4,2
2026-07-27,120247565218940278,,,0,0,0,0,0,0,4,3
2026-07-27,120247565225410278,[AFS] [F3] [Ebunoluwa Akinola] V4,120247565170970278,3,3,3,0,9,0.04,4,2
2026-07-27,120247565265520278,[AFS] [F3] [Ebunoluwa Akinola] V6,120247565170970278,1,1,1,2,3,0.27,7,3
2026-07-27,120247565319140278,[AFS] [F3] [Kelechi Onyekachi] V1,120247565319070278,21,21,21,24,66,3.95,88,11
2026-07-27,120247566326940278,[AFS] [F3] [Kelechi Onyekachi] V2,120247565319070278,31,31,31,30,93,4.47,122,17
2026-07-27,120247566362420278,[AFS] [F3] [Kelechi Onyekachi] V3,120247565319070278,31,31,31,24,93,4.45,127,16
2026-07-27,120247566388550278,[AFS] [F3] [Kelechi Onyekachi] V4,120247565319070278,21,21,21,15,60,2.46,80,16
2026-07-27,120247566417460278,[AFS] [F3] [Kelechi Onyekachi] V5,120247565319070278,33,33,33,19,99,2.11,61,15
2026-07-27,120247566440100278,[AFS] [F3] [Kelechi Onyekachi] V6,120247565319070278,25,25,25,44,72,4.35,130,25
2026-07-27,120247566460400278,[AFS] [F3] [Adaobi Okonkwo] V1,120247566460390278,40,40,40,32,105,4.20,147,31
2026-07-27,120247566488020278,[AFS] [F3] [Adaobi Okonkwo] V2,120247566460390278,28,28,28,32,78,4.17,106,21
2026-07-27,120247566493330278,[AFS] [F3] [Adaobi Okonkwo] V3,120247566460390278,13,13,13,2,30,0.32,41,9
2026-07-27,120247566496630278,[AFS] [F3] [Adaobi Okonkwo] V4,120247566460390278,45,45,45,53,138,6.81,125,25
2026-07-27,120247566505120278,[AFS] [F3] [Adaobi Okonkwo] V5,120247566460390278,47,47,47,44,141,4.73,130,31
2026-07-27,120247566509570278,[AFS] [F3] [Adaobi Okonkwo] V6,120247566460390278,40,40,40,39,126,5.07,126,29
2026-07-27,120247566558640278,[AFS] [F3] [BISOLA FASHOLA] V2,120247566544730278,35,35,35,41,108,4.05,108,26
2026-07-27,120247566563680278,,,0,0,0,0,0,0,1,1
2026-07-27,120247566567050278,[AFS] [F3] [BISOLA FASHOLA] V4,120247566544730278,34,34,34,29,90,2.73,78,19
2026-07-27,120247566569190278,[AFS] [F3] [BISOLA FASHOLA] V6,120247566544730278,20,20,20,17,60,1.84,63,16
2026-07-27,120247566626120278,,,0,0,0,0,0,0,3,1
2026-07-27,120247566637750278,,,0,0,0,0,0,0,6,2
2026-07-27,120247566640090278,[AFS] [F3] [TEMILADE OGUNBIYI] V4,120247566626060278,15,15,15,9,42,1.62,43,13
2026-07-27,120247566642950278,,,0,0,0,0,0,0,10,1
2026-07-27,120247566645210278,[AFS] [F3] [TEMILADE OGUNBIYI] V6,120247566626060278,1,1,1,0,3,0.00,0,0
2026-07-27,120247566694500278,[AFS] [F3] [BOITUMELO SEABI] V2,120247566662260278,1,1,1,2,3,0.11,5,2
2026-07-27,120247566698490278,[AFS] [F3] [BOITUMELO SEABI] V3,120247566662260278,29,29,29,41,81,2.67,90,25
2026-07-27,120247566701950278,[AFS] [F3] [BOITUMELO SEABI] V4,120247566662260278,1,1,1,0,3,0.04,8,2
2026-07-27,120247566705080278,[AFS] [F3] [BOITUMELO SEABI] V5,120247566662260278,1,1,1,0,3,0.00,1,1
2026-07-27,120253057415450281,,,0,0,0,0,0,0,4,1
2026-07-27,120253079044420281,[AFS] [F3] [ZOLA OKAFOR] V1,120253079044410281,2,2,2,0,6,0.06,6,3
2026-07-27,120253079117950281,,,0,0,0,0,0,0,3,1
2026-07-27,120253079128080281,[AFS] [F3] [ZOLA OKAFOR] V5,120253079044410281,3,3,3,1,9,0.06,1,1
2026-07-27,120253079132510281,[AFS] [F3] [ZOLA OKAFOR] V6,120253079044410281,26,26,26,23,72,1.57,34,10
2026-07-27,120253082530860281,,,0,0,0,0,0,0,7,1
2026-07-27,120253082684680281,,,0,0,0,0,0,0,15,1
2026-07-27,120253082723400281,[AFS] [F3] [NOSIZWE HLONGWANE] V3,120253082530810281,38,38,38,54,108,4.47,178,32
2026-07-27,120253082737930281,[AFS] [F3] [NOSIZWE HLONGWANE] V5,120253082530810281,24,24,24,23,66,1.88,86,20
2026-07-27,120253082741790281,[AFS] [F3] [NOSIZWE HLONGWANE] V6,120253082530810281,1,1,1,3,3,0.44,12,2
2026-07-27,120253082817280281,[AFS] [F3] [ZANELE DUDE] V1,120253082817170281,35,35,35,34,105,2.58,84,28
2026-07-27,120253082840560281,,,0,0,0,0,0,0,4,1
2026-07-27,120253082846410281,,,0,0,0,0,0,0,7,1
2026-07-27,120253082849840281,[AFS] [F3] [ZANELE DUDE]  V4,120253082817170281,1,1,1,0,3,0.00,2,1
2026-07-27,120253082852390281,[AFS] [F3] [ZANELE DUDE] V5,120253082817170281,4,4,4,0,9,0.00,0,0
2026-07-27,120253082855810281,[AFS] [F3] [ZANELE DUDE] V6,120253082817170281,1,1,1,3,3,0.14,3,1
2026-07-27,120253101270940281,[AFS] [F3] [SINDISIWE XABA] V1,120253101270850281,1,1,1,1,3,0.06,1,1
2026-07-27,120253101284450281,[AFS] [F3] [SINDISIWE XABA] V2,120253101270850281,57,57,57,76,168,8.21,223,47
2026-07-27,120253101286320281,,,0,0,0,0,0,0,5,3
2026-07-27,120253101288330281,[AFS] [F3] [SINDISIWE XABA] V4,120253101270850281,36,36,36,38,108,4.42,154,27
2026-07-27,120253101296180281,,,0,0,0,0,0,0,2,1
2026-07-27,120253101303050281,[AFS] [F3] [AYANDA ZULU]  V1,120253101302970281,36,36,36,52,108,3.10,160,30
2026-07-27,120253101316180281,[AFS] [F3] [AYANDA ZULU] V2,120253101302970281,2,2,2,0,6,0.00,8,3
2026-07-27,120253101319060281,,,0,0,0,0,0,0,6,3
2026-07-27,120253101321190281,[AFS] [F3] [AYANDA ZULU]  V4,120253101302970281,61,61,61,67,177,5.30,165,43
2026-07-27,120253101322290281,[AFS] [F3] [AYANDA ZULU]  V5,120253101302970281,23,23,23,38,69,3.58,115,24
2026-07-27,120253101330930281,[AFS] [F3] [TARIRO CHIKORE] V1,120253101330870281,2,2,2,3,6,0.34,9,2
2026-07-27,120253101343520281,,,0,0,0,0,0,0,4,2
2026-07-27,120253101346700281,[AFS] [F3] [TARIRO CHIKORE] V3,120253101330870281,37,37,37,57,108,4.36,154,39
2026-07-27,120253101348250281,[AFS] [F3] [TARIRO CHIKORE] V4,120253101330870281,3,3,3,3,6,0.16,12,5
2026-07-27,120253101349160281,,,0,0,0,0,0,0,5,3
2026-07-27,120253136735850281,[AFS] [F3] [BISOLA FASHOLA] V1,120253136735780281,1,1,1,0,3,0.00,0,0
2026-07-27,120253136853570281,[AFS] [F3] [BISOLA FASHOLA] V2,120253136735780281,2,2,2,5,6,0.57,20,3
2026-07-27,120253136874720281,[AFS] [F3] [BISOLA FASHOLA] V4,120253136735780281,1,1,1,0,3,0.00,1,1
2026-07-27,120253136880620281,,,0,0,0,0,0,0,1,1
2026-07-27,120253136890790281,[AFS] [F3] [BISOLA FASHOLA] V6,120253136735780281,1,1,1,0,3,0.04,1,1
2026-07-27,120253137096490281,[AFS] [F3] [TEMILADE OGUNBIYI] V1,120253137096420281,2,2,2,3,6,0.70,15,1
2026-07-27,120253137141160281,[AFS] [F3] [TEMILADE OGUNBIYI] V2,120253137096420281,1,1,1,0,3,0.09,4,1
2026-07-27,120253137147810281,[AFS] [F3] [TEMILADE OGUNBIYI] V3,120253137096420281,1,1,1,0,3,0.00,9,2
2026-07-27,120253137153070281,,,0,0,0,0,0,0,1,1
2026-07-27,120253137159570281,[AFS] [F3] [TEMILADE OGUNBIYI] V5,120253137096420281,1,1,1,0,3,0.07,3,2
2026-07-27,120253137172840281,,,0,0,0,0,0,0,1,1
2026-07-27,120253137204850281,[AFS] [F3] [BOITUMELO SEABI] V2,120253137172780281,59,59,59,111,174,9.50,298,72
2026-07-27,120253137209500281,[AFS] [F3] [BOITUMELO SEABI] V3,120253137172780281,22,22,22,18,63,0.90,66,19
2026-07-27,120253137215430281,[AFS] [F3] [BOITUMELO SEABI] V4,120253137172780281,21,21,21,35,72,3.11,68,14
2026-07-27,120253137221200281,[AFS] [F3] [BOITUMELO SEABI] V5,120253137172780281,1,1,1,0,3,0.03,10,5
2026-07-27,120253138463570281,,,0,0,0,0,0,0,16,4
2026-07-27,120253138571220281,[AFS] [F3] [DAMILOLA ADEWALE] V2,120253138463510281,1,1,1,3,3,0.19,10,2
2026-07-27,120253138575670281,[AFS] [F3] [DAMILOLA ADEWALE] V3,120253138463510281,28,28,28,21,90,1.65,54,13
2026-07-27,120253138581950281,[AFS] [F3] [DAMILOLA ADEWALE] V4,120253138463510281,2,2,2,0,6,0.02,7,6
2026-07-27,120253138584190281,[AFS] [F3] [DAMILOLA ADEWALE] V5,120253138463510281,31,31,31,27,90,2.95,115,25
2026-07-27,120253138587130281,[AFS] [F3] [DAMILOLA ADEWALE] V6,120253138463510281,1,1,1,0,3,0.00,5,1
2026-07-27,120253138672320281,[AFS] [F3] [KIKELOMO BAKARE] V1,120253138672250281,2,2,2,3,6,0.51,16,1
2026-07-27,120253138733630281,[AFS] [F3] [KIKELOMO BAKARE] V2,120253138672250281,28,28,28,37,84,3.49,92,24
2026-07-27,120253138736470281,[AFS] [F3] [KIKELOMO BAKARE] V3,120253138672250281,2,2,2,2,3,0.08,2,1
2026-07-27,120253138745550281,[AFS] [F3] [KIKELOMO BAKARE] V4,120253138672250281,2,2,2,3,6,0.35,14,4
2026-07-27,120253138749420281,[AFS] [F3] [KIKELOMO BAKARE] V5,120253138672250281,1,1,1,0,3,0.01,0,0
2026-07-27,120253138753460281,,,0,0,0,0,0,0,2,2
2026-07-27,120253138766290281,,,0,0,0,3,3,0.09,3,1
2026-07-27,120253138878630281,[AFS] [F3] [TOLULOPE ADEBAYO] V2,120253138766230281,1,1,1,2,3,0.04,2,1
2026-07-27,120253138906100281,[AFS] [F3] [TOLULOPE ADEBAYO] V3,120253138766230281,2,2,2,0,6,0.00,17,5
2026-07-27,120253138919620281,[AFS] [F3] [TOLULOPE ADEBAYO] V4,120253138766230281,2,2,2,6,6,0.39,17,3
2026-07-27,120253138933900281,[AFS] [F3] [TOLULOPE ADEBAYO] V5,120253138766230281,86,86,86,202,261,14.24,434,94
2026-07-27,120253138944340281,[AFS] [F3] [TOLULOPE ADEBAYO] V6,120253138766230281,2,2,2,3,6,0.14,9,2
2026-07-27,120253141499830281,[AFS] [F3] [PRECIOUS NCUBE] V2,120253141376060281,50,50,50,93,147,6.93,227,51
2026-07-27,120253141501720281,[AFS] [F3] [PRECIOUS NCUBE] V3,120253141376060281,33,33,33,44,105,2.89,107,29
2026-07-27,120253141502670281,[AFS] [F3] [PRECIOUS NCUBE] V4,120253141376060281,1,1,1,0,3,0.00,3,2
2026-07-27,120253141504530281,,,0,0,0,0,0,0,3,1
2026-07-27,120253141509190281,,,0,0,0,0,0,0,4,2
2026-07-27,120253141635530281,,,0,0,0,0,0,0,3,2
2026-07-27,120253141724210281,,,0,0,0,0,0,0,1,1
2026-07-27,120253141733960281,,,0,0,0,0,0,0,1,1
2026-07-27,120253141747920281,[AFS] [F3] [FAITH MSIMANG] V4,120253141635460281,87,87,87,165,243,17.61,544,79
2026-07-27,120253141780200281,[AFS] [F3] [FAITH MSIMANG] V5,120253141635460281,33,33,33,70,99,6.48,186,34
2026-07-27,120253141807020281,[AFS] [F3] [FAITH MSIMANG] V6,120253141635460281,1,1,1,1,3,0.01,3,1
2026-07-27,120253141863660281,[AFS] [F3] [MARTHA MHLONGO] V1,120253141863550281,3,3,3,6,9,0.63,13,2
2026-07-27,120253141934410281,,,0,0,0,0,0,0,3,2
2026-07-27,120253141937270281,[AFS] [F3] [MARTHA MHLONGO] V3,120253141863550281,1,1,1,1,3,0.03,3,2
2026-07-27,120253141941400281,[AFS] [F3] [MARTHA MHLONGO] V4,120253141863550281,2,2,2,6,6,0.63,20,5
2026-07-27,120253141945370281,[AFS] [F3] [MARTHA MHLONGO] V5,120253141863550281,75,75,75,109,207,7.44,238,52
2026-07-27,120253141950760281,[AFS] [F3] [MARTHA MHLONGO] V6,120253141863550281,1,1,1,5,6,0.10,3,2
2026-07-27,120253141970000281,,,0,0,0,0,0,0,2,2
2026-07-27,120253142005590281,[AFS] [F3] [BRENDA MTHETHWA] V2,120253141969930281,2,2,2,0,6,0.05,1,1
2026-07-27,120253142011070281,[AFS] [F3] [BRENDA MTHETHWA] V3,120253141969930281,2,2,2,3,6,0.18,4,2
2026-07-27,120253142016080281,,,0,0,0,0,0,0,11,2
2026-07-27,120253142027880281,,,0,0,0,0,0,0,5,3
2026-07-27,120253142282790281,,,0,0,0,0,0,0,2,1
2026-07-27,120253142290360281,,,0,0,0,0,0,0,1,1
2026-07-27,120253142297110281,[AFS] [F3] [CHARMAINE MABUZA] V4,120253142123820281,29,29,29,48,81,3.42,130,18
2026-07-27,120253142306480281,[AFS] [F3] [CHARMAINE MABUZA] V6,120253142123820281,33,33,33,40,99,2.58,79,27
2026-07-27,120253167383880281,[AFS] [F3] [AMANDA MHLONGO] V1,120253167383820281,100,100,100,197,273,15.75,478,98
2026-07-27,120253167420410281,,,0,0,0,0,0,0,2,1
2026-07-27,120253167424590281,,,0,0,0,0,0,0,3,1
2026-07-27,120253167426990281,[AFS] [F3] [AMANDA MHLONGO] V4,120253167383820281,1,1,1,0,3,0.00,2,1
2026-07-27,120253167433710281,,,0,0,0,0,0,0,13,3
2026-07-27,120253167436950281,[AFS] [F3] [AMANDA MHLONGO] V6,120253167383820281,1,1,1,0,3,0.00,0,0
2026-07-27,120253167453190281,[AFS] [F3] [THULISILE MDLULI] V1,120253167453110281,1,1,1,0,3,0.06,6,3
2026-07-27,120253167657030281,[AFS] [F3] [THULISILE MDLULI] V2,120253167453110281,4,4,4,3,9,0.22,9,3
2026-07-27,120253167666800281,,,0,0,0,0,0,0,2,2
2026-07-27,120253167671240281,[AFS] [F3] [THULISILE MDLULI] V4,120253167453110281,2,2,2,0,3,0.06,7,3
2026-07-27,120253167676340281,[AFS] [F3] [THULISILE MDLULI] V5,120253167453110281,1,1,1,3,3,0.19,6,2
2026-07-27,120253167681590281,[AFS] [F3] [THULISILE MDLULI] V6,120253167453110281,13,13,13,0,33,0.15,24,7
2026-07-27,120253167944440281,[AFS] [F3] [SAMANTHA MAKHANYA] V2,120253167773160281,1,1,1,0,3,0.02,3,3
2026-07-27,120253167947120281,[AFS] [F3] [SAMANTHA MAKHANYA] V3,120253167773160281,27,27,27,33,87,3.69,136,30
2026-07-27,120253167949790281,[AFS] [F3] [SAMANTHA MAKHANYA] V4,120253167773160281,19,19,19,17,48,1.55,79,16
2026-07-27,120253167954350281,[AFS] [F3] [SAMANTHA MAKHANYA] V5,120253167773160281,49,49,49,70,147,6.39,194,49
2026-07-27,120253167956510281,[AFS] [F3] [SAMANTHA MAKHANYA] V6,120253167773160281,30,30,30,48,84,3.67,130,31
2026-07-27,120253168223720281,[AFS] [F3] [RONKE LAWAL] V1,120253168223660281,2,2,2,3,6,0.13,3,1
2026-07-27,120253168272260281,,,0,0,0,0,0,0,2,2
2026-07-27,120253168276010281,[AFS] [F3] [RONKE LAWAL] V3,120253168223660281,13,13,13,15,45,2.09,40,6
2026-07-27,120253168279700281,[AFS] [F3] [RONKE LAWAL] V4,120253168223660281,33,33,33,36,93,3.62,102,26
2026-07-27,120253168282030281,,,0,0,0,0,0,0,1,1
2026-07-27,120253168354310281,,,0,0,0,0,0,0,2,1
2026-07-27,120253168397070281,[AFS] [F3] [SIMI AFOLAYAN] V3,120253168354220281,1,1,1,1,3,0.05,5,2
2026-07-27,120253168399990281,[AFS] [F3] [SIMI AFOLAYAN] V4,120253168354220281,39,39,39,72,123,6.03,205,40
2026-07-27,120253168407870281,[AFS] [F3] [SIMI AFOLAYAN] V6,120253168354220281,2,2,2,4,6,0.30,10,3
2026-07-27,120253168447900281,[AFS] [F3] [OMOTOLA OJO] V1,120253168447820281,1,1,1,3,3,0.73,22,2
2026-07-27,120253168472750281,,,0,0,0,0,0,0,6,2
2026-07-27,120253168478000281,[AFS] [F3] [OMOTOLA OJO] V4,120253168447820281,24,24,24,25,69,3.46,125,19
2026-07-27,120253224542190281,[AFS] [F3] [FERNANDA RIOS] V1,120253224542110281,25,25,25,19,69,2.26,62,14
2026-07-27,120253224676330281,[AFS] [F3] [FERNANDA RIOS] V3,120253224542110281,1,1,1,3,3,0.10,3,1
2026-07-27,120253224685120281,[AFS] [F3] [FERNANDA RIOS] V4,120253224542110281,1,1,1,3,3,0.27,7,1
2026-07-27,120253224700400281,[AFS] [F3] [FERNANDA RIOS] V5,120253224542110281,1,1,1,2,3,0.15,4,1
2026-07-27,120253224960730281,[AFS] [F3] [Ngozi Anozie] V2,120253224769080281,159,159,159,334,477,29.94,831,149
2026-07-27,120253224978560281,,,0,0,0,0,0,0,3,2
2026-07-27,120253224985020281,[AFS] [F3] [Ngozi Anozie] V4,120253224769080281,1,1,1,3,3,0.04,3,2
2026-07-27,120253224989840281,[AFS] [F3] [Ngozi Anozie] V5,120253224769080281,1,1,1,0,3,0.00,0,0
2026-07-27,120253224997610281,,,0,0,0,0,0,0,1,1
2026-07-27,120253225009820281,[AFS] [F3] [Michelle Ndlovu] V1,120253225009810281,36,36,36,56,108,4.09,110,27
2026-07-27,120253225026480281,[AFS] [F3] [Michelle Ndlovu] V2,120253225009810281,61,61,61,101,180,10.33,287,60
2026-07-27,120253225029450281,[AFS] [F3] [Michelle Ndlovu] V3,120253225009810281,41,41,41,78,123,7.31,213,37
2026-07-27,120253225032160281,,,0,0,0,0,0,0,15,1
2026-07-27,120253225035240281,,,0,0,0,0,0,0,3,2
2026-07-27,120253225038370281,[AFS] [F3] [Michelle Ndlovu] V6,120253225009810281,37,37,37,48,114,6.19,194,27
2026-07-27,120253225073690281,[AFS] [F3] [Candice Mhlongo] V1,120253225073650281,28,28,28,44,87,2.77,87,22
2026-07-27,120253225087760281,[AFS] [F3] [Candice Mhlongo] V2,120253225073650281,48,48,48,46,123,3.45,129,30
2026-07-27,120253225101570281,,,0,0,0,0,0,0,3,2
2026-07-27,120253225111400281,[AFS] [F3] [Candice Mhlongo] V4,120253225073650281,52,52,52,86,153,9.16,279,45
2026-07-27,120253225135180281,[AFS] [F3] [Candice Mhlongo] V5,120253225073650281,45,45,45,61,135,4.10,113,28
2026-07-27,120253225501180281,[AFS] [F3] [Nokuthula Hadebe] V3,120253225329830281,47,47,47,69,141,7.73,204,42
2026-07-27,120253225541760281,[AFS] [F3] [Nokuthula Hadebe] V4,120253225329830281,1,1,1,0,3,0.00,3,2
2026-07-27,120253225586410281,[AFS] [F3] [Nokuthula Hadebe] V5,120253225329830281,38,38,38,35,117,4.55,166,32
2026-07-27,120253225638960281,[AFS] [F3] [Nokuthula Hadebe] V6,120253225329830281,38,38,38,53,114,5.22,147,34
2026-07-27,120253225795580281,[AFS] [F3] [Tebogo Mokoena] V1,120253225795550281,155,155,155,327,456,23.91,737,164
2026-07-27,120253225872080281,[AFS] [F3] [Tebogo Mokoena] V2,120253225795550281,61,61,61,113,195,7.29,247,55
2026-07-27,120253225880820281,[AFS] [F3] [Tebogo Mokoena] V3,120253225795550281,59,59,59,103,168,8.52,263,45
2026-07-27,120253225889030281,[AFS] [F3] [Tebogo Mokoena] V4,120253225795550281,2,2,2,5,6,0.23,16,3
2026-07-27,120253225931950281,[AFS] [F3] [Tebogo Mokoena] V5,120253225795550281,86,86,86,179,258,12.08,348,76
2026-07-27,120253226001460281,[AFS] [F3] [Tebogo Mokoena] V6,120253225795550281,61,61,61,123,183,8.26,233,55
2026-07-28,120247357080930278,[AFS] [F3] [AMARA OKAFOR] V1,120247357080990278,1,1,1,0,3,0.00,1,1
2026-07-28,120247357080980278,[AFS] [F3] [AMARA OKAFOR] V5,120247357080990278,46,46,41,52,138,4.93,149,31
2026-07-28,120247357081010278,[AFS] [F3] [AMARA OKAFOR] V6,120247357080990278,50,50,44,64,153,6.35,194,42
2026-07-28,120247357081030278,[AFS] [F3] [AMARA OKAFOR] V3,120247357080990278,53,53,49,64,147,4.87,144,36
2026-07-28,120247357081040278,[AFS] [F3] [AMARA OKAFOR] V2,120247357080990278,59,59,52,73,165,6.00,164,35
2026-07-28,120247357081050278,[AFS] [F3] [AMARA OKAFOR] V4,120247357080990278,26,26,25,47,84,4.89,122,23
2026-07-28,120247357457050278,[AFS] [F3] [ZOLA DLAMINI] V4,120247357456980278,48,48,40,59,141,6.25,203,36
2026-07-28,120247357457060278,[AFS] [F3] [ZOLA DLAMINI] V2,120247357456980278,2,2,2,2,6,0.07,5,2
2026-07-28,120247357457070278,[AFS] [F3] [ZOLA DLAMINI] V3,120247357456980278,65,65,55,84,204,6.44,213,53
2026-07-28,120247357457080278,[AFS] [F3] [ZOLA DLAMINI] V5,120247357456980278,47,47,43,58,141,4.69,112,30
2026-07-28,120247357457090278,[AFS] [F3] [ZOLA DLAMINI]V6,120247357456980278,67,67,60,85,198,8.09,306,59
2026-07-28,120247357457100278,[AFS] [F3] [ZOLA DLAMINI] V1,120247357456980278,39,39,37,42,111,2.79,105,32
2026-07-28,120247358420040278,[AFS] [F3] [AMINATA DIALLO] V6,120247358419970278,43,43,39,65,132,5.31,152,36
2026-07-28,120247358420050278,[AFS] [F3] [AMINATA DIALLO] V4,120247358419970278,1,1,1,0,3,0.00,0,0
2026-07-28,120247358420060278,[AFS] [F3] [AMINATA DIALLO] V5,120247358419970278,43,43,37,37,132,2.65,98,22
2026-07-28,120247358420070278,[AFS] [F3] [AMINATA DIALLO] V3,120247358419970278,53,53,46,62,165,5.69,145,30
2026-07-28,120247358420080278,[AFS] [F3] [AMINATA DIALLO] V2,120247358419970278,31,31,27,22,87,1.45,81,26
2026-07-28,120247358420090278,[AFS] [F3] [AMINATA DIALLO] V1,120247358419970278,2,2,2,0,6,0.00,20,8
2026-07-28,120247358791290278,[AFS] [F3] [FOLASADE ADEYEMI] V5,120247358791270278,3,3,3,9,9,0.62,15,4
2026-07-28,120247358791350278,[AFS] [F3] [FOLASADE ADEYEMI] V6,120247358791270278,41,41,37,39,117,3.17,103,30
2026-07-28,120247358791360278,[AFS] [F3] [FOLASADE ADEYEMI] V4,120247358791270278,39,39,36,45,123,3.82,114,26
2026-07-28,120247358791370278,[AFS] [F3] [FOLASADE ADEYEMI] V3,120247358791270278,7,7,5,7,21,0.64,12,4
2026-07-28,120247358791390278,,,0,0,0,0,0,0,5,3
2026-07-28,120247359464720278,[AFS] [F3] [NOMVULA MOKOENA] V6,120247359464690278,36,36,33,48,114,3.50,75,21
2026-07-28,120247359464770278,,,0,0,0,0,0,0,1,1
2026-07-28,120247359464780278,[AFS] [F3] [NOMVULA MOKOENA] V5,120247359464690278,3,3,2,0,9,0.00,1,1
2026-07-28,120247359464800278,,,0,0,0,0,0,0,7,2
2026-07-28,120247359464810278,,,0,0,0,0,0,0,1,1
2026-07-28,120247360141400278,[AFS] [F3] [CHIPO MOYO]  V1,120247360141370278,1,1,1,0,3,0.00,1,1
2026-07-28,120247360141410278,[AFS] [F3] [CHIPO MOYO]  V6,120247360141370278,63,63,57,95,174,11.16,317,53
2026-07-28,120247360141440278,[AFS] [F3] [CHIPO MOYO]  V3,120247360141370278,3,3,2,3,9,0.23,10,2
2026-07-28,120247360141470278,[AFS] [F3] [CHIPO MOYO]  V5,120247360141370278,32,32,29,31,90,1.46,44,16
2026-07-28,120247360141480278,[AFS] [F3] [CHIPO MOYO]  V4,120247360141370278,38,38,36,42,108,3.55,170,36
2026-07-28,120247360141490278,[AFS] [F3] [CHIPO MOYO]  V2,120247360141370278,37,37,34,46,120,5.28,168,32
2026-07-28,120247360356770278,[AFS] [F3] [FATOUMATA TRAORE] V4,120247360356710278,58,58,53,69,168,5.70,176,43
2026-07-28,120247360356790278,[AFS] [F3] [FATOUMATA TRAORE] V6,120247360356710278,26,26,25,18,78,2.15,75,20
2026-07-28,120247360356800278,,,0,0,0,0,0,0,1,1
2026-07-28,120247360356810278,[AFS] [F3] [FATOUMATA TRAORE] V3,120247360356710278,1,1,1,0,3,0.00,0,0
2026-07-28,120247360356820278,[AFS] [F3] [FATOUMATA TRAORE] V2,120247360356710278,47,47,39,44,141,2.97,64,24
2026-07-28,120247360356830278,[AFS] [F3] [FATOUMATA TRAORE] V1,120247360356710278,59,59,54,61,168,4.15,155,43
2026-07-28,120247360531040278,[AFS] [F3] [AMINATA DIALLO] V1,120247360531070278,4,4,3,0,15,0.02,12,7
2026-07-28,120247360531120278,[AFS] [F3] [AMINATA DIALLO] V3,120247360531070278,39,39,35,47,108,3.72,111,26
2026-07-28,120247360531130278,[AFS] [F3] [AMINATA DIALLO] V5,120247360531070278,43,43,38,59,129,5.36,146,30
2026-07-28,120247360531140278,[AFS] [F3] [AMINATA DIALLO] V6,120247360531070278,69,69,61,101,192,8.38,312,62
2026-07-28,120247360531150278,[AFS] [F3] [AMINATA DIALLO]V4,120247360531070278,1,1,1,0,3,0.00,6,2
2026-07-28,120247360531160278,[AFS] [F3] [AMINATA DIALLO] V2,120247360531070278,2,2,2,0,3,0.00,3,2
2026-07-28,120247382249520278,[AFS_RELA_EN_BOT_0001] [NOURBESE] V1,120247382249440278,2,2,1,2,6,0.07,2,1
2026-07-28,120247382249530278,[AFS_RELA_EN_BOT_0001] [NOURBESE] V2,120247382249440278,1,1,1,3,3,0.70,14,3
2026-07-28,120247382249540278,[AFS_RELA_EN_BOT_0001] [NOURBESE] V5,120247382249440278,1,1,1,0,3,0.00,2,1
2026-07-28,120247382249560278,,,0,0,0,0,0,0,1,1
2026-07-28,120247382323040278,[AFS] [F3] [WANGARI KAMAU] V4,120247382322970278,44,44,38,47,126,3.52,131,37
2026-07-28,120247382323050278,[AFS] [F3] [WANGARI KAMAU] V6,120247382322970278,51,51,45,60,159,4.37,155,31
2026-07-28,120247382323060278,[AFS] [F3] [WANGARI KAMAU] V5,120247382322970278,44,44,40,61,129,4.83,175,40
2026-07-28,120247382323070278,[AFS] [F3] [WANGARI KAMAU] V2,120247382322970278,46,46,44,65,138,5.92,174,38
2026-07-28,120247382323080278,[AFS] [F3] [WANGARI KAMAU] V3,120247382322970278,47,47,44,87,147,11.21,262,39
2026-07-28,120247382323090278,[AFS] [F3] [WANGARI KAMAU] V1,120247382322970278,44,44,40,74,129,6.97,206,36
2026-07-28,120247488168300278,[AFS] [F3] [BONTLE MODISE] V1,120247488168210278,52,52,46,57,159,4.57,171,37
2026-07-28,120247488215910278,[AFS] [F3] [BONTLE MODISE] V2,120247488168210278,60,60,56,72,192,5.94,163,44
2026-07-28,120247488220950278,[AFS] [F3] [BONTLE MODISE] V3,120247488168210278,51,51,44,64,162,4.82,125,26
2026-07-28,120247488225850278,[AFS] [F3] [BONTLE MODISE] V4,120247488168210278,41,41,39,71,138,6.61,163,35
2026-07-28,120247488230320278,[AFS] [F3] [BONTLE MODISE] V5,120247488168210278,57,57,53,65,177,6.64,205,35
2026-07-28,120247488259350278,[AFS] [F3] [LUNGILE HADEBE] V1,120247488259330278,68,68,58,77,204,7.19,225,52
2026-07-28,120247488354910278,[AFS] [F3] [LUNGILE HADEBE] V2,120247488259330278,1,1,1,0,3,0.00,1,1
2026-07-28,120247488362150278,[AFS] [F3] [LUNGILE HADEBE] V3,120247488259330278,1,1,1,0,3,0.00,3,1
2026-07-28,120247488368490278,,,0,0,0,0,0,0,3,1
2026-07-28,120247488373900278,[AFS] [F3] [LUNGILE HADEBE] V5,120247488259330278,3,3,2,2,9,0.13,4,2
2026-07-28,120247488419540278,[AFS] [F3] [LUNGILE HADEBE] V6,120247488259330278,40,40,37,48,111,3.18,133,29
2026-07-28,120247488474100278,[AFS] [F3] [LERATO MAHLANGU] V1,120247488474000278,57,57,52,94,186,7.65,215,50
2026-07-28,120247488538970278,,,0,0,0,0,0,0,2,1
2026-07-28,120247488660110278,[AFS] [F3] [LERATO MAHLANGU] V3,120247488474000278,58,58,53,75,177,5.91,148,39
2026-07-28,120247488793560278,[AFS] [F3] [LERATO MAHLANGU] V4,120247488474000278,43,43,38,47,129,4.97,136,24
2026-07-28,120247488827940278,[AFS] [F3] [LERATO MAHLANGU] V5,120247488474000278,75,75,68,98,210,6.71,288,70
2026-07-28,120247488854820278,[AFS] [F3] [LERATO MAHLANGU] V6,120247488474000278,37,37,35,61,114,5.36,165,26
2026-07-28,120247488930200278,[AFS] [F3] [NOURBESE ACHEBE] V1,120247488930090278,1,1,1,1,3,0.05,1,1
2026-07-28,120247488968980278,[AFS] [F3] [NOURBESE ACHEBE] V2,120247488930090278,47,47,43,50,144,5.40,139,33
2026-07-28,120247488989090278,[AFS] [F3] [NOURBESE ACHEBE] V3,120247488930090278,1,1,1,0,3,0.07,10,2
2026-07-28,120247489010590278,[AFS] [F3] [NOURBESE ACHEBE] V4,120247488930090278,3,3,3,3,9,0.15,4,2
2026-07-28,120247489016960278,[AFS] [F3] [NOURBESE ACHEBE] V5,120247488930090278,25,25,23,31,84,3.20,92,21
2026-07-28,120247489033080278,,,0,0,0,0,0,0,4,1
2026-07-28,120247489048840278,,,0,0,0,0,0,0,4,2
2026-07-28,120247489055990278,[AFS] [F3] [NONHLANHLA CELE] V1,120247489056040278,1,1,1,0,3,0.00,3,1
2026-07-28,120247489113490278,[AFS] [F3] [NONHLANHLA CELE] V2,120247489056040278,31,31,30,32,87,2.86,94,19
2026-07-28,120247489137090278,,,0,0,0,0,0,0,8,2
2026-07-28,120247489142030278,[AFS] [F3] [MORENIKE AJAYI] V2,120247489048850278,1,1,1,0,3,0.00,2,2
2026-07-28,120247489148840278,,,0,0,0,0,0,0,2,1
2026-07-28,120247489149860278,[AFS] [F3] [NONHLANHLA CELE] V4,120247489056040278,29,29,26,33,90,1.65,45,14
2026-07-28,120247489152530278,,,0,0,0,0,0,0,4,3
2026-07-28,120247489155770278,[AFS] [F3] [MORENIKE AJAYI] V5,120247489048850278,31,31,31,48,90,3.41,139,33
2026-07-28,120247489155880278,[AFS] [F3] [NONHLANHLA CELE] V5,120247489056040278,1,1,1,3,3,0.23,14,2
2026-07-28,120247489160390278,,,0,0,0,0,0,0,1,1
2026-07-28,120247489160520278,[AFS] [F3] [NONHLANHLA CELE] V6,120247489056040278,102,102,89,157,309,11.87,432,95
2026-07-28,120247506168140278,[AFS] [F3] [BONGEKILE ZUNGU] V1,120247506168050278,18,18,17,14,57,1.85,84,22
2026-07-28,120247506197150278,[AFS] [F3] [BONGEKILE ZUNGU] V2,120247506168050278,2,2,2,0,6,0.00,2,1
2026-07-28,120247506216350278,[AFS] [F3] [BONGEKILE ZUNGU] V4,120247506168050278,36,36,30,33,108,3.65,134,27
2026-07-28,120247506249690278,[AFS] [F3] [BONGEKILE ZUNGU] V6,120247506168050278,24,24,24,11,69,1.67,80,14
2026-07-28,120247506424250278,[AFS] [F3] [MBALI BUTHELEZI] V1,120247506424170278,36,36,35,45,108,4.56,136,38
2026-07-28,120247506530130278,[AFS] [F3] [MBALI BUTHELEZI] V2,120247506424170278,25,25,23,30,87,2.42,60,13
2026-07-28,120247506542160278,[AFS] [F3] [MBALI BUTHELEZI] V3,120247506424170278,24,24,21,26,63,2.35,117,24
2026-07-28,120247506560570278,[AFS] [F3] [MBALI BUTHELEZI] V5,120247506424170278,25,25,25,27,78,2.99,100,26
2026-07-28,120247511200720278,,,0,0,0,0,0,0,1,1
2026-07-28,120247511427740278,,,0,0,0,0,0,0,1,1
2026-07-28,120247565170940278,,,0,0,0,0,0,0,17,1
2026-07-28,120247565218940278,,,0,0,0,0,0,0,1,1
2026-07-28,120247565265520278,[AFS] [F3] [Ebunoluwa Akinola] V6,120247565170970278,1,1,1,0,3,0.00,7,1
2026-07-28,120247565319140278,[AFS] [F3] [Kelechi Onyekachi] V1,120247565319070278,11,11,11,4,30,0.76,46,7
2026-07-28,120247566326940278,[AFS] [F3] [Kelechi Onyekachi] V2,120247565319070278,26,26,26,22,75,1.66,59,20
2026-07-28,120247566362420278,[AFS] [F3] [Kelechi Onyekachi] V3,120247565319070278,17,17,17,15,51,2.80,77,13
2026-07-28,120247566388550278,,,0,0,0,0,0,0,9,4
2026-07-28,120247566417460278,[AFS] [F3] [Kelechi Onyekachi] V5,120247565319070278,1,1,1,3,3,0.10,8,5
2026-07-28,120247566440100278,[AFS] [F3] [Kelechi Onyekachi] V6,120247565319070278,13,13,13,9,39,1.70,66,11
2026-07-28,120247566460400278,[AFS] [F3] [Adaobi Okonkwo] V1,120247566460390278,17,17,17,18,51,1.09,42,15
2026-07-28,120247566488020278,[AFS] [F3] [Adaobi Okonkwo] V2,120247566460390278,13,13,13,11,39,0.92,61,14
2026-07-28,120247566493330278,[AFS] [F3] [Adaobi Okonkwo] V3,120247566460390278,2,2,2,2,6,0.10,11,4
2026-07-28,120247566496630278,[AFS] [F3] [Adaobi Okonkwo] V4,120247566460390278,13,13,13,12,33,0.99,108,24
2026-07-28,120247566505120278,[AFS] [F3] [Adaobi Okonkwo] V5,120247566460390278,29,29,29,36,84,2.88,105,25
2026-07-28,120247566509570278,[AFS] [F3] [Adaobi Okonkwo] V6,120247566460390278,28,28,28,29,75,2.07,97,28
2026-07-28,120247566558640278,[AFS] [F3] [BISOLA FASHOLA] V2,120247566544730278,39,39,39,48,117,4.46,148,37
2026-07-28,120247566567050278,[AFS] [F3] [BISOLA FASHOLA] V4,120247566544730278,50,50,50,57,153,4.81,152,36
2026-07-28,120247566569190278,[AFS] [F3] [BISOLA FASHOLA] V6,120247566544730278,21,21,21,17,60,1.31,44,11
2026-07-28,120247566640090278,[AFS] [F3] [TEMILADE OGUNBIYI] V4,120247566626060278,2,2,2,5,9,0.18,7,3
2026-07-28,120247566698490278,[AFS] [F3] [BOITUMELO SEABI] V3,120247566662260278,2,2,2,0,6,0.04,5,3
2026-07-28,120247566701950278,[AFS] [F3] [BOITUMELO SEABI] V4,120247566662260278,2,2,2,6,6,0.39,11,2
2026-07-28,120247566708300278,,,0,0,0,0,0,0,1,1
2026-07-28,120247639310910278,[AFS] [F3] [EBUNOLUWA AKINOLA] V1,120247639310830278,10,10,10,3,30,0.63,18,4
2026-07-28,120247639349700278,[AFS] [F3] [EBUNOLUWA AKINOLA] V2,120247639310830278,10,10,10,11,30,0.80,21,8
2026-07-28,120247639363010278,[AFS] [F3] [EBUNOLUWA AKINOLA] V3,120247639310830278,10,10,10,11,30,0.84,23,7
2026-07-28,120247639366370278,[AFS] [F3] [EBUNOLUWA AKINOLA] V4,120247639310830278,10,10,10,6,30,1.40,40,4
2026-07-28,120247639374090278,[AFS] [F3] [EBUNOLUWA AKINOLA] V5,120247639310830278,16,16,16,12,48,2.42,66,6
2026-07-28,120247639376950278,[AFS] [F3] [EBUNOLUWA AKINOLA] V6,120247639310830278,5,5,5,3,15,0.14,4,1
2026-07-28,120247788946870330,[BR] [F1] [Fernanda Souza] V1,120247788946770330,138,138,138,0,414,0.00,0,0
2026-07-28,120247788986680330,[BR] [F1] [Fernanda Souza] V2,120247788946770330,111,111,111,0,333,0.00,0,0
2026-07-28,120247788998700330,[BR] [F1] [Fernanda Souza] V3,120247788946770330,215,215,215,0,645,0.00,0,0
2026-07-28,120247789002270330,[BR] [F1] [Fernanda Souza] V4,120247788946770330,125,125,125,0,375,0.00,0,0
2026-07-28,120247789007260330,[BR] [F1] [Fernanda Souza] V5,120247788946770330,79,79,79,0,237,0.00,0,0
2026-07-28,120247789017660330,[BR] [F1] [Fernanda Souza] V6,120247788946770330,162,162,162,0,486,0.00,0,0
2026-07-28,120247789077830330,[BR] [F1] [Mariana Oliveira] V1,120247789077760330,99,99,99,0,297,0.00,0,0
2026-07-28,120247789270830330,[BR] [F1] [Mariana Oliveira] V2,120247789077760330,103,103,103,0,309,0.00,0,0
2026-07-28,120247789337620330,[BR] [F1] [Mariana Oliveira] V3,120247789077760330,167,167,167,0,501,0.00,0,0
2026-07-28,120247789376620330,[BR] [F1] [Mariana Oliveira] V4,120247789077760330,67,67,67,0,201,0.00,0,0
2026-07-28,120247789415480330,[BR] [F1] [Mariana Oliveira] V5,120247789077760330,72,72,72,0,216,0.00,0,0
2026-07-28,120247789430170330,[BR] [F1] [Mariana Oliveira] V6,120247789077760330,102,102,102,0,306,0.00,0,0
2026-07-28,120247789489630330,[BR] [F1] [Larissa Rodrigues] V1,120247789489540330,125,125,125,0,375,0.00,0,0
2026-07-28,120247789696910330,[BR] [F1] [Larissa Rodrigues] V2,120247789489540330,78,78,78,0,234,0.00,0,0
2026-07-28,120247789742310330,[BR] [F1] [Larissa Rodrigues] V3,120247789489540330,74,74,74,0,222,0.00,0,0
2026-07-28,120247789776200330,[BR] [F1] [Larissa Rodrigues] V4,120247789489540330,81,81,81,0,243,0.00,0,0
2026-07-28,120247789784130330,[BR] [F1] [Larissa Rodrigues] V5,120247789489540330,88,88,88,0,264,0.00,0,0
2026-07-28,120247789789060330,[BR] [F1] [Larissa Rodrigues] V6,120247789489540330,104,104,104,0,312,0.00,0,0
2026-07-28,120247789829370330,[BR] [F1] [Beatriz Almeida] V1,120247789829290330,119,119,119,0,357,0.00,0,0
2026-07-28,120247789884900330,[BR] [F1] [Beatriz Almeida] V2,120247789829290330,101,101,101,0,303,0.00,0,0
2026-07-28,120247789895820330,[BR] [F1] [Beatriz Almeida] V3,120247789829290330,149,149,149,0,447,0.00,0,0
2026-07-28,120247789907960330,[BR] [F1] [Beatriz Almeida] V4,120247789829290330,90,90,90,0,270,0.00,0,0
2026-07-28,120247789927420330,[BR] [F1] [Beatriz Almeida] V5,120247789829290330,104,104,104,0,312,0.00,0,0
2026-07-28,120247789961130330,[BR] [F1] [Beatriz Almeida] V6,120247789829290330,64,64,64,0,192,0.00,0,0
2026-07-28,120247790072460330,[BR] [F1] [Carolina Lima] V1,120247790072450330,109,109,109,0,327,0.00,0,0
2026-07-28,120247790205370330,[BR] [F1] [Carolina Lima] V2,120247790072450330,80,80,80,0,240,0.00,0,0
2026-07-28,120247790236810330,[BR] [F1] [Carolina Lima] V3,120247790072450330,104,104,104,0,312,0.00,0,0
2026-07-28,120247790277720330,[BR] [F1] [Carolina Lima] V4,120247790072450330,133,133,133,0,399,0.00,0,0
2026-07-28,120247790308570330,[BR] [F1] [Carolina Lima] V5,120247790072450330,126,126,126,0,378,0.00,0,0
2026-07-28,120247790337370330,[BR] [F1] [Carolina Lima] V6,120247790072450330,197,197,197,0,591,0.00,0,0
2026-07-28,120253079044420281,[AFS] [F3] [ZOLA OKAFOR] V1,120253079044410281,2,2,2,3,6,0.33,6,3
2026-07-28,120253079117950281,[AFS] [F3] [ZOLA OKAFOR] V3,120253079044410281,1,1,1,0,3,0.03,2,2
2026-07-28,120253079132510281,[AFS] [F3] [ZOLA OKAFOR] V6,120253079044410281,31,31,31,24,99,1.53,51,14
2026-07-28,120253082530860281,[AFS] [F3] [NOSIZWE HLONGWANE] V1,120253082530810281,1,1,1,3,3,0.45,12,1
2026-07-28,120253082684680281,[AFS] [F3] [NOSIZWE HLONGWANE] V2,120253082530810281,1,1,1,0,3,0.03,6,4
2026-07-28,120253082723400281,[AFS] [F3] [NOSIZWE HLONGWANE] V3,120253082530810281,41,41,41,51,129,5.88,163,31
2026-07-28,120253082732550281,[AFS] [F3] [NOSIZWE HLONGWANE] V4,120253082530810281,2,2,2,3,6,0.19,5,1
2026-07-28,120253082737930281,[AFS] [F3] [NOSIZWE HLONGWANE] V5,120253082530810281,27,27,27,34,87,3.17,78,19
2026-07-28,120253082741790281,,,0,0,0,0,0,0,11,1
2026-07-28,120253082817280281,[AFS] [F3] [ZANELE DUDE] V1,120253082817170281,31,31,31,27,84,2.64,93,25
2026-07-28,120253082846410281,,,0,0,0,0,0,0,2,1
2026-07-28,120253082849840281,,,0,0,0,0,0,0,5,1
2026-07-28,120253082852390281,,,0,0,0,0,0,0,3,1
2026-07-28,120253082855810281,,,0,0,0,0,0,0,3,2
2026-07-28,120253101270940281,[AFS] [F3] [SINDISIWE XABA] V1,120253101270850281,2,2,2,2,6,0.05,1,1
2026-07-28,120253101284450281,[AFS] [F3] [SINDISIWE XABA] V2,120253101270850281,54,54,54,60,162,5.09,160,35
2026-07-28,120253101286320281,[AFS] [F3] [SINDISIWE XABA] V3,120253101270850281,1,1,1,3,3,0.11,5,2
2026-07-28,120253101288330281,[AFS] [F3] [SINDISIWE XABA] V4,120253101270850281,45,45,45,76,138,4.67,138,34
2026-07-28,120253101303050281,[AFS] [F3] [AYANDA ZULU]  V1,120253101302970281,26,26,26,30,78,3.19,116,30
2026-07-28,120253101316180281,[AFS] [F3] [AYANDA ZULU] V2,120253101302970281,3,3,3,9,9,0.57,19,4
2026-07-28,120253101319060281,,,0,0,0,0,0,0,1,1
2026-07-28,120253101321190281,[AFS] [F3] [AYANDA ZULU]  V4,120253101302970281,37,37,37,30,111,2.37,98,34
2026-07-28,120253101322290281,[AFS] [F3] [AYANDA ZULU]  V5,120253101302970281,13,13,13,17,39,2.37,76,13
2026-07-28,120253101330930281,[AFS] [F3] [TARIRO CHIKORE] V1,120253101330870281,3,3,3,6,9,0.37,16,4
2026-07-28,120253101346700281,[AFS] [F3] [TARIRO CHIKORE] V3,120253101330870281,57,57,57,77,165,6.85,218,48
2026-07-28,120253101348250281,[AFS] [F3] [TARIRO CHIKORE] V4,120253101330870281,2,2,2,3,6,0.08,4,3
2026-07-28,120253101349570281,,,0,0,0,0,0,0,1,1
2026-07-28,120253136853570281,,,0,0,0,0,0,0,3,1
2026-07-28,120253136864150281,[AFS] [F3] [BISOLA FASHOLA] V3,120253136735780281,2,2,2,0,6,0.03,1,1
2026-07-28,120253136874720281,[AFS] [F3] [BISOLA FASHOLA] V4,120253136735780281,2,2,2,0,6,0.04,1,1
2026-07-28,120253136880620281,,,0,0,0,0,0,0,2,1
2026-07-28,120253137141160281,,,0,0,0,0,0,0,4,1
2026-07-28,120253137153070281,,,0,0,0,0,0,0,2,1
2026-07-28,120253137159570281,[AFS] [F3] [TEMILADE OGUNBIYI] V5,120253137096420281,1,1,1,3,3,0.07,2,1
2026-07-28,120253137172840281,[AFS] [F3] [BOITUMELO SEABI] V1,120253137172780281,1,1,1,0,3,0.00,1,1
2026-07-28,120253137204850281,[AFS] [F3] [BOITUMELO SEABI] V2,120253137172780281,71,71,71,116,216,9.16,323,69
2026-07-28,120253137209500281,[AFS] [F3] [BOITUMELO SEABI] V3,120253137172780281,2,2,2,3,6,0.16,7,3
2026-07-28,120253137215430281,[AFS] [F3] [BOITUMELO SEABI] V4,120253137172780281,25,25,25,39,66,2.29,77,20
2026-07-28,120253137221200281,,,0,0,0,0,0,0,1,1
2026-07-28,120253138463570281,[AFS] [F3] [DAMILOLA ADEWALE] V1,120253138463510281,1,1,1,0,3,0.00,0,0
2026-07-28,120253138571220281,[AFS] [F3] [DAMILOLA ADEWALE] V2,120253138463510281,1,1,1,0,3,0.00,5,2
2026-07-28,120253138575670281,[AFS] [F3] [DAMILOLA ADEWALE] V3,120253138463510281,28,28,28,22,72,3.69,106,12
2026-07-28,120253138581950281,[AFS] [F3] [DAMILOLA ADEWALE] V4,120253138463510281,1,1,1,3,3,0.10,4,3
2026-07-28,120253138584190281,[AFS] [F3] [DAMILOLA ADEWALE] V5,120253138463510281,3,3,3,3,9,0.36,18,4
2026-07-28,120253138587130281,,,0,0,0,0,0,0,1,1
2026-07-28,120253138672320281,[AFS] [F3] [KIKELOMO BAKARE] V1,120253138672250281,1,1,1,0,3,0.00,3,1
2026-07-28,120253138733630281,[AFS] [F3] [KIKELOMO BAKARE] V2,120253138672250281,40,40,40,36,117,3.37,114,23
2026-07-28,120253138736470281,[AFS] [F3] [KIKELOMO BAKARE] V3,120253138672250281,1,1,1,0,3,0.00,0,0
2026-07-28,120253138745550281,[AFS] [F3] [KIKELOMO BAKARE] V4,120253138672250281,1,1,1,2,3,0.07,9,2
2026-07-28,120253138766290281,[AFS] [F3] [TOLULOPE ADEBAYO] V1,120253138766230281,3,3,3,6,6,0.40,14,4
2026-07-28,120253138878630281,[AFS] [F3] [TOLULOPE ADEBAYO] V2,120253138766230281,1,1,1,0,3,0.00,2,1
2026-07-28,120253138906100281,[AFS] [F3] [TOLULOPE ADEBAYO] V3,120253138766230281,5,5,5,8,15,0.46,13,4
2026-07-28,120253138919620281,,,0,0,0,0,0,0,1,1
2026-07-28,120253138933900281,[AFS] [F3] [TOLULOPE ADEBAYO] V5,120253138766230281,55,55,55,92,165,5.07,264,76
2026-07-28,120253138944340281,[AFS] [F3] [TOLULOPE ADEBAYO] V6,120253138766230281,1,1,1,3,3,0.11,7,3
2026-07-28,120253141376140281,,,0,0,0,0,0,0,1,1
2026-07-28,120253141499830281,[AFS] [F3] [PRECIOUS NCUBE] V2,120253141376060281,35,35,35,49,99,6.02,165,29
2026-07-28,120253141501720281,[AFS] [F3] [PRECIOUS NCUBE] V3,120253141376060281,27,27,27,34,78,2.70,91,20
2026-07-28,120253141504530281,,,0,0,0,0,0,0,5,1
2026-07-28,120253141509190281,[AFS] [F3] [PRECIOUS NCUBE] V6,120253141376060281,2,2,2,3,6,0.18,5,1
2026-07-28,120253141635530281,[AFS] [F3] [FAITH MSIMANG] V1,120253141635460281,3,3,3,5,12,0.14,15,4
2026-07-28,120253141733960281,[AFS] [F3] [FAITH MSIMANG] V3,120253141635460281,2,2,2,0,6,0.00,0,0
2026-07-28,120253141747920281,[AFS] [F3] [FAITH MSIMANG] V4,120253141635460281,61,61,61,144,195,13.33,388,68
2026-07-28,120253141780200281,[AFS] [F3] [FAITH MSIMANG] V5,120253141635460281,29,29,29,58,84,6.63,208,29
2026-07-28,120253141807020281,,,0,0,0,0,0,0,2,1
2026-07-28,120253141863660281,,,0,0,0,0,0,0,9,3
2026-07-28,120253141934410281,,,0,0,0,0,0,0,3,1
2026-07-28,120253141937270281,[AFS] [F3] [MARTHA MHLONGO] V3,120253141863550281,1,1,1,0,3,0.00,6,4
2026-07-28,120253141941400281,[AFS] [F3] [MARTHA MHLONGO] V4,120253141863550281,2,2,2,0,6,0.00,8,2
2026-07-28,120253141945370281,[AFS] [F3] [MARTHA MHLONGO] V5,120253141863550281,64,64,64,77,183,5.49,181,47
2026-07-28,120253141950760281,[AFS] [F3] [MARTHA MHLONGO] V6,120253141863550281,1,1,1,0,0,0,3,2
2026-07-28,120253141970000281,,,0,0,0,0,0,0,3,2
2026-07-28,120253142005590281,[AFS] [F3] [BRENDA MTHETHWA] V2,120253141969930281,2,2,2,0,6,0.02,2,1
2026-07-28,120253142011070281,[AFS] [F3] [BRENDA MTHETHWA] V3,120253141969930281,3,3,3,3,9,0.12,8,3
2026-07-28,120253142016080281,,,0,0,0,0,0,0,2,2
2026-07-28,120253142036410281,,,0,0,0,0,0,0,1,1
2026-07-28,120253142282790281,,,0,0,0,0,3,0.00,0,0
2026-07-28,120253142290360281,,,0,0,0,0,0,0,10,2
2026-07-28,120253142297110281,[AFS] [F3] [CHARMAINE MABUZA] V4,120253142123820281,27,27,27,45,81,5.13,147,26
2026-07-28,120253142301540281,[AFS] [F3] [CHARMAINE MABUZA] V5,120253142123820281,1,1,1,0,3,0.00,4,1
2026-07-28,120253142306480281,[AFS] [F3] [CHARMAINE MABUZA] V6,120253142123820281,17,17,17,16,51,1.79,68,19
2026-07-28,120253167383880281,[AFS] [F3] [AMANDA MHLONGO] V1,120253167383820281,70,70,70,143,216,11.96,393,81
2026-07-28,120253167424590281,[AFS] [F3] [AMANDA MHLONGO] V3,120253167383820281,1,1,1,0,3,0.00,1,1
2026-07-28,120253167426990281,[AFS] [F3] [AMANDA MHLONGO] V4,120253167383820281,1,1,1,0,3,0.00,1,1
2026-07-28,120253167433710281,,,0,0,0,0,0,0,11,2
2026-07-28,120253167436950281,,,0,0,0,0,0,0,2,1
2026-07-28,120253167657030281,[AFS] [F3] [THULISILE MDLULI] V2,120253167453110281,1,1,1,3,3,0.12,4,1
2026-07-28,120253167666800281,,,0,0,0,0,0,0,4,2
2026-07-28,120253167676340281,,,0,0,0,0,0,0,6,1
2026-07-28,120253167681590281,,,0,0,0,0,0,0,2,2
2026-07-28,120253167944440281,[AFS] [F3] [SAMANTHA MAKHANYA] V2,120253167773160281,2,2,2,2,6,0.18,7,1
2026-07-28,120253167947120281,[AFS] [F3] [SAMANTHA MAKHANYA] V3,120253167773160281,24,24,24,45,72,4.70,125,22
2026-07-28,120253167949790281,,,0,0,0,0,0,0,7,4
2026-07-28,120253167954350281,[AFS] [F3] [SAMANTHA MAKHANYA] V5,120253167773160281,57,57,57,69,165,5.89,196,44
2026-07-28,120253167956510281,[AFS] [F3] [SAMANTHA MAKHANYA] V6,120253167773160281,19,19,19,36,57,2.61,77,18
2026-07-28,120253168272260281,[AFS] [F3] [RONKE LAWAL] V2,120253168223660281,1,1,1,3,3,0.64,15,1
2026-07-28,120253168276010281,[AFS] [F3] [RONKE LAWAL] V3,120253168223660281,27,27,27,38,84,4.63,118,16
2026-07-28,120253168279700281,[AFS] [F3] [RONKE LAWAL] V4,120253168223660281,22,22,22,22,69,2.68,77,20
2026-07-28,120253168282030281,,,0,0,0,0,0,0,2,1
2026-07-28,120253168285770281,,,0,0,0,0,0,0,1,1
2026-07-28,120253168354310281,,,0,0,0,0,0,0,1,1
2026-07-28,120253168393840281,[AFS] [F3] [SIMI AFOLAYAN] V2,120253168354220281,1,1,1,0,3,0.00,3,1
2026-07-28,120253168399990281,[AFS] [F3] [SIMI AFOLAYAN] V4,120253168354220281,35,35,35,46,102,3.23,117,32
2026-07-28,120253168407870281,,,0,0,0,0,0,0,5,3
2026-07-28,120253168447900281,[AFS] [F3] [OMOTOLA OJO] V1,120253168447820281,3,3,3,8,9,0.53,19,4
2026-07-28,120253168472750281,,,0,0,0,0,0,0,1,1
2026-07-28,120253168478000281,[AFS] [F3] [OMOTOLA OJO] V4,120253168447820281,11,11,11,15,33,1.39,49,11
2026-07-28,120253224542190281,[AFS] [F3] [FERNANDA RIOS] V1,120253224542110281,28,28,28,27,84,1.89,70,16
2026-07-28,120253224676330281,[AFS] [F3] [FERNANDA RIOS] V3,120253224542110281,1,1,1,0,3,0.00,0,0
2026-07-28,120253224685120281,,,0,0,0,0,3,0.00,0,0
2026-07-28,120253224700400281,,,0,0,0,0,0,0,2,1
2026-07-28,120253224960730281,[AFS] [F3] [Ngozi Anozie] V2,120253224769080281,128,128,128,283,381,25.36,902,156
2026-07-28,120253224978560281,[AFS] [F3] [Ngozi Anozie] V3,120253224769080281,1,1,1,3,3,0.11,5,2
2026-07-28,120253224985020281,,,0,0,0,0,0,0,1,1
2026-07-28,120253224989840281,,,0,0,0,0,0,0,5,2
2026-07-28,120253225009820281,[AFS] [F3] [Michelle Ndlovu] V1,120253225009810281,24,24,24,33,72,3.85,100,18
2026-07-28,120253225026480281,[AFS] [F3] [Michelle Ndlovu] V2,120253225009810281,52,52,52,105,147,12.13,368,52
2026-07-28,120253225029450281,[AFS] [F3] [Michelle Ndlovu] V3,120253225009810281,28,28,28,50,84,5.32,189,30
2026-07-28,120253225038370281,[AFS] [F3] [Michelle Ndlovu] V6,120253225009810281,30,30,30,51,84,4.91,197,29
2026-07-28,120253225073690281,[AFS] [F3] [Candice Mhlongo] V1,120253225073650281,22,22,22,16,66,1.33,45,14
2026-07-28,120253225087760281,[AFS] [F3] [Candice Mhlongo] V2,120253225073650281,26,26,26,23,84,2.23,74,22
2026-07-28,120253225101570281,[AFS] [F3] [Candice Mhlongo] V3,120253225073650281,1,1,1,0,3,0.07,10,3
2026-07-28,120253225111400281,[AFS] [F3] [Candice Mhlongo] V4,120253225073650281,31,31,31,31,87,2.78,119,32
2026-07-28,120253225135180281,[AFS] [F3] [Candice Mhlongo] V5,120253225073650281,43,43,43,47,141,3.39,93,32
2026-07-28,120253225329900281,[AFS] [F3] [Nokuthula Hadebe] V1,120253225329830281,2,2,2,0,6,0.00,2,1
2026-07-28,120253225450210281,[AFS] [F3] [Nokuthula Hadebe] V2,120253225329830281,1,1,1,0,3,0.00,0,0
2026-07-28,120253225501180281,[AFS] [F3] [Nokuthula Hadebe] V3,120253225329830281,49,49,49,71,150,5.71,161,47
2026-07-28,120253225541760281,,,0,0,0,0,0,0,4,2
2026-07-28,120253225586410281,[AFS] [F3] [Nokuthula Hadebe] V5,120253225329830281,50,50,50,54,141,4.63,136,29
2026-07-28,120253225638960281,[AFS] [F3] [Nokuthula Hadebe] V6,120253225329830281,42,42,42,48,117,3.23,126,42
2026-07-28,120253225795580281,[AFS] [F3] [Tebogo Mokoena] V1,120253225795550281,160,160,160,335,486,25.95,825,170
2026-07-28,120253225872080281,[AFS] [F3] [Tebogo Mokoena] V2,120253225795550281,54,54,54,89,156,6.54,171,42
2026-07-28,120253225880820281,[AFS] [F3] [Tebogo Mokoena] V3,120253225795550281,47,47,47,92,135,8.31,227,46
2026-07-28,120253225931950281,[AFS] [F3] [Tebogo Mokoena] V5,120253225795550281,63,63,63,136,189,7.57,222,68
2026-07-28,120253226001460281,[AFS] [F3] [Tebogo Mokoena] V6,120253225795550281,44,44,44,71,135,4.08,169,46
2026-07-28,120253302500270281,[AFS] [F3] [BRENDA MTHETHWA] V2,120253302500230281,15,15,15,14,57,1.37,32,6
2026-07-28,120253302500280281,[AFS] [F3] [BRENDA MTHETHWA] V6,120253302500230281,25,25,25,19,75,2.03,51,9
2026-07-28,120253302500320281,[AFS] [F3] [BRENDA MTHETHWA] V1,120253302500230281,31,31,31,30,96,3.18,76,12
2026-07-28,120253302500340281,[AFS] [F3] [BRENDA MTHETHWA] V3,120253302500230281,22,22,22,35,69,4.23,92,14
2026-07-28,120253302500350281,[AFS] [F3] [BRENDA MTHETHWA] V4,120253302500230281,23,23,23,25,72,2.08,47,11
2026-07-28,120253302500360281,[AFS] [F3] [BRENDA MTHETHWA] V5,120253302500230281,36,36,36,33,117,3.32,51,13
2026-07-28,120253303569730281,[AFS] [F3] [CYNTHIA MASEKO] V1,120253303569690281,33,33,33,17,99,1.05,25,10
2026-07-28,120253303638220281,[AFS] [F3] [CYNTHIA MASEKO] V2,120253303569690281,33,33,33,29,108,2.61,59,12
2026-07-28,120253303642850281,[AFS] [F3] [CYNTHIA MASEKO] V3,120253303569690281,39,39,39,39,126,3.61,68,18
2026-07-28,120253303657180281,[AFS] [F3] [CYNTHIA MASEKO] V4,120253303569690281,40,40,40,32,129,3.24,69,16
2026-07-28,120253303673670281,[AFS] [F3] [CYNTHIA MASEKO] V5,120253303569690281,41,41,41,34,126,4.39,79,21
2026-07-28,120253303687920281,[AFS] [F3] [CYNTHIA MASEKO] V6,120253303569690281,35,35,35,35,111,2.81,58,18
2026-07-28,120253303763750281,[AFS] [F3] [THULISILE MDLULI] V1,120253167453110281,39,39,39,49,123,5.77,139,19
2026-07-28,120253303916230281,[AFS] [F3] [THULISILE MDLULI] V2,120253167453110281,27,27,27,36,90,2.81,75,15
2026-07-28,120253303936160281,[AFS] [F3] [THULISILE MDLULI] V3,120253167453110281,29,29,29,39,102,4.10,99,15
2026-07-28,120253303941140281,[AFS] [F3] [THULISILE MDLULI] V4,120253167453110281,25,25,25,13,75,1.25,33,9
2026-07-28,120253303948480281,[AFS] [F3] [THULISILE MDLULI] V5,120253167453110281,30,30,30,22,90,1.69,45,10
2026-07-28,120253303964040281,[AFS] [F3] [THULISILE MDLULI] V6,120253167453110281,19,19,19,17,60,2.06,49,9
2026-07-28,120253304045990281,[AFS] [F3] [NOKWAZI NENE] V1,120253304045940281,21,21,21,31,63,2.53,52,13
2026-07-28,120253304105950281,[AFS] [F3] [NOKWAZI NENE] V2,120253304045940281,13,13,13,15,45,1.75,34,6
2026-07-28,120253304168340281,[AFS] [F3] [NOKWAZI NENE] V3,120253304045940281,24,24,24,21,75,2.94,62,12
2026-07-28,120253304195760281,[AFS] [F3] [NOKWAZI NENE] V4,120253304045940281,26,26,26,24,84,2.34,50,14
2026-07-28,120253304211740281,[AFS] [F3] [NOKWAZI NENE] V5,120253304045940281,18,18,18,24,57,3.87,77,7
2026-07-28,120253304219800281,[AFS] [F3] [NOKWAZI NENE] V6,120253304045940281,22,22,22,17,69,2.25,37,6
2026-07-28,120253304289250281,[AFS] [F3] [WENDY MSIMANG] V1,120253304289200281,41,41,41,41,123,4.23,80,16
2026-07-28,120253304462120281,[AFS] [F3] [WENDY MSIMANG] V2,120253304289200281,29,29,29,22,90,1.59,44,13
2026-07-28,120253304511230281,[AFS] [F3] [WENDY MSIMANG] V3,120253304289200281,43,43,43,37,129,3.36,88,16
2026-07-28,120253304699650281,[AFS] [F3] [WENDY MSIMANG] V4,120253304289200281,41,41,41,34,129,1.81,47,15
2026-07-28,120253304752230281,[AFS] [F3] [WENDY MSIMANG] V5,120253304289200281,43,43,43,65,138,5.04,133,25
2026-07-28,120253304775170281,[AFS] [F3] [WENDY MSIMANG] V6,120253304289200281,24,24,24,43,81,4.04,84,16
2026-07-29,120247357080930278,[AFS] [F3] [AMARA OKAFOR] V1,120247357080990278,1,1,1,0,3,0.00,4,2
2026-07-29,120247357080980278,[AFS] [F3] [AMARA OKAFOR] V5,120247357080990278,47,47,40,55,150,7.25,202,28
2026-07-29,120247357081010278,[AFS] [F3] [AMARA OKAFOR] V6,120247357080990278,56,56,52,84,162,5.30,190,55
2026-07-29,120247357081030278,[AFS] [F3] [AMARA OKAFOR] V3,120247357080990278,48,48,43,66,138,5.24,207,38
2026-07-29,120247357081040278,[AFS] [F3] [AMARA OKAFOR] V2,120247357080990278,57,57,50,69,165,6.67,200,42
2026-07-29,120247357081050278,[AFS] [F3] [AMARA OKAFOR] V4,120247357080990278,33,33,30,48,102,4.59,161,28
2026-07-29,120247357457050278,[AFS] [F3] [ZOLA DLAMINI] V4,120247357456980278,38,38,33,57,111,4.39,169,37
2026-07-29,120247357457060278,,,0,0,0,0,0,0,1,1
2026-07-29,120247357457070278,[AFS] [F3] [ZOLA DLAMINI] V3,120247357456980278,57,57,51,74,165,4.80,204,50
2026-07-29,120247357457080278,[AFS] [F3] [ZOLA DLAMINI] V5,120247357456980278,56,56,51,54,162,4.21,190,35
2026-07-29,120247357457090278,[AFS] [F3] [ZOLA DLAMINI]V6,120247357456980278,64,64,59,104,204,11.97,348,62
2026-07-29,120247357457100278,[AFS] [F3] [ZOLA DLAMINI] V1,120247357456980278,59,59,50,80,186,7.64,202,38
2026-07-29,120247358420040278,[AFS] [F3] [AMINATA DIALLO] V6,120247358419970278,47,47,43,61,138,5.29,180,39
2026-07-29,120247358420050278,[AFS] [F3] [AMINATA DIALLO] V4,120247358419970278,1,1,1,2,3,0.25,8,1
2026-07-29,120247358420060278,[AFS] [F3] [AMINATA DIALLO] V5,120247358419970278,48,48,43,26,144,2.24,80,26
2026-07-29,120247358420070278,[AFS] [F3] [AMINATA DIALLO] V3,120247358419970278,44,44,42,49,126,5.37,177,43
2026-07-29,120247358420080278,[AFS] [F3] [AMINATA DIALLO] V2,120247358419970278,47,47,42,63,153,5.42,153,31
2026-07-29,120247358420090278,,,0,0,0,0,0,0,5,3
2026-07-29,120247358791290278,[AFS] [F3] [FOLASADE ADEYEMI] V5,120247358791270278,1,1,1,1,3,0.07,16,5
2026-07-29,120247358791350278,[AFS] [F3] [FOLASADE ADEYEMI] V6,120247358791270278,34,34,31,13,111,1.22,44,19
2026-07-29,120247358791360278,[AFS] [F3] [FOLASADE ADEYEMI] V4,120247358791270278,37,37,27,24,105,1.82,70,19
2026-07-29,120247358791370278,,,0,0,0,0,0,0,12,2
2026-07-29,120247358791390278,[AFS] [F3] [FOLASADE ADEYEMI] V1,120247358791270278,1,1,1,0,3,0.00,0,0
2026-07-29,120247359464720278,[AFS] [F3] [NOMVULA MOKOENA] V6,120247359464690278,43,43,39,66,132,4.23,148,37
2026-07-29,120247359464790278,[AFS] [F3] [NOMVULA MOKOENA] V2,120247359464690278,1,1,1,0,3,0.00,9,2
2026-07-29,120247359464800278,[AFS] [F3] [NOMVULA MOKOENA] V1,120247359464690278,1,1,1,0,3,0.00,1,1
2026-07-29,120247360141400278,[AFS] [F3] [CHIPO MOYO]  V1,120247360141370278,2,2,2,3,6,0.23,9,2
2026-07-29,120247360141410278,[AFS] [F3] [CHIPO MOYO]  V6,120247360141370278,62,62,53,98,183,8.84,261,48
2026-07-29,120247360141440278,,,0,0,0,0,0,0,1,1
2026-07-29,120247360141470278,[AFS] [F3] [CHIPO MOYO]  V5,120247360141370278,53,53,48,52,156,6.15,187,32
2026-07-29,120247360141480278,[AFS] [F3] [CHIPO MOYO]  V4,120247360141370278,45,45,40,71,138,6.11,159,31
2026-07-29,120247360141490278,[AFS] [F3] [CHIPO MOYO]  V2,120247360141370278,45,45,39,36,132,2.93,107,29
2026-07-29,120247360356770278,[AFS] [F3] [FATOUMATA TRAORE] V4,120247360356710278,51,51,44,56,153,6.76,183,39
2026-07-29,120247360356790278,[AFS] [F3] [FATOUMATA TRAORE] V6,120247360356710278,33,33,30,19,105,2.21,77,19
2026-07-29,120247360356800278,,,0,0,0,0,0,0,1,1
2026-07-29,120247360356810278,[AFS] [F3] [FATOUMATA TRAORE] V3,120247360356710278,1,1,1,3,3,0.53,17,1
2026-07-29,120247360356820278,[AFS] [F3] [FATOUMATA TRAORE] V2,120247360356710278,25,25,22,23,75,3.16,82,19
2026-07-29,120247360356830278,[AFS] [F3] [FATOUMATA TRAORE] V1,120247360356710278,61,61,56,66,186,4.80,176,41
2026-07-29,120247360531040278,[AFS] [F3] [AMINATA DIALLO] V1,120247360531070278,6,6,5,6,15,0.25,7,4
2026-07-29,120247360531120278,[AFS] [F3] [AMINATA DIALLO] V3,120247360531070278,45,45,41,66,132,5.02,176,36
2026-07-29,120247360531130278,[AFS] [F3] [AMINATA DIALLO] V5,120247360531070278,39,39,34,54,123,6.17,177,28
2026-07-29,120247360531140278,[AFS] [F3] [AMINATA DIALLO] V6,120247360531070278,77,77,66,113,234,9.65,288,62
2026-07-29,120247360531150278,,,0,0,0,0,3,0.00,2,1
2026-07-29,120247360531160278,[AFS] [F3] [AMINATA DIALLO] V2,120247360531070278,1,1,1,0,3,0.01,6,1
2026-07-29,120247382249520278,[AFS_RELA_EN_BOT_0001] [NOURBESE] V1,120247382249440278,2,2,2,3,6,0.37,4,1
2026-07-29,120247382249530278,[AFS_RELA_EN_BOT_0001] [NOURBESE] V2,120247382249440278,2,2,1,0,6,0.00,15,1
2026-07-29,120247382249540278,[AFS_RELA_EN_BOT_0001] [NOURBESE] V5,120247382249440278,2,2,2,3,6,0.33,11,1
2026-07-29,120247382249550278,[AFS_RELA_EN_BOT_0001] [NOURBESE] V6,120247382249440278,1,1,1,0,3,0.06,2,1
2026-07-29,120247382323040278,[AFS] [F3] [WANGARI KAMAU] V4,120247382322970278,52,52,48,73,159,8.87,250,44
2026-07-29,120247382323050278,[AFS] [F3] [WANGARI KAMAU] V6,120247382322970278,47,47,47,63,138,5.64,200,46
2026-07-29,120247382323060278,[AFS] [F3] [WANGARI KAMAU] V5,120247382322970278,54,54,49,60,165,5.58,158,35
2026-07-29,120247382323070278,[AFS] [F3] [WANGARI KAMAU] V2,120247382322970278,58,58,54,87,177,6.78,199,45
2026-07-29,120247382323080278,[AFS] [F3] [WANGARI KAMAU] V3,120247382322970278,53,53,47,74,147,6.52,251,48
2026-07-29,120247382323090278,[AFS] [F3] [WANGARI KAMAU] V1,120247382322970278,54,54,54,73,156,7.97,252,47
2026-07-29,120247488168300278,[AFS] [F3] [BONTLE MODISE] V1,120247488168210278,48,48,45,76,147,7.22,204,40
2026-07-29,120247488215910278,[AFS] [F3] [BONTLE MODISE] V2,120247488168210278,59,59,54,61,165,4.42,178,37
2026-07-29,120247488220950278,[AFS] [F3] [BONTLE MODISE] V3,120247488168210278,44,44,39,45,120,3.39,137,30
2026-07-29,120247488225850278,[AFS] [F3] [BONTLE MODISE] V4,120247488168210278,41,41,36,55,114,4.20,175,37
2026-07-29,120247488230320278,[AFS] [F3] [BONTLE MODISE] V5,120247488168210278,39,39,36,71,117,7.33,225,35
2026-07-29,120247488234950278,,,0,0,0,0,0,0,1,1
2026-07-29,120247488259350278,[AFS] [F3] [LUNGILE HADEBE] V1,120247488259330278,60,60,51,85,198,5.34,187,46
2026-07-29,120247488354910278,,,0,0,0,0,0,0,1,1
2026-07-29,120247488368490278,,,0,0,0,0,0,0,2,1
2026-07-29,120247488373900278,,,0,0,0,0,0,0,6,2
2026-07-29,120247488419540278,[AFS] [F3] [LUNGILE HADEBE] V6,120247488259330278,46,46,41,52,150,4.36,128,33
2026-07-29,120247488474100278,[AFS] [F3] [LERATO MAHLANGU] V1,120247488474000278,61,61,56,65,177,7.14,218,48
2026-07-29,120247488538970278,[AFS] [F3] [LERATO MAHLANGU] V2,120247488474000278,1,1,1,2,3,0.08,3,1
2026-07-29,120247488660110278,[AFS] [F3] [LERATO MAHLANGU] V3,120247488474000278,42,42,38,61,123,4.52,164,36
2026-07-29,120247488793560278,[AFS] [F3] [LERATO MAHLANGU] V4,120247488474000278,38,38,33,45,117,3.34,107,26
2026-07-29,120247488827940278,[AFS] [F3] [LERATO MAHLANGU] V5,120247488474000278,97,97,90,144,303,10.11,272,67
2026-07-29,120247488854820278,[AFS] [F3] [LERATO MAHLANGU] V6,120247488474000278,43,43,38,43,117,4.39,156,32
2026-07-29,120247488968980278,[AFS] [F3] [NOURBESE ACHEBE] V2,120247488930090278,44,44,40,49,129,6.03,185,31
2026-07-29,120247488989090278,[AFS] [F3] [NOURBESE ACHEBE] V3,120247488930090278,1,1,1,0,3,0.00,0,0
2026-07-29,120247489016960278,[AFS] [F3] [NOURBESE ACHEBE] V5,120247488930090278,32,32,31,57,93,6.38,157,27
2026-07-29,120247489033080278,,,0,0,0,0,0,0,2,1
2026-07-29,120247489048840278,,,0,0,0,0,0,0,3,1
2026-07-29,120247489055990278,,,0,0,0,0,0,0,5,2
2026-07-29,120247489113490278,[AFS] [F3] [NONHLANHLA CELE] V2,120247489056040278,31,31,29,41,102,3.23,83,21
2026-07-29,120247489137090278,,,0,0,0,0,0,0,2,2
2026-07-29,120247489142030278,,,0,0,0,0,0,0,3,2
2026-07-29,120247489148840278,,,0,0,0,0,0,0,2,1
2026-07-29,120247489149860278,[AFS] [F3] [NONHLANHLA CELE] V4,120247489056040278,35,35,33,40,102,3.02,71,19
2026-07-29,120247489152530278,,,0,0,0,0,0,0,2,1
2026-07-29,120247489155770278,,,0,0,0,0,0,0,28,5
2026-07-29,120247489155880278,[AFS] [F3] [NONHLANHLA CELE] V5,120247489056040278,1,1,1,3,3,0.13,4,1
2026-07-29,120247489160520278,[AFS] [F3] [NONHLANHLA CELE] V6,120247489056040278,106,106,93,160,318,12.83,435,85
2026-07-29,120247490618490278,,,0,0,0,0,0,0,1,1
2026-07-29,120247490699100278,,,0,0,0,0,0,0,1,1
2026-07-29,120247506168140278,[AFS] [F3] [BONGEKILE ZUNGU] V1,120247506168050278,30,30,28,36,87,3.35,112,24
2026-07-29,120247506197150278,,,0,0,0,0,0,0,2,1
2026-07-29,120247506216350278,[AFS] [F3] [BONGEKILE ZUNGU] V4,120247506168050278,24,24,22,32,78,4.28,113,18
2026-07-29,120247506249690278,[AFS] [F3] [BONGEKILE ZUNGU] V6,120247506168050278,33,33,30,23,108,2.30,53,13
2026-07-29,120247506424250278,[AFS] [F3] [MBALI BUTHELEZI] V1,120247506424170278,37,37,34,52,117,4.26,134,32
2026-07-29,120247506530130278,[AFS] [F3] [MBALI BUTHELEZI] V2,120247506424170278,40,40,32,61,114,6.17,169,25
2026-07-29,120247506542160278,[AFS] [F3] [MBALI BUTHELEZI] V3,120247506424170278,27,27,25,34,72,2.20,88,21
2026-07-29,120247506551600278,[AFS] [F3] [MBALI BUTHELEZI] V4,120247506424170278,1,1,1,0,3,0.00,0,0
2026-07-29,120247506560570278,[AFS] [F3] [MBALI BUTHELEZI] V5,120247506424170278,46,46,39,50,138,5.03,136,30
2026-07-29,120247511563030278,,,0,0,0,0,0,0,5,1
2026-07-29,120247565170940278,,,0,0,0,0,0,0,1,1
2026-07-29,120247565218940278,,,0,0,0,0,0,0,1,1
2026-07-29,120247565265520278,,,0,0,0,0,0,0,8,2
2026-07-29,120247565319140278,,,0,0,0,0,0,0,9,1
2026-07-29,120247566326940278,,,0,0,0,0,0,0,7,2
2026-07-29,120247566362420278,,,0,0,0,0,0,0,14,3
2026-07-29,120247566417460278,,,0,0,0,0,0,0,3,2
2026-07-29,120247566440100278,,,0,0,0,0,0,0,1,1
2026-07-29,120247566460400278,,,0,0,0,0,0,0,3,1
2026-07-29,120247566488020278,,,0,0,0,0,0,0,5,1
2026-07-29,120247566493330278,,,0,0,0,0,0,0,2,1
2026-07-29,120247566496630278,,,0,0,0,0,0,0,4,4
2026-07-29,120247566505120278,,,0,0,0,0,0,0,1,1
2026-07-29,120247566509570278,,,0,0,0,0,0,0,13,3
2026-07-29,120247566558640278,[AFS] [F3] [BISOLA FASHOLA] V2,120247566544730278,25,25,25,23,69,1.38,68,18
2026-07-29,120247566567050278,[AFS] [F3] [BISOLA FASHOLA] V4,120247566544730278,37,37,37,37,105,2.81,122,29
2026-07-29,120247566569190278,[AFS] [F3] [BISOLA FASHOLA] V6,120247566544730278,16,16,16,14,48,1.07,35,12
2026-07-29,120247566640090278,[AFS] [F3] [TEMILADE OGUNBIYI] V4,120247566626060278,1,1,1,0,0,0,6,2
2026-07-29,120247566662340278,[AFS] [F3] [BOITUMELO SEABI] V1,120247566662260278,1,1,1,0,3,0.00,0,0
2026-07-29,120247566694500278,[AFS] [F3] [BOITUMELO SEABI] V2,120247566662260278,1,1,1,0,3,0.00,0,0
2026-07-29,120247566701950278,,,0,0,0,0,0,0,1,1
2026-07-29,120247566705080278,[AFS] [F3] [BOITUMELO SEABI] V5,120247566662260278,1,1,1,0,3,0.00,0,0
2026-07-29,120247639349700278,,,0,0,0,0,0,0,2,2
2026-07-29,120247639363010278,,,0,0,0,0,0,0,1,1
2026-07-29,120247639366370278,,,0,0,0,0,0,0,3,1
2026-07-29,120247639374090278,,,0,0,0,0,0,0,3,1
2026-07-29,120247788946870330,[BR] [F1] [Fernanda Souza] V1,120247788946770330,73,73,73,0,282,0.00,0,0
2026-07-29,120247788986680330,[BR] [F1] [Fernanda Souza] V2,120247788946770330,88,88,88,0,327,0.00,0,0
2026-07-29,120247788998700330,[BR] [F1] [Fernanda Souza] V3,120247788946770330,134,134,134,0,504,0.00,0,0
2026-07-29,120247789002270330,[BR] [F1] [Fernanda Souza] V4,120247788946770330,88,88,88,0,336,0.00,0,0
2026-07-29,120247789007260330,[BR] [F1] [Fernanda Souza] V5,120247788946770330,50,50,50,0,234,0.00,0,0
2026-07-29,120247789017660330,[BR] [F1] [Fernanda Souza] V6,120247788946770330,81,81,81,0,333,0.00,0,0
2026-07-29,120247789077830330,[BR] [F1] [Mariana Oliveira] V1,120247789077760330,67,67,67,0,246,0.00,0,0
2026-07-29,120247789270830330,[BR] [F1] [Mariana Oliveira] V2,120247789077760330,74,74,74,0,267,0.00,0,0
2026-07-29,120247789337620330,[BR] [F1] [Mariana Oliveira] V3,120247789077760330,96,96,96,0,381,0.00,0,0
2026-07-29,120247789376620330,[BR] [F1] [Mariana Oliveira] V4,120247789077760330,71,71,71,0,252,0.00,0,0
2026-07-29,120247789415480330,[BR] [F1] [Mariana Oliveira] V5,120247789077760330,66,66,66,0,231,0.00,0,0
2026-07-29,120247789430170330,[BR] [F1] [Mariana Oliveira] V6,120247789077760330,115,115,115,0,453,0.00,0,0
2026-07-29,120247789489630330,[BR] [F1] [Larissa Rodrigues] V1,120247789489540330,51,51,51,0,198,0.00,0,0
2026-07-29,120247789696910330,[BR] [F1] [Larissa Rodrigues] V2,120247789489540330,48,48,48,0,192,0.00,0,0
2026-07-29,120247789742310330,[BR] [F1] [Larissa Rodrigues] V3,120247789489540330,42,42,42,0,180,0.00,0,0
2026-07-29,120247789776200330,[BR] [F1] [Larissa Rodrigues] V4,120247789489540330,93,93,93,0,348,0.00,0,0
2026-07-29,120247789784130330,[BR] [F1] [Larissa Rodrigues] V5,120247789489540330,67,67,67,0,258,0.00,0,0
2026-07-29,120247789789060330,[BR] [F1] [Larissa Rodrigues] V6,120247789489540330,88,88,88,0,333,0.00,0,0
2026-07-29,120247789829370330,[BR] [F1] [Beatriz Almeida] V1,120247789829290330,92,92,92,0,357,0.00,0,0
2026-07-29,120247789884900330,[BR] [F1] [Beatriz Almeida] V2,120247789829290330,99,99,99,0,360,0.00,0,0
2026-07-29,120247789895820330,[BR] [F1] [Beatriz Almeida] V3,120247789829290330,118,118,118,0,459,0.00,0,0
2026-07-29,120247789907960330,[BR] [F1] [Beatriz Almeida] V4,120247789829290330,64,64,64,0,255,0.00,0,0
2026-07-29,120247789927420330,[BR] [F1] [Beatriz Almeida] V5,120247789829290330,79,79,79,0,312,0.00,0,0
2026-07-29,120247789961130330,[BR] [F1] [Beatriz Almeida] V6,120247789829290330,39,39,39,0,177,0.00,0,0
2026-07-29,120247790072460330,[BR] [F1] [Carolina Lima] V1,120247790072450330,75,75,75,0,285,0.00,0,0
2026-07-29,120247790205370330,[BR] [F1] [Carolina Lima] V2,120247790072450330,40,40,40,0,171,0.00,0,0
2026-07-29,120247790236810330,[BR] [F1] [Carolina Lima] V3,120247790072450330,70,70,70,0,288,0.00,0,0
2026-07-29,120247790277720330,[BR] [F1] [Carolina Lima] V4,120247790072450330,122,122,122,0,444,0.00,0,0
2026-07-29,120247790308570330,[BR] [F1] [Carolina Lima] V5,120247790072450330,127,127,127,0,504,0.00,0,0
2026-07-29,120247790337370330,[BR] [F1] [Carolina Lima] V6,120247790072450330,192,192,192,0,723,0.00,0,0
2026-07-29,120247811001390330,[BR] [F1] [Gabriela Santos] V1,120247811001220330,124,124,124,0,447,0.00,0,0
2026-07-29,120247811320320330,[BR] [F1] [Gabriela Santos] V2,120247811001220330,84,84,84,0,291,0.00,0,0
2026-07-29,120247811382770330,[BR] [F1] [Gabriela Santos] V3,120247811001220330,135,135,135,0,498,0.00,0,0
2026-07-29,120247811582300330,[BR] [F1] [Gabriela Santos] V4,120247811001220330,77,77,77,0,276,0.00,0,0
2026-07-29,120247811833010330,[BR] [F1] [Gabriela Santos] V5,120247811001220330,105,105,105,0,387,0.00,0,0
2026-07-29,120247811912400330,[BR] [F1] [Gabriela Santos] V6,120247811001220330,152,152,152,0,540,0.00,0,0
2026-07-29,120247812183780330,[BR] [F1] [Isabela Carvalho] V1,120247812183790330,74,74,74,0,294,0.00,0,0
2026-07-29,120247812443470330,[BR] [F1] [Isabela Carvalho] V2,120247812183790330,87,87,87,0,291,0.00,0,0
2026-07-29,120247812562160330,[BR] [F1] [Isabela Carvalho] V3,120247812183790330,59,59,59,0,249,0.00,0,0
2026-07-29,120247812648670330,[BR] [F1] [Isabela Carvalho] V4,120247812183790330,67,67,67,0,261,0.00,0,0
2026-07-29,120247812714140330,[BR] [F1] [Isabela Carvalho] V5,120247812183790330,90,90,90,0,363,0.00,0,0
2026-07-29,120247812799130330,[BR] [F1] [Isabela Carvalho] V6,120247812183790330,138,138,138,0,489,0.00,0,0
2026-07-29,120247813181780330,[BR] [F1] [Amanda Martins] V1,120247813181790330,96,96,96,0,363,0.00,0,0
2026-07-29,120247813442830330,[BR] [F1] [Amanda Martins] V2,120247813181790330,93,93,93,0,381,0.00,0,0
2026-07-29,120247813533730330,[BR] [F1] [Amanda Martins] V3,120247813181790330,91,91,91,0,330,0.00,0,0
2026-07-29,120247813597960330,[BR] [F1] [Amanda Martins] V4,120247813181790330,194,194,194,0,681,0.00,0,0
2026-07-29,120247813654330330,[BR] [F1] [Amanda Martins] V5,120247813181790330,99,99,99,0,372,0.00,0,0
2026-07-29,120247813708350330,[BR] [F1] [Amanda Martins] V6,120247813181790330,91,91,91,0,321,0.00,0,0
2026-07-29,120247813826220330,[BR] [F1] [Camila Ferreira] V1,120247813826140330,79,79,79,0,285,0.00,0,0
2026-07-29,120247813886390330,[BR] [F1] [Camila Ferreira] V2,120247813826140330,103,103,103,0,357,0.00,0,0
2026-07-29,120247813898610330,[BR] [F1] [Camila Ferreira] V3,120247813826140330,159,159,159,0,570,0.00,0,0
2026-07-29,120247813910810330,[BR] [F1] [Camila Ferreira] V4,120247813826140330,118,118,118,0,417,0.00,0,0
2026-07-29,120247813916130330,[BR] [F1] [Camila Ferreira] V5,120247813826140330,80,80,80,0,303,0.00,0,0
2026-07-29,120247813921210330,[BR] [F1] [Camila Ferreira] V6,120247813826140330,96,96,96,0,324,0.00,0,0
2026-07-29,120247813932040330,[BR] [F1] [Juliana Costa] V2,120247813931970330,13,13,13,0,135,0.00,0,0
2026-07-29,120247813966280330,[BR] [F1] [Juliana Costa] V3,120247813931970330,34,34,34,0,237,0.00,0,0
2026-07-29,120247813985730330,[BR] [F1] [Juliana Costa] V4,120247813931970330,9,9,9,0,72,0.00,0,0
2026-07-29,120247813993180330,[BR] [F1] [Juliana Costa] V5,120247813931970330,11,11,11,0,90,0.00,0,0
2026-07-29,120247814050020330,[BR] [F1] [Juliana Costa] V6,120247813931970330,9,9,9,0,60,0.00,0,0
2026-07-29,120247814139550330,[BR] [F1] [Juliana Costa] V1,120247813931970330,5,5,5,0,72,0.00,0,0
2026-07-29,120253079044420281,[AFS] [F3] [ZOLA OKAFOR] V1,120253079044410281,1,1,1,0,3,0.00,6,1
2026-07-29,120253079117950281,[AFS] [F3] [ZOLA OKAFOR] V3,120253079044410281,1,1,1,0,3,0.00,1,1
2026-07-29,120253079128080281,[AFS] [F3] [ZOLA OKAFOR] V5,120253079044410281,1,1,1,3,3,0.45,13,2
2026-07-29,120253079132510281,[AFS] [F3] [ZOLA OKAFOR] V6,120253079044410281,24,24,24,8,66,1.73,50,9
2026-07-29,120253082530860281,,,0,0,0,0,0,0,1,1
2026-07-29,120253082684680281,,,0,0,0,0,3,0.00,0,0
2026-07-29,120253082723400281,[AFS] [F3] [NOSIZWE HLONGWANE] V3,120253082530810281,45,45,45,67,129,6.31,200,40
2026-07-29,120253082732550281,[AFS] [F3] [NOSIZWE HLONGWANE] V4,120253082530810281,1,1,1,0,3,0.00,0,0
2026-07-29,120253082737930281,[AFS] [F3] [NOSIZWE HLONGWANE] V5,120253082530810281,30,30,30,48,93,5.66,121,23
2026-07-29,120253082741790281,[AFS] [F3] [NOSIZWE HLONGWANE] V6,120253082530810281,3,3,3,5,9,0.44,12,2
2026-07-29,120253082817280281,,,0,0,0,0,0,0,17,5
2026-07-29,120253082849840281,,,0,0,0,0,0,0,5,2
2026-07-29,120253101270940281,,,0,0,0,0,0,0,4,2
2026-07-29,120253101284450281,[AFS] [F3] [SINDISIWE XABA] V2,120253101270850281,57,57,57,56,171,4.18,176,41
2026-07-29,120253101286320281,,,0,0,0,0,0,0,1,1
2026-07-29,120253101288330281,[AFS] [F3] [SINDISIWE XABA] V4,120253101270850281,33,33,33,32,102,1.61,80,26
2026-07-29,120253101296180281,,,0,0,0,0,0,0,1,1
2026-07-29,120253101303050281,[AFS] [F3] [AYANDA ZULU]  V1,120253101302970281,34,34,34,49,102,5.69,141,27
2026-07-29,120253101316180281,[AFS] [F3] [AYANDA ZULU] V2,120253101302970281,1,1,1,0,3,0.00,4,1
2026-07-29,120253101321190281,[AFS] [F3] [AYANDA ZULU]  V4,120253101302970281,44,44,44,62,138,4.78,159,37
2026-07-29,120253101322290281,[AFS] [F3] [AYANDA ZULU]  V5,120253101302970281,21,21,21,29,66,2.33,61,16
2026-07-29,120253101330930281,[AFS] [F3] [TARIRO CHIKORE] V1,120253101330870281,3,3,3,6,9,0.41,12,3
2026-07-29,120253101346700281,[AFS] [F3] [TARIRO CHIKORE] V3,120253101330870281,41,41,41,83,120,7.32,228,44
2026-07-29,120253101348250281,[AFS] [F3] [TARIRO CHIKORE] V4,120253101330870281,1,1,1,3,3,0.12,4,1
2026-07-29,120253136853570281,[AFS] [F3] [BISOLA FASHOLA] V2,120253136735780281,1,1,1,2,3,0.14,0,0
2026-07-29,120253136864150281,[AFS] [F3] [BISOLA FASHOLA] V3,120253136735780281,1,1,1,0,3,0.00,0,0
2026-07-29,120253136874720281,,,0,0,0,0,0,0,1,1
2026-07-29,120253136890790281,[AFS] [F3] [BISOLA FASHOLA] V6,120253136735780281,2,2,2,3,6,0.11,3,1
2026-07-29,120253137096490281,,,0,0,0,0,0,0,3,1
2026-07-29,120253137141160281,,,0,0,0,0,0,0,2,1
2026-07-29,120253137147810281,,,0,0,0,0,0,0,1,1
2026-07-29,120253137204850281,[AFS] [F3] [BOITUMELO SEABI] V2,120253137172780281,50,50,50,60,153,5.33,169,40
2026-07-29,120253137209500281,,,0,0,0,0,0,0,3,2
2026-07-29,120253137215430281,[AFS] [F3] [BOITUMELO SEABI] V4,120253137172780281,9,9,9,8,30,1.09,37,8
2026-07-29,120253137221200281,[AFS] [F3] [BOITUMELO SEABI] V5,120253137172780281,1,1,1,0,3,0.00,0,0
2026-07-29,120253137226520281,,,0,0,0,0,0,0,1,1
2026-07-29,120253138463570281,,,0,0,0,0,0,0,1,1
2026-07-29,120253138571220281,[AFS] [F3] [DAMILOLA ADEWALE] V2,120253138463510281,2,2,2,0,6,0.00,0,0
2026-07-29,120253138575670281,[AFS] [F3] [DAMILOLA ADEWALE] V3,120253138463510281,24,24,24,4,75,1.04,44,13
2026-07-29,120253138581950281,,,0,0,0,0,0,0,1,1
2026-07-29,120253138584190281,[AFS] [F3] [DAMILOLA ADEWALE] V5,120253138463510281,1,1,1,3,3,0.75,29,4
2026-07-29,120253138587130281,[AFS] [F3] [DAMILOLA ADEWALE] V6,120253138463510281,1,1,1,0,3,0.07,2,1
2026-07-29,120253138672320281,[AFS] [F3] [KIKELOMO BAKARE] V1,120253138672250281,1,1,1,0,3,0.00,0,0
2026-07-29,120253138733630281,[AFS] [F3] [KIKELOMO BAKARE] V2,120253138672250281,35,35,35,37,111,3.89,129,29
2026-07-29,120253138736470281,,,0,0,0,0,0,0,3,1
2026-07-29,120253138745550281,,,0,0,0,0,0,0,2,1
2026-07-29,120253138753460281,,,0,0,0,0,0,0,1,1
2026-07-29,120253138878630281,[AFS] [F3] [TOLULOPE ADEBAYO] V2,120253138766230281,1,1,1,2,3,0.03,1,1
2026-07-29,120253138906100281,[AFS] [F3] [TOLULOPE ADEBAYO] V3,120253138766230281,1,1,1,3,3,0.07,2,2
2026-07-29,120253138919620281,[AFS] [F3] [TOLULOPE ADEBAYO] V4,120253138766230281,1,1,1,3,3,0.05,3,2
2026-07-29,120253138933900281,[AFS] [F3] [TOLULOPE ADEBAYO] V5,120253138766230281,73,73,73,127,219,10.30,273,54
2026-07-29,120253138944340281,[AFS] [F3] [TOLULOPE ADEBAYO] V6,120253138766230281,2,2,2,6,6,0.23,9,3
2026-07-29,120253141499830281,[AFS] [F3] [PRECIOUS NCUBE] V2,120253141376060281,41,41,41,67,120,5.48,190,36
2026-07-29,120253141501720281,[AFS] [F3] [PRECIOUS NCUBE] V3,120253141376060281,30,30,30,36,90,4.90,126,18
2026-07-29,120253141502670281,[AFS] [F3] [PRECIOUS NCUBE] V4,120253141376060281,1,1,1,2,3,0.12,1,1
2026-07-29,120253141509190281,,,0,0,0,0,0,0,6,2
2026-07-29,120253141635530281,[AFS] [F3] [FAITH MSIMANG] V1,120253141635460281,1,1,1,0,0,0,4,1
2026-07-29,120253141724210281,[AFS] [F3] [FAITH MSIMANG] V2,120253141635460281,1,1,1,0,3,0.00,0,0
2026-07-29,120253141747920281,[AFS] [F3] [FAITH MSIMANG] V4,120253141635460281,71,71,71,135,207,10.22,405,73
2026-07-29,120253141780200281,[AFS] [F3] [FAITH MSIMANG] V5,120253141635460281,53,53,53,118,162,11.37,361,47
2026-07-29,120253141807020281,,,0,0,0,0,0,0,1,1
2026-07-29,120253141863660281,[AFS] [F3] [MARTHA MHLONGO] V1,120253141863550281,1,1,1,0,3,0.00,3,2
2026-07-29,120253141934410281,[AFS] [F3] [MARTHA MHLONGO] V2,120253141863550281,1,1,1,2,3,0.05,0,0
2026-07-29,120253141937270281,,,0,0,0,0,0,0,5,2
2026-07-29,120253141941400281,,,0,0,0,0,0,0,1,1
2026-07-29,120253141945370281,[AFS] [F3] [MARTHA MHLONGO] V5,120253141863550281,60,60,60,58,192,4.02,148,45
2026-07-29,120253141950760281,[AFS] [F3] [MARTHA MHLONGO] V6,120253141863550281,1,1,1,0,3,0.00,2,1
2026-07-29,120253142005590281,,,0,0,0,0,0,0,1,1
2026-07-29,120253142011070281,,,0,0,0,0,0,0,1,1
2026-07-29,120253142027880281,[AFS] [F3] [BRENDA MTHETHWA] V5,120253141969930281,1,1,1,3,3,0.35,10,1
2026-07-29,120253142036410281,,,0,0,0,0,0,0,1,1
2026-07-29,120253142282790281,[AFS] [F3] [CHARMAINE MABUZA] V2,120253142123820281,1,1,1,0,0,0,0,0
2026-07-29,120253142290360281,[AFS] [F3] [CHARMAINE MABUZA] V3,120253142123820281,1,1,1,0,3,0.00,0,0
2026-07-29,120253142297110281,[AFS] [F3] [CHARMAINE MABUZA] V4,120253142123820281,30,30,30,33,90,2.80,101,22
2026-07-29,120253142306480281,[AFS] [F3] [CHARMAINE MABUZA] V6,120253142123820281,31,31,31,37,93,3.80,127,21
2026-07-29,120253167383880281,[AFS] [F3] [AMANDA MHLONGO] V1,120253167383820281,91,91,91,183,276,14.49,448,86
2026-07-29,120253167426990281,[AFS] [F3] [AMANDA MHLONGO] V4,120253167383820281,2,2,2,0,6,0.00,3,1
2026-07-29,120253167433710281,,,0,0,0,0,0,0,2,2
2026-07-29,120253167657030281,[AFS] [F3] [THULISILE MDLULI] V2,120253167453110281,1,1,1,0,3,0.04,4,2
2026-07-29,120253167666800281,[AFS] [F3] [THULISILE MDLULI] V3,120253167453110281,1,1,1,3,3,0.18,4,1
2026-07-29,120253167671240281,[AFS] [F3] [THULISILE MDLULI] V4,120253167453110281,1,1,1,0,3,0.01,0,0
2026-07-29,120253167676340281,,,0,0,0,0,0,0,2,1
2026-07-29,120253167681590281,[AFS] [F3] [THULISILE MDLULI] V6,120253167453110281,1,1,1,0,3,0.00,3,1
2026-07-29,120253167944440281,,,0,0,0,0,0,0,2,1
2026-07-29,120253167947120281,[AFS] [F3] [SAMANTHA MAKHANYA] V3,120253167773160281,36,36,36,47,108,4.46,118,27
2026-07-29,120253167949790281,[AFS] [F3] [SAMANTHA MAKHANYA] V4,120253167773160281,2,2,2,4,6,0.34,4,2
2026-07-29,120253167954350281,[AFS] [F3] [SAMANTHA MAKHANYA] V5,120253167773160281,26,26,26,23,84,2.21,94,24
2026-07-29,120253167956510281,[AFS] [F3] [SAMANTHA MAKHANYA] V6,120253167773160281,24,24,24,44,78,4.21,105,23
2026-07-29,120253168223720281,,,0,0,0,0,0,0,3,2
2026-07-29,120253168272260281,,,0,0,0,0,0,0,1,1
2026-07-29,120253168276010281,[AFS] [F3] [RONKE LAWAL] V3,120253168223660281,13,13,13,6,33,1.76,61,11
2026-07-29,120253168279700281,[AFS] [F3] [RONKE LAWAL] V4,120253168223660281,25,25,25,9,75,1.12,41,14
2026-07-29,120253168282030281,,,0,0,0,0,0,0,5,1
2026-07-29,120253168393840281,[AFS] [F3] [SIMI AFOLAYAN] V2,120253168354220281,1,1,1,2,3,0.14,1,1
2026-07-29,120253168397070281,[AFS] [F3] [SIMI AFOLAYAN] V3,120253168354220281,1,1,1,0,3,0.00,1,1
2026-07-29,120253168399990281,[AFS] [F3] [SIMI AFOLAYAN] V4,120253168354220281,37,37,37,53,114,4.32,122,29
2026-07-29,120253168407870281,[AFS] [F3] [SIMI AFOLAYAN] V6,120253168354220281,1,1,1,2,3,0.06,2,1
2026-07-29,120253168472750281,,,0,0,0,0,0,0,1,1
2026-07-29,120253168474870281,,,0,0,0,0,0,0,1,1
2026-07-29,120253168478000281,,,0,0,0,0,0,0,5,3
2026-07-29,120253224542190281,[AFS] [F3] [FERNANDA RIOS] V1,120253224542110281,32,32,32,37,99,3.74,114,25
2026-07-29,120253224685120281,[AFS] [F3] [FERNANDA RIOS] V4,120253224542110281,1,1,1,0,0,0,0,0
2026-07-29,120253224769150281,[AFS] [F3] [Ngozi Anozie] V1,120253224769080281,1,1,1,3,3,0.18,7,1
2026-07-29,120253224960730281,[AFS] [F3] [Ngozi Anozie] V2,120253224769080281,168,168,168,364,507,27.59,844,160
2026-07-29,120253224985020281,[AFS] [F3] [Ngozi Anozie] V4,120253224769080281,1,1,1,3,3,0.28,9,2
2026-07-29,120253225009820281,[AFS] [F3] [Michelle Ndlovu] V1,120253225009810281,30,30,30,32,93,4.00,122,21
2026-07-29,120253225026480281,[AFS] [F3] [Michelle Ndlovu] V2,120253225009810281,45,45,45,79,141,7.05,257,46
2026-07-29,120253225029450281,[AFS] [F3] [Michelle Ndlovu] V3,120253225009810281,39,39,39,66,120,6.31,190,33
2026-07-29,120253225038370281,[AFS] [F3] [Michelle Ndlovu] V6,120253225009810281,32,32,32,26,99,1.81,73,26
2026-07-29,120253225073690281,[AFS] [F3] [Candice Mhlongo] V1,120253225073650281,23,23,23,28,72,1.74,47,11
2026-07-29,120253225087760281,[AFS] [F3] [Candice Mhlongo] V2,120253225073650281,42,42,42,54,120,3.70,95,26
2026-07-29,120253225101570281,[AFS] [F3] [Candice Mhlongo] V3,120253225073650281,1,1,1,2,3,0.06,0,0
2026-07-29,120253225111400281,[AFS] [F3] [Candice Mhlongo] V4,120253225073650281,59,59,59,100,183,8.19,241,46
2026-07-29,120253225135180281,[AFS] [F3] [Candice Mhlongo] V5,120253225073650281,48,48,48,62,135,5.31,175,40
2026-07-29,120253225450210281,[AFS] [F3] [Nokuthula Hadebe] V2,120253225329830281,2,2,2,6,6,0.61,19,2
2026-07-29,120253225501180281,[AFS] [F3] [Nokuthula Hadebe] V3,120253225329830281,37,37,37,56,117,3.51,135,39
2026-07-29,120253225541760281,,,0,0,0,3,3,0.21,1,1
2026-07-29,120253225586410281,[AFS] [F3] [Nokuthula Hadebe] V5,120253225329830281,35,35,35,63,105,4.02,123,32
2026-07-29,120253225638960281,[AFS] [F3] [Nokuthula Hadebe] V6,120253225329830281,30,30,30,44,93,3.95,105,23
2026-07-29,120253225795580281,[AFS] [F3] [Tebogo Mokoena] V1,120253225795550281,153,153,153,326,486,21.96,747,168
2026-07-29,120253225872080281,[AFS] [F3] [Tebogo Mokoena] V2,120253225795550281,47,47,47,75,147,4.97,209,43
2026-07-29,120253225880820281,[AFS] [F3] [Tebogo Mokoena] V3,120253225795550281,46,46,46,97,162,8.39,216,44
2026-07-29,120253225889030281,,,0,0,0,0,0,0,7,1
2026-07-29,120253225931950281,[AFS] [F3] [Tebogo Mokoena] V5,120253225795550281,67,67,67,143,204,12.92,323,70
2026-07-29,120253226001460281,[AFS] [F3] [Tebogo Mokoena] V6,120253225795550281,54,54,54,102,165,6.45,181,42
2026-07-29,120253302500270281,[AFS] [F3] [BRENDA MTHETHWA] V2,120253302500230281,36,36,36,24,99,2.78,87,22
2026-07-29,120253302500280281,[AFS] [F3] [BRENDA MTHETHWA] V6,120253302500230281,19,19,19,24,57,1.80,60,17
2026-07-29,120253302500320281,[AFS] [F3] [BRENDA MTHETHWA] V1,120253302500230281,21,21,21,21,60,2.68,79,18
2026-07-29,120253302500340281,[AFS] [F3] [BRENDA MTHETHWA] V3,120253302500230281,33,33,33,31,102,2.38,102,21
2026-07-29,120253302500350281,[AFS] [F3] [BRENDA MTHETHWA] V4,120253302500230281,14,14,14,12,42,1.53,38,10
2026-07-29,120253302500360281,[AFS] [F3] [BRENDA MTHETHWA] V5,120253302500230281,49,49,49,51,141,4.28,167,38
2026-07-29,120253303569730281,[AFS] [F3] [CYNTHIA MASEKO] V1,120253303569690281,23,23,23,24,69,2.68,75,14
2026-07-29,120253303638220281,[AFS] [F3] [CYNTHIA MASEKO] V2,120253303569690281,19,19,19,10,48,1.53,46,18
2026-07-29,120253303642850281,[AFS] [F3] [CYNTHIA MASEKO] V3,120253303569690281,31,31,31,28,90,3.09,107,27
2026-07-29,120253303657180281,[AFS] [F3] [CYNTHIA MASEKO] V4,120253303569690281,31,31,31,11,90,0.85,48,20
2026-07-29,120253303673670281,[AFS] [F3] [CYNTHIA MASEKO] V5,120253303569690281,33,33,33,22,114,2.26,107,23
2026-07-29,120253303687920281,[AFS] [F3] [CYNTHIA MASEKO] V6,120253303569690281,46,46,46,30,144,2.57,80,22
2026-07-29,120253303763750281,[AFS] [F3] [THULISILE MDLULI] V1,120253167453110281,40,40,40,35,120,3.04,113,35
2026-07-29,120253303916230281,[AFS] [F3] [THULISILE MDLULI] V2,120253167453110281,28,28,28,31,84,3.35,85,20
2026-07-29,120253303936160281,[AFS] [F3] [THULISILE MDLULI] V3,120253167453110281,23,23,23,15,54,1.20,50,14
2026-07-29,120253303941140281,[AFS] [F3] [THULISILE MDLULI] V4,120253167453110281,27,27,27,19,81,2.98,71,13
2026-07-29,120253303948480281,[AFS] [F3] [THULISILE MDLULI] V5,120253167453110281,21,21,21,22,69,2.44,65,15
2026-07-29,120253303964040281,[AFS] [F3] [THULISILE MDLULI] V6,120253167453110281,18,18,18,5,51,0.53,27,10
2026-07-29,120253304045990281,[AFS] [F3] [NOKWAZI NENE] V1,120253304045940281,18,18,18,15,60,1.86,83,17
2026-07-29,120253304105950281,[AFS] [F3] [NOKWAZI NENE] V2,120253304045940281,25,25,25,33,75,3.81,93,21
2026-07-29,120253304168340281,[AFS] [F3] [NOKWAZI NENE] V3,120253304045940281,28,28,28,28,81,2.71,99,25
2026-07-29,120253304195760281,[AFS] [F3] [NOKWAZI NENE] V4,120253304045940281,31,31,31,14,93,1.71,58,9
2026-07-29,120253304211740281,[AFS] [F3] [NOKWAZI NENE] V5,120253304045940281,20,20,20,10,66,0.81,59,13
2026-07-29,120253304219800281,[AFS] [F3] [NOKWAZI NENE] V6,120253304045940281,14,14,14,12,45,1.52,84,11
2026-07-29,120253304289250281,[AFS] [F3] [WENDY MSIMANG] V1,120253304289200281,48,48,48,49,147,4.84,172,38
2026-07-29,120253304462120281,[AFS] [F3] [WENDY MSIMANG] V2,120253304289200281,35,35,35,26,102,2.28,68,20
2026-07-29,120253304511230281,[AFS] [F3] [WENDY MSIMANG] V3,120253304289200281,28,28,28,34,93,2.49,77,22
2026-07-29,120253304699650281,[AFS] [F3] [WENDY MSIMANG] V4,120253304289200281,28,28,28,37,84,2.94,77,14
2026-07-29,120253304752230281,[AFS] [F3] [WENDY MSIMANG] V5,120253304289200281,23,23,23,37,63,3.79,114,23
2026-07-29,120253304775170281,[AFS] [F3] [WENDY MSIMANG] V6,120253304289200281,16,16,16,21,51,1.43,53,14
2026-07-30,120247357080980278,[AFS] [F3] [AMARA OKAFOR] V5,120247357080990278,42,42,40,50,123,4.09,174,31
2026-07-30,120247357081010278,[AFS] [F3] [AMARA OKAFOR] V6,120247357080990278,60,60,48,73,186,6.04,224,49
2026-07-30,120247357081030278,[AFS] [F3] [AMARA OKAFOR] V3,120247357080990278,47,47,42,64,150,4.67,181,41
2026-07-30,120247357081040278,[AFS] [F3] [AMARA OKAFOR] V2,120247357080990278,52,52,43,62,159,4.67,189,39
2026-07-30,120247357081050278,[AFS] [F3] [AMARA OKAFOR] V4,120247357080990278,42,42,36,50,120,4.66,149,28
2026-07-30,120247357457050278,[AFS] [F3] [ZOLA DLAMINI] V4,120247357456980278,24,24,19,25,75,2.26,92,22
2026-07-30,120247357457070278,[AFS] [F3] [ZOLA DLAMINI] V3,120247357456980278,65,65,58,88,195,5.90,204,51
2026-07-30,120247357457080278,[AFS] [F3] [ZOLA DLAMINI] V5,120247357456980278,56,56,48,62,183,4.67,137,35
2026-07-30,120247357457090278,[AFS] [F3] [ZOLA DLAMINI]V6,120247357456980278,64,64,58,80,189,7.66,258,52
2026-07-30,120247357457100278,[AFS] [F3] [ZOLA DLAMINI] V1,120247357456980278,40,40,36,47,108,6.63,239,37
2026-07-30,120247358420040278,[AFS] [F3] [AMINATA DIALLO] V6,120247358419970278,27,27,26,30,78,2.31,99,27
2026-07-30,120247358420050278,[AFS] [F3] [AMINATA DIALLO] V4,120247358419970278,1,1,1,0,3,0.03,2,2
2026-07-30,120247358420060278,[AFS] [F3] [AMINATA DIALLO] V5,120247358419970278,41,41,37,35,117,3.58,105,26
2026-07-30,120247358420070278,[AFS] [F3] [AMINATA DIALLO] V3,120247358419970278,28,28,24,22,87,1.60,67,17
2026-07-30,120247358420080278,[AFS] [F3] [AMINATA DIALLO] V2,120247358419970278,41,41,34,40,111,4.76,159,28
2026-07-30,120247358420090278,,,0,0,0,0,0,0,2,2
2026-07-30,120247358791290278,[AFS] [F3] [FOLASADE ADEYEMI] V5,120247358791270278,1,1,1,0,3,0.00,2,2
2026-07-30,120247358791350278,[AFS] [F3] [FOLASADE ADEYEMI] V6,120247358791270278,29,29,25,17,75,1.54,60,23
2026-07-30,120247358791360278,[AFS] [F3] [FOLASADE ADEYEMI] V4,120247358791270278,6,6,6,3,15,0.43,30,11
2026-07-30,120247358791370278,[AFS] [F3] [FOLASADE ADEYEMI] V3,120247358791270278,3,3,2,6,9,0.94,29,3
2026-07-30,120247358791380278,[AFS] [F3] [FOLASADE ADEYEMI] V2,120247358791270278,2,2,2,6,6,0.53,15,2
2026-07-30,120247358791390278,[AFS] [F3] [FOLASADE ADEYEMI] V1,120247358791270278,1,1,1,0,3,0.00,0,0
2026-07-30,120247359464720278,[AFS] [F3] [NOMVULA MOKOENA] V6,120247359464690278,26,26,22,18,66,3.59,125,20
2026-07-30,120247359464770278,[AFS] [F3] [NOMVULA MOKOENA] V4,120247359464690278,1,1,1,3,3,0.50,12,1
2026-07-30,120247359464790278,[AFS] [F3] [NOMVULA MOKOENA] V2,120247359464690278,1,1,1,2,6,0.25,0,0
2026-07-30,120247360141410278,[AFS] [F3] [CHIPO MOYO]  V6,120247360141370278,32,32,29,44,96,4.19,202,41
2026-07-30,120247360141440278,[AFS] [F3] [CHIPO MOYO]  V3,120247360141370278,1,1,1,3,3,0.23,9,2
2026-07-30,120247360141470278,[AFS] [F3] [CHIPO MOYO]  V5,120247360141370278,13,13,13,14,45,0.58,34,10
2026-07-30,120247360141480278,[AFS] [F3] [CHIPO MOYO]  V4,120247360141370278,40,40,38,57,117,4.74,164,35
2026-07-30,120247360141490278,[AFS] [F3] [CHIPO MOYO]  V2,120247360141370278,26,26,25,34,84,2.80,77,20
2026-07-30,120247360356770278,[AFS] [F3] [FATOUMATA TRAORE] V4,120247360356710278,47,47,42,65,147,6.25,229,43
2026-07-30,120247360356790278,[AFS] [F3] [FATOUMATA TRAORE] V6,120247360356710278,38,38,34,47,114,4.24,107,25
2026-07-30,120247360356800278,,,0,0,0,0,0,0,1,1
2026-07-30,120247360356810278,[AFS] [F3] [FATOUMATA TRAORE] V3,120247360356710278,2,2,2,1,6,0.09,2,2
2026-07-30,120247360356820278,[AFS] [F3] [FATOUMATA TRAORE] V2,120247360356710278,33,33,30,36,96,3.38,125,19
2026-07-30,120247360356830278,[AFS] [F3] [FATOUMATA TRAORE] V1,120247360356710278,59,59,50,83,171,6.23,197,41
2026-07-30,120247360531040278,,,0,0,0,0,0,0,8,2
2026-07-30,120247360531120278,[AFS] [F3] [AMINATA DIALLO] V3,120247360531070278,39,39,33,57,120,4.91,148,31
2026-07-30,120247360531130278,[AFS] [F3] [AMINATA DIALLO] V5,120247360531070278,41,41,36,48,129,3.74,124,27
2026-07-30,120247360531140278,[AFS] [F3] [AMINATA DIALLO] V6,120247360531070278,29,29,26,32,81,2.27,158,38
2026-07-30,120247360531150278,[AFS] [F3] [AMINATA DIALLO]V4,120247360531070278,1,1,1,0,0,0,1,1
2026-07-30,120247382249470278,[AFS_RELA_EN_BOT_0001] [NOURBESE] V3,120247382249440278,2,2,1,0,6,0.00,0,0
2026-07-30,120247382249520278,,,0,0,0,0,0,0,9,1
2026-07-30,120247382249530278,[AFS_RELA_EN_BOT_0001] [NOURBESE] V2,120247382249440278,1,1,1,0,3,0.05,0,0
2026-07-30,120247382249540278,[AFS_RELA_EN_BOT_0001] [NOURBESE] V5,120247382249440278,2,2,2,4,6,0.14,4,2
2026-07-30,120247382249560278,,,0,0,0,0,0,0,2,1
2026-07-30,120247382323040278,[AFS] [F3] [WANGARI KAMAU] V4,120247382322970278,37,37,35,52,114,3.78,179,32
2026-07-30,120247382323050278,[AFS] [F3] [WANGARI KAMAU] V6,120247382322970278,34,34,32,47,99,5.82,199,29
2026-07-30,120247382323060278,[AFS] [F3] [WANGARI KAMAU] V5,120247382322970278,38,38,35,50,114,4.53,188,36
2026-07-30,120247382323070278,[AFS] [F3] [WANGARI KAMAU] V2,120247382322970278,44,44,39,57,129,4.30,182,35
2026-07-30,120247382323080278,[AFS] [F3] [WANGARI KAMAU] V3,120247382322970278,36,36,32,47,105,4.13,187,35
2026-07-30,120247382323090278,[AFS] [F3] [WANGARI KAMAU] V1,120247382322970278,41,41,34,51,129,5.36,199,36
2026-07-30,120247488168300278,[AFS] [F3] [BONTLE MODISE] V1,120247488168210278,56,56,51,77,162,6.34,218,42
2026-07-30,120247488215910278,[AFS] [F3] [BONTLE MODISE] V2,120247488168210278,50,50,47,72,159,4.68,164,52
2026-07-30,120247488220950278,[AFS] [F3] [BONTLE MODISE] V3,120247488168210278,37,37,36,62,126,8.39,138,23
2026-07-30,120247488225850278,[AFS] [F3] [BONTLE MODISE] V4,120247488168210278,33,33,31,49,96,4.59,125,30
2026-07-30,120247488230320278,[AFS] [F3] [BONTLE MODISE] V5,120247488168210278,46,46,39,54,129,4.18,170,36
2026-07-30,120247488234950278,,,0,0,0,0,0,0,4,1
2026-07-30,120247488259350278,[AFS] [F3] [LUNGILE HADEBE] V1,120247488259330278,51,51,44,48,141,3.09,127,29
2026-07-30,120247488362150278,,,0,0,0,0,0,0,1,1
2026-07-30,120247488368490278,[AFS] [F3] [LUNGILE HADEBE] V4,120247488259330278,1,1,1,0,3,0.00,1,1
2026-07-30,120247488373900278,[AFS] [F3] [LUNGILE HADEBE] V5,120247488259330278,3,3,2,3,9,0.18,2,1
2026-07-30,120247488419540278,[AFS] [F3] [LUNGILE HADEBE] V6,120247488259330278,19,19,18,18,45,1.74,88,24
2026-07-30,120247488474100278,[AFS] [F3] [LERATO MAHLANGU] V1,120247488474000278,47,47,42,50,129,3.40,140,41
2026-07-30,120247488660110278,[AFS] [F3] [LERATO MAHLANGU] V3,120247488474000278,34,34,32,48,105,3.07,107,31
2026-07-30,120247488793560278,[AFS] [F3] [LERATO MAHLANGU] V4,120247488474000278,27,27,25,35,81,2.48,91,19
2026-07-30,120247488827940278,[AFS] [F3] [LERATO MAHLANGU] V5,120247488474000278,78,78,68,100,222,8.28,283,72
2026-07-30,120247488854820278,[AFS] [F3] [LERATO MAHLANGU] V6,120247488474000278,26,26,23,21,78,2.15,73,17
2026-07-30,120247488930200278,,,0,0,0,0,0,0,2,1
2026-07-30,120247488968980278,[AFS] [F3] [NOURBESE ACHEBE] V2,120247488930090278,41,41,40,69,126,5.07,155,41
2026-07-30,120247489016960278,[AFS] [F3] [NOURBESE ACHEBE] V5,120247488930090278,28,28,26,31,81,3.84,149,23
2026-07-30,120247489033080278,,,0,0,0,0,0,0,2,1
2026-07-30,120247489048840278,,,0,0,0,0,0,0,6,1
2026-07-30,120247489113490278,[AFS] [F3] [NONHLANHLA CELE] V2,120247489056040278,15,15,12,18,36,0.94,54,13
2026-07-30,120247489142030278,,,0,0,0,0,0,0,3,1
2026-07-30,120247489149860278,[AFS] [F3] [NONHLANHLA CELE] V4,120247489056040278,17,17,15,13,48,0.22,46,16
2026-07-30,120247489155770278,,,0,0,0,0,0,0,2,2
2026-07-30,120247489160520278,[AFS] [F3] [NONHLANHLA CELE] V6,120247489056040278,79,79,71,130,234,9.33,361,77
2026-07-30,120247506168140278,[AFS] [F3] [BONGEKILE ZUNGU] V1,120247506168050278,6,6,6,3,15,0.27,25,8
2026-07-30,120247506197150278,[AFS] [F3] [BONGEKILE ZUNGU] V2,120247506168050278,1,1,1,1,3,0.04,8,2
2026-07-30,120247506216350278,[AFS] [F3] [BONGEKILE ZUNGU] V4,120247506168050278,21,21,18,13,54,0.86,58,17
2026-07-30,120247506249690278,[AFS] [F3] [BONGEKILE ZUNGU] V6,120247506168050278,39,39,35,34,105,3.82,138,29
2026-07-30,120247506424250278,[AFS] [F3] [MBALI BUTHELEZI] V1,120247506424170278,43,43,36,51,126,5.55,171,27
2026-07-30,120247506530130278,[AFS] [F3] [MBALI BUTHELEZI] V2,120247506424170278,29,29,27,50,90,3.79,116,24
2026-07-30,120247506542160278,[AFS] [F3] [MBALI BUTHELEZI] V3,120247506424170278,26,26,23,30,78,3.45,97,17
2026-07-30,120247506551600278,,,0,0,0,0,0,0,1,1
2026-07-30,120247506560570278,[AFS] [F3] [MBALI BUTHELEZI] V5,120247506424170278,37,37,30,45,114,3.98,140,34
2026-07-30,120247565170940278,,,0,0,0,0,0,0,1,1
2026-07-30,120247566326940278,,,0,0,0,0,0,0,3,2
2026-07-30,120247566388550278,,,0,0,0,0,0,0,1,1
2026-07-30,120247566460400278,,,0,0,0,0,0,0,3,1
2026-07-30,120247566496630278,,,0,0,0,0,0,0,2,2
2026-07-30,120247566505120278,,,0,0,0,0,0,0,3,3
2026-07-30,120247566509570278,,,0,0,0,0,0,0,4,2
2026-07-30,120247566558640278,[AFS] [F3] [BISOLA FASHOLA] V2,120247566544730278,21,21,21,25,60,1.89,70,18
2026-07-30,120247566567050278,[AFS] [F3] [BISOLA FASHOLA] V4,120247566544730278,14,14,14,6,42,0.66,34,13
2026-07-30,120247566569190278,[AFS] [F3] [BISOLA FASHOLA] V6,120247566544730278,5,5,5,6,15,0.34,18,7
2026-07-30,120247566698490278,[AFS] [F3] [BOITUMELO SEABI] V3,120247566662260278,1,1,1,3,3,0.08,2,1
2026-07-30,120247639349700278,,,0,0,0,0,0,0,1,1
2026-07-30,120247788946870330,[BR] [F1] [Fernanda Souza] V1,120247788946770330,81,81,81,0,207,0.00,0,0
2026-07-30,120247788986680330,[BR] [F1] [Fernanda Souza] V2,120247788946770330,110,110,110,0,282,0.00,0,0
2026-07-30,120247788998700330,[BR] [F1] [Fernanda Souza] V3,120247788946770330,116,116,116,0,270,0.00,14,4
2026-07-30,120247789002270330,[BR] [F1] [Fernanda Souza] V4,120247788946770330,111,111,111,0,282,0.00,0,0
2026-07-30,120247789007260330,[BR] [F1] [Fernanda Souza] V5,120247788946770330,64,64,64,0,108,0.00,0,0
2026-07-30,120247789017660330,[BR] [F1] [Fernanda Souza] V6,120247788946770330,65,65,65,0,105,0.00,1,1
2026-07-30,120247789077830330,[BR] [F1] [Mariana Oliveira] V1,120247789077760330,37,37,37,0,66,0.00,0,0
2026-07-30,120247789270830330,[BR] [F1] [Mariana Oliveira] V2,120247789077760330,65,65,65,0,162,0.00,1,1
2026-07-30,120247789337620330,[BR] [F1] [Mariana Oliveira] V3,120247789077760330,112,112,112,0,258,0.00,5,3
2026-07-30,120247789376620330,[BR] [F1] [Mariana Oliveira] V4,120247789077760330,29,29,29,0,48,0.00,0,0
2026-07-30,120247789415480330,[BR] [F1] [Mariana Oliveira] V5,120247789077760330,35,35,35,0,102,0.00,0,0
2026-07-30,120247789430170330,[BR] [F1] [Mariana Oliveira] V6,120247789077760330,101,101,101,0,219,0.00,1,1
2026-07-30,120247789489630330,[BR] [F1] [Larissa Rodrigues] V1,120247789489540330,32,32,32,0,51,0.00,0,0
2026-07-30,120247789696910330,[BR] [F1] [Larissa Rodrigues] V2,120247789489540330,37,37,37,0,63,0.00,0,0
2026-07-30,120247789742310330,[BR] [F1] [Larissa Rodrigues] V3,120247789489540330,71,71,71,0,183,0.00,0,0
2026-07-30,120247789776200330,[BR] [F1] [Larissa Rodrigues] V4,120247789489540330,97,97,97,0,255,0.00,6,3
2026-07-30,120247789784130330,[BR] [F1] [Larissa Rodrigues] V5,120247789489540330,58,58,58,0,129,0.00,2,1
2026-07-30,120247789789060330,[BR] [F1] [Larissa Rodrigues] V6,120247789489540330,92,92,92,0,219,0.00,1,1
2026-07-30,120247789829370330,[BR] [F1] [Beatriz Almeida] V1,120247789829290330,80,80,80,0,180,0.00,0,0
2026-07-30,120247789884900330,[BR] [F1] [Beatriz Almeida] V2,120247789829290330,85,85,85,0,213,0.00,1,1
2026-07-30,120247789895820330,[BR] [F1] [Beatriz Almeida] V3,120247789829290330,132,132,132,0,318,0.00,3,3
2026-07-30,120247789907960330,[BR] [F1] [Beatriz Almeida] V4,120247789829290330,73,73,73,0,174,0.00,7,2
2026-07-30,120247789927420330,[BR] [F1] [Beatriz Almeida] V5,120247789829290330,93,93,93,0,237,0.00,15,2
2026-07-30,120247789961130330,[BR] [F1] [Beatriz Almeida] V6,120247789829290330,38,38,38,0,54,0.00,4,2
2026-07-30,120247790072460330,[BR] [F1] [Carolina Lima] V1,120247790072450330,52,52,52,0,117,0.00,0,0
2026-07-30,120247790205370330,[BR] [F1] [Carolina Lima] V2,120247790072450330,78,78,78,0,192,0.00,3,2
2026-07-30,120247790236810330,[BR] [F1] [Carolina Lima] V3,120247790072450330,76,76,76,0,165,0.00,0,0
2026-07-30,120247790277720330,[BR] [F1] [Carolina Lima] V4,120247790072450330,79,79,79,0,183,0.00,0,0
2026-07-30,120247790308570330,[BR] [F1] [Carolina Lima] V5,120247790072450330,102,102,102,0,195,0.00,2,2
2026-07-30,120247790337370330,[BR] [F1] [Carolina Lima] V6,120247790072450330,171,171,171,0,408,0.00,10,3
2026-07-30,120247811001390330,[BR] [F1] [Gabriela Santos] V1,120247811001220330,118,118,118,0,300,0.00,8,2
2026-07-30,120247811320320330,[BR] [F1] [Gabriela Santos] V2,120247811001220330,33,33,33,0,60,0.00,0,0
2026-07-30,120247811382770330,[BR] [F1] [Gabriela Santos] V3,120247811001220330,95,95,95,0,207,0.00,0,0
2026-07-30,120247811582300330,[BR] [F1] [Gabriela Santos] V4,120247811001220330,75,75,75,0,192,0.00,1,1
2026-07-30,120247811833010330,[BR] [F1] [Gabriela Santos] V5,120247811001220330,82,82,82,0,186,0.00,1,1
2026-07-30,120247811912400330,[BR] [F1] [Gabriela Santos] V6,120247811001220330,115,115,115,0,288,0.00,0,0
2026-07-30,120247812183780330,[BR] [F1] [Isabela Carvalho] V1,120247812183790330,67,67,67,0,141,0.00,0,0
2026-07-30,120247812443470330,[BR] [F1] [Isabela Carvalho] V2,120247812183790330,70,70,70,0,207,0.00,2,2
2026-07-30,120247812562160330,[BR] [F1] [Isabela Carvalho] V3,120247812183790330,76,76,76,0,162,0.00,0,0
2026-07-30,120247812648670330,[BR] [F1] [Isabela Carvalho] V4,120247812183790330,69,69,69,0,168,0.00,0,0
2026-07-30,120247812714140330,[BR] [F1] [Isabela Carvalho] V5,120247812183790330,118,118,118,0,288,0.00,0,0
2026-07-30,120247812799130330,[BR] [F1] [Isabela Carvalho] V6,120247812183790330,47,47,47,0,66,0.00,0,0
2026-07-30,120247813181780330,[BR] [F1] [Amanda Martins] V1,120247813181790330,85,85,85,0,192,0.00,0,0
2026-07-30,120247813442830330,[BR] [F1] [Amanda Martins] V2,120247813181790330,78,78,78,0,144,0.00,1,1
2026-07-30,120247813533730330,[BR] [F1] [Amanda Martins] V3,120247813181790330,89,89,89,0,237,0.00,2,2
2026-07-30,120247813597960330,[BR] [F1] [Amanda Martins] V4,120247813181790330,176,176,176,0,450,0.00,7,2
2026-07-30,120247813654330330,[BR] [F1] [Amanda Martins] V5,120247813181790330,76,76,76,0,180,0.00,2,1
2026-07-30,120247813708350330,[BR] [F1] [Amanda Martins] V6,120247813181790330,26,26,26,0,30,0.00,0,0
2026-07-30,120247813826220330,[BR] [F1] [Camila Ferreira] V1,120247813826140330,69,69,69,0,180,0.00,0,0
2026-07-30,120247813886390330,[BR] [F1] [Camila Ferreira] V2,120247813826140330,46,46,46,0,90,0.00,0,0
2026-07-30,120247813898610330,[BR] [F1] [Camila Ferreira] V3,120247813826140330,75,75,75,0,153,0.00,0,0
2026-07-30,120247813910810330,[BR] [F1] [Camila Ferreira] V4,120247813826140330,92,92,92,0,231,0.00,0,0
2026-07-30,120247813916130330,[BR] [F1] [Camila Ferreira] V5,120247813826140330,79,79,79,0,180,0.00,16,1
2026-07-30,120247813921210330,[BR] [F1] [Camila Ferreira] V6,120247813826140330,72,72,72,0,189,0.00,1,1
2026-07-30,120247813932040330,[BR] [F1] [Juliana Costa] V2,120247813931970330,92,92,92,0,198,0.00,0,0
2026-07-30,120247813966280330,[BR] [F1] [Juliana Costa] V3,120247813931970330,120,120,120,0,249,0.00,0,0
2026-07-30,120247813985730330,[BR] [F1] [Juliana Costa] V4,120247813931970330,32,32,32,0,51,0.00,0,0
2026-07-30,120247813993180330,[BR] [F1] [Juliana Costa] V5,120247813931970330,31,31,31,0,36,0.00,0,0
2026-07-30,120247814050020330,[BR] [F1] [Juliana Costa] V6,120247813931970330,52,52,52,0,132,0.00,1,1
2026-07-30,120247814139550330,[BR] [F1] [Juliana Costa] V1,120247813931970330,62,62,62,0,141,0.00,0,0
2026-07-30,120247843726790330,[BR] [F1] [Daiane Cunha] V1,120247843726710330,62,62,62,0,210,0.00,11,5
2026-07-30,120247843768630330,[BR] [F1] [Daiane Cunha] V2,120247843726710330,58,58,58,0,195,0.00,23,10
2026-07-30,120247843798030330,[BR] [F1] [Daiane Cunha] V3,120247843726710330,136,136,136,0,438,0.00,56,19
2026-07-30,120247843812620330,[BR] [F1] [Daiane Cunha] V4,120247843726710330,163,163,163,0,507,0.00,33,14
2026-07-30,120247843827590330,[BR] [F1] [Daiane Cunha] V5,120247843726710330,71,71,71,0,237,0.00,24,10
2026-07-30,120247843842210330,[BR] [F1] [Daiane Cunha] V6,120247843726710330,52,52,52,0,174,0.00,14,5
2026-07-30,120247844776410330,[BR] [F1] [Kátia Neves] V1,120247844776340330,84,84,84,0,270,0.00,48,12
2026-07-30,120247844892850330,[BR] [F1] [Kátia Neves] V2,120247844776340330,119,119,119,0,378,0.00,54,13
2026-07-30,120247844929630330,[BR] [F1] [Kátia Neves] V3,120247844776340330,125,125,125,0,438,0.00,14,7
2026-07-30,120247844968160330,[BR] [F1] [Kátia Neves] V4,120247844776340330,61,61,61,0,189,0.00,2,2
2026-07-30,120247845027420330,[BR] [F1] [Kátia Neves] V5,120247844776340330,110,110,110,0,345,0.00,29,9
2026-07-30,120247845114020330,[BR] [F1] [Kátia Neves] V6,120247844776340330,71,71,71,0,243,0.00,27,8
2026-07-30,120247845561260330,[BR] [F1] [Fabiana Peixoto] V1,120247845561180330,49,49,49,0,159,0.00,7,4
2026-07-30,120247845668160330,[BR] [F1] [Fabiana Peixoto] V2,120247845561180330,75,75,75,0,252,0.00,26,8
2026-07-30,120247845705200330,[BR] [F1] [Fabiana Peixoto] V3,120247845561180330,125,125,125,0,399,0.00,30,19
2026-07-30,120247845731570330,[BR] [F1] [Fabiana Peixoto] V4,120247845561180330,71,71,71,0,237,0.00,15,8
2026-07-30,120247845745780330,[BR] [F1] [Fabiana Peixoto] V5,120247845561180330,58,58,58,0,183,0.00,16,8
2026-07-30,120247845763300330,[BR] [F1] [Fabiana Peixoto] V6,120247845561180330,115,115,114,0,369,0.00,47,11
2026-07-30,120247845862700330,[BR] [F1] [Simone Farias] V1,120247845862710330,83,83,83,0,267,0.00,3,2
2026-07-30,120247845962790330,[BR] [F1] [Simone Farias] V2,120247845862710330,127,127,127,0,420,0.00,42,9
2026-07-30,120247846007130330,[BR] [F1] [Simone Farias] V3,120247845862710330,111,111,111,0,357,0.00,17,8
2026-07-30,120247846114230330,[BR] [F1] [Simone Farias] V4,120247845862710330,14,14,14,0,42,0.00,0,0
2026-07-30,120247846179610330,[BR] [F1] [TATIANE RAMOS] V1,120247846179540330,116,116,116,0,390,0.00,0,0
2026-07-30,120247846204880330,[BR] [F1] [Simone Farias] V5,120247845862710330,160,160,160,0,507,0.00,82,21
2026-07-30,120247846224690330,[BR] [F1] [Simone Farias] V6,120247845862710330,96,96,96,0,321,0.00,31,11
2026-07-30,120247846276140330,[BR] [F1] [Renata Batista] V1,120247846276070330,76,76,76,0,240,0.00,35,6
2026-07-30,120247846448530330,[BR] [F1] [Renata Batista] V2,120247846276070330,75,75,75,0,246,0.00,34,10
2026-07-30,120247846477330330,[BR] [F1] [Renata Batista] V3,120247846276070330,69,69,69,0,216,0.00,27,12
2026-07-30,120247846499020330,[BR] [F1] [TATIANE RAMOS] V2,120247846179540330,69,69,69,0,231,0.00,0,0
2026-07-30,120247846507540330,[BR] [F1] [TATIANE RAMOS] V3,120247846179540330,55,55,55,0,180,0.00,0,0
2026-07-30,120247846523510330,[BR] [F1] [TATIANE RAMOS] V4,120247846179540330,93,93,93,0,324,0.00,0,0
2026-07-30,120247846542980330,[BR] [F1] [TATIANE RAMOS] V5,120247846179540330,114,114,114,0,366,0.00,1,1
2026-07-30,120247846547510330,[BR] [F1] [Renata Batista] V4,120247846276070330,79,79,79,0,270,0.00,27,7
2026-07-30,120247846556200330,[BR] [F1] [TATIANE RAMOS] V6,120247846179540330,206,206,206,0,669,0.00,8,2
2026-07-30,120247846566540330,[BR] [F1] [Renata Batista] V5,120247846276070330,54,54,54,0,177,0.00,22,9
2026-07-30,120247846597000330,[BR] [F1] [Renata Batista] V6,120247846276070330,66,66,66,0,201,0.00,14,6
2026-07-30,120247846643640330,[BR] [F1] [MONIQUE ROCHA] V1,120247846643540330,45,45,45,0,153,0.00,0,0
2026-07-30,120247846755520330,[BR] [F1] [MONIQUE ROCHA] V2,120247846643540330,102,102,102,0,348,0.00,5,2
2026-07-30,120247846797700330,[BR] [F1] [MONIQUE ROCHA] V3,120247846643540330,99,99,99,0,327,0.00,3,1
2026-07-30,120247846818890330,[BR] [F1] [MONIQUE ROCHA] V4,120247846643540330,54,54,54,0,186,0.00,0,0
2026-07-30,120247846841700330,[BR] [F1] [MONIQUE ROCHA] V5,120247846643540330,67,67,67,0,219,0.00,1,1
2026-07-30,120247846862260330,[BR] [F1] [MONIQUE ROCHA] V6,120247846643540330,60,60,60,0,195,0.00,0,0
2026-07-30,120247846946050330,[BR] [F1] [ROSANGELA FONSECA] V1,120247846945940330,75,75,75,0,243,0.00,2,2
2026-07-30,120247847490520330,[BR] [F1] [VIVIANE COELHO] V1,120247847490540330,23,23,23,0,69,0.00,0,0
2026-07-30,120247847545720330,[BR] [F1] [ROSANGELA FONSECA] V2,120247846945940330,46,46,46,0,150,0.00,0,0
2026-07-30,120247847602680330,[BR] [F1] [ROSANGELA FONSECA] V3,120247846945940330,97,97,97,0,318,0.00,0,0
2026-07-30,120247847672430330,[BR] [F1] [ROSANGELA FONSECA] V4,120247846945940330,126,126,126,0,417,0.00,0,0
2026-07-30,120247847702200330,[BR] [F1] [VIVIANE COELHO] V2,120247847490540330,32,32,32,0,96,0.00,0,0
2026-07-30,120247847712570330,[BR] [F1] [ROSANGELA FONSECA] V5,120247846945940330,130,130,130,0,408,0.00,15,3
2026-07-30,120247847768730330,[BR] [F1] [VIVIANE COELHO] V3,120247847490540330,34,34,34,0,102,0.00,0,0
2026-07-30,120247847837200330,[BR] [F1] [ROSANGELA FONSECA] V6,120247846945940330,123,123,123,0,411,0.00,1,1
2026-07-30,120247847862900330,[BR] [F1] [VIVIANE COELHO] V4,120247847490540330,28,28,28,0,84,0.00,0,0
2026-07-30,120247847927100330,[BR] [F1] [VIVIANE COELHO] V5,120247847490540330,26,26,26,0,78,0.00,0,0
2026-07-30,120247848021290330,[BR] [F1] [VIVIANE COELHO] V6,120247847490540330,36,36,36,0,108,0.00,0,0
2026-07-30,120247848117700330,[BR] [F1] [PAULA VIEIRA] V1,120247848117520330,89,89,89,0,297,0.00,0,0
2026-07-30,120247848230230330,[BR] [F1] [PAULA VIEIRA] V2,120247848117520330,56,56,56,0,183,0.00,0,0
2026-07-30,120247848241420330,[BR] [F1] [PAULA VIEIRA] V3,120247848117520330,86,86,86,0,270,0.00,0,0
2026-07-30,120247848289860330,[BR] [F1] [PAULA VIEIRA] V4,120247848117520330,79,79,79,0,255,0.00,2,1
2026-07-30,120247848359900330,[BR] [F1] [PAULA VIEIRA] V5,120247848117520330,86,86,86,0,294,0.00,0,0
2026-07-30,120247848393460330,[BR] [F1] [PAULA VIEIRA] V6,120247848117520330,101,101,101,0,339,0.00,3,2
2026-07-30,120253057408300281,,,0,0,0,0,0,0,1,1
2026-07-30,120253079044420281,[AFS] [F3] [ZOLA OKAFOR] V1,120253079044410281,1,1,1,0,3,0.03,1,1
2026-07-30,120253079128080281,[AFS] [F3] [ZOLA OKAFOR] V5,120253079044410281,1,1,1,0,3,0.00,2,1
2026-07-30,120253079132510281,[AFS] [F3] [ZOLA OKAFOR] V6,120253079044410281,12,12,12,6,39,1.13,39,7
2026-07-30,120253082530860281,[AFS] [F3] [NOSIZWE HLONGWANE] V1,120253082530810281,1,1,1,0,3,0.00,0,0
2026-07-30,120253082684680281,[AFS] [F3] [NOSIZWE HLONGWANE] V2,120253082530810281,1,1,1,0,0,0,0,0
2026-07-30,120253082723400281,[AFS] [F3] [NOSIZWE HLONGWANE] V3,120253082530810281,24,24,24,10,75,1.12,81,13
2026-07-30,120253082737930281,[AFS] [F3] [NOSIZWE HLONGWANE] V5,120253082530810281,13,13,13,9,42,0.68,61,16
2026-07-30,120253082741790281,[AFS] [F3] [NOSIZWE HLONGWANE] V6,120253082530810281,1,1,1,0,3,0.00,3,1
2026-07-30,120253082817280281,[AFS] [F3] [ZANELE DUDE] V1,120253082817170281,1,1,1,3,6,0.15,12,3
2026-07-30,120253082840560281,,,0,0,0,0,0,0,1,1
2026-07-30,120253082849840281,[AFS] [F3] [ZANELE DUDE]  V4,120253082817170281,1,1,1,0,3,0.00,0,0
2026-07-30,120253082852390281,[AFS] [F3] [ZANELE DUDE] V5,120253082817170281,1,1,1,0,3,0.00,0,0
2026-07-30,120253101035060281,,,0,0,0,0,0,0,2,1
2026-07-30,120253101270940281,,,0,0,0,0,0,0,4,1
2026-07-30,120253101284450281,[AFS] [F3] [SINDISIWE XABA] V2,120253101270850281,26,26,26,17,75,1.27,60,25
2026-07-30,120253101286320281,,,0,0,0,0,0,0,1,1
2026-07-30,120253101288330281,[AFS] [F3] [SINDISIWE XABA] V4,120253101270850281,36,36,36,20,114,2.74,101,18
2026-07-30,120253101303050281,[AFS] [F3] [AYANDA ZULU]  V1,120253101302970281,33,33,33,28,99,2.37,132,26
2026-07-30,120253101321190281,[AFS] [F3] [AYANDA ZULU]  V4,120253101302970281,51,51,51,41,147,3.54,136,30
2026-07-30,120253101322290281,[AFS] [F3] [AYANDA ZULU]  V5,120253101302970281,18,18,18,16,48,1.60,72,17
2026-07-30,120253101330930281,[AFS] [F3] [TARIRO CHIKORE] V1,120253101330870281,1,1,1,0,3,0.00,1,1
2026-07-30,120253101343520281,[AFS] [F3] [TARIRO CHIKORE] V2,120253101330870281,1,1,1,0,3,0.00,0,0
2026-07-30,120253101346700281,[AFS] [F3] [TARIRO CHIKORE] V3,120253101330870281,35,35,35,27,108,2.19,99,33
2026-07-30,120253101348250281,[AFS] [F3] [TARIRO CHIKORE] V4,120253101330870281,1,1,1,3,3,0.16,6,2
2026-07-30,120253101349570281,[AFS] [F3] [TARIRO CHIKORE] V6,120253101330870281,1,1,1,0,3,0.00,0,0
2026-07-30,120253136853570281,[AFS] [F3] [BISOLA FASHOLA] V2,120253136735780281,1,1,1,0,3,0.00,7,1
2026-07-30,120253137096490281,,,0,0,0,0,0,0,1,1
2026-07-30,120253137172840281,[AFS] [F3] [BOITUMELO SEABI] V1,120253137172780281,1,1,1,2,3,0.08,7,2
2026-07-30,120253137204850281,[AFS] [F3] [BOITUMELO SEABI] V2,120253137172780281,45,45,45,40,126,3.76,157,40
2026-07-30,120253137209500281,[AFS] [F3] [BOITUMELO SEABI] V3,120253137172780281,2,2,2,0,6,0.03,1,1
2026-07-30,120253137215430281,[AFS] [F3] [BOITUMELO SEABI] V4,120253137172780281,8,8,8,10,21,2.09,58,8
2026-07-30,120253137226520281,[AFS] [F3] [BOITUMELO SEABI] V6,120253137172780281,3,3,3,5,9,0.15,7,2
2026-07-30,120253138575670281,[AFS] [F3] [DAMILOLA ADEWALE] V3,120253138463510281,14,14,14,8,39,0.50,33,11
2026-07-30,120253138584190281,,,0,0,0,0,0,0,4,3
2026-07-30,120253138672320281,[AFS] [F3] [KIKELOMO BAKARE] V1,120253138672250281,1,1,1,0,3,0.00,0,0
2026-07-30,120253138733630281,[AFS] [F3] [KIKELOMO BAKARE] V2,120253138672250281,21,21,21,14,54,1.37,56,13
2026-07-30,120253138745550281,,,0,0,0,0,0,0,6,1
2026-07-30,120253138749420281,,,0,0,0,0,0,0,1,1
2026-07-30,120253138766290281,,,0,0,0,0,0,0,1,1
2026-07-30,120253138906100281,,,0,0,0,0,0,0,2,2
2026-07-30,120253138919620281,[AFS] [F3] [TOLULOPE ADEBAYO] V4,120253138766230281,1,1,1,0,3,0.00,0,0
2026-07-30,120253138933900281,[AFS] [F3] [TOLULOPE ADEBAYO] V5,120253138766230281,52,52,52,49,147,2.56,207,49
2026-07-30,120253141499830281,[AFS] [F3] [PRECIOUS NCUBE] V2,120253141376060281,22,22,22,19,69,1.05,86,26
2026-07-30,120253141501720281,[AFS] [F3] [PRECIOUS NCUBE] V3,120253141376060281,8,8,8,6,18,0.73,55,11
2026-07-30,120253141502670281,,,0,0,0,0,0,0,5,2
2026-07-30,120253141509190281,[AFS] [F3] [PRECIOUS NCUBE] V6,120253141376060281,1,1,1,3,3,0.40,19,1
2026-07-30,120253141635530281,,,0,0,0,0,0,0,5,1
2026-07-30,120253141747920281,[AFS] [F3] [FAITH MSIMANG] V4,120253141635460281,40,40,40,35,120,1.70,143,42
2026-07-30,120253141780200281,[AFS] [F3] [FAITH MSIMANG] V5,120253141635460281,27,27,27,18,87,1.30,101,27
2026-07-30,120253141863660281,[AFS] [F3] [MARTHA MHLONGO] V1,120253141863550281,1,1,1,0,3,0.00,5,2
2026-07-30,120253141934410281,,,0,0,0,0,0,0,2,1
2026-07-30,120253141937270281,[AFS] [F3] [MARTHA MHLONGO] V3,120253141863550281,2,2,2,6,6,0.49,18,4
2026-07-30,120253141941400281,,,0,0,0,0,0,0,1,1
2026-07-30,120253141945370281,[AFS] [F3] [MARTHA MHLONGO] V5,120253141863550281,55,55,55,35,171,2.16,102,33
2026-07-30,120253141970000281,[AFS] [F3] [BRENDA MTHETHWA] V1,120253141969930281,1,1,1,3,3,0.20,6,1
2026-07-30,120253142011070281,,,0,0,0,0,3,0.00,0,0
2026-07-30,120253142016080281,,,0,0,0,0,0,0,1,1
2026-07-30,120253142027880281,[AFS] [F3] [BRENDA MTHETHWA] V5,120253141969930281,1,1,1,0,3,0.00,7,2
2026-07-30,120253142036410281,[AFS] [F3] [BRENDA MTHETHWA] V6,120253141969930281,1,1,1,0,3,0.00,3,1
2026-07-30,120253142282790281,[AFS] [F3] [CHARMAINE MABUZA] V2,120253142123820281,2,2,2,0,6,0.00,0,0
2026-07-30,120253142290360281,,,0,0,0,0,0,0,5,1
2026-07-30,120253142297110281,[AFS] [F3] [CHARMAINE MABUZA] V4,120253142123820281,34,34,34,30,93,2.20,78,20
2026-07-30,120253142301540281,[AFS] [F3] [CHARMAINE MABUZA] V5,120253142123820281,2,2,2,0,6,0.03,1,1
2026-07-30,120253142306480281,[AFS] [F3] [CHARMAINE MABUZA] V6,120253142123820281,27,27,27,22,84,2.73,111,18
2026-07-30,120253167383880281,[AFS] [F3] [AMANDA MHLONGO] V1,120253167383820281,45,45,45,67,117,5.31,258,49
2026-07-30,120253167424590281,,,0,0,0,0,0,0,3,1
2026-07-30,120253167433710281,[AFS] [F3] [AMANDA MHLONGO] V5,120253167383820281,1,1,1,0,3,0.00,0,0
2026-07-30,120253167657030281,[AFS] [F3] [THULISILE MDLULI] V2,120253167453110281,1,1,1,0,3,0.00,0,0
2026-07-30,120253167666800281,[AFS] [F3] [THULISILE MDLULI] V3,120253167453110281,1,1,1,3,3,0.37,11,2
2026-07-30,120253167944440281,,,0,0,0,0,0,0,2,1
2026-07-30,120253167947120281,[AFS] [F3] [SAMANTHA MAKHANYA] V3,120253167773160281,19,19,19,28,51,2.15,108,25
2026-07-30,120253167949790281,[AFS] [F3] [SAMANTHA MAKHANYA] V4,120253167773160281,1,1,1,0,3,0.03,13,2
2026-07-30,120253167954350281,[AFS] [F3] [SAMANTHA MAKHANYA] V5,120253167773160281,27,27,27,37,75,3.18,114,28
2026-07-30,120253167956510281,[AFS] [F3] [SAMANTHA MAKHANYA] V6,120253167773160281,29,29,29,22,81,1.44,82,23
2026-07-30,120253168223720281,,,0,0,0,0,0,0,2,1
2026-07-30,120253168276010281,[AFS] [F3] [RONKE LAWAL] V3,120253168223660281,17,17,17,16,45,2.21,81,11
2026-07-30,120253168279700281,[AFS] [F3] [RONKE LAWAL] V4,120253168223660281,20,20,20,21,57,2.15,74,16
2026-07-30,120253168285770281,,,0,0,0,0,0,0,1,1
2026-07-30,120253168354310281,,,0,0,0,0,0,0,2,1
2026-07-30,120253168393840281,,,0,0,0,0,0,0,4,1
2026-07-30,120253168399990281,[AFS] [F3] [SIMI AFOLAYAN] V4,120253168354220281,22,22,22,29,57,2.80,136,25
2026-07-30,120253168474870281,[AFS] [F3] [OMOTOLA OJO] V3,120253168447820281,1,1,1,3,3,0.29,9,1
2026-07-30,120253168478000281,[AFS] [F3] [OMOTOLA OJO] V4,120253168447820281,1,1,1,3,3,0.16,5,1
2026-07-30,120253168488310281,[AFS] [F3] [OMOTOLA OJO] V6,120253168447820281,1,1,1,0,3,0.00,0,0
2026-07-30,120253224542190281,[AFS] [F3] [FERNANDA RIOS] V1,120253224542110281,51,51,51,30,150,2.92,108,27
2026-07-30,120253224769150281,,,0,0,0,0,0,0,2,1
2026-07-30,120253224960730281,[AFS] [F3] [Ngozi Anozie] V2,120253224769080281,82,82,82,148,219,13.41,668,112
2026-07-30,120253225009820281,[AFS] [F3] [Michelle Ndlovu] V1,120253225009810281,19,19,19,24,51,1.98,78,17
2026-07-30,120253225026480281,[AFS] [F3] [Michelle Ndlovu] V2,120253225009810281,38,38,38,44,129,2.98,134,38
2026-07-30,120253225029450281,[AFS] [F3] [Michelle Ndlovu] V3,120253225009810281,39,39,39,60,111,5.62,219,34
2026-07-30,120253225032160281,,,0,0,0,0,0,0,1,1
2026-07-30,120253225035240281,[AFS] [F3] [Michelle Ndlovu] V5,120253225009810281,1,1,1,3,3,0.08,2,1
2026-07-30,120253225038370281,[AFS] [F3] [Michelle Ndlovu] V6,120253225009810281,27,27,27,22,93,1.78,78,14
2026-07-30,120253225073690281,[AFS] [F3] [Candice Mhlongo] V1,120253225073650281,16,16,16,5,42,0.49,51,13
2026-07-30,120253225087760281,[AFS] [F3] [Candice Mhlongo] V2,120253225073650281,52,52,52,49,159,4.34,156,31
2026-07-30,120253225101570281,,,0,0,0,0,0,0,3,1
2026-07-30,120253225111400281,[AFS] [F3] [Candice Mhlongo] V4,120253225073650281,35,35,35,30,105,3.37,156,33
2026-07-30,120253225135180281,[AFS] [F3] [Candice Mhlongo] V5,120253225073650281,35,35,35,27,99,3.47,137,31
2026-07-30,120253225450210281,[AFS] [F3] [Nokuthula Hadebe] V2,120253225329830281,1,1,1,0,3,0.06,2,1
2026-07-30,120253225501180281,[AFS] [F3] [Nokuthula Hadebe] V3,120253225329830281,37,37,37,37,102,2.96,145,34
2026-07-30,120253225541760281,[AFS] [F3] [Nokuthula Hadebe] V4,120253225329830281,1,1,1,0,0,0,5,1
2026-07-30,120253225586410281,[AFS] [F3] [Nokuthula Hadebe] V5,120253225329830281,33,33,33,41,96,4.09,193,30
2026-07-30,120253225638960281,[AFS] [F3] [Nokuthula Hadebe] V6,120253225329830281,38,38,38,44,117,3.66,144,27
2026-07-30,120253225795580281,[AFS] [F3] [Tebogo Mokoena] V1,120253225795550281,145,145,145,169,408,11.21,570,125
2026-07-30,120253225872080281,[AFS] [F3] [Tebogo Mokoena] V2,120253225795550281,41,41,41,70,117,3.83,168,44
2026-07-30,120253225880820281,[AFS] [F3] [Tebogo Mokoena] V3,120253225795550281,36,36,36,30,102,1.57,154,35
2026-07-30,120253225931950281,[AFS] [F3] [Tebogo Mokoena] V5,120253225795550281,63,63,63,90,186,6.62,318,53
2026-07-30,120253226001460281,[AFS] [F3] [Tebogo Mokoena] V6,120253225795550281,92,92,92,140,285,9.44,351,76
2026-07-30,120253302500270281,[AFS] [F3] [BRENDA MTHETHWA] V2,120253302500230281,27,27,27,14,78,0.80,46,12
2026-07-30,120253302500280281,[AFS] [F3] [BRENDA MTHETHWA] V6,120253302500230281,25,25,25,22,78,1.77,63,14
2026-07-30,120253302500320281,[AFS] [F3] [BRENDA MTHETHWA] V1,120253302500230281,13,13,13,12,39,1.29,41,13
2026-07-30,120253302500340281,[AFS] [F3] [BRENDA MTHETHWA] V3,120253302500230281,34,34,34,43,96,3.07,119,28
2026-07-30,120253302500350281,[AFS] [F3] [BRENDA MTHETHWA] V4,120253302500230281,22,22,22,15,69,1.63,68,14
2026-07-30,120253302500360281,[AFS] [F3] [BRENDA MTHETHWA] V5,120253302500230281,20,20,20,15,66,2.03,88,17
2026-07-30,120253303569730281,[AFS] [F3] [CYNTHIA MASEKO] V1,120253303569690281,10,10,10,8,30,0.60,21,9
2026-07-30,120253303638220281,[AFS] [F3] [CYNTHIA MASEKO] V2,120253303569690281,12,12,12,6,36,0.61,36,10
2026-07-30,120253303642850281,[AFS] [F3] [CYNTHIA MASEKO] V3,120253303569690281,17,17,17,13,45,1.02,56,15
2026-07-30,120253303657180281,[AFS] [F3] [CYNTHIA MASEKO] V4,120253303569690281,33,33,33,21,96,3.14,108,18
2026-07-30,120253303673670281,[AFS] [F3] [CYNTHIA MASEKO] V5,120253303569690281,20,20,20,11,42,0.84,44,11
2026-07-30,120253303687920281,[AFS] [F3] [CYNTHIA MASEKO] V6,120253303569690281,50,50,50,12,138,1.29,74,22
2026-07-30,120253303763750281,[AFS] [F3] [THULISILE MDLULI] V1,120253167453110281,28,28,28,10,78,1.16,68,22
2026-07-30,120253303916230281,[AFS] [F3] [THULISILE MDLULI] V2,120253167453110281,14,14,14,7,33,0.97,49,11
2026-07-30,120253303936160281,[AFS] [F3] [THULISILE MDLULI] V3,120253167453110281,13,13,13,9,39,0.95,32,9
2026-07-30,120253303941140281,[AFS] [F3] [THULISILE MDLULI] V4,120253167453110281,14,14,14,15,42,1.77,63,10
2026-07-30,120253303948480281,[AFS] [F3] [THULISILE MDLULI] V5,120253167453110281,27,27,27,12,75,1.04,47,16
2026-07-30,120253303964040281,[AFS] [F3] [THULISILE MDLULI] V6,120253167453110281,15,15,15,9,45,0.85,28,6
2026-07-30,120253304045990281,[AFS] [F3] [NOKWAZI NENE] V1,120253304045940281,11,11,11,6,27,0.69,27,8
2026-07-30,120253304105950281,[AFS] [F3] [NOKWAZI NENE] V2,120253304045940281,16,16,16,8,42,0.95,77,14
2026-07-30,120253304168340281,[AFS] [F3] [NOKWAZI NENE] V3,120253304045940281,18,18,18,11,63,2.04,64,14
2026-07-30,120253304195760281,[AFS] [F3] [NOKWAZI NENE] V4,120253304045940281,24,24,24,12,72,2.40,79,11
2026-07-30,120253304211740281,[AFS] [F3] [NOKWAZI NENE] V5,120253304045940281,12,12,12,6,27,0.48,25,7
2026-07-30,120253304219800281,[AFS] [F3] [NOKWAZI NENE] V6,120253304045940281,24,24,24,14,69,1.88,61,8
2026-07-30,120253304289250281,[AFS] [F3] [WENDY MSIMANG] V1,120253304289200281,68,68,68,44,207,3.46,130,46
2026-07-30,120253304462120281,[AFS] [F3] [WENDY MSIMANG] V2,120253304289200281,32,32,32,39,99,3.77,122,23
2026-07-30,120253304511230281,[AFS] [F3] [WENDY MSIMANG] V3,120253304289200281,39,39,39,20,111,1.98,65,23
2026-07-30,120253304699650281,[AFS] [F3] [WENDY MSIMANG] V4,120253304289200281,22,22,22,17,63,1.28,62,16
2026-07-30,120253304752230281,[AFS] [F3] [WENDY MSIMANG] V5,120253304289200281,17,17,17,17,54,0.93,54,11
2026-07-30,120253304775170281,[AFS] [F3] [WENDY MSIMANG] V6,120253304289200281,16,16,16,6,36,0.39,41,10
2026-07-31,120247357080930278,[AFS] [F3] [AMARA OKAFOR] V1,120247357080990278,1,1,1,0,3,0.00,3,2
2026-07-31,120247357080980278,[AFS] [F3] [AMARA OKAFOR] V5,120247357080990278,38,38,37,37,120,4.29,100,32
2026-07-31,120247357081010278,[AFS] [F3] [AMARA OKAFOR] V6,120247357080990278,36,36,33,36,99,2.82,101,34
2026-07-31,120247357081030278,[AFS] [F3] [AMARA OKAFOR] V3,120247357080990278,34,34,31,29,99,2.36,70,22
2026-07-31,120247357081040278,[AFS] [F3] [AMARA OKAFOR] V2,120247357080990278,37,37,33,38,117,3.51,101,27
2026-07-31,120247357081050278,[AFS] [F3] [AMARA OKAFOR] V4,120247357080990278,34,34,32,52,111,5.18,154,32
2026-07-31,120247357457050278,[AFS] [F3] [ZOLA DLAMINI] V4,120247357456980278,32,32,31,37,99,2.96,99,26
2026-07-31,120247357457060278,[AFS] [F3] [ZOLA DLAMINI] V2,120247357456980278,1,1,1,0,3,0.00,0,0
2026-07-31,120247357457070278,[AFS] [F3] [ZOLA DLAMINI] V3,120247357456980278,41,41,39,52,129,5.12,173,38
2026-07-31,120247357457080278,[AFS] [F3] [ZOLA DLAMINI] V5,120247357456980278,31,31,28,49,87,5.18,178,34
2026-07-31,120247357457090278,[AFS] [F3] [ZOLA DLAMINI]V6,120247357456980278,57,57,52,76,165,4.84,208,56
2026-07-31,120247357457100278,[AFS] [F3] [ZOLA DLAMINI] V1,120247357456980278,39,39,36,46,120,3.57,111,24
2026-07-31,120247358420040278,[AFS] [F3] [AMINATA DIALLO] V6,120247358419970278,3,3,3,3,12,0.18,35,10
2026-07-31,120247358420050278,[AFS] [F3] [AMINATA DIALLO] V4,120247358419970278,1,1,1,0,3,0.00,1,1
2026-07-31,120247358420060278,[AFS] [F3] [AMINATA DIALLO] V5,120247358419970278,31,31,27,36,102,2.88,117,31
2026-07-31,120247358420070278,[AFS] [F3] [AMINATA DIALLO] V3,120247358419970278,42,42,37,42,120,3.60,125,25
2026-07-31,120247358420080278,[AFS] [F3] [AMINATA DIALLO] V2,120247358419970278,30,30,29,42,96,2.50,103,24
2026-07-31,120247358420090278,,,0,0,0,0,0,0,3,1
2026-07-31,120247358791290278,[AFS] [F3] [FOLASADE ADEYEMI] V5,120247358791270278,1,1,1,3,3,0.18,6,1
2026-07-31,120247358791350278,[AFS] [F3] [FOLASADE ADEYEMI] V6,120247358791270278,4,4,4,7,12,0.42,18,7
2026-07-31,120247358791360278,[AFS] [F3] [FOLASADE ADEYEMI] V4,120247358791270278,1,1,1,0,3,0.00,0,0
2026-07-31,120247358791370278,,,0,0,0,0,0,0,1,1
2026-07-31,120247359464720278,[AFS] [F3] [NOMVULA MOKOENA] V6,120247359464690278,37,37,33,51,123,4.54,127,25
2026-07-31,120247359464770278,,,0,0,0,0,0,0,4,1
2026-07-31,120247359464790278,[AFS] [F3] [NOMVULA MOKOENA] V2,120247359464690278,3,3,3,0,6,0.00,7,1
2026-07-31,120247359464810278,[AFS] [F3] [NOMVULA MOKOENA] V3,120247359464690278,1,1,1,0,3,0.00,0,0
2026-07-31,120247360141400278,[AFS] [F3] [CHIPO MOYO]  V1,120247360141370278,1,1,1,0,3,0.00,0,0
2026-07-31,120247360141410278,[AFS] [F3] [CHIPO MOYO]  V6,120247360141370278,35,35,34,45,111,4.30,103,27
2026-07-31,120247360141440278,,,0,0,0,0,0,0,1,1
2026-07-31,120247360141470278,[AFS] [F3] [CHIPO MOYO]  V5,120247360141370278,2,2,1,0,0,0,7,3
2026-07-31,120247360141480278,[AFS] [F3] [CHIPO MOYO]  V4,120247360141370278,25,25,23,37,75,3.26,137,28
2026-07-31,120247360141490278,[AFS] [F3] [CHIPO MOYO]  V2,120247360141370278,41,41,37,47,117,3.90,150,29
2026-07-31,120247360356770278,[AFS] [F3] [FATOUMATA TRAORE] V4,120247360356710278,29,29,27,53,87,4.21,167,35
2026-07-31,120247360356790278,[AFS] [F3] [FATOUMATA TRAORE] V6,120247360356710278,29,29,26,23,87,1.92,85,19
2026-07-31,120247360356820278,[AFS] [F3] [FATOUMATA TRAORE] V2,120247360356710278,20,20,17,22,63,1.36,49,13
2026-07-31,120247360356830278,[AFS] [F3] [FATOUMATA TRAORE] V1,120247360356710278,45,45,44,57,135,4.80,166,43
2026-07-31,120247360531040278,,,0,0,0,0,0,0,1,1
2026-07-31,120247360531120278,[AFS] [F3] [AMINATA DIALLO] V3,120247360531070278,35,35,34,44,114,3.89,110,30
2026-07-31,120247360531130278,[AFS] [F3] [AMINATA DIALLO] V5,120247360531070278,23,23,23,19,69,2.10,100,23
2026-07-31,120247360531140278,[AFS] [F3] [AMINATA DIALLO] V6,120247360531070278,25,25,24,26,78,3.49,109,21
2026-07-31,120247360531160278,,,0,0,0,0,0,0,2,2
2026-07-31,120247382249530278,,,0,0,0,0,0,0,2,1
2026-07-31,120247382249540278,[AFS_RELA_EN_BOT_0001] [NOURBESE] V5,120247382249440278,2,2,2,2,6,0.09,4,2
2026-07-31,120247382323040278,[AFS] [F3] [WANGARI KAMAU] V4,120247382322970278,46,46,42,51,138,4.22,172,34
2026-07-31,120247382323050278,[AFS] [F3] [WANGARI KAMAU] V6,120247382322970278,28,28,27,50,93,3.65,95,20
2026-07-31,120247382323060278,[AFS] [F3] [WANGARI KAMAU] V5,120247382322970278,24,24,24,40,93,5.25,111,25
2026-07-31,120247382323070278,[AFS] [F3] [WANGARI KAMAU] V2,120247382322970278,33,33,30,46,99,3.50,104,30
2026-07-31,120247382323080278,[AFS] [F3] [WANGARI KAMAU] V3,120247382322970278,34,34,30,56,117,5.99,196,34
2026-07-31,120247382323090278,[AFS] [F3] [WANGARI KAMAU] V1,120247382322970278,36,36,33,41,123,3.62,126,35
2026-07-31,120247488168300278,[AFS] [F3] [BONTLE MODISE] V1,120247488168210278,41,41,40,50,138,3.09,134,36
2026-07-31,120247488215910278,[AFS] [F3] [BONTLE MODISE] V2,120247488168210278,48,48,47,57,144,3.77,133,36
2026-07-31,120247488220950278,[AFS] [F3] [BONTLE MODISE] V3,120247488168210278,24,24,23,26,63,1.86,181,24
2026-07-31,120247488225850278,[AFS] [F3] [BONTLE MODISE] V4,120247488168210278,28,28,28,56,90,4.65,162,29
2026-07-31,120247488230320278,[AFS] [F3] [BONTLE MODISE] V5,120247488168210278,32,32,28,49,108,3.81,129,23
2026-07-31,120247488234950278,[AFS] [F3] [BONTLE MODISE] V6,120247488168210278,1,1,1,3,3,0.09,2,1
2026-07-31,120247488259350278,[AFS] [F3] [LUNGILE HADEBE] V1,120247488259330278,32,32,27,59,105,4.30,115,29
2026-07-31,120247488354910278,,,0,0,0,0,0,0,1,1
2026-07-31,120247488373900278,,,0,0,0,0,0,0,5,3
2026-07-31,120247488419540278,[AFS] [F3] [LUNGILE HADEBE] V6,120247488259330278,8,8,7,8,24,1.04,25,6
2026-07-31,120247488474100278,[AFS] [F3] [LERATO MAHLANGU] V1,120247488474000278,34,34,33,49,114,4.62,156,34
2026-07-31,120247488538970278,,,0,0,0,0,0,0,2,1
2026-07-31,120247488660110278,[AFS] [F3] [LERATO MAHLANGU] V3,120247488474000278,19,19,17,31,57,3.66,97,20
2026-07-31,120247488793560278,[AFS] [F3] [LERATO MAHLANGU] V4,120247488474000278,20,20,17,30,63,3.36,89,18
2026-07-31,120247488827940278,[AFS] [F3] [LERATO MAHLANGU] V5,120247488474000278,58,58,51,87,186,5.53,227,57
2026-07-31,120247488854820278,[AFS] [F3] [LERATO MAHLANGU] V6,120247488474000278,27,27,25,37,90,2.64,74,16
2026-07-31,120247488968980278,[AFS] [F3] [NOURBESE ACHEBE] V2,120247488930090278,28,28,27,35,84,3.30,126,26
2026-07-31,120247489016960278,[AFS] [F3] [NOURBESE ACHEBE] V5,120247488930090278,18,18,18,27,57,2.68,88,17
2026-07-31,120247489113490278,[AFS] [F3] [NONHLANHLA CELE] V2,120247489056040278,1,1,1,3,3,0.46,23,4
2026-07-31,120247489142030278,,,0,0,0,0,0,0,1,1
2026-07-31,120247489149860278,[AFS] [F3] [NONHLANHLA CELE] V4,120247489056040278,2,2,2,6,6,0.27,10,5
2026-07-31,120247489152530278,,,0,0,0,0,0,0,3,1
2026-07-31,120247489155770278,,,0,0,0,0,0,0,9,2
2026-07-31,120247489160390278,,,0,0,0,0,0,0,2,1
2026-07-31,120247489160520278,[AFS] [F3] [NONHLANHLA CELE] V6,120247489056040278,75,75,72,181,237,12.49,367,83
2026-07-31,120247506168140278,[AFS] [F3] [BONGEKILE ZUNGU] V1,120247506168050278,5,5,4,0,15,0.00,7,3
2026-07-31,120247506197150278,[AFS] [F3] [BONGEKILE ZUNGU] V2,120247506168050278,1,1,1,3,3,0.23,12,3
2026-07-31,120247506216350278,[AFS] [F3] [BONGEKILE ZUNGU] V4,120247506168050278,1,1,1,0,3,0.00,37,5
2026-07-31,120247506238310278,,,0,0,0,0,0,0,2,1
2026-07-31,120247506249690278,[AFS] [F3] [BONGEKILE ZUNGU] V6,120247506168050278,40,40,36,52,135,6.75,212,28
2026-07-31,120247506424250278,[AFS] [F3] [MBALI BUTHELEZI] V1,120247506424170278,31,31,28,47,96,4.19,154,31
2026-07-31,120247506530130278,[AFS] [F3] [MBALI BUTHELEZI] V2,120247506424170278,26,26,25,31,72,1.99,99,24
2026-07-31,120247506542160278,[AFS] [F3] [MBALI BUTHELEZI] V3,120247506424170278,24,24,22,29,84,3.05,97,18
2026-07-31,120247506551600278,,,0,0,0,0,0,0,1,1
2026-07-31,120247506560570278,[AFS] [F3] [MBALI BUTHELEZI] V5,120247506424170278,26,26,25,35,84,3.31,126,29
2026-07-31,120247506567820278,,,0,0,0,0,0,0,1,1
2026-07-31,120247511563030278,,,0,0,0,0,0,0,1,1
2026-07-31,120247565319140278,,,0,0,0,0,0,0,1,1
2026-07-31,120247566417460278,,,0,0,0,0,0,0,1,1
2026-07-31,120247566440100278,,,0,0,0,0,0,0,5,1
2026-07-31,120247566460400278,,,0,0,0,0,0,0,1,1
2026-07-31,120247566488020278,,,0,0,0,0,0,0,1,1
2026-07-31,120247566493330278,,,0,0,0,0,0,0,4,1
2026-07-31,120247566496630278,,,0,0,0,0,0,0,1,1
2026-07-31,120247566558640278,,,0,0,0,0,0,0,3,2
2026-07-31,120247566567050278,,,0,0,0,0,0,0,8,3
2026-07-31,120247566569190278,,,0,0,0,0,0,0,1,1
2026-07-31,120247753268600278,[AFS] [F3] [Siphesihle Cele] V1,120247753268510278,3,3,3,6,9,0.78,10,2
2026-07-31,120247753333380278,[AFS] [F3] [Siphesihle Cele] V2,120247753268510278,2,2,2,3,6,0.35,7,1
2026-07-31,120247753343390278,[AFS] [F3] [Siphesihle Cele] V4,120247753268510278,1,1,1,3,6,0.10,0,0
2026-07-31,120247753348540278,,,0,0,0,0,3,0.00,0,0
2026-07-31,120247753359010278,,,0,0,0,6,6,0.22,0,0
2026-07-31,120247788946870330,[BR] [F1] [Fernanda Souza] V1,120247788946770330,9,9,9,0,0,0,4,1
2026-07-31,120247788986680330,[BR] [F1] [Fernanda Souza] V2,120247788946770330,5,5,5,0,0,0,2,1
2026-07-31,120247788998700330,[BR] [F1] [Fernanda Souza] V3,120247788946770330,8,8,8,0,0,0,3,1
2026-07-31,120247789002270330,[BR] [F1] [Fernanda Souza] V4,120247788946770330,7,7,7,0,0,0,2,1
2026-07-31,120247789017660330,,,0,0,0,0,0,0,2,1
2026-07-31,120247789270830330,[BR] [F1] [Mariana Oliveira] V2,120247789077760330,7,7,7,0,9,0.00,2,2
2026-07-31,120247789337620330,[BR] [F1] [Mariana Oliveira] V3,120247789077760330,5,5,5,0,0,0,2,1
2026-07-31,120247789376620330,[BR] [F1] [Mariana Oliveira] V4,120247789077760330,1,1,1,0,3,0.00,0,0
2026-07-31,120247789415480330,[BR] [F1] [Mariana Oliveira] V5,120247789077760330,12,12,12,0,6,0.00,0,0
2026-07-31,120247789430170330,[BR] [F1] [Mariana Oliveira] V6,120247789077760330,11,11,11,0,9,0.00,0,0
2026-07-31,120247789742310330,[BR] [F1] [Larissa Rodrigues] V3,120247789489540330,8,8,8,0,0,0,0,0
2026-07-31,120247789776200330,[BR] [F1] [Larissa Rodrigues] V4,120247789489540330,11,11,11,0,0,0,8,2
2026-07-31,120247789784130330,[BR] [F1] [Larissa Rodrigues] V5,120247789489540330,4,4,4,0,0,0,0,0
2026-07-31,120247789789060330,[BR] [F1] [Larissa Rodrigues] V6,120247789489540330,4,4,4,0,0,0,0,0
2026-07-31,120247789829370330,[BR] [F1] [Beatriz Almeida] V1,120247789829290330,7,7,7,0,0,0,0,0
2026-07-31,120247789884900330,[BR] [F1] [Beatriz Almeida] V2,120247789829290330,7,7,7,0,0,0,15,2
2026-07-31,120247789895820330,[BR] [F1] [Beatriz Almeida] V3,120247789829290330,9,9,9,0,0,0,0,0
2026-07-31,120247789907960330,[BR] [F1] [Beatriz Almeida] V4,120247789829290330,6,6,6,0,0,0,2,2
2026-07-31,120247789927420330,[BR] [F1] [Beatriz Almeida] V5,120247789829290330,11,11,11,0,0,0,11,3
2026-07-31,120247789961130330,,,0,0,0,0,0,0,1,1
2026-07-31,120247790072460330,[BR] [F1] [Carolina Lima] V1,120247790072450330,7,7,7,0,0,0,1,1
2026-07-31,120247790205370330,[BR] [F1] [Carolina Lima] V2,120247790072450330,3,3,3,0,0,0,0,0
2026-07-31,120247790236810330,[BR] [F1] [Carolina Lima] V3,120247790072450330,5,5,5,0,0,0,3,2
2026-07-31,120247790277720330,[BR] [F1] [Carolina Lima] V4,120247790072450330,8,8,8,0,0,0,0,0
2026-07-31,120247790308570330,[BR] [F1] [Carolina Lima] V5,120247790072450330,4,4,4,0,0,0,1,1
2026-07-31,120247790337370330,[BR] [F1] [Carolina Lima] V6,120247790072450330,14,14,14,0,0,0,9,4
2026-07-31,120247811001390330,[BR] [F1] [Gabriela Santos] V1,120247811001220330,7,7,7,0,0,0,0,0
2026-07-31,120247811382770330,[BR] [F1] [Gabriela Santos] V3,120247811001220330,5,5,5,0,0,0,2,1
2026-07-31,120247811582300330,[BR] [F1] [Gabriela Santos] V4,120247811001220330,4,4,4,0,0,0,0,0
2026-07-31,120247811833010330,[BR] [F1] [Gabriela Santos] V5,120247811001220330,4,4,4,0,0,0,7,2
2026-07-31,120247811912400330,[BR] [F1] [Gabriela Santos] V6,120247811001220330,9,9,9,0,0,0,0,0
2026-07-31,120247812183780330,[BR] [F1] [Isabela Carvalho] V1,120247812183790330,4,4,4,0,0,0,0,0
2026-07-31,120247812443470330,[BR] [F1] [Isabela Carvalho] V2,120247812183790330,9,9,9,0,0,0,0,0
2026-07-31,120247812562160330,[BR] [F1] [Isabela Carvalho] V3,120247812183790330,2,2,2,0,0,0,0,0
2026-07-31,120247812648670330,[BR] [F1] [Isabela Carvalho] V4,120247812183790330,7,7,7,0,0,0,0,0
2026-07-31,120247812714140330,[BR] [F1] [Isabela Carvalho] V5,120247812183790330,9,9,9,0,0,0,2,1
2026-07-31,120247813181780330,[BR] [F1] [Amanda Martins] V1,120247813181790330,4,4,4,0,0,0,0,0
2026-07-31,120247813442830330,[BR] [F1] [Amanda Martins] V2,120247813181790330,4,4,4,0,0,0,6,1
2026-07-31,120247813533730330,[BR] [F1] [Amanda Martins] V3,120247813181790330,9,9,9,0,0,0,1,1
2026-07-31,120247813597960330,[BR] [F1] [Amanda Martins] V4,120247813181790330,7,7,7,0,0,0,5,3
2026-07-31,120247813654330330,[BR] [F1] [Amanda Martins] V5,120247813181790330,9,9,9,0,0,0,1,1
2026-07-31,120247813826220330,[BR] [F1] [Camila Ferreira] V1,120247813826140330,7,7,7,0,0,0,0,0
2026-07-31,120247813898610330,[BR] [F1] [Camila Ferreira] V3,120247813826140330,7,7,7,0,0,0,3,2
2026-07-31,120247813910810330,[BR] [F1] [Camila Ferreira] V4,120247813826140330,6,6,6,0,0,0,14,5
2026-07-31,120247813916130330,[BR] [F1] [Camila Ferreira] V5,120247813826140330,2,2,2,0,0,0,1,1
2026-07-31,120247813921210330,[BR] [F1] [Camila Ferreira] V6,120247813826140330,3,3,3,0,0,0,0,0
2026-07-31,120247813932040330,[BR] [F1] [Juliana Costa] V2,120247813931970330,6,6,6,0,0,0,0,0
2026-07-31,120247813966280330,[BR] [F1] [Juliana Costa] V3,120247813931970330,8,8,8,0,0,0,0,0
2026-07-31,120247814050020330,[BR] [F1] [Juliana Costa] V6,120247813931970330,3,3,3,0,0,0,1,1
2026-07-31,120247814139550330,[BR] [F1] [Juliana Costa] V1,120247813931970330,4,4,4,0,0,0,0,0
2026-07-31,120247843726790330,[BR] [F1] [Daiane Cunha] V1,120247843726710330,8,8,8,0,0,0,33,8
2026-07-31,120247843768630330,[BR] [F1] [Daiane Cunha] V2,120247843726710330,7,7,7,0,0,0,11,4
2026-07-31,120247843798030330,[BR] [F1] [Daiane Cunha] V3,120247843726710330,10,10,10,0,0,0,13,7
2026-07-31,120247843812620330,[BR] [F1] [Daiane Cunha] V4,120247843726710330,6,6,6,0,0,0,12,4
2026-07-31,120247843827590330,[BR] [F1] [Daiane Cunha] V5,120247843726710330,8,8,8,0,0,0,12,4
2026-07-31,120247843842210330,[BR] [F1] [Daiane Cunha] V6,120247843726710330,6,6,6,0,0,0,9,5
2026-07-31,120247844776410330,[BR] [F1] [Kátia Neves] V1,120247844776340330,6,6,6,0,0,0,12,3
2026-07-31,120247844892850330,[BR] [F1] [Kátia Neves] V2,120247844776340330,7,7,7,0,0,0,39,11
2026-07-31,120247844929630330,[BR] [F1] [Kátia Neves] V3,120247844776340330,21,21,21,0,0,0,31,14
2026-07-31,120247844968160330,[BR] [F1] [Kátia Neves] V4,120247844776340330,2,2,2,0,0,0,1,1
2026-07-31,120247845027420330,[BR] [F1] [Kátia Neves] V5,120247844776340330,5,5,5,0,0,0,23,9
2026-07-31,120247845114020330,[BR] [F1] [Kátia Neves] V6,120247844776340330,10,10,10,0,0,0,3,2
2026-07-31,120247845561260330,[BR] [F1] [Fabiana Peixoto] V1,120247845561180330,4,4,4,0,0,0,3,1
2026-07-31,120247845668160330,[BR] [F1] [Fabiana Peixoto] V2,120247845561180330,9,9,9,0,0,0,22,5
2026-07-31,120247845705200330,[BR] [F1] [Fabiana Peixoto] V3,120247845561180330,8,8,8,0,0,0,14,7
2026-07-31,120247845731570330,[BR] [F1] [Fabiana Peixoto] V4,120247845561180330,8,8,8,0,0,0,18,4
2026-07-31,120247845745780330,[BR] [F1] [Fabiana Peixoto] V5,120247845561180330,3,3,3,0,0,0,7,3
2026-07-31,120247845763300330,[BR] [F1] [Fabiana Peixoto] V6,120247845561180330,8,8,8,0,0,0,24,6
2026-07-31,120247845862700330,[BR] [F1] [Simone Farias] V1,120247845862710330,6,6,6,0,0,0,3,3
2026-07-31,120247845962790330,[BR] [F1] [Simone Farias] V2,120247845862710330,13,13,13,0,0,0,10,5
2026-07-31,120247846007130330,[BR] [F1] [Simone Farias] V3,120247845862710330,8,8,8,0,0,0,21,9
2026-07-31,120247846179610330,[BR] [F1] [TATIANE RAMOS] V1,120247846179540330,14,14,14,0,0,0,0,0
2026-07-31,120247846204880330,[BR] [F1] [Simone Farias] V5,120247845862710330,9,9,9,0,0,0,15,7
2026-07-31,120247846224690330,[BR] [F1] [Simone Farias] V6,120247845862710330,11,11,11,0,0,0,12,5
2026-07-31,120247846276140330,[BR] [F1] [Renata Batista] V1,120247846276070330,4,4,4,0,0,0,12,4
2026-07-31,120247846448530330,[BR] [F1] [Renata Batista] V2,120247846276070330,7,7,7,0,0,0,29,9
2026-07-31,120247846477330330,[BR] [F1] [Renata Batista] V3,120247846276070330,3,3,3,0,0,0,16,4
2026-07-31,120247846499020330,[BR] [F1] [TATIANE RAMOS] V2,120247846179540330,8,8,8,0,0,0,0,0
2026-07-31,120247846507540330,[BR] [F1] [TATIANE RAMOS] V3,120247846179540330,5,5,5,0,0,0,0,0
2026-07-31,120247846523510330,[BR] [F1] [TATIANE RAMOS] V4,120247846179540330,15,15,15,0,0,0,0,0
2026-07-31,120247846542980330,[BR] [F1] [TATIANE RAMOS] V5,120247846179540330,8,8,8,0,0,0,1,1
2026-07-31,120247846547510330,[BR] [F1] [Renata Batista] V4,120247846276070330,11,11,11,0,0,0,36,8
2026-07-31,120247846556200330,[BR] [F1] [TATIANE RAMOS] V6,120247846179540330,17,17,17,0,0,0,2,2
2026-07-31,120247846566540330,[BR] [F1] [Renata Batista] V5,120247846276070330,5,5,5,0,0,0,28,7
2026-07-31,120247846597000330,[BR] [F1] [Renata Batista] V6,120247846276070330,1,1,1,0,0,0,1,1
2026-07-31,120247846643640330,[BR] [F1] [MONIQUE ROCHA] V1,120247846643540330,6,6,6,0,0,0,0,0
2026-07-31,120247846755520330,[BR] [F1] [MONIQUE ROCHA] V2,120247846643540330,14,14,14,0,0,0,6,2
2026-07-31,120247846797700330,[BR] [F1] [MONIQUE ROCHA] V3,120247846643540330,10,10,10,0,0,0,0,0
2026-07-31,120247846818890330,[BR] [F1] [MONIQUE ROCHA] V4,120247846643540330,8,8,8,0,0,0,0,0
2026-07-31,120247846841700330,[BR] [F1] [MONIQUE ROCHA] V5,120247846643540330,6,6,6,0,0,0,0,0
2026-07-31,120247846862260330,[BR] [F1] [MONIQUE ROCHA] V6,120247846643540330,5,5,5,0,0,0,0,0
2026-07-31,120247846946050330,[BR] [F1] [ROSANGELA FONSECA] V1,120247846945940330,6,6,6,0,0,0,1,1
2026-07-31,120247847545720330,[BR] [F1] [ROSANGELA FONSECA] V2,120247846945940330,4,4,4,0,0,0,0,0
2026-07-31,120247847602680330,[BR] [F1] [ROSANGELA FONSECA] V3,120247846945940330,9,9,9,0,0,0,2,1
2026-07-31,120247847672430330,[BR] [F1] [ROSANGELA FONSECA] V4,120247846945940330,13,13,13,0,0,0,0,0
2026-07-31,120247847712570330,[BR] [F1] [ROSANGELA FONSECA] V5,120247846945940330,6,6,6,0,0,0,0,0
2026-07-31,120247847837200330,[BR] [F1] [ROSANGELA FONSECA] V6,120247846945940330,14,14,14,0,0,0,0,0
2026-07-31,120247848117700330,[BR] [F1] [PAULA VIEIRA] V1,120247848117520330,10,10,10,0,0,0,0,0
2026-07-31,120247848230230330,[BR] [F1] [PAULA VIEIRA] V2,120247848117520330,5,5,5,0,0,0,0,0
2026-07-31,120247848241420330,[BR] [F1] [PAULA VIEIRA] V3,120247848117520330,4,4,4,0,0,0,1,1
2026-07-31,120247848289860330,[BR] [F1] [PAULA VIEIRA] V4,120247848117520330,6,6,6,0,0,0,0,0
2026-07-31,120247848359900330,[BR] [F1] [PAULA VIEIRA] V5,120247848117520330,12,12,12,0,0,0,0,0
2026-07-31,120247848393460330,[BR] [F1] [PAULA VIEIRA] V6,120247848117520330,12,12,12,0,0,0,0,0
2026-07-31,120253079132510281,[AFS] [F3] [ZOLA OKAFOR] V6,120253079044410281,3,3,3,0,6,0.00,0,0
2026-07-31,120253082530860281,[AFS] [F3] [NOSIZWE HLONGWANE] V1,120253082530810281,1,1,1,0,3,0.00,0,0
2026-07-31,120253082684680281,,,0,0,0,0,0,0,1,1
2026-07-31,120253082723400281,[AFS] [F3] [NOSIZWE HLONGWANE] V3,120253082530810281,10,10,10,0,21,0.00,11,6
2026-07-31,120253082737930281,[AFS] [F3] [NOSIZWE HLONGWANE] V5,120253082530810281,5,5,5,0,3,0.00,7,5
2026-07-31,120253082741790281,[AFS] [F3] [NOSIZWE HLONGWANE] V6,120253082530810281,1,1,1,0,3,0.00,9,3
2026-07-31,120253082817280281,[AFS] [F3] [ZANELE DUDE] V1,120253082817170281,1,1,1,0,0,0,3,2
2026-07-31,120253082840560281,[AFS] [F3] [ZANELE DUDE]  V2,120253082817170281,1,1,1,0,3,0.00,0,0
2026-07-31,120253082846410281,[AFS] [F3] [ZANELE DUDE]  V3,120253082817170281,1,1,1,0,3,0.00,0,0
2026-07-31,120253082849840281,[AFS] [F3] [ZANELE DUDE]  V4,120253082817170281,1,1,1,0,3,0.00,0,0
2026-07-31,120253082852390281,[AFS] [F3] [ZANELE DUDE] V5,120253082817170281,1,1,1,0,3,0.00,0,0
2026-07-31,120253082855810281,[AFS] [F3] [ZANELE DUDE] V6,120253082817170281,1,1,1,0,3,0.00,3,1
2026-07-31,120253101270940281,,,0,0,0,0,0,0,1,1
2026-07-31,120253101284450281,[AFS] [F3] [SINDISIWE XABA] V2,120253101270850281,5,5,5,0,12,0.00,11,6
2026-07-31,120253101286320281,,,0,0,0,0,0,0,3,1
2026-07-31,120253101288330281,[AFS] [F3] [SINDISIWE XABA] V4,120253101270850281,15,15,15,0,33,0.00,6,3
2026-07-31,120253101303050281,[AFS] [F3] [AYANDA ZULU]  V1,120253101302970281,7,7,7,0,15,0.01,13,5
2026-07-31,120253101321190281,[AFS] [F3] [AYANDA ZULU]  V4,120253101302970281,8,8,8,6,24,0.52,8,7
2026-07-31,120253101322290281,[AFS] [F3] [AYANDA ZULU]  V5,120253101302970281,2,2,2,0,6,0.00,4,3
2026-07-31,120253101330930281,[AFS] [F3] [TARIRO CHIKORE] V1,120253101330870281,1,1,1,0,3,0.00,0,0
2026-07-31,120253101343520281,[AFS] [F3] [TARIRO CHIKORE] V2,120253101330870281,1,1,1,0,3,0.00,0,0
2026-07-31,120253101346700281,[AFS] [F3] [TARIRO CHIKORE] V3,120253101330870281,5,5,5,0,12,0.00,4,1
2026-07-31,120253136853570281,,,0,0,0,0,0,0,1,1
2026-07-31,120253136890790281,,,0,0,0,0,0,0,1,1
2026-07-31,120253137204850281,,,0,0,0,0,0,0,13,8
2026-07-31,120253137215430281,,,0,0,0,0,0,0,14,1
2026-07-31,120253137226520281,,,0,0,0,0,0,0,1,1
2026-07-31,120253138463570281,,,0,0,0,0,0,0,1,1
2026-07-31,120253138575670281,,,0,0,0,0,0,0,2,2
2026-07-31,120253138584190281,,,0,0,0,0,0,0,1,1
2026-07-31,120253138733630281,,,0,0,0,0,0,0,3,2
2026-07-31,120253138745550281,,,0,0,0,0,0,0,1,1
2026-07-31,120253138933900281,,,0,0,0,0,0,0,15,8
2026-07-31,120253138944340281,,,0,0,0,0,0,0,1,1
2026-07-31,120253141499830281,[AFS] [F3] [PRECIOUS NCUBE] V2,120253141376060281,6,6,6,0,15,0.00,6,4
2026-07-31,120253141501720281,[AFS] [F3] [PRECIOUS NCUBE] V3,120253141376060281,1,1,1,0,3,0.00,1,1
2026-07-31,120253141502670281,,,0,0,0,0,0,0,2,1
2026-07-31,120253141509190281,,,0,0,0,0,0,0,1,1
2026-07-31,120253141747920281,[AFS] [F3] [FAITH MSIMANG] V4,120253141635460281,14,14,14,0,30,0.00,19,8
2026-07-31,120253141780200281,[AFS] [F3] [FAITH MSIMANG] V5,120253141635460281,12,12,12,0,21,0.00,8,7
2026-07-31,120253141934410281,[AFS] [F3] [MARTHA MHLONGO] V2,120253141863550281,1,1,1,0,3,0.00,0,0
2026-07-31,120253141945370281,[AFS] [F3] [MARTHA MHLONGO] V5,120253141863550281,10,10,10,0,12,0.00,28,10
2026-07-31,120253142005590281,[AFS] [F3] [BRENDA MTHETHWA] V2,120253141969930281,1,1,1,0,3,0.00,0,0
2026-07-31,120253142011070281,[AFS] [F3] [BRENDA MTHETHWA] V3,120253141969930281,2,2,2,0,3,0.00,0,0
2026-07-31,120253142027880281,,,0,0,0,0,0,0,2,1
2026-07-31,120253142297110281,[AFS] [F3] [CHARMAINE MABUZA] V4,120253142123820281,3,3,3,0,9,0.00,7,3
2026-07-31,120253142301540281,[AFS] [F3] [CHARMAINE MABUZA] V5,120253142123820281,1,1,1,0,3,0.00,0,0
2026-07-31,120253142306480281,[AFS] [F3] [CHARMAINE MABUZA] V6,120253142123820281,10,10,10,0,24,0.00,5,3
2026-07-31,120253167383880281,,,0,0,0,0,0,0,38,17
2026-07-31,120253167453190281,,,0,0,0,0,0,0,1,1
2026-07-31,120253167666800281,,,0,0,0,0,0,0,1,1
2026-07-31,120253167671240281,,,0,0,0,0,0,0,1,1
2026-07-31,120253167676340281,,,0,0,0,0,0,0,1,1
2026-07-31,120253167947120281,,,0,0,0,0,0,0,1,1
2026-07-31,120253167954350281,,,0,0,0,0,0,0,7,4
2026-07-31,120253167956510281,,,0,0,0,0,0,0,5,2
2026-07-31,120253168276010281,,,0,0,0,0,0,0,7,4
2026-07-31,120253168279700281,,,0,0,0,0,0,0,1,1
2026-07-31,120253168285770281,,,0,0,0,0,0,0,1,1
2026-07-31,120253168399990281,,,0,0,0,0,0,0,12,2
2026-07-31,120253224542190281,[AFS] [F3] [FERNANDA RIOS] V1,120253224542110281,4,4,4,0,9,0.00,4,1
2026-07-31,120253224685120281,,,0,0,0,0,0,0,2,1
2026-07-31,120253224700400281,,,0,0,0,0,0,0,2,1
2026-07-31,120253224960730281,,,0,0,0,0,0,0,60,24
2026-07-31,120253225009820281,[AFS] [F3] [Michelle Ndlovu] V1,120253225009810281,4,4,4,0,12,0.00,14,2
2026-07-31,120253225026480281,[AFS] [F3] [Michelle Ndlovu] V2,120253225009810281,19,19,19,0,36,0.00,17,8
2026-07-31,120253225029450281,[AFS] [F3] [Michelle Ndlovu] V3,120253225009810281,8,8,8,0,21,0.00,10,5
2026-07-31,120253225038370281,[AFS] [F3] [Michelle Ndlovu] V6,120253225009810281,8,8,8,0,9,0.00,6,4
2026-07-31,120253225073690281,[AFS] [F3] [Candice Mhlongo] V1,120253225073650281,1,1,1,0,3,0.00,9,2
2026-07-31,120253225087760281,[AFS] [F3] [Candice Mhlongo] V2,120253225073650281,16,16,16,0,42,0.00,19,8
2026-07-31,120253225111400281,[AFS] [F3] [Candice Mhlongo] V4,120253225073650281,10,10,10,0,21,0.00,10,7
2026-07-31,120253225135180281,[AFS] [F3] [Candice Mhlongo] V5,120253225073650281,1,1,1,0,3,0.00,19,7
2026-07-31,120253225329900281,[AFS] [F3] [Nokuthula Hadebe] V1,120253225329830281,1,1,1,0,3,0.00,0,0
2026-07-31,120253225501180281,[AFS] [F3] [Nokuthula Hadebe] V3,120253225329830281,9,9,9,0,21,0.00,17,7
2026-07-31,120253225541760281,[AFS] [F3] [Nokuthula Hadebe] V4,120253225329830281,1,1,1,0,3,0.00,0,0
2026-07-31,120253225586410281,[AFS] [F3] [Nokuthula Hadebe] V5,120253225329830281,2,2,2,0,6,0.00,12,8
2026-07-31,120253225638960281,[AFS] [F3] [Nokuthula Hadebe] V6,120253225329830281,9,9,9,0,21,0.00,13,7
2026-07-31,120253225795580281,[AFS] [F3] [Tebogo Mokoena] V1,120253225795550281,34,34,34,0,87,0.00,69,30
2026-07-31,120253225872080281,[AFS] [F3] [Tebogo Mokoena] V2,120253225795550281,12,12,12,0,30,0.00,22,9
2026-07-31,120253225880820281,[AFS] [F3] [Tebogo Mokoena] V3,120253225795550281,16,16,16,0,27,0.00,13,8
2026-07-31,120253225931950281,[AFS] [F3] [Tebogo Mokoena] V5,120253225795550281,18,18,18,0,51,0.00,17,13
2026-07-31,120253226001460281,[AFS] [F3] [Tebogo Mokoena] V6,120253225795550281,27,27,27,0,63,0.00,24,11
2026-07-31,120253302500270281,[AFS] [F3] [BRENDA MTHETHWA] V2,120253302500230281,6,6,6,0,18,0.00,3,2
2026-07-31,120253302500280281,[AFS] [F3] [BRENDA MTHETHWA] V6,120253302500230281,5,5,5,0,12,0.00,2,2
2026-07-31,120253302500320281,,,0,0,0,0,0,0,4,1
2026-07-31,120253302500340281,[AFS] [F3] [BRENDA MTHETHWA] V3,120253302500230281,9,9,9,0,27,0.00,4,3
2026-07-31,120253302500350281,[AFS] [F3] [BRENDA MTHETHWA] V4,120253302500230281,4,4,4,0,6,0.00,7,4
2026-07-31,120253302500360281,[AFS] [F3] [BRENDA MTHETHWA] V5,120253302500230281,11,11,11,0,24,0.00,8,5
2026-07-31,120253303569730281,[AFS] [F3] [CYNTHIA MASEKO] V1,120253303569690281,1,1,1,0,3,0.00,1,1
2026-07-31,120253303638220281,[AFS] [F3] [CYNTHIA MASEKO] V2,120253303569690281,2,2,2,0,6,0.00,2,1
2026-07-31,120253303642850281,[AFS] [F3] [CYNTHIA MASEKO] V3,120253303569690281,1,1,1,0,3,0.00,9,5
2026-07-31,120253303657180281,[AFS] [F3] [CYNTHIA MASEKO] V4,120253303569690281,4,4,4,0,9,0.00,3,2
2026-07-31,120253303673670281,[AFS] [F3] [CYNTHIA MASEKO] V5,120253303569690281,3,3,3,0,9,0.00,6,2
2026-07-31,120253303687920281,[AFS] [F3] [CYNTHIA MASEKO] V6,120253303569690281,3,3,3,0,9,0.00,3,2
2026-07-31,120253303763750281,,,0,0,0,0,0,0,4,3
2026-07-31,120253303936160281,,,0,0,0,0,0,0,14,2
2026-07-31,120253303941140281,,,0,0,0,0,0,0,4,2
2026-07-31,120253303964040281,,,0,0,0,0,0,0,2,2
2026-07-31,120253304045990281,,,0,0,0,0,0,0,3,1
2026-07-31,120253304105950281,,,0,0,0,0,0,0,6,2
2026-07-31,120253304168340281,[AFS] [F3] [NOKWAZI NENE] V3,120253304045940281,3,3,3,0,0,0,0,0
2026-07-31,120253304195760281,[AFS] [F3] [NOKWAZI NENE] V4,120253304045940281,6,6,6,0,12,0.00,2,1
2026-07-31,120253304211740281,,,0,0,0,0,0,0,1,1
2026-07-31,120253304219800281,[AFS] [F3] [NOKWAZI NENE] V6,120253304045940281,3,3,3,0,6,0.00,7,3
2026-07-31,120253304289250281,[AFS] [F3] [WENDY MSIMANG] V1,120253304289200281,9,9,9,0,21,0.00,23,9
2026-07-31,120253304462120281,[AFS] [F3] [WENDY MSIMANG] V2,120253304289200281,4,4,4,0,9,0.00,0,0
2026-07-31,120253304511230281,[AFS] [F3] [WENDY MSIMANG] V3,120253304289200281,8,8,8,0,21,0.00,7,2
2026-07-31,120253304699650281,[AFS] [F3] [WENDY MSIMANG] V4,120253304289200281,2,2,2,0,3,0.00,4,4
2026-07-31,120253304752230281,[AFS] [F3] [WENDY MSIMANG] V5,120253304289200281,7,7,7,0,15,0.00,3,1
2026-07-31,120253304775170281,,,0,0,0,0,0,0,1,1
2026-08-01,120247357080930278,,,0,0,0,0,0,0,1,1
2026-08-01,120247357080980278,[AFS] [F3] [AMARA OKAFOR] V5,120247357080990278,47,47,40,44,132,3.96,148,31
2026-08-01,120247357081010278,[AFS] [F3] [AMARA OKAFOR] V6,120247357080990278,46,46,40,37,144,4.10,113,41
2026-08-01,120247357081030278,[AFS] [F3] [AMARA OKAFOR] V3,120247357080990278,34,34,33,33,108,4.86,117,18
2026-08-01,120247357081040278,[AFS] [F3] [AMARA OKAFOR] V2,120247357080990278,44,44,41,68,132,8.54,230,42
2026-08-01,120247357081050278,[AFS] [F3] [AMARA OKAFOR] V4,120247357080990278,40,40,38,49,111,8.68,216,39
2026-08-01,120247357457050278,[AFS] [F3] [ZOLA DLAMINI] V4,120247357456980278,43,43,37,48,129,5.75,154,22
2026-08-01,120247357457060278,[AFS] [F3] [ZOLA DLAMINI] V2,120247357456980278,1,1,1,1,3,0.04,1,1
2026-08-01,120247357457070278,[AFS] [F3] [ZOLA DLAMINI] V3,120247357456980278,52,52,50,73,147,8.58,218,40
2026-08-01,120247357457080278,[AFS] [F3] [ZOLA DLAMINI] V5,120247357456980278,45,45,43,46,135,4.60,138,35
2026-08-01,120247357457090278,[AFS] [F3] [ZOLA DLAMINI]V6,120247357456980278,49,49,49,72,144,4.31,133,52
2026-08-01,120247357457100278,[AFS] [F3] [ZOLA DLAMINI] V1,120247357456980278,45,45,40,55,141,5.91,169,34
2026-08-01,120247358420040278,[AFS] [F3] [AMINATA DIALLO] V6,120247358419970278,3,3,3,3,6,0.24,15,6
2026-08-01,120247358420050278,[AFS] [F3] [AMINATA DIALLO] V4,120247358419970278,1,1,1,3,3,0.43,14,2
2026-08-01,120247358420060278,[AFS] [F3] [AMINATA DIALLO] V5,120247358419970278,41,41,37,45,117,6.04,143,27
2026-08-01,120247358420070278,[AFS] [F3] [AMINATA DIALLO] V3,120247358419970278,49,49,45,86,165,11.29,244,41
2026-08-01,120247358420080278,[AFS] [F3] [AMINATA DIALLO] V2,120247358419970278,39,39,35,46,117,3.99,102,30
2026-08-01,120247358420090278,[AFS] [F3] [AMINATA DIALLO] V1,120247358419970278,1,1,1,0,3,0.00,1,1
2026-08-01,120247358791290278,,,0,0,0,0,0,0,2,1
2026-08-01,120247358791350278,[AFS] [F3] [FOLASADE ADEYEMI] V6,120247358791270278,2,2,2,3,6,0.45,18,4
2026-08-01,120247358791360278,[AFS] [F3] [FOLASADE ADEYEMI] V4,120247358791270278,1,1,1,0,3,0.03,6,5
2026-08-01,120247358791370278,,,0,0,0,0,0,0,1,1
2026-08-01,120247359464720278,[AFS] [F3] [NOMVULA MOKOENA] V6,120247359464690278,46,46,40,48,135,5.88,158,33
2026-08-01,120247360141400278,[AFS] [F3] [CHIPO MOYO]  V1,120247360141370278,1,1,1,3,6,0.21,7,2
2026-08-01,120247360141410278,[AFS] [F3] [CHIPO MOYO]  V6,120247360141370278,70,70,67,106,198,12.09,327,56
2026-08-01,120247360141470278,[AFS] [F3] [CHIPO MOYO]  V5,120247360141370278,2,2,2,0,6,0.00,2,2
2026-08-01,120247360141480278,[AFS] [F3] [CHIPO MOYO]  V4,120247360141370278,29,29,26,50,87,6.64,173,29
2026-08-01,120247360141490278,[AFS] [F3] [CHIPO MOYO]  V2,120247360141370278,39,39,35,44,111,4.67,139,29
2026-08-01,120247360356770278,[AFS] [F3] [FATOUMATA TRAORE] V4,120247360356710278,26,26,23,24,75,2.25,70,26
2026-08-01,120247360356790278,[AFS] [F3] [FATOUMATA TRAORE] V6,120247360356710278,32,32,31,34,108,3.92,128,26
2026-08-01,120247360356820278,[AFS] [F3] [FATOUMATA TRAORE] V2,120247360356710278,39,39,37,49,126,4.26,97,23
2026-08-01,120247360356830278,[AFS] [F3] [FATOUMATA TRAORE] V1,120247360356710278,56,56,56,61,174,7.19,212,44
2026-08-01,120247360531120278,[AFS] [F3] [AMINATA DIALLO] V3,120247360531070278,28,28,27,18,72,1.20,66,22
2026-08-01,120247360531130278,[AFS] [F3] [AMINATA DIALLO] V5,120247360531070278,42,42,41,53,135,4.49,109,28
2026-08-01,120247360531140278,[AFS] [F3] [AMINATA DIALLO] V6,120247360531070278,71,71,64,101,213,12.57,291,49
2026-08-01,120247360531150278,,,0,0,0,0,0,0,14,1
2026-08-01,120247382249540278,[AFS_RELA_EN_BOT_0001] [NOURBESE] V5,120247382249440278,3,3,3,3,9,0.33,8,1
2026-08-01,120247382249550278,[AFS_RELA_EN_BOT_0001] [NOURBESE] V6,120247382249440278,1,1,1,0,3,0.00,0,0
2026-08-01,120247382323040278,[AFS] [F3] [WANGARI KAMAU] V4,120247382322970278,53,53,51,69,156,10.65,253,46
2026-08-01,120247382323050278,[AFS] [F3] [WANGARI KAMAU] V6,120247382322970278,54,54,51,76,165,9.09,249,44
2026-08-01,120247382323060278,[AFS] [F3] [WANGARI KAMAU] V5,120247382322970278,58,58,54,75,153,7.68,237,46
2026-08-01,120247382323070278,[AFS] [F3] [WANGARI KAMAU] V2,120247382322970278,51,51,38,58,159,6.27,156,38
2026-08-01,120247382323080278,[AFS] [F3] [WANGARI KAMAU] V3,120247382322970278,59,59,54,72,165,8.33,196,42
2026-08-01,120247382323090278,[AFS] [F3] [WANGARI KAMAU] V1,120247382322970278,57,57,52,65,168,5.66,135,39
2026-08-01,120247488168300278,[AFS] [F3] [BONTLE MODISE] V1,120247488168210278,52,52,48,74,153,5.67,148,41
2026-08-01,120247488215910278,[AFS] [F3] [BONTLE MODISE] V2,120247488168210278,67,67,61,89,195,10.24,225,51
2026-08-01,120247488220950278,[AFS] [F3] [BONTLE MODISE] V3,120247488168210278,30,30,28,57,102,6.51,124,28
2026-08-01,120247488225850278,[AFS] [F3] [BONTLE MODISE] V4,120247488168210278,43,43,38,52,126,5.86,129,33
2026-08-01,120247488230320278,[AFS] [F3] [BONTLE MODISE] V5,120247488168210278,37,37,34,47,102,4.93,114,28
2026-08-01,120247488259350278,[AFS] [F3] [LUNGILE HADEBE] V1,120247488259330278,62,62,57,97,189,13.76,308,49
2026-08-01,120247488362150278,[AFS] [F3] [LUNGILE HADEBE] V3,120247488259330278,1,1,1,2,3,0.21,0,0
2026-08-01,120247488373900278,,,0,0,0,0,0,0,8,3
2026-08-01,120247488419540278,,,0,0,0,0,0,0,11,4
2026-08-01,120247488474100278,[AFS] [F3] [LERATO MAHLANGU] V1,120247488474000278,58,58,54,89,162,7.57,182,48
2026-08-01,120247488660110278,[AFS] [F3] [LERATO MAHLANGU] V3,120247488474000278,39,39,35,46,114,3.80,113,24
2026-08-01,120247488793560278,[AFS] [F3] [LERATO MAHLANGU] V4,120247488474000278,32,32,29,34,90,5.00,151,23
2026-08-01,120247488827940278,[AFS] [F3] [LERATO MAHLANGU] V5,120247488474000278,73,73,69,109,216,10.33,246,57
2026-08-01,120247488854820278,[AFS] [F3] [LERATO MAHLANGU] V6,120247488474000278,43,43,40,57,117,7.30,179,31
2026-08-01,120247488968980278,[AFS] [F3] [NOURBESE ACHEBE] V2,120247488930090278,47,47,42,67,141,5.39,137,40
2026-08-01,120247489010590278,[AFS] [F3] [NOURBESE ACHEBE] V4,120247488930090278,1,1,1,0,3,0.00,0,0
2026-08-01,120247489016960278,[AFS] [F3] [NOURBESE ACHEBE] V5,120247488930090278,51,51,46,69,150,8.36,192,31
2026-08-01,120247489048840278,,,0,0,0,0,0,0,1,1
2026-08-01,120247489113490278,[AFS] [F3] [NONHLANHLA CELE] V2,120247489056040278,2,2,2,3,6,0.12,4,3
2026-08-01,120247489137090278,,,0,0,0,0,0,0,1,1
2026-08-01,120247489142030278,,,0,0,0,0,0,0,2,2
2026-08-01,120247489149860278,,,0,0,0,0,0,0,6,6
2026-08-01,120247489155770278,,,0,0,0,0,0,0,2,2
2026-08-01,120247489160520278,[AFS] [F3] [NONHLANHLA CELE] V6,120247489056040278,138,138,122,258,429,25.79,621,118
2026-08-01,120247506216350278,,,0,0,0,0,0,0,3,3
2026-08-01,120247506238310278,,,0,0,0,0,0,0,1,1
2026-08-01,120247506249690278,[AFS] [F3] [BONGEKILE ZUNGU] V6,120247506168050278,35,35,30,37,93,4.09,111,18
2026-08-01,120247506424250278,[AFS] [F3] [MBALI BUTHELEZI] V1,120247506424170278,22,22,21,31,54,3.37,106,22
2026-08-01,120247506530130278,[AFS] [F3] [MBALI BUTHELEZI] V2,120247506424170278,29,29,27,30,90,2.93,68,21
2026-08-01,120247506542160278,[AFS] [F3] [MBALI BUTHELEZI] V3,120247506424170278,33,33,29,21,102,2.61,72,24
2026-08-01,120247506560570278,[AFS] [F3] [MBALI BUTHELEZI] V5,120247506424170278,21,21,20,12,48,1.10,38,16
2026-08-01,120247565319140278,,,0,0,0,0,0,0,7,2
2026-08-01,120247566388550278,,,0,0,0,0,0,0,1,1
2026-08-01,120247566417460278,,,0,0,0,0,0,0,1,1
2026-08-01,120247566488020278,,,0,0,0,0,0,0,5,1
2026-08-01,120247566493330278,,,0,0,0,0,0,0,4,1
2026-08-01,120247566567050278,,,0,0,0,0,0,0,5,2
2026-08-01,120247753268600278,[AFS] [F3] [Siphesihle Cele] V1,120247753268510278,26,26,26,33,84,5.31,92,18
2026-08-01,120247753333380278,[AFS] [F3] [Siphesihle Cele] V2,120247753268510278,25,25,25,34,84,3.99,78,15
2026-08-01,120247753339060278,[AFS] [F3] [Siphesihle Cele] V3,120247753268510278,20,20,20,21,63,3.04,60,9
2026-08-01,120247753343390278,[AFS] [F3] [Siphesihle Cele] V4,120247753268510278,29,29,29,29,84,4.10,93,15
2026-08-01,120247753348540278,[AFS] [F3] [Siphesihle Cele] V5,120247753268510278,16,16,16,23,48,3.34,48,8
2026-08-01,120247753359010278,[AFS] [F3] [Siphesihle Cele] V6,120247753268510278,22,22,22,40,66,4.97,110,16
2026-08-01,120247753386360278,[AFS] [F3] [Owami Madondo] V1,120247753386280278,1,1,1,0,3,0.00,0,0
2026-08-01,120247753419630278,[AFS] [F3] [Owami Madondo] V2,120247753386280278,3,3,3,3,9,0.35,8,3
2026-08-01,120247753426500278,[AFS] [F3] [Owami Madondo] V3,120247753386280278,1,1,1,0,3,0.00,0,0
2026-08-01,120247753441460278,[AFS] [F3] [Owami Madondo] V4,120247753386280278,4,4,4,3,12,0.23,5,1
2026-08-01,120247753452180278,[AFS] [F3] [Owami Madondo] V5,120247753386280278,4,4,4,0,12,0.09,3,1
2026-08-01,120247753471980278,[AFS] [F3] [Owami Madondo] V6,120247753386280278,2,2,2,0,6,0.00,0,0
2026-08-01,120247753572160278,[AFS] [F3] [Khanyisa Zwane] V1,120247753572060278,35,35,35,41,105,5.48,129,18
2026-08-01,120247753631300278,[AFS] [F3] [Khanyisa Zwane] V2,120247753572060278,23,23,23,30,72,4.27,74,15
2026-08-01,120247753639190278,[AFS] [F3] [Khanyisa Zwane] V3,120247753572060278,21,21,21,27,69,5.68,60,10
2026-08-01,120247753647720278,[AFS] [F3] [Khanyisa Zwane] V4,120247753572060278,23,23,23,18,69,1.77,43,11
2026-08-01,120247753656710278,[AFS] [F3] [Khanyisa Zwane] V5,120247753572060278,28,28,28,19,87,2.48,47,12
2026-08-01,120247753677620278,[AFS] [F3] [Khanyisa Zwane] V6,120247753572060278,23,23,23,18,75,1.78,39,7
2026-08-01,120247753719190278,[AFS] [F3] [Yonela Mnguni] V1,120247753719120278,20,20,20,18,60,2.31,41,6
2026-08-01,120247753784310278,[AFS] [F3] [Yonela Mnguni] V2,120247753719120278,14,14,14,18,48,2.31,36,6
2026-08-01,120247753789900278,[AFS] [F3] [Yonela Mnguni] V3,120247753719120278,20,20,20,25,60,3.08,72,13
2026-08-01,120247753798010278,[AFS] [F3] [Yonela Mnguni] V4,120247753719120278,18,18,18,17,54,4.89,93,9
2026-08-01,120247753808800278,[AFS] [F3] [Yonela Mnguni] V5,120247753719120278,29,29,29,18,87,2.12,52,14
2026-08-01,120247753817950278,[AFS] [F3] [Yonela Mnguni] V6,120247753719120278,9,9,9,9,27,1.33,27,5
2026-08-01,120247753837730278,[AFS] [F3] [Khanyisile Nxumalo] V1,120247753837740278,13,13,13,8,39,1.51,31,6
2026-08-01,120247753859960278,[AFS] [F3] [Khanyisile Nxumalo] V2,120247753837740278,37,37,37,44,114,5.51,105,20
2026-08-01,120247753870250278,[AFS] [F3] [Khanyisile Nxumalo] V3,120247753837740278,18,18,18,15,57,1.71,39,8
2026-08-01,120247753880980278,[AFS] [F3] [Khanyisile Nxumalo] V4,120247753837740278,12,12,12,11,39,1.05,27,4
2026-08-01,120247753888530278,[AFS] [F3] [Khanyisile Nxumalo] V5,120247753837740278,14,14,14,10,42,1.74,37,6
2026-08-01,120247753901780278,[AFS] [F3] [Khanyisile Nxumalo] V6,120247753837740278,22,22,22,34,72,4.77,75,15
2026-08-01,120247789002270330,,,0,0,0,0,0,0,1,1
2026-08-01,120247789017660330,,,0,0,0,0,0,0,5,2
2026-08-01,120247789415480330,,,0,0,0,0,0,0,1,1
2026-08-01,120247789784130330,,,0,0,0,0,0,0,2,2
2026-08-01,120247789895820330,,,0,0,0,0,0,0,7,3
2026-08-01,120247789927420330,,,0,0,0,0,0,0,2,2
2026-08-01,120247789961130330,,,0,0,0,0,0,0,1,1
2026-08-01,120247790072460330,,,0,0,0,0,0,0,1,1
2026-08-01,120247790205370330,,,0,0,0,0,0,0,1,1
2026-08-01,120247790236810330,,,0,0,0,0,0,0,1,1
2026-08-01,120247790277720330,,,0,0,0,0,0,0,3,2
2026-08-01,120247811382770330,,,0,0,0,0,0,0,1,1
2026-08-01,120247811582300330,,,0,0,0,0,0,0,2,1
2026-08-01,120247811833010330,,,0,0,0,0,0,0,2,2
2026-08-01,120247812714140330,,,0,0,0,0,0,0,1,1
2026-08-01,120247812799130330,,,0,0,0,0,0,0,1,1
2026-08-01,120247813181780330,,,0,0,0,0,0,0,1,1
2026-08-01,120247813654330330,,,0,0,0,0,0,0,1,1
2026-08-01,120247813898610330,,,0,0,0,0,0,0,2,1
2026-08-01,120247813921210330,,,0,0,0,0,0,0,2,2
2026-08-01,120247813985730330,,,0,0,0,0,0,0,1,1
2026-08-01,120247843812620330,,,0,0,0,0,0,0,2,1
2026-08-01,120247844929630330,,,0,0,0,0,0,0,1,1
2026-08-01,120247845745780330,,,0,0,0,0,0,0,3,1
2026-08-01,120247846007130330,,,0,0,0,0,0,0,2,2
2026-08-01,120247846556200330,,,0,0,0,0,0,0,3,2
2026-08-01,120247847602680330,,,0,0,0,0,0,0,2,1
2026-08-01,120247847712570330,,,0,0,0,0,0,0,1,1
2026-08-01,120247847768730330,,,0,0,0,0,0,0,3,1
2026-08-01,120253057444620281,,,0,0,0,0,0,0,1,1
2026-08-01,120253079132510281,,,0,0,0,0,0,0,1,1
2026-08-01,120253082684680281,,,0,0,0,0,0,0,1,1
2026-08-01,120253082723400281,,,0,0,0,0,0,0,1,1
2026-08-01,120253082852390281,,,0,0,0,0,0,0,1,1
2026-08-01,120253101284450281,,,0,0,0,0,0,0,6,4
2026-08-01,120253101288330281,,,0,0,0,0,0,0,5,3
2026-08-01,120253101303050281,[AFS] [F3] [AYANDA ZULU]  V1,120253101302970281,1,1,1,0,3,0.00,5,5
2026-08-01,120253101316180281,,,0,0,0,0,0,0,1,1
2026-08-01,120253101321190281,[AFS] [F3] [AYANDA ZULU]  V4,120253101302970281,2,2,2,3,3,0.24,32,7
2026-08-01,120253101330930281,,,0,0,0,0,0,0,1,1
2026-08-01,120253101346700281,,,0,0,0,0,0,0,5,4
2026-08-01,120253101348250281,,,0,0,0,0,0,0,1,1
2026-08-01,120253136735850281,,,0,0,0,0,0,0,2,1
2026-08-01,120253136864150281,,,0,0,0,0,0,0,1,1
2026-08-01,120253136880620281,,,0,0,0,0,0,0,2,2
2026-08-01,120253137204850281,,,0,0,0,0,0,0,2,2
2026-08-01,120253137215430281,,,0,0,0,0,0,0,1,1
2026-08-01,120253138463570281,,,0,0,0,0,0,0,7,1
2026-08-01,120253138571220281,,,0,0,0,0,0,0,1,1
2026-08-01,120253138587130281,,,0,0,0,0,0,0,4,2
2026-08-01,120253138672320281,,,0,0,0,0,0,0,2,1
2026-08-01,120253138733630281,,,0,0,0,0,0,0,2,2
2026-08-01,120253138745550281,,,0,0,0,0,0,0,5,1
2026-08-01,120253138919620281,,,0,0,0,0,0,0,1,1
2026-08-01,120253138933900281,,,0,0,0,0,0,0,6,5
2026-08-01,120253141499830281,,,0,0,0,0,0,0,6,4
2026-08-01,120253141501720281,,,0,0,0,0,0,0,1,1
2026-08-01,120253141635530281,,,0,0,0,0,0,0,4,1
2026-08-01,120253141747920281,,,0,0,0,0,0,0,5,3
2026-08-01,120253141780200281,,,0,0,0,0,0,0,4,3
2026-08-01,120253141863660281,,,0,0,0,0,0,0,1,1
2026-08-01,120253141934410281,,,0,0,0,0,0,0,1,1
2026-08-01,120253141941400281,,,0,0,0,0,0,0,1,1
2026-08-01,120253141945370281,,,0,0,0,0,0,0,4,2
2026-08-01,120253141950760281,,,0,0,0,0,0,0,1,1
2026-08-01,120253142005590281,,,0,0,0,0,0,0,1,1
2026-08-01,120253142016080281,,,0,0,0,0,0,0,1,1
2026-08-01,120253142290360281,,,0,0,0,0,0,0,4,1
2026-08-01,120253142297110281,,,0,0,0,0,0,0,2,2
2026-08-01,120253142301540281,,,0,0,0,0,0,0,1,1
2026-08-01,120253142306480281,,,0,0,0,0,0,0,1,1
2026-08-01,120253167383880281,,,0,0,0,0,0,0,12,6
2026-08-01,120253167426990281,,,0,0,0,0,0,0,1,1
2026-08-01,120253167666800281,,,0,0,0,0,0,0,2,1
2026-08-01,120253167671240281,,,0,0,0,0,0,0,2,1
2026-08-01,120253167947120281,,,0,0,0,0,0,0,5,4
2026-08-01,120253167954350281,,,0,0,0,0,0,0,4,4
2026-08-01,120253168272260281,,,0,0,0,0,0,0,3,1
2026-08-01,120253168276010281,,,0,0,0,0,0,0,2,2
2026-08-01,120253168279700281,,,0,0,0,0,0,0,3,3
2026-08-01,120253168399990281,,,0,0,0,0,0,0,2,2
2026-08-01,120253168474870281,,,0,0,0,0,0,0,2,1
2026-08-01,120253224542190281,,,0,0,0,0,0,0,2,2
2026-08-01,120253224769150281,,,0,0,0,0,0,0,1,1
2026-08-01,120253224960730281,,,0,0,0,0,0,0,24,16
2026-08-01,120253224978560281,,,0,0,0,0,0,0,3,1
2026-08-01,120253225026480281,,,0,0,0,0,0,0,21,7
2026-08-01,120253225029450281,,,0,0,0,0,0,0,3,3
2026-08-01,120253225038370281,,,0,0,0,0,0,0,2,2
2026-08-01,120253225087760281,,,0,0,0,0,0,0,15,6
2026-08-01,120253225111400281,,,0,0,0,0,0,0,1,1
2026-08-01,120253225135180281,,,0,0,0,0,0,0,2,1
2026-08-01,120253225501180281,,,0,0,0,0,0,0,1,1
2026-08-01,120253225541760281,,,0,0,0,0,0,0,2,2
2026-08-01,120253225586410281,,,0,0,0,0,0,0,2,2
2026-08-01,120253225638960281,,,0,0,0,0,0,0,5,3
2026-08-01,120253225795580281,,,0,0,0,0,0,0,25,18
2026-08-01,120253225872080281,,,0,0,0,0,0,0,10,9
2026-08-01,120253225880820281,,,0,0,0,0,0,0,5,5
2026-08-01,120253225889030281,,,0,0,0,0,0,0,2,1
2026-08-01,120253225931950281,,,0,0,0,0,0,0,8,4
2026-08-01,120253226001460281,,,0,0,0,0,0,0,14,9
2026-08-01,120253302500280281,,,0,0,0,0,0,0,1,1
2026-08-01,120253302500320281,,,0,0,0,0,0,0,3,2
2026-08-01,120253302500340281,,,0,0,0,0,0,0,3,3
2026-08-01,120253302500350281,,,0,0,0,0,0,0,1,1
2026-08-01,120253302500360281,,,0,0,0,0,0,0,4,3
2026-08-01,120253303569730281,,,0,0,0,0,0,0,2,2
2026-08-01,120253303642850281,,,0,0,0,0,0,0,12,3
2026-08-01,120253303657180281,,,0,0,0,0,0,0,2,2
2026-08-01,120253303687920281,,,0,0,0,0,0,0,3,3
2026-08-01,120253303763750281,,,0,0,0,0,0,0,1,1
2026-08-01,120253303941140281,,,0,0,0,0,0,0,1,1
2026-08-01,120253304195760281,,,0,0,0,0,0,0,2,2
2026-08-01,120253304211740281,,,0,0,0,0,0,0,1,1
2026-08-01,120253304289250281,,,0,0,0,0,0,0,9,7
2026-08-01,120253304462120281,,,0,0,0,0,0,0,1,1
2026-08-01,120253304511230281,,,0,0,0,0,0,0,1,1
2026-08-01,120253304752230281,,,0,0,0,0,0,0,1,1
2026-08-01,120253406535550281,[AFS] [F3] [Zama Molefe] V1,120253406535430281,22,22,22,16,66,2.26,44,10
2026-08-01,120253406611390281,[AFS] [F3] [Zama Molefe] V2,120253406535430281,22,22,22,34,66,3.57,87,14
2026-08-01,120253406623060281,[AFS] [F3] [Zama Molefe] V3,120253406535430281,21,21,21,18,72,2.09,49,9
2026-08-01,120253406631270281,[AFS] [F3] [Zama Molefe] V4,120253406535430281,29,29,29,22,87,2.28,46,11
2026-08-01,120253406640860281,[AFS] [F3] [Zama Molefe] V5,120253406535430281,16,16,16,14,48,1.31,28,5
2026-08-01,120253406659640281,[AFS] [F3] [Zama Molefe] V6,120253406535430281,25,25,25,31,84,3.81,74,13
2026-08-01,120253406694290281,[AFS] [F3] [Ntombi Mofokeng] V1,120253406694250281,26,26,26,33,78,5.04,100,14
2026-08-01,120253406774810281,[AFS] [F3] [Ntombi Mofokeng] V2,120253406694250281,21,21,21,19,69,2.60,32,8
2026-08-01,120253406811390281,[AFS] [F3] [Ntombi Mofokeng] V3,120253406694250281,22,22,22,11,66,1.11,19,4
2026-08-01,120253406815340281,[AFS] [F3] [Ntombi Mofokeng] V4,120253406694250281,34,34,34,17,105,3.89,76,10
2026-08-01,120253406822870281,[AFS] [F3] [Ntombi Mofokeng] V5,120253406694250281,19,19,19,23,57,4.12,88,9
2026-08-01,120253406852120281,[AFS] [F3] [Ntombi Mofokeng] V6,120253406694250281,27,27,27,33,81,5.11,100,12
2026-08-01,120253406891930281,[AFS] [F3] [Sibongile Khoza] V1,120253406891860281,24,24,24,25,78,3.82,68,14
2026-08-01,120253406978040281,[AFS] [F3] [Sibongile Khoza] V2,120253406891860281,30,30,30,16,90,3.92,74,14
2026-08-01,120253406998850281,[AFS] [F3] [Sibongile Khoza] V3,120253406891860281,24,24,24,23,72,4.83,98,10
2026-08-01,120253407003410281,[AFS] [F3] [Sibongile Khoza] V4,120253406891860281,18,18,18,13,60,1.46,24,5
2026-08-01,120253407021750281,[AFS] [F3] [Sibongile Khoza] V5,120253406891860281,20,20,20,26,63,4.31,82,11
2026-08-01,120253407039770281,[AFS] [F3] [Sibongile Khoza] V6,120253406891860281,16,16,16,12,48,1.69,41,6
2026-08-01,120253407119000281,[AFS] [F3] [Keitumetse Mogale] V2,120253407074850281,4,4,4,3,12,0.09,2,1
2026-08-01,120253407136420281,[AFS] [F3] [Keitumetse Mogale] V4,120253407074850281,1,1,1,0,3,0.00,0,0
2026-08-01,120253407141140281,[AFS] [F3] [Keitumetse Mogale] V5,120253407074850281,2,2,2,0,6,0.00,0,0
2026-08-01,120253407146350281,[AFS] [F3] [Keitumetse Mogale] V6,120253407074850281,3,3,3,4,9,0.07,1,1
2026-08-01,120253407221960281,[AFS] [F3] [Thandeka Mokoena] V1,120253407221890281,23,23,23,24,72,3.12,56,11
2026-08-01,120253407333460281,[AFS] [F3] [Thandeka Mokoena] V2,120253407221890281,33,33,33,45,99,3.72,76,15
2026-08-01,120253407349550281,[AFS] [F3] [Thandeka Mokoena] V3,120253407221890281,25,25,25,16,75,4.73,74,10
2026-08-01,120253407356150281,[AFS] [F3] [Thandeka Mokoena] V4,120253407221890281,15,15,15,14,48,1.45,27,5
2026-08-01,120253407402570281,[AFS] [F3] [Thandeka Mokoena] V5,120253407221890281,29,29,29,23,93,4.97,87,10
2026-08-01,120253407409760281,[AFS] [F3] [Thandeka Mokoena] V6,120253407221890281,40,40,40,46,123,4.47,107,19
2026-08-01,120253407539430281,[AFS] [F3] [AYANDA ZULU] V1,120253407539350281,39,39,39,53,117,5.66,123,17
2026-08-01,120253407553070281,[AFS] [F3] [AYANDA ZULU] V2,120253407539350281,30,30,30,31,90,2.02,53,16
2026-08-01,120253407556650281,[AFS] [F3] [AYANDA ZULU] V3,120253407539350281,38,38,38,72,135,4.68,80,20
2026-08-01,120253407641490281,[AFS] [F3] [AYANDA ZULU] V4,120253407539350281,45,45,45,73,138,6.77,144,30
2026-08-01,120253407759380281,[AFS] [F3] [AYANDA ZULU] V5,120253407539350281,41,41,41,70,129,6.66,140,24
2026-08-01,120253407926920281,[AFS] [F3] [AYANDA ZULU] V6,120253407539350281,28,28,28,36,87,4.69,96,15
2026-08-01,120253408396180281,[AFS] [F3] [Nobuhle Mahlangu] V1,120253408396060281,20,20,20,22,63,2.27,42,10
2026-08-01,120253409927790281,[AFS] [F3] [Nobuhle Mahlangu] V2,120253408396060281,18,18,18,13,60,1.26,15,7
2026-08-01,120253409946870281,[AFS] [F3] [Nobuhle Mahlangu] V3,120253408396060281,21,21,21,33,69,4.98,73,10
2026-08-01,120253409966970281,[AFS] [F3] [Nobuhle Mahlangu] V4,120253408396060281,28,28,28,41,90,5.29,126,21
2026-08-01,120253409983580281,[AFS] [F3] [Nobuhle Mahlangu] V5,120253408396060281,21,21,21,29,69,2.50,47,11
2026-08-01,120253410002420281,[AFS] [F3] [Nobuhle Mahlangu] V6,120253408396060281,15,15,15,8,48,0.96,13,5
2026-08-01,120253411255640281,[AFS] [F3] [Paballo Letsoalo] V1,120253411255550281,14,14,14,10,42,1.36,34,7
2026-08-01,120253411338910281,[AFS] [F3] [Paballo Letsoalo] V2,120253411255550281,17,17,17,14,51,4.39,65,10
2026-08-01,120253411360680281,[AFS] [F3] [Paballo Letsoalo] V3,120253411255550281,10,10,10,12,33,1.69,38,8
2026-08-01,120253411374160281,[AFS] [F3] [Paballo Letsoalo] V4,120253411255550281,26,26,26,32,78,4.51,100,15
2026-08-01,120253411400390281,[AFS] [F3] [Paballo Letsoalo] V5,120253411255550281,13,13,13,10,42,1.52,37,5
2026-08-01,120253411426250281,[AFS] [F3] [Paballo Letsoalo] V6,120253411255550281,23,23,23,14,69,2.04,48,7
2026-08-01,120253411538180281,[AFS] [F3] [Boitumelo Mosia] V1,120253411538090281,10,10,10,10,33,1.48,18,4
2026-08-01,120253411661520281,[AFS] [F3] [Boitumelo Mosia] V2,120253411538090281,18,18,18,14,57,1.71,36,7
2026-08-01,120253411699610281,[AFS] [F3] [Boitumelo Mosia] V3,120253411538090281,23,23,23,6,69,1.92,37,7
2026-08-01,120253411718390281,[AFS] [F3] [Boitumelo Mosia] V4,120253411538090281,11,11,11,2,33,0.52,8,3
2026-08-01,120253411755750281,[AFS] [F3] [Boitumelo Mosia] V5,120253411538090281,33,33,33,35,99,7.46,177,22
2026-08-01,120253411764760281,[AFS] [F3] [Boitumelo Mosia] V6,120253411538090281,34,34,34,16,102,1.80,30,9
2026-08-01,120253411910950281,[AFS] [F3] [Nomonde Mokoena] V2,120253411813950281,41,41,41,44,126,4.06,91,19
2026-08-01,120253411937390281,[AFS] [F3] [Nomonde Mokoena] V3,120253411813950281,40,40,40,64,132,6.23,109,21
2026-08-01,120253411974320281,[AFS] [F3] [Nomonde Mokoena] V5,120253411813950281,23,23,23,16,69,1.26,28,8
2026-08-01,120253411979140281,[AFS] [F3] [Nomonde Mokoena] V6,120253411813950281,23,23,23,31,69,3.25,86,13
2026-08-01,120253415477520281,[AFS] [F3] [TUMELO MOKWENA] V1,120253415477530281,18,18,18,26,57,3.84,86,13
2026-08-01,120253415529740281,[AFS] [F3] [TUMELO MOKWENA] V2,120253415477530281,42,42,42,46,126,7.73,162,20
2026-08-01,120253415533200281,[AFS] [F3] [TUMELO MOKWENA] V3,120253415477530281,24,24,24,21,72,3.78,77,8
2026-08-01,120253415535590281,[AFS] [F3] [TUMELO MOKWENA] V4,120253415477530281,21,21,21,25,63,3.08,63,13
2026-08-01,120253415537500281,[AFS] [F3] [TUMELO MOKWENA] V5,120253415477530281,21,21,21,17,63,1.23,30,9
2026-08-01,120253415538610281,[AFS] [F3] [TUMELO MOKWENA] V6,120253415477530281,21,21,21,38,69,5.52,93,11
2026-08-01,120253415545930281,[AFS] [F3] [Nothando Hadebe] V1,120253415545840281,21,21,21,13,63,1.55,35,12
2026-08-01,120253415586070281,[AFS] [F3] [Nothando Hadebe] V2,120253415545840281,24,24,24,22,72,2.62,43,11
2026-08-01,120253415593700281,[AFS] [F3] [Nothando Hadebe] V3,120253415545840281,18,18,18,12,60,2.92,41,12
2026-08-01,120253415603370281,[AFS] [F3] [Nothando Hadebe] V4,120253415545840281,24,24,24,21,78,2.59,52,11
2026-08-01,120253415608870281,[AFS] [F3] [Nothando Hadebe] V5,120253415545840281,18,18,18,21,60,2.25,56,9
2026-08-01,120253415614300281,[AFS] [F3] [Nothando Hadebe] V6,120253415545840281,12,12,12,8,36,1.39,34,7
2026-08-01,120253415627710281,[AFS] [F3] [Neo Maluleka] V1,120253415627640281,33,33,33,46,105,5.52,106,17
2026-08-01,120253415654240281,[AFS] [F3] [Neo Maluleka] V2,120253415627640281,25,25,25,38,75,3.33,81,17
2026-08-01,120253415659550281,[AFS] [F3] [Neo Maluleka] V3,120253415627640281,13,13,13,9,39,1.21,29,7
2026-08-01,120253415663260281,[AFS] [F3] [Neo Maluleka] V4,120253415627640281,36,36,36,43,114,4.70,102,17
2026-08-01,120253415684090281,[AFS] [F3] [Neo Maluleka] V5,120253415627640281,30,30,30,23,96,2.50,42,12
2026-08-01,120253415685920281,[AFS] [F3] [Neo Maluleka] V6,120253415627640281,16,16,16,15,48,1.85,41,8
2026-08-01,120253415695320281,[AFS] [F3] [Onalenna Kgosi] V1,120253415695250281,17,17,17,15,51,2.15,47,7
2026-08-01,120253415718880281,[AFS] [F3] [Onalenna Kgosi] V2,120253415695250281,15,15,15,20,48,2.24,40,9
2026-08-01,120253415721250281,[AFS] [F3] [Onalenna Kgosi] V3,120253415695250281,32,32,32,36,108,5.37,85,12
2026-08-01,120253415724350281,[AFS] [F3] [Onalenna Kgosi] V4,120253415695250281,20,20,20,29,69,4.75,94,13
2026-08-01,120253415726470281,[AFS] [F3] [Onalenna Kgosi] V5,120253415695250281,17,17,17,19,57,2.11,26,8
2026-08-01,120253415728580281,[AFS] [F3] [Onalenna Kgosi] V6,120253415695250281,16,16,16,17,51,1.92,44,9
2026-08-01,120253415735450281,[AFS] [F3] [Mosa Chiloane] V1,120253415735410281,20,20,20,24,66,1.95,37,8
2026-08-01,120253415756030281,[AFS] [F3] [Mosa Chiloane] V2,120253415735410281,18,18,18,21,63,2.07,51,8
2026-08-01,120253415760700281,[AFS] [F3] [Mosa Chiloane] V3,120253415735410281,19,19,19,31,60,3.54,57,12
2026-08-01,120253415763830281,[AFS] [F3] [Mosa Chiloane] V4,120253415735410281,11,11,11,11,36,2.17,53,5
2026-08-01,120253415768180281,[AFS] [F3] [Mosa Chiloane] V5,120253415735410281,17,17,17,17,51,1.77,41,8
2026-08-01,120253415770520281,[AFS] [F3] [Mosa Chiloane] V6,120253415735410281,25,25,25,31,78,4.41,69,12
2026-08-02,120247357080930278,,,0,0,0,0,0,0,1,1
2026-08-02,120247357080980278,[AFS] [F3] [AMARA OKAFOR] V5,120247357080990278,33,33,31,36,96,2.75,86,34
2026-08-02,120247357081010278,[AFS] [F3] [AMARA OKAFOR] V6,120247357080990278,41,41,37,55,126,6.34,195,33
2026-08-02,120247357081030278,[AFS] [F3] [AMARA OKAFOR] V3,120247357080990278,56,56,51,82,165,7.54,187,46
2026-08-02,120247357081040278,[AFS] [F3] [AMARA OKAFOR] V2,120247357080990278,44,44,41,64,129,7.05,177,39
2026-08-02,120247357081050278,[AFS] [F3] [AMARA OKAFOR] V4,120247357080990278,31,31,26,37,96,4.88,135,24
2026-08-02,120247357457050278,[AFS] [F3] [ZOLA DLAMINI] V4,120247357456980278,43,43,36,61,129,4.65,106,32
2026-08-02,120247357457060278,[AFS] [F3] [ZOLA DLAMINI] V2,120247357456980278,2,2,2,0,6,0.00,0,0
2026-08-02,120247357457070278,[AFS] [F3] [ZOLA DLAMINI] V3,120247357456980278,44,44,41,56,129,5.43,167,47
2026-08-02,120247357457080278,[AFS] [F3] [ZOLA DLAMINI] V5,120247357456980278,45,45,41,48,129,3.55,135,36
2026-08-02,120247357457090278,[AFS] [F3] [ZOLA DLAMINI]V6,120247357456980278,45,45,39,54,135,4.64,112,40
2026-08-02,120247357457100278,[AFS] [F3] [ZOLA DLAMINI] V1,120247357456980278,47,47,43,43,141,4.86,143,30
2026-08-02,120247358420040278,[AFS] [F3] [AMINATA DIALLO] V6,120247358419970278,4,4,3,5,12,0.51,9,4
2026-08-02,120247358420050278,,,0,0,0,0,0,0,1,1
2026-08-02,120247358420060278,[AFS] [F3] [AMINATA DIALLO] V5,120247358419970278,58,58,51,53,174,5.59,144,31
2026-08-02,120247358420070278,[AFS] [F3] [AMINATA DIALLO] V3,120247358419970278,53,53,48,60,144,6.84,211,50
2026-08-02,120247358420080278,[AFS] [F3] [AMINATA DIALLO] V2,120247358419970278,32,32,31,32,90,2.27,77,20
2026-08-02,120247358420090278,,,0,0,0,0,0,0,1,1
2026-08-02,120247358791290278,[AFS] [F3] [FOLASADE ADEYEMI] V5,120247358791270278,3,3,2,0,9,0.00,0,0
2026-08-02,120247358791350278,[AFS] [F3] [FOLASADE ADEYEMI] V6,120247358791270278,1,1,1,2,3,0.26,12,4
2026-08-02,120247358791360278,[AFS] [F3] [FOLASADE ADEYEMI] V4,120247358791270278,2,2,2,0,6,0.00,0,0
2026-08-02,120247358791370278,,,0,0,0,0,0,0,1,1
2026-08-02,120247358791380278,,,0,0,0,0,0,0,10,1
2026-08-02,120247358791390278,,,0,0,0,0,0,0,1,1
2026-08-02,120247359464720278,[AFS] [F3] [NOMVULA MOKOENA] V6,120247359464690278,37,37,31,24,105,2.41,88,22
2026-08-02,120247359464770278,[AFS] [F3] [NOMVULA MOKOENA] V4,120247359464690278,1,1,1,2,3,0.29,5,3
2026-08-02,120247359464790278,,,0,0,0,0,0,0,18,3
2026-08-02,120247360141400278,[AFS] [F3] [CHIPO MOYO]  V1,120247360141370278,1,1,1,0,0,0,1,1
2026-08-02,120247360141410278,[AFS] [F3] [CHIPO MOYO]  V6,120247360141370278,58,58,52,88,174,9.36,248,52
2026-08-02,120247360141470278,[AFS] [F3] [CHIPO MOYO]  V5,120247360141370278,1,1,1,0,3,0.00,7,2
2026-08-02,120247360141480278,[AFS] [F3] [CHIPO MOYO]  V4,120247360141370278,38,38,38,57,126,6.22,160,31
2026-08-02,120247360141490278,[AFS] [F3] [CHIPO MOYO]  V2,120247360141370278,52,52,46,66,159,6.08,148,32
2026-08-02,120247360356770278,[AFS] [F3] [FATOUMATA TRAORE] V4,120247360356710278,11,11,11,20,30,1.82,65,15
2026-08-02,120247360356790278,[AFS] [F3] [FATOUMATA TRAORE] V6,120247360356710278,31,31,28,31,75,3.10,72,18
2026-08-02,120247360356810278,[AFS] [F3] [FATOUMATA TRAORE] V3,120247360356710278,1,1,1,0,3,0.00,0,0
2026-08-02,120247360356820278,[AFS] [F3] [FATOUMATA TRAORE] V2,120247360356710278,41,41,35,47,120,5.78,136,28
2026-08-02,120247360356830278,[AFS] [F3] [FATOUMATA TRAORE] V1,120247360356710278,76,76,71,97,222,10.24,254,55
2026-08-02,120247360531120278,,,0,0,0,0,0,0,10,9
2026-08-02,120247360531130278,[AFS] [F3] [AMINATA DIALLO] V5,120247360531070278,53,53,47,64,144,5.25,159,42
2026-08-02,120247360531140278,[AFS] [F3] [AMINATA DIALLO] V6,120247360531070278,85,85,72,129,261,14.04,323,57
2026-08-02,120247360531150278,,,0,0,0,0,0,0,3,2
2026-08-02,120247360531160278,[AFS] [F3] [AMINATA DIALLO] V2,120247360531070278,1,1,1,3,3,0.76,17,2
2026-08-02,120247382249470278,[AFS_RELA_EN_BOT_0001] [NOURBESE] V3,120247382249440278,1,1,1,3,3,0.38,4,1
2026-08-02,120247382249520278,[AFS_RELA_EN_BOT_0001] [NOURBESE] V1,120247382249440278,3,3,3,3,9,0.25,9,3
2026-08-02,120247382249530278,[AFS_RELA_EN_BOT_0001] [NOURBESE] V2,120247382249440278,1,1,1,2,3,0.19,5,1
2026-08-02,120247382249540278,,,0,0,0,0,0,0,2,2
2026-08-02,120247382249550278,[AFS_RELA_EN_BOT_0001] [NOURBESE] V6,120247382249440278,1,1,1,0,3,0.09,2,1
2026-08-02,120247382249560278,[AFS_RELA_EN_BOT_0001] [NOURBESE] V4,120247382249440278,1,1,1,3,3,0.20,5,1
2026-08-02,120247382323040278,[AFS] [F3] [WANGARI KAMAU] V4,120247382322970278,51,51,48,89,153,12.26,280,46
2026-08-02,120247382323050278,[AFS] [F3] [WANGARI KAMAU] V6,120247382322970278,70,70,64,114,207,8.88,233,58
2026-08-02,120247382323060278,[AFS] [F3] [WANGARI KAMAU] V5,120247382322970278,60,60,52,80,180,8.44,221,47
2026-08-02,120247382323070278,[AFS] [F3] [WANGARI KAMAU] V2,120247382322970278,51,51,46,74,144,8.55,243,44
2026-08-02,120247382323080278,[AFS] [F3] [WANGARI KAMAU] V3,120247382322970278,40,40,36,55,132,6.78,183,29
2026-08-02,120247382323090278,[AFS] [F3] [WANGARI KAMAU] V1,120247382322970278,51,51,46,68,153,6.32,198,48
2026-08-02,120247488168300278,[AFS] [F3] [BONTLE MODISE] V1,120247488168210278,49,49,45,71,135,8.70,147,47
2026-08-02,120247488215910278,[AFS] [F3] [BONTLE MODISE] V2,120247488168210278,55,55,49,85,168,8.15,243,50
2026-08-02,120247488220950278,[AFS] [F3] [BONTLE MODISE] V3,120247488168210278,52,52,45,81,147,7.24,203,38
2026-08-02,120247488225850278,[AFS] [F3] [BONTLE MODISE] V4,120247488168210278,38,38,36,45,105,3.79,138,29
2026-08-02,120247488230320278,[AFS] [F3] [BONTLE MODISE] V5,120247488168210278,53,53,46,87,174,8.01,186,44
2026-08-02,120247488259350278,[AFS] [F3] [LUNGILE HADEBE] V1,120247488259330278,62,62,54,104,183,7.97,246,59
2026-08-02,120247488354910278,,,0,0,0,0,0,0,1,1
2026-08-02,120247488362150278,,,0,0,0,0,0,0,5,1
2026-08-02,120247488419540278,[AFS] [F3] [LUNGILE HADEBE] V6,120247488259330278,3,3,3,6,9,0.35,15,7
2026-08-02,120247488474100278,[AFS] [F3] [LERATO MAHLANGU] V1,120247488474000278,46,46,43,58,132,6.71,223,47
2026-08-02,120247488660110278,[AFS] [F3] [LERATO MAHLANGU] V3,120247488474000278,41,41,41,86,135,7.81,194,42
2026-08-02,120247488793560278,[AFS] [F3] [LERATO MAHLANGU] V4,120247488474000278,32,32,29,35,102,3.32,93,27
2026-08-02,120247488827940278,[AFS] [F3] [LERATO MAHLANGU] V5,120247488474000278,92,92,84,137,273,12.49,299,74
2026-08-02,120247488854820278,[AFS] [F3] [LERATO MAHLANGU] V6,120247488474000278,39,39,36,61,120,5.79,129,32
2026-08-02,120247488968980278,[AFS] [F3] [NOURBESE ACHEBE] V2,120247488930090278,51,51,45,73,153,5.55,138,36
2026-08-02,120247489016960278,[AFS] [F3] [NOURBESE ACHEBE] V5,120247488930090278,52,52,47,96,156,9.27,239,50
2026-08-02,120247489033080278,,,0,0,0,0,0,0,1,1
2026-08-02,120247489113490278,[AFS] [F3] [NONHLANHLA CELE] V2,120247489056040278,4,4,3,6,12,0.13,3,3
2026-08-02,120247489149860278,,,0,0,0,0,0,0,3,3
2026-08-02,120247489160520278,[AFS] [F3] [NONHLANHLA CELE] V6,120247489056040278,127,127,115,246,354,20.69,568,120
2026-08-02,120247506168140278,,,0,0,0,0,0,0,1,1
2026-08-02,120247506197150278,[AFS] [F3] [BONGEKILE ZUNGU] V2,120247506168050278,1,1,1,0,3,0.00,0,0
2026-08-02,120247506216350278,[AFS] [F3] [BONGEKILE ZUNGU] V4,120247506168050278,2,2,1,2,6,0.05,2,1
2026-08-02,120247506249690278,[AFS] [F3] [BONGEKILE ZUNGU] V6,120247506168050278,26,26,25,31,78,3.55,98,25
2026-08-02,120247506424250278,[AFS] [F3] [MBALI BUTHELEZI] V1,120247506424170278,1,1,1,3,3,0.26,28,12
2026-08-02,120247506530130278,[AFS] [F3] [MBALI BUTHELEZI] V2,120247506424170278,31,31,30,38,90,2.54,86,26
2026-08-02,120247506542160278,[AFS] [F3] [MBALI BUTHELEZI] V3,120247506424170278,44,44,37,53,120,7.12,147,28
2026-08-02,120247506560570278,[AFS] [F3] [MBALI BUTHELEZI] V5,120247506424170278,1,1,1,0,3,0.00,9,4
2026-08-02,120247506567820278,,,0,0,0,0,0,0,1,1
2026-08-02,120247511492340278,,,0,0,0,0,0,0,1,1
2026-08-02,120247511574100278,,,0,0,0,0,0,0,1,1
2026-08-02,120247565170940278,,,0,0,0,0,0,0,1,1
2026-08-02,120247565265520278,,,0,0,0,0,0,0,2,1
2026-08-02,120247566460400278,,,0,0,0,0,0,0,1,1
2026-08-02,120247566488020278,,,0,0,0,0,0,0,3,2
2026-08-02,120247566558640278,,,0,0,0,0,0,0,2,2
2026-08-02,120247566708300278,,,0,0,0,0,0,0,5,1
2026-08-02,120247753268600278,[AFS] [F3] [Siphesihle Cele] V1,120247753268510278,41,41,41,53,120,7.31,206,32
2026-08-02,120247753333380278,[AFS] [F3] [Siphesihle Cele] V2,120247753268510278,31,31,31,31,84,2.69,90,19
2026-08-02,120247753339060278,[AFS] [F3] [Siphesihle Cele] V3,120247753268510278,18,18,18,10,54,1.08,31,11
2026-08-02,120247753343390278,[AFS] [F3] [Siphesihle Cele] V4,120247753268510278,30,30,30,36,90,3.25,84,27
2026-08-02,120247753348540278,[AFS] [F3] [Siphesihle Cele] V5,120247753268510278,18,18,18,23,51,2.09,71,15
2026-08-02,120247753359010278,[AFS] [F3] [Siphesihle Cele] V6,120247753268510278,24,24,24,34,66,3.30,90,17
2026-08-02,120247753572160278,[AFS] [F3] [Khanyisa Zwane] V1,120247753572060278,45,45,45,36,147,5.08,105,27
2026-08-02,120247753631300278,[AFS] [F3] [Khanyisa Zwane] V2,120247753572060278,28,28,28,22,81,2.22,73,19
2026-08-02,120247753639190278,[AFS] [F3] [Khanyisa Zwane] V3,120247753572060278,21,21,21,28,63,2.53,110,18
2026-08-02,120247753647720278,[AFS] [F3] [Khanyisa Zwane] V4,120247753572060278,30,30,30,31,90,5.46,113,20
2026-08-02,120247753656710278,[AFS] [F3] [Khanyisa Zwane] V5,120247753572060278,35,35,35,53,102,8.13,187,32
2026-08-02,120247753677620278,[AFS] [F3] [Khanyisa Zwane] V6,120247753572060278,27,27,27,35,75,3.13,67,18
2026-08-02,120247753719190278,[AFS] [F3] [Yonela Mnguni] V1,120247753719120278,31,31,31,49,102,6.76,147,24
2026-08-02,120247753784310278,[AFS] [F3] [Yonela Mnguni] V2,120247753719120278,30,30,30,36,93,5.14,133,17
2026-08-02,120247753789900278,[AFS] [F3] [Yonela Mnguni] V3,120247753719120278,28,28,28,34,84,4.05,103,19
2026-08-02,120247753798010278,[AFS] [F3] [Yonela Mnguni] V4,120247753719120278,16,16,16,24,48,2.09,71,18
2026-08-02,120247753808800278,[AFS] [F3] [Yonela Mnguni] V5,120247753719120278,23,23,23,29,72,3.68,66,14
2026-08-02,120247753817950278,[AFS] [F3] [Yonela Mnguni] V6,120247753719120278,13,13,13,9,39,1.05,48,10
2026-08-02,120247753837730278,[AFS] [F3] [Khanyisile Nxumalo] V1,120247753837740278,21,21,21,16,69,1.66,40,10
2026-08-02,120247753859960278,[AFS] [F3] [Khanyisile Nxumalo] V2,120247753837740278,39,39,39,53,114,8.27,208,34
2026-08-02,120247753870250278,[AFS] [F3] [Khanyisile Nxumalo] V3,120247753837740278,18,18,18,27,51,2.17,59,16
2026-08-02,120247753880980278,[AFS] [F3] [Khanyisile Nxumalo] V4,120247753837740278,15,15,15,15,42,2.00,46,6
2026-08-02,120247753888530278,[AFS] [F3] [Khanyisile Nxumalo] V5,120247753837740278,19,19,19,10,63,0.94,23,10
2026-08-02,120247753901780278,[AFS] [F3] [Khanyisile Nxumalo] V6,120247753837740278,29,29,29,22,81,3.30,115,22
2026-08-02,120247768179410278,[AFS] [F3] [Amahle Dube] V1,120247768179420278,5,5,5,2,15,0.30,7,3
2026-08-02,120247768199550278,[AFS] [F3] [Amahle Dube] V2,120247768179420278,6,6,6,2,18,0.14,3,1
2026-08-02,120247768205490278,[AFS] [F3] [Amahle Dube] V3,120247768179420278,3,3,3,3,9,0.80,19,1
2026-08-02,120247768212490278,[AFS] [F3] [Amahle Dube] V4,120247768179420278,7,7,7,11,21,1.02,20,4
2026-08-02,120247768221230278,[AFS] [F3] [Amahle Dube] V5,120247768179420278,4,4,4,6,12,0.35,7,2
2026-08-02,120247768229630278,[AFS] [F3] [Amahle Dube] V6,120247768179420278,6,6,6,11,18,1.35,25,3
2026-08-02,120247768344990278,[AFS] [F3] [Nandipha Buthelezi] V2,120247768254900278,20,20,20,22,63,2.09,37,9
2026-08-02,120247768350600278,[AFS] [F3] [Nandipha Buthelezi] V3,120247768254900278,20,20,20,26,66,4.03,76,13
2026-08-02,120247768356310278,[AFS] [F3] [Nandipha Buthelezi] V4,120247768254900278,10,10,10,14,36,2.22,29,6
2026-08-02,120247768363360278,[AFS] [F3] [Nandipha Buthelezi] V5,120247768254900278,22,22,22,30,69,4.49,88,15
2026-08-02,120247768370710278,[AFS] [F3] [Nandipha Buthelezi] V6,120247768254900278,10,10,10,9,36,1.35,7,2
2026-08-02,120247768444270278,[AFS] [F3] [Sinazo Msibi] V1,120247768444280278,39,39,39,41,120,5.58,105,18
2026-08-02,120247768553280278,[AFS] [F3] [Sinazo Msibi] V2,120247768444280278,21,21,21,38,72,6.08,81,13
2026-08-02,120247768559710278,[AFS] [F3] [Sinazo Msibi] V3,120247768444280278,29,29,29,37,90,4.91,105,14
2026-08-02,120247768566110278,[AFS] [F3] [Sinazo Msibi] V4,120247768444280278,19,19,19,21,69,3.80,82,9
2026-08-02,120247768572330278,[AFS] [F3] [Sinazo Msibi] V5,120247768444280278,32,32,32,42,96,4.72,87,18
2026-08-02,120247768594320278,[AFS] [F3] [Sinazo Msibi] V6,120247768444280278,22,22,22,18,69,3.05,51,13
2026-08-02,120247768668500278,[AFS] [F3] [Okuhle Khumalo] V1,120247768668430278,43,43,43,74,132,6.63,112,30
2026-08-02,120247768725920278,[AFS] [F3] [Okuhle Khumalo] V2,120247768668430278,20,20,20,18,63,1.94,30,9
2026-08-02,120247768731050278,[AFS] [F3] [Okuhle Khumalo] V3,120247768668430278,24,24,24,38,81,5.19,86,15
2026-08-02,120247768736930278,[AFS] [F3] [Okuhle Khumalo] V4,120247768668430278,29,29,29,24,90,3.17,59,12
2026-08-02,120247768743240278,[AFS] [F3] [Okuhle Khumalo] V5,120247768668430278,24,24,24,37,72,4.11,79,13
2026-08-02,120247768754730278,[AFS] [F3] [Okuhle Khumalo] V6,120247768668430278,22,22,22,36,69,3.65,73,14
2026-08-02,120247768768140278,[AFS] [F3] [Tamara Siqueira] V1,120247768768060278,22,22,22,29,78,1.70,20,9
2026-08-02,120247768802800278,[AFS] [F3] [Tamara Siqueira] V2,120247768768060278,19,19,19,31,57,4.64,101,11
2026-08-02,120247768808810278,[AFS] [F3] [Tamara Siqueira] V3,120247768768060278,76,76,76,134,231,16.71,335,48
2026-08-02,120247768816390278,[AFS] [F3] [Tamara Siqueira] V4,120247768768060278,19,19,19,21,57,1.99,37,6
2026-08-02,120247768820650278,[AFS] [F3] [Tamara Siqueira] V5,120247768768060278,24,24,24,35,72,4.23,92,14
2026-08-02,120247768824920278,[AFS] [F3] [Tamara Siqueira] V6,120247768768060278,28,28,28,22,93,3.11,46,7
2026-08-02,120247788946870330,,,0,0,0,0,0,0,2,1
2026-08-02,120247788986680330,,,0,0,0,0,0,0,4,1
2026-08-02,120247788998700330,,,0,0,0,0,0,0,1,1
2026-08-02,120247789017660330,,,0,0,0,0,0,0,1,1
2026-08-02,120247789776200330,,,0,0,0,0,0,0,1,1
2026-08-02,120247789895820330,,,0,0,0,0,0,0,1,1
2026-08-02,120247790072460330,,,0,0,0,0,0,0,2,2
2026-08-02,120247790205370330,,,0,0,0,0,0,0,1,1
2026-08-02,120247790236810330,,,0,0,0,0,0,0,2,1
2026-08-02,120247811001390330,,,0,0,0,0,0,0,1,1
2026-08-02,120247811382770330,,,0,0,0,0,0,0,1,1
2026-08-02,120247811833010330,,,0,0,0,0,0,0,3,1
2026-08-02,120247812714140330,,,0,0,0,0,0,0,2,2
2026-08-02,120247813442830330,,,0,0,0,0,0,0,1,1
2026-08-02,120247813654330330,,,0,0,0,0,0,0,2,2
2026-08-02,120247813932040330,,,0,0,0,0,0,0,2,1
2026-08-02,120247843812620330,,,0,0,0,0,0,0,2,1
2026-08-02,120247844892850330,,,0,0,0,0,0,0,1,1
2026-08-02,120247844929630330,,,0,0,0,0,0,0,1,1
2026-08-02,120247844968160330,,,0,0,0,0,0,0,2,1
2026-08-02,120247845561260330,,,0,0,0,0,0,0,1,1
2026-08-02,120247845763300330,,,0,0,0,0,0,0,1,1
2026-08-02,120247845962790330,,,0,0,0,0,0,0,2,1
2026-08-02,120247846007130330,,,0,0,0,0,0,0,1,1
2026-08-02,120247846556200330,,,0,0,0,0,0,0,3,1
2026-08-02,120253057444620281,,,0,0,0,0,0,0,3,1
2026-08-02,120253079044420281,,,0,0,0,0,0,0,2,1
2026-08-02,120253079132510281,,,0,0,0,0,0,0,1,1
2026-08-02,120253082723400281,,,0,0,0,0,0,0,3,3
2026-08-02,120253082840560281,,,0,0,0,0,0,0,2,1
2026-08-02,120253101284450281,,,0,0,0,0,0,0,9,3
2026-08-02,120253101303050281,[AFS] [F3] [AYANDA ZULU]  V1,120253101302970281,1,1,1,3,3,0.57,14,2
2026-08-02,120253101321190281,[AFS] [F3] [AYANDA ZULU]  V4,120253101302970281,5,5,5,9,15,0.41,19,7
2026-08-02,120253101322290281,[AFS] [F3] [AYANDA ZULU]  V5,120253101302970281,2,2,2,0,6,0.00,4,2
2026-08-02,120253101346700281,,,0,0,0,0,0,0,3,2
2026-08-02,120253101349570281,,,0,0,0,0,0,0,1,1
2026-08-02,120253137147810281,,,0,0,0,0,0,0,20,2
2026-08-02,120253137204850281,,,0,0,0,0,0,0,2,2
2026-08-02,120253137215430281,,,0,0,0,0,0,0,1,1
2026-08-02,120253137221200281,,,0,0,0,0,0,0,1,1
2026-08-02,120253138575670281,,,0,0,0,0,0,0,6,4
2026-08-02,120253138745550281,,,0,0,0,0,0,0,1,1
2026-08-02,120253138933900281,,,0,0,0,0,0,0,4,3
2026-08-02,120253141499830281,,,0,0,0,0,0,0,3,3
2026-08-02,120253141501720281,,,0,0,0,0,0,0,2,1
2026-08-02,120253141747920281,,,0,0,0,0,0,0,12,4
2026-08-02,120253141780200281,,,0,0,0,0,0,0,4,2
2026-08-02,120253141937270281,,,0,0,0,0,0,0,1,1
2026-08-02,120253141941400281,,,0,0,0,0,0,0,1,1
2026-08-02,120253141945370281,,,0,0,0,0,0,0,8,4
2026-08-02,120253142005590281,,,0,0,0,0,0,0,3,1
2026-08-02,120253142027880281,,,0,0,0,0,0,0,2,2
2026-08-02,120253142290360281,,,0,0,0,0,0,0,1,1
2026-08-02,120253142297110281,,,0,0,0,0,0,0,2,2
2026-08-02,120253142306480281,,,0,0,0,0,0,0,4,4
2026-08-02,120253167383880281,,,0,0,0,0,0,0,9,5
2026-08-02,120253167420410281,,,0,0,0,0,0,0,1,1
2026-08-02,120253167424590281,,,0,0,0,0,0,0,1,1
2026-08-02,120253167426990281,,,0,0,0,0,0,0,1,1
2026-08-02,120253167666800281,,,0,0,0,0,0,0,6,1
2026-08-02,120253167954350281,,,0,0,0,0,0,0,2,2
2026-08-02,120253167956510281,,,0,0,0,0,0,0,2,2
2026-08-02,120253168276010281,,,0,0,0,0,0,0,3,2
2026-08-02,120253168399990281,,,0,0,0,0,0,0,4,2
2026-08-02,120253224542190281,,,0,0,0,0,0,0,1,1
2026-08-02,120253224960730281,,,0,0,0,0,0,0,8,5
2026-08-02,120253224978560281,,,0,0,0,0,0,0,3,1
2026-08-02,120253225009820281,,,0,0,0,0,0,0,1,1
2026-08-02,120253225026480281,,,0,0,0,0,0,0,6,3
2026-08-02,120253225029450281,,,0,0,0,0,0,0,5,2
2026-08-02,120253225038370281,,,0,0,0,0,0,0,5,2
2026-08-02,120253225087760281,,,0,0,0,0,0,0,8,4
2026-08-02,120253225111400281,,,0,0,0,0,0,0,3,3
2026-08-02,120253225135180281,,,0,0,0,0,0,0,2,1
2026-08-02,120253225450210281,,,0,0,0,0,0,0,1,1
2026-08-02,120253225501180281,,,0,0,0,0,0,0,2,1
2026-08-02,120253225586410281,,,0,0,0,0,0,0,1,1
2026-08-02,120253225638960281,,,0,0,0,0,0,0,22,3
2026-08-02,120253225795580281,,,0,0,0,0,0,0,6,5
2026-08-02,120253225872080281,,,0,0,0,0,0,0,1,1
2026-08-02,120253225880820281,,,0,0,0,0,0,0,11,4
2026-08-02,120253225931950281,,,0,0,0,0,0,0,5,3
2026-08-02,120253226001460281,,,0,0,0,0,0,0,4,4
2026-08-02,120253302500270281,,,0,0,0,0,0,0,3,2
2026-08-02,120253302500280281,,,0,0,0,0,0,0,3,2
2026-08-02,120253302500340281,,,0,0,0,0,0,0,2,2
2026-08-02,120253302500360281,,,0,0,0,0,0,0,1,1
2026-08-02,120253303569730281,,,0,0,0,0,0,0,1,1
2026-08-02,120253303638220281,,,0,0,0,0,0,0,2,2
2026-08-02,120253303673670281,,,0,0,0,0,0,0,2,1
2026-08-02,120253303687920281,,,0,0,0,0,0,0,7,3
2026-08-02,120253303916230281,,,0,0,0,0,0,0,2,1
2026-08-02,120253303936160281,,,0,0,0,0,0,0,1,1
2026-08-02,120253303941140281,,,0,0,0,0,0,0,1,1
2026-08-02,120253303948480281,,,0,0,0,0,0,0,3,1
2026-08-02,120253303964040281,,,0,0,0,0,0,0,5,2
2026-08-02,120253304195760281,,,0,0,0,0,0,0,1,1
2026-08-02,120253304211740281,,,0,0,0,0,0,0,2,2
2026-08-02,120253304219800281,,,0,0,0,0,0,0,1,1
2026-08-02,120253304462120281,,,0,0,0,0,0,0,1,1
2026-08-02,120253304699650281,,,0,0,0,0,0,0,2,2
2026-08-02,120253304752230281,,,0,0,0,0,0,0,1,1
2026-08-02,120253304775170281,,,0,0,0,0,0,0,2,1
2026-08-02,120253406535550281,[AFS] [F3] [Zama Molefe] V1,120253406535430281,34,34,34,58,108,8.21,143,27
2026-08-02,120253406611390281,[AFS] [F3] [Zama Molefe] V2,120253406535430281,19,19,19,16,60,2.70,49,15
2026-08-02,120253406623060281,[AFS] [F3] [Zama Molefe] V3,120253406535430281,18,18,18,15,57,1.69,44,11
2026-08-02,120253406631270281,[AFS] [F3] [Zama Molefe] V4,120253406535430281,43,43,43,59,147,7.18,151,26
2026-08-02,120253406640860281,[AFS] [F3] [Zama Molefe] V5,120253406535430281,24,24,24,19,81,2.48,52,15
2026-08-02,120253406659640281,[AFS] [F3] [Zama Molefe] V6,120253406535430281,26,26,26,35,75,4.47,95,21
2026-08-02,120253406694290281,[AFS] [F3] [Ntombi Mofokeng] V1,120253406694250281,34,34,34,38,120,3.40,109,23
2026-08-02,120253406774810281,[AFS] [F3] [Ntombi Mofokeng] V2,120253406694250281,28,28,28,36,90,4.18,108,21
2026-08-02,120253406811390281,[AFS] [F3] [Ntombi Mofokeng] V3,120253406694250281,19,19,19,13,60,1.99,33,8
2026-08-02,120253406815340281,[AFS] [F3] [Ntombi Mofokeng] V4,120253406694250281,28,28,28,22,87,2.29,64,14
2026-08-02,120253406822870281,[AFS] [F3] [Ntombi Mofokeng] V5,120253406694250281,25,25,25,28,84,2.98,79,16
2026-08-02,120253406852120281,[AFS] [F3] [Ntombi Mofokeng] V6,120253406694250281,31,31,31,49,99,7.10,160,19
2026-08-02,120253406891930281,[AFS] [F3] [Sibongile Khoza] V1,120253406891860281,35,35,35,31,105,3.28,104,26
2026-08-02,120253406978040281,[AFS] [F3] [Sibongile Khoza] V2,120253406891860281,26,26,26,36,81,4.80,108,20
2026-08-02,120253406998850281,[AFS] [F3] [Sibongile Khoza] V3,120253406891860281,29,29,29,34,96,3.58,72,19
2026-08-02,120253407003410281,[AFS] [F3] [Sibongile Khoza] V4,120253406891860281,25,25,25,8,72,0.86,33,10
2026-08-02,120253407021750281,[AFS] [F3] [Sibongile Khoza] V5,120253406891860281,11,11,11,5,39,0.42,31,8
2026-08-02,120253407039770281,[AFS] [F3] [Sibongile Khoza] V6,120253406891860281,16,16,16,8,57,1.24,26,8
2026-08-02,120253407146350281,,,0,0,0,0,0,0,2,1
2026-08-02,120253407221960281,[AFS] [F3] [Thandeka Mokoena] V1,120253407221890281,42,42,42,28,126,3.09,73,16
2026-08-02,120253407333460281,[AFS] [F3] [Thandeka Mokoena] V2,120253407221890281,26,26,26,46,96,6.88,150,23
2026-08-02,120253407349550281,[AFS] [F3] [Thandeka Mokoena] V3,120253407221890281,21,21,21,18,66,2.00,47,9
2026-08-02,120253407356150281,[AFS] [F3] [Thandeka Mokoena] V4,120253407221890281,33,33,33,42,102,4.36,88,21
2026-08-02,120253407402570281,[AFS] [F3] [Thandeka Mokoena] V5,120253407221890281,45,45,45,42,129,4.85,120,31
2026-08-02,120253407409760281,[AFS] [F3] [Thandeka Mokoena] V6,120253407221890281,53,53,53,41,162,3.71,71,22
2026-08-02,120253407539430281,[AFS] [F3] [AYANDA ZULU] V1,120253407539350281,53,53,53,76,165,6.17,124,35
2026-08-02,120253407553070281,[AFS] [F3] [AYANDA ZULU] V2,120253407539350281,56,56,56,89,186,7.77,164,38
2026-08-02,120253407556650281,[AFS] [F3] [AYANDA ZULU] V3,120253407539350281,48,48,48,67,135,6.18,189,37
2026-08-02,120253407641490281,[AFS] [F3] [AYANDA ZULU] V4,120253407539350281,42,42,42,44,129,4.93,127,29
2026-08-02,120253407759380281,[AFS] [F3] [AYANDA ZULU] V5,120253407539350281,53,53,53,107,171,9.44,204,54
2026-08-02,120253407926920281,[AFS] [F3] [AYANDA ZULU] V6,120253407539350281,43,43,43,63,150,4.72,129,29
2026-08-02,120253408396180281,[AFS] [F3] [Nobuhle Mahlangu] V1,120253408396060281,34,34,34,30,105,3.16,93,21
2026-08-02,120253409927790281,[AFS] [F3] [Nobuhle Mahlangu] V2,120253408396060281,25,25,25,22,75,2.48,56,13
2026-08-02,120253409946870281,[AFS] [F3] [Nobuhle Mahlangu] V3,120253408396060281,27,27,27,21,78,2.07,103,15
2026-08-02,120253409966970281,[AFS] [F3] [Nobuhle Mahlangu] V4,120253408396060281,25,25,25,27,69,2.96,81,18
2026-08-02,120253409983580281,[AFS] [F3] [Nobuhle Mahlangu] V5,120253408396060281,27,27,27,37,78,3.98,95,19
2026-08-02,120253410002420281,[AFS] [F3] [Nobuhle Mahlangu] V6,120253408396060281,27,27,27,31,84,4.22,101,17
2026-08-02,120253411255640281,[AFS] [F3] [Paballo Letsoalo] V1,120253411255550281,20,20,20,26,60,3.18,62,15
2026-08-02,120253411338910281,[AFS] [F3] [Paballo Letsoalo] V2,120253411255550281,9,9,9,8,36,0.79,61,4
2026-08-02,120253411360680281,[AFS] [F3] [Paballo Letsoalo] V3,120253411255550281,21,21,21,20,60,2.60,41,15
2026-08-02,120253411374160281,[AFS] [F3] [Paballo Letsoalo] V4,120253411255550281,19,19,19,17,66,2.29,65,14
2026-08-02,120253411400390281,[AFS] [F3] [Paballo Letsoalo] V5,120253411255550281,25,25,25,28,78,3.43,70,14
2026-08-02,120253411426250281,[AFS] [F3] [Paballo Letsoalo] V6,120253411255550281,15,15,15,10,45,1.27,36,9
2026-08-02,120253411538180281,[AFS] [F3] [Boitumelo Mosia] V1,120253411538090281,14,14,14,12,39,1.39,51,9
2026-08-02,120253411661520281,[AFS] [F3] [Boitumelo Mosia] V2,120253411538090281,11,11,11,5,30,0.54,26,10
2026-08-02,120253411699610281,[AFS] [F3] [Boitumelo Mosia] V3,120253411538090281,10,10,10,14,30,0.99,28,8
2026-08-02,120253411718390281,[AFS] [F3] [Boitumelo Mosia] V4,120253411538090281,11,11,11,6,33,0.56,19,6
2026-08-02,120253411755750281,[AFS] [F3] [Boitumelo Mosia] V5,120253411538090281,13,13,13,23,39,1.90,59,16
2026-08-02,120253411764760281,[AFS] [F3] [Boitumelo Mosia] V6,120253411538090281,23,23,23,23,69,1.98,73,24
2026-08-02,120253411910950281,[AFS] [F3] [Nomonde Mokoena] V2,120253411813950281,45,45,45,46,138,3.21,78,25
2026-08-02,120253411937390281,[AFS] [F3] [Nomonde Mokoena] V3,120253411813950281,46,46,46,55,132,7.50,196,29
2026-08-02,120253411974320281,[AFS] [F3] [Nomonde Mokoena] V5,120253411813950281,29,29,29,26,93,3.91,61,13
2026-08-02,120253411979140281,[AFS] [F3] [Nomonde Mokoena] V6,120253411813950281,27,27,27,30,81,3.31,71,17
2026-08-02,120253415477520281,[AFS] [F3] [TUMELO MOKWENA] V1,120253415477530281,36,36,36,36,108,4.74,104,18
2026-08-02,120253415529740281,[AFS] [F3] [TUMELO MOKWENA] V2,120253415477530281,20,20,20,30,66,3.93,113,22
2026-08-02,120253415533200281,[AFS] [F3] [TUMELO MOKWENA] V3,120253415477530281,31,31,31,28,99,3.02,78,18
2026-08-02,120253415535590281,[AFS] [F3] [TUMELO MOKWENA] V4,120253415477530281,20,20,20,19,60,1.77,56,16
2026-08-02,120253415537500281,[AFS] [F3] [TUMELO MOKWENA] V5,120253415477530281,17,17,17,11,51,1.32,32,8
2026-08-02,120253415538610281,[AFS] [F3] [TUMELO MOKWENA] V6,120253415477530281,23,23,23,28,69,2.92,99,19
2026-08-02,120253415545930281,[AFS] [F3] [Nothando Hadebe] V1,120253415545840281,30,30,30,36,93,4.11,90,22
2026-08-02,120253415586070281,[AFS] [F3] [Nothando Hadebe] V2,120253415545840281,13,13,13,12,42,1.02,46,11
2026-08-02,120253415593700281,[AFS] [F3] [Nothando Hadebe] V3,120253415545840281,23,23,23,21,69,2.29,81,16
2026-08-02,120253415603370281,[AFS] [F3] [Nothando Hadebe] V4,120253415545840281,19,19,19,23,57,4.03,89,13
2026-08-02,120253415608870281,[AFS] [F3] [Nothando Hadebe] V5,120253415545840281,8,8,8,12,24,1.94,32,9
2026-08-02,120253415614300281,[AFS] [F3] [Nothando Hadebe] V6,120253415545840281,21,21,21,28,72,4.16,87,14
2026-08-02,120253415627710281,[AFS] [F3] [Neo Maluleka] V1,120253415627640281,32,32,32,30,93,2.89,77,19
2026-08-02,120253415654240281,[AFS] [F3] [Neo Maluleka] V2,120253415627640281,16,16,16,21,60,3.78,68,9
2026-08-02,120253415659550281,[AFS] [F3] [Neo Maluleka] V3,120253415627640281,19,19,19,29,57,2.83,66,16
2026-08-02,120253415663260281,[AFS] [F3] [Neo Maluleka] V4,120253415627640281,34,34,34,41,102,3.19,94,28
2026-08-02,120253415684090281,[AFS] [F3] [Neo Maluleka] V5,120253415627640281,47,47,47,69,153,7.06,148,31
2026-08-02,120253415685920281,[AFS] [F3] [Neo Maluleka] V6,120253415627640281,17,17,17,35,60,3.30,50,11
2026-08-02,120253415695320281,[AFS] [F3] [Onalenna Kgosi] V1,120253415695250281,16,16,16,17,51,3.55,61,14
2026-08-02,120253415718880281,[AFS] [F3] [Onalenna Kgosi] V2,120253415695250281,19,19,19,25,66,5.36,70,11
2026-08-02,120253415721250281,[AFS] [F3] [Onalenna Kgosi] V3,120253415695250281,25,25,25,29,75,5.58,124,17
2026-08-02,120253415724350281,[AFS] [F3] [Onalenna Kgosi] V4,120253415695250281,21,21,21,25,54,4.95,108,16
2026-08-02,120253415726470281,[AFS] [F3] [Onalenna Kgosi] V5,120253415695250281,20,20,20,5,54,0.73,35,8
2026-08-02,120253415728580281,[AFS] [F3] [Onalenna Kgosi] V6,120253415695250281,25,25,25,32,75,4.36,115,17
2026-08-02,120253415735450281,[AFS] [F3] [Mosa Chiloane] V1,120253415735410281,22,22,22,11,63,1.84,51,15
2026-08-02,120253415756030281,[AFS] [F3] [Mosa Chiloane] V2,120253415735410281,8,8,8,5,15,0.72,31,6
2026-08-02,120253415760700281,[AFS] [F3] [Mosa Chiloane] V3,120253415735410281,24,24,24,23,78,5.65,94,24
2026-08-02,120253415763830281,[AFS] [F3] [Mosa Chiloane] V4,120253415735410281,7,7,7,0,18,0.09,6,3
2026-08-02,120253415768180281,[AFS] [F3] [Mosa Chiloane] V5,120253415735410281,17,17,17,13,57,2.06,49,9
2026-08-02,120253415770520281,[AFS] [F3] [Mosa Chiloane] V6,120253415735410281,5,5,5,0,12,0.04,41,9
2026-08-02,120253422809560281,[AFS] [F3] [Lethabo Sebola] V1,120253422809490281,23,23,23,26,72,5.47,101,12
2026-08-02,120253422896760281,[AFS] [F3] [Lethabo Sebola] V2,120253422809490281,24,24,24,30,84,3.75,40,12
2026-08-02,120253422900530281,[AFS] [F3] [Lethabo Sebola] V3,120253422809490281,39,39,39,25,123,3.43,59,16
2026-08-02,120253422902890281,[AFS] [F3] [Lethabo Sebola] V4,120253422809490281,39,39,39,56,117,5.01,81,23
2026-08-02,120253422905970281,[AFS] [F3] [Lethabo Sebola] V5,120253422809490281,54,54,54,105,177,12.25,235,35
2026-08-02,120253422910030281,[AFS] [F3] [Lethabo Sebola] V6,120253422809490281,29,29,29,45,96,3.91,70,16
2026-08-02,120253422925680281,[AFS] [F3] [Kgomotso Ramokgopa] V1,120253422925690281,30,30,30,57,108,4.68,63,14
2026-08-02,120253423000780281,[AFS] [F3] [Kgomotso Ramokgopa] V2,120253422925690281,117,117,117,203,363,19.48,346,72
2026-08-02,120253423005460281,[AFS] [F3] [Kgomotso Ramokgopa] V3,120253422925690281,55,55,55,88,177,9.19,175,31
2026-08-02,120253423013640281,[AFS] [F3] [Kgomotso Ramokgopa] V4,120253422925690281,42,42,42,66,135,5.27,66,22
2026-08-02,120253423021520281,[AFS] [F3] [Kgomotso Ramokgopa] V5,120253422925690281,30,30,30,42,96,4.01,68,18
2026-08-02,120253423035590281,[AFS] [F3] [Kgomotso Ramokgopa] V6,120253422925690281,44,44,44,55,141,4.06,68,20
2026-08-02,120253423108780281,[AFS] [F3] [Bontle Monare] V1,120253423108790281,34,34,34,51,105,3.31,70,17
2026-08-02,120253423248640281,[AFS] [F3] [Bontle Monare] V2,120253423108790281,37,37,37,57,129,6.52,88,15
2026-08-02,120253423294450281,[AFS] [F3] [Bontle Monare] V3,120253423108790281,27,27,27,38,93,2.36,49,15
2026-08-02,120253423549100281,[AFS] [F3] [Bontle Monare] V4,120253423108790281,96,96,96,189,297,18.59,337,70
2026-08-02,120253423574110281,[AFS] [F3] [Bontle Monare] V5,120253423108790281,18,18,18,27,69,1.50,19,8
2026-08-02,120253423577250281,[AFS] [F3] [Bontle Monare] V6,120253423108790281,24,24,24,28,78,3.15,57,9
2026-08-02,120253423590130281,[AFS] [F3] [Mmapula Modise] V1,120253423590020281,21,21,21,30,75,4.66,65,14
2026-08-02,120253423610380281,[AFS] [F3] [Mmapula Modise] V2,120253423590020281,16,16,16,21,54,2.96,53,10
2026-08-02,120253423614520281,[AFS] [F3] [Mmapula Modise] V3,120253423590020281,21,21,21,21,66,2.77,56,13
2026-08-02,120253423618130281,[AFS] [F3] [Mmapula Modise] V4,120253423590020281,11,11,11,15,39,1.95,28,6
2026-08-02,120253423621190281,[AFS] [F3] [Mmapula Modise] V5,120253423590020281,12,12,12,12,51,1.93,40,6
2026-08-02,120253423624560281,[AFS] [F3] [Mmapula Modise] V6,120253423590020281,23,23,23,27,69,3.35,66,19
2026-08-02,120253423634010281,[AFS] [F3] [Thato Makgoba] V1,120253423633890281,17,17,17,28,60,3.51,44,9
2026-08-02,120253423664560281,[AFS] [F3] [Thato Makgoba] V2,120253423633890281,31,31,31,31,102,4.77,67,11
2026-08-02,120253423675200281,[AFS] [F3] [Thato Makgoba] V3,120253423633890281,19,19,19,17,72,1.95,32,8
2026-08-02,120253423686830281,[AFS] [F3] [Thato Makgoba] V4,120253423633890281,18,18,18,24,57,2.22,43,9
2026-08-02,120253423701340281,[AFS] [F3] [Thato Makgoba] V5,120253423633890281,35,35,35,57,123,8.70,143,21
2026-08-02,120253423718910281,[AFS] [F3] [Thato Makgoba] V6,120253423633890281,24,24,24,40,75,5.30,89,14
2026-08-03,120247357080930278,[AFS] [F3] [AMARA OKAFOR] V1,120247357080990278,1,1,1,2,3,0.12,5,1
2026-08-03,120247357080980278,[AFS] [F3] [AMARA OKAFOR] V5,120247357080990278,32,32,29,38,93,2.37,101,32
2026-08-03,120247357081010278,[AFS] [F3] [AMARA OKAFOR] V6,120247357080990278,48,48,43,65,147,4.33,110,33
2026-08-03,120247357081030278,[AFS] [F3] [AMARA OKAFOR] V3,120247357080990278,34,34,31,23,96,1.50,99,31
2026-08-03,120247357081040278,[AFS] [F3] [AMARA OKAFOR] V2,120247357080990278,20,20,18,8,54,0.70,52,18
2026-08-03,120247357081050278,[AFS] [F3] [AMARA OKAFOR] V4,120247357080990278,42,42,40,60,126,5.15,184,36
2026-08-03,120247357457050278,[AFS] [F3] [ZOLA DLAMINI] V4,120247357456980278,41,41,37,67,120,8.65,261,41
2026-08-03,120247357457060278,[AFS] [F3] [ZOLA DLAMINI] V2,120247357456980278,1,1,1,3,3,0.53,17,3
2026-08-03,120247357457070278,[AFS] [F3] [ZOLA DLAMINI] V3,120247357456980278,55,55,51,57,171,5.51,164,42
2026-08-03,120247357457080278,[AFS] [F3] [ZOLA DLAMINI] V5,120247357456980278,50,50,46,63,150,5.07,148,36
2026-08-03,120247357457090278,[AFS] [F3] [ZOLA DLAMINI]V6,120247357456980278,75,75,71,126,228,10.62,298,60
2026-08-03,120247357457100278,[AFS] [F3] [ZOLA DLAMINI] V1,120247357456980278,34,34,32,41,105,3.11,94,31
2026-08-03,120247358420040278,[AFS] [F3] [AMINATA DIALLO] V6,120247358419970278,3,3,2,3,9,0.15,11,4
2026-08-03,120247358420050278,[AFS] [F3] [AMINATA DIALLO] V4,120247358419970278,1,1,1,3,3,0.40,10,2
2026-08-03,120247358420060278,[AFS] [F3] [AMINATA DIALLO] V5,120247358419970278,40,40,37,23,132,2.36,80,28
2026-08-03,120247358420070278,[AFS] [F3] [AMINATA DIALLO] V3,120247358419970278,41,41,39,43,126,5.38,192,36
2026-08-03,120247358420080278,[AFS] [F3] [AMINATA DIALLO] V2,120247358419970278,31,31,26,12,93,1.23,54,22
2026-08-03,120247358420090278,[AFS] [F3] [AMINATA DIALLO] V1,120247358419970278,1,1,1,0,3,0.00,0,0
2026-08-03,120247358791350278,,,0,0,0,0,0,0,8,2
2026-08-03,120247358791360278,,,0,0,0,0,0,0,1,1
2026-08-03,120247358791370278,[AFS] [F3] [FOLASADE ADEYEMI] V3,120247358791270278,1,1,1,3,3,0.23,6,1
2026-08-03,120247359464720278,[AFS] [F3] [NOMVULA MOKOENA] V6,120247359464690278,35,35,31,39,105,3.09,93,24
2026-08-03,120247359464770278,,,0,0,0,0,0,0,6,1
2026-08-03,120247359464800278,[AFS] [F3] [NOMVULA MOKOENA] V1,120247359464690278,1,1,1,3,3,0.08,3,2
2026-08-03,120247359464810278,,,0,0,0,0,0,0,1,1
2026-08-03,120247360141400278,,,0,0,0,0,0,0,1,1
2026-08-03,120247360141410278,[AFS] [F3] [CHIPO MOYO]  V6,120247360141370278,62,62,57,112,201,13.12,392,71
2026-08-03,120247360141440278,,,0,0,0,0,0,0,3,1
2026-08-03,120247360141470278,,,0,0,0,0,0,0,2,1
2026-08-03,120247360141480278,[AFS] [F3] [CHIPO MOYO]  V4,120247360141370278,50,50,46,64,144,4.74,150,36
2026-08-03,120247360141490278,[AFS] [F3] [CHIPO MOYO]  V2,120247360141370278,47,47,42,43,135,3.29,98,29
2026-08-03,120247360356770278,,,0,0,0,0,0,0,6,5
2026-08-03,120247360356790278,[AFS] [F3] [FATOUMATA TRAORE] V6,120247360356710278,18,18,17,23,63,2.16,45,16
2026-08-03,120247360356820278,[AFS] [F3] [FATOUMATA TRAORE] V2,120247360356710278,27,27,26,23,72,2.82,133,20
2026-08-03,120247360356830278,[AFS] [F3] [FATOUMATA TRAORE] V1,120247360356710278,47,47,41,29,153,3.42,118,45
2026-08-03,120247360531040278,[AFS] [F3] [AMINATA DIALLO] V1,120247360531070278,1,1,1,0,3,0.00,0,0
2026-08-03,120247360531120278,,,0,0,0,0,0,0,12,4
2026-08-03,120247360531130278,[AFS] [F3] [AMINATA DIALLO] V5,120247360531070278,52,52,47,64,162,5.59,166,38
2026-08-03,120247360531140278,[AFS] [F3] [AMINATA DIALLO] V6,120247360531070278,63,63,57,102,195,8.63,320,66
2026-08-03,120247360531150278,[AFS] [F3] [AMINATA DIALLO]V4,120247360531070278,1,1,1,0,3,0.00,4,3
2026-08-03,120247360531160278,,,0,0,0,0,0,0,5,1
2026-08-03,120247382249470278,,,0,0,0,0,0,0,8,1
2026-08-03,120247382249520278,,,0,0,0,0,0,0,1,1
2026-08-03,120247382249530278,,,0,0,0,0,0,0,4,2
2026-08-03,120247382249540278,,,0,0,0,0,0,0,4,2
2026-08-03,120247382249560278,[AFS_RELA_EN_BOT_0001] [NOURBESE] V4,120247382249440278,1,1,1,3,3,0.29,8,1
2026-08-03,120247382323040278,[AFS] [F3] [WANGARI KAMAU] V4,120247382322970278,59,59,51,66,168,6.36,254,53
2026-08-03,120247382323050278,[AFS] [F3] [WANGARI KAMAU] V6,120247382322970278,68,68,60,103,198,11.37,375,63
2026-08-03,120247382323060278,[AFS] [F3] [WANGARI KAMAU] V5,120247382322970278,57,57,49,83,174,7.40,223,44
2026-08-03,120247382323070278,[AFS] [F3] [WANGARI KAMAU] V2,120247382322970278,52,52,49,87,162,7.19,246,49
2026-08-03,120247382323080278,[AFS] [F3] [WANGARI KAMAU] V3,120247382322970278,62,62,51,77,183,9.24,231,44
2026-08-03,120247382323090278,[AFS] [F3] [WANGARI KAMAU] V1,120247382322970278,63,63,56,95,177,9.91,253,49
2026-08-03,120247488168300278,[AFS] [F3] [BONTLE MODISE] V1,120247488168210278,60,60,57,77,189,4.95,238,48
2026-08-03,120247488215910278,[AFS] [F3] [BONTLE MODISE] V2,120247488168210278,55,55,52,67,162,4.61,157,47
2026-08-03,120247488220950278,[AFS] [F3] [BONTLE MODISE] V3,120247488168210278,35,35,31,33,96,2.68,92,26
2026-08-03,120247488225850278,[AFS] [F3] [BONTLE MODISE] V4,120247488168210278,30,30,27,54,93,5.88,141,31
2026-08-03,120247488230320278,[AFS] [F3] [BONTLE MODISE] V5,120247488168210278,34,34,32,50,93,5.23,161,34
2026-08-03,120247488234950278,[AFS] [F3] [BONTLE MODISE] V6,120247488168210278,1,1,1,0,3,0.00,1,1
2026-08-03,120247488259350278,[AFS] [F3] [LUNGILE HADEBE] V1,120247488259330278,54,54,46,74,156,5.50,200,48
2026-08-03,120247488362150278,,,0,0,0,0,0,0,4,1
2026-08-03,120247488373900278,[AFS] [F3] [LUNGILE HADEBE] V5,120247488259330278,1,1,1,0,3,0.00,2,1
2026-08-03,120247488419540278,[AFS] [F3] [LUNGILE HADEBE] V6,120247488259330278,3,3,3,3,9,0.25,10,3
2026-08-03,120247488474100278,[AFS] [F3] [LERATO MAHLANGU] V1,120247488474000278,51,51,43,64,153,5.92,195,44
2026-08-03,120247488538970278,,,0,0,0,0,0,0,4,1
2026-08-03,120247488660110278,[AFS] [F3] [LERATO MAHLANGU] V3,120247488474000278,35,35,32,36,93,4.17,159,35
2026-08-03,120247488793560278,[AFS] [F3] [LERATO MAHLANGU] V4,120247488474000278,37,37,32,43,105,2.65,75,18
2026-08-03,120247488827940278,[AFS] [F3] [LERATO MAHLANGU] V5,120247488474000278,73,73,71,131,213,8.92,318,88
2026-08-03,120247488854820278,[AFS] [F3] [LERATO MAHLANGU] V6,120247488474000278,34,34,29,39,105,4.48,137,24
2026-08-03,120247488968980278,[AFS] [F3] [NOURBESE ACHEBE] V2,120247488930090278,54,54,50,72,162,5.30,164,43
2026-08-03,120247488989090278,[AFS] [F3] [NOURBESE ACHEBE] V3,120247488930090278,1,1,1,3,3,0.12,3,1
2026-08-03,120247489016960278,[AFS] [F3] [NOURBESE ACHEBE] V5,120247488930090278,5,5,4,3,12,0.19,18,10
2026-08-03,120247489033080278,,,0,0,0,0,0,0,2,1
2026-08-03,120247489113490278,,,0,0,0,0,0,0,4,3
2026-08-03,120247489149860278,[AFS] [F3] [NONHLANHLA CELE] V4,120247489056040278,1,1,1,3,3,0.08,6,2
2026-08-03,120247489160520278,[AFS] [F3] [NONHLANHLA CELE] V6,120247489056040278,117,117,102,213,351,17.55,585,116
2026-08-03,120247490620890278,,,0,0,0,0,0,0,4,1
2026-08-03,120247506168140278,[AFS] [F3] [BONGEKILE ZUNGU] V1,120247506168050278,1,1,1,0,3,0.04,1,1
2026-08-03,120247506203840278,[AFS] [F3] [BONGEKILE ZUNGU] V3,120247506168050278,1,1,1,0,3,0.00,0,0
2026-08-03,120247506238310278,[AFS] [F3] [BONGEKILE ZUNGU] V5,120247506168050278,1,1,1,1,3,0.07,2,1
2026-08-03,120247506249690278,[AFS] [F3] [BONGEKILE ZUNGU] V6,120247506168050278,31,31,28,40,90,3.64,128,30
2026-08-03,120247506424250278,,,0,0,0,0,0,0,1,1
2026-08-03,120247506530130278,[AFS] [F3] [MBALI BUTHELEZI] V2,120247506424170278,29,29,24,33,81,4.95,127,21
2026-08-03,120247506542160278,[AFS] [F3] [MBALI BUTHELEZI] V3,120247506424170278,21,21,19,28,60,3.47,154,23
2026-08-03,120247506560570278,,,0,0,0,0,0,0,8,5
2026-08-03,120247506567820278,,,0,0,0,0,0,0,1,1
2026-08-03,120247565265520278,,,0,0,0,0,0,0,1,1
2026-08-03,120247566460400278,,,0,0,0,0,0,0,2,1
2026-08-03,120247566488020278,,,0,0,0,0,0,0,1,1
2026-08-03,120247566505120278,,,0,0,0,0,0,0,10,1
2026-08-03,120247566567050278,,,0,0,0,0,0,0,3,2
2026-08-03,120247566569190278,,,0,0,0,0,0,0,1,1
2026-08-03,120247753268600278,[AFS] [F3] [Siphesihle Cele] V1,120247753268510278,32,32,32,55,105,4.62,134,29
2026-08-03,120247753333380278,[AFS] [F3] [Siphesihle Cele] V2,120247753268510278,40,40,40,50,123,6.19,123,30
2026-08-03,120247753339060278,[AFS] [F3] [Siphesihle Cele] V3,120247753268510278,27,27,27,23,81,2.94,66,16
2026-08-03,120247753343390278,[AFS] [F3] [Siphesihle Cele] V4,120247753268510278,27,27,27,32,84,3.10,99,20
2026-08-03,120247753348540278,[AFS] [F3] [Siphesihle Cele] V5,120247753268510278,12,12,12,12,36,1.47,38,7
2026-08-03,120247753359010278,[AFS] [F3] [Siphesihle Cele] V6,120247753268510278,23,23,23,34,69,3.15,88,17
2026-08-03,120247753572160278,[AFS] [F3] [Khanyisa Zwane] V1,120247753572060278,55,55,55,74,156,6.59,180,41
2026-08-03,120247753631300278,[AFS] [F3] [Khanyisa Zwane] V2,120247753572060278,23,23,23,52,78,5.51,111,24
2026-08-03,120247753639190278,[AFS] [F3] [Khanyisa Zwane] V3,120247753572060278,36,36,36,60,105,7.43,204,27
2026-08-03,120247753647720278,[AFS] [F3] [Khanyisa Zwane] V4,120247753572060278,27,27,27,55,84,4.13,132,26
2026-08-03,120247753656710278,[AFS] [F3] [Khanyisa Zwane] V5,120247753572060278,44,44,44,74,135,6.96,192,35
2026-08-03,120247753677620278,[AFS] [F3] [Khanyisa Zwane] V6,120247753572060278,16,16,16,19,48,1.36,47,11
2026-08-03,120247753719190278,[AFS] [F3] [Yonela Mnguni] V1,120247753719120278,34,34,34,41,93,4.99,177,33
2026-08-03,120247753784310278,[AFS] [F3] [Yonela Mnguni] V2,120247753719120278,31,31,31,39,87,4.95,132,20
2026-08-03,120247753789900278,[AFS] [F3] [Yonela Mnguni] V3,120247753719120278,8,8,8,4,24,0.28,16,10
2026-08-03,120247753798010278,[AFS] [F3] [Yonela Mnguni] V4,120247753719120278,9,9,9,11,27,1.77,52,10
2026-08-03,120247753808800278,[AFS] [F3] [Yonela Mnguni] V5,120247753719120278,20,20,20,19,57,2.52,92,20
2026-08-03,120247753817950278,[AFS] [F3] [Yonela Mnguni] V6,120247753719120278,4,4,4,2,12,0.09,5,4
2026-08-03,120247753837730278,[AFS] [F3] [Khanyisile Nxumalo] V1,120247753837740278,12,12,12,13,30,1.42,49,11
2026-08-03,120247753859960278,[AFS] [F3] [Khanyisile Nxumalo] V2,120247753837740278,44,44,44,90,138,7.68,222,45
2026-08-03,120247753870250278,[AFS] [F3] [Khanyisile Nxumalo] V3,120247753837740278,17,17,17,10,51,0.55,28,12
2026-08-03,120247753880980278,[AFS] [F3] [Khanyisile Nxumalo] V4,120247753837740278,10,10,10,11,33,2.00,56,10
2026-08-03,120247753888530278,[AFS] [F3] [Khanyisile Nxumalo] V5,120247753837740278,11,11,11,8,27,0.75,30,7
2026-08-03,120247753901780278,[AFS] [F3] [Khanyisile Nxumalo] V6,120247753837740278,37,37,37,48,117,4.90,133,24
2026-08-03,120247768212490278,,,0,0,0,0,0,0,4,1
2026-08-03,120247768229630278,,,0,0,0,0,0,0,5,1
2026-08-03,120247768344990278,[AFS] [F3] [Nandipha Buthelezi] V2,120247768254900278,27,27,27,31,84,2.82,76,17
2026-08-03,120247768350600278,[AFS] [F3] [Nandipha Buthelezi] V3,120247768254900278,30,30,30,28,93,2.97,97,22
2026-08-03,120247768356310278,[AFS] [F3] [Nandipha Buthelezi] V4,120247768254900278,5,5,5,6,12,0.61,40,5
2026-08-03,120247768363360278,[AFS] [F3] [Nandipha Buthelezi] V5,120247768254900278,23,23,23,43,69,4.42,139,23
2026-08-03,120247768370710278,[AFS] [F3] [Nandipha Buthelezi] V6,120247768254900278,20,20,20,16,54,2.62,84,9
2026-08-03,120247768444270278,[AFS] [F3] [Sinazo Msibi] V1,120247768444280278,46,46,46,33,138,4.98,120,28
2026-08-03,120247768553280278,[AFS] [F3] [Sinazo Msibi] V2,120247768444280278,20,20,20,23,51,2.40,124,20
2026-08-03,120247768559710278,[AFS] [F3] [Sinazo Msibi] V3,120247768444280278,29,29,29,37,93,2.99,88,20
2026-08-03,120247768566110278,[AFS] [F3] [Sinazo Msibi] V4,120247768444280278,12,12,12,12,24,3.07,85,11
2026-08-03,120247768572330278,[AFS] [F3] [Sinazo Msibi] V5,120247768444280278,20,20,20,30,69,3.28,111,24
2026-08-03,120247768594320278,[AFS] [F3] [Sinazo Msibi] V6,120247768444280278,35,35,35,38,108,4.87,146,23
2026-08-03,120247768668500278,[AFS] [F3] [Okuhle Khumalo] V1,120247768668430278,36,36,36,64,111,5.55,171,38
2026-08-03,120247768725920278,[AFS] [F3] [Okuhle Khumalo] V2,120247768668430278,23,23,23,37,72,4.28,111,19
2026-08-03,120247768731050278,[AFS] [F3] [Okuhle Khumalo] V3,120247768668430278,37,37,37,52,108,4.83,140,33
2026-08-03,120247768736930278,[AFS] [F3] [Okuhle Khumalo] V4,120247768668430278,21,21,21,28,63,4.39,124,15
2026-08-03,120247768743240278,[AFS] [F3] [Okuhle Khumalo] V5,120247768668430278,36,36,36,46,114,4.15,113,19
2026-08-03,120247768754730278,[AFS] [F3] [Okuhle Khumalo] V6,120247768668430278,18,18,18,29,51,4.50,129,19
2026-08-03,120247768768140278,[AFS] [F3] [Tamara Siqueira] V1,120247768768060278,12,12,12,8,24,0.42,36,6
2026-08-03,120247768802800278,[AFS] [F3] [Tamara Siqueira] V2,120247768768060278,28,28,28,30,87,3.09,74,18
2026-08-03,120247768808810278,[AFS] [F3] [Tamara Siqueira] V3,120247768768060278,67,67,67,102,213,11.73,335,60
2026-08-03,120247768816390278,[AFS] [F3] [Tamara Siqueira] V4,120247768768060278,7,7,7,8,21,0.71,31,7
2026-08-03,120247768820650278,[AFS] [F3] [Tamara Siqueira] V5,120247768768060278,8,8,8,8,24,1.01,27,8
2026-08-03,120247768824920278,[AFS] [F3] [Tamara Siqueira] V6,120247768768060278,31,31,31,37,84,3.75,125,20
2026-08-03,120247789007260330,,,0,0,0,0,0,0,2,2
2026-08-03,120247789017660330,,,0,0,0,0,0,0,2,1
2026-08-03,120247789789060330,,,0,0,0,0,0,0,2,1
2026-08-03,120247789895820330,,,0,0,0,0,0,0,1,1
2026-08-03,120247794151740278,[AFS] [F3] [Rethabile Mofolo] V1,120247794151750278,22,22,22,0,66,0.12,3,2
2026-08-03,120247794158800278,[AFS] [F3] [Rethabile Mofolo] V2,120247794151750278,10,10,10,0,30,0.00,0,0
2026-08-03,120247794161160278,[AFS] [F3] [Rethabile Mofolo] V3,120247794151750278,19,19,19,0,57,0.25,7,3
2026-08-03,120247794164210278,[AFS] [F3] [Rethabile Mofolo] V4,120247794151750278,22,22,22,0,66,0.32,10,2
2026-08-03,120247794166880278,[AFS] [F3] [Rethabile Mofolo] V5,120247794151750278,18,18,18,0,54,0.13,3,2
2026-08-03,120247794170070278,[AFS] [F3] [Rethabile Mofolo] V6,120247794151750278,12,12,12,0,36,0.14,5,1
2026-08-03,120247794178940278,[AFS] [F3] [Katlego Masango] V1,120247794178950278,30,30,30,0,90,0.11,2,1
2026-08-03,120247794194270278,[AFS] [F3] [Katlego Masango] V2,120247794178950278,10,10,10,0,30,0.00,0,0
2026-08-03,120247794195190278,[AFS] [F3] [Katlego Masango] V3,120247794178950278,11,11,11,0,33,0.00,0,0
2026-08-03,120247794196630278,[AFS] [F3] [Katlego Masango] V4,120247794178950278,12,12,12,0,36,0.00,0,0
2026-08-03,120247794198580278,[AFS] [F3] [Katlego Masango] V5,120247794178950278,8,8,8,0,24,0.00,0,0
2026-08-03,120247794200350278,[AFS] [F3] [Katlego Masango] V6,120247794178950278,9,9,9,0,27,0.08,1,1
2026-08-03,120247794204880278,[AFS] [F3] [Koketso Mathebula] V1,120247794204800278,16,16,16,9,48,2.17,52,6
2026-08-03,120247794228160278,[AFS] [F3] [Koketso Mathebula] V2,120247794204800278,14,14,14,13,48,1.60,37,8
2026-08-03,120247794236560278,[AFS] [F3] [Koketso Mathebula] V3,120247794204800278,10,10,10,7,30,0.82,23,4
2026-08-03,120247794237790278,[AFS] [F3] [Koketso Mathebula] V4,120247794204800278,8,8,8,0,24,0.03,1,1
2026-08-03,120247794239840278,[AFS] [F3] [Koketso Mathebula] V5,120247794204800278,11,11,11,10,33,1.24,26,7
2026-08-03,120247794240840278,[AFS] [F3] [Koketso Mathebula] V6,120247794204800278,7,7,7,8,21,0.80,15,4
2026-08-03,120247794260140278,[AFS] [F3] [Mmatlala Sekgota] V1,120247794260070278,7,7,7,0,21,0.00,0,0
2026-08-03,120247794321830278,[AFS] [F3] [Mmatlala Sekgota] V2,120247794260070278,6,6,6,0,18,0.23,6,3
2026-08-03,120247794329770278,[AFS] [F3] [Mmatlala Sekgota] V3,120247794260070278,8,8,8,0,24,0.23,6,3
2026-08-03,120247794333630278,[AFS] [F3] [Mmatlala Sekgota] V4,120247794260070278,15,15,15,0,45,0.59,15,2
2026-08-03,120247794336050278,[AFS] [F3] [Mmatlala Sekgota] V5,120247794260070278,8,8,8,0,24,0.00,0,0
2026-08-03,120247794338940278,[AFS] [F3] [Mmatlala Sekgota] V6,120247794260070278,7,7,7,0,21,0.00,0,0
2026-08-03,120247794347270278,[AFS] [F3] [Nokulunga Hlatshwayo] V1,120247794347280278,12,12,12,7,36,1.23,25,5
2026-08-03,120247794368940278,[AFS] [F3] [Nokulunga Hlatshwayo] V2,120247794347280278,10,10,10,10,33,0.99,20,6
2026-08-03,120247794376690278,[AFS] [F3] [Nokulunga Hlatshwayo] V3,120247794347280278,12,12,12,14,36,1.44,37,8
2026-08-03,120247794380340278,[AFS] [F3] [Nokulunga Hlatshwayo] V4,120247794347280278,8,8,8,0,24,0.28,7,3
2026-08-03,120247794388320278,[AFS] [F3] [Nokulunga Hlatshwayo] V5,120247794347280278,9,9,9,3,27,0.32,8,2
2026-08-03,120247794399790278,[AFS] [F3] [Nokulunga Hlatshwayo] V6,120247794347280278,7,7,7,11,27,1.09,15,6
2026-08-03,120247796467940278,[AFS] [F3] [Mbali Mlambo] V1,120247796467870278,11,11,11,11,36,1.42,33,8
2026-08-03,120247796568430278,[AFS] [F3] [Mbali Mlambo] V2,120247796467870278,14,14,14,18,45,2.36,58,10
2026-08-03,120247796573020278,[AFS] [F3] [Mbali Mlambo] V3,120247796467870278,18,18,18,12,57,1.43,33,8
2026-08-03,120247796575940278,[AFS] [F3] [Mbali Mlambo] V4,120247796467870278,43,43,43,24,135,3.19,70,11
2026-08-03,120247796578200278,[AFS] [F3] [Mbali Mlambo] V5,120247796467870278,21,21,21,12,66,2.49,48,10
2026-08-03,120247796580280278,[AFS] [F3] [Mbali Mlambo] V6,120247796467870278,14,14,14,12,48,1.72,29,7
2026-08-03,120247796826920278,[AFS] [F3] [Bongeka Mthembu] V1,120247796826830278,6,6,6,3,21,0.67,14,1
2026-08-03,120247796879110278,[AFS] [F3] [Bongeka Mthembu] V2,120247796826830278,33,33,33,35,108,3.92,88,21
2026-08-03,120247796929360278,[AFS] [F3] [Bongeka Mthembu] V3,120247796826830278,18,18,18,10,54,1.36,24,8
2026-08-03,120247796948250278,[AFS] [F3] [Bongeka Mthembu] V4,120247796826830278,22,22,22,19,72,2.62,40,5
2026-08-03,120247796953020278,[AFS] [F3] [Bongeka Mthembu] V5,120247796826830278,9,9,9,12,27,1.24,27,6
2026-08-03,120247796956800278,[AFS] [F3] [Bongeka Mthembu] V6,120247796826830278,12,12,12,11,36,1.73,35,5
2026-08-03,120247796972630278,[AFS] [F3] [Oratile Kgaswane] V1,120247796972560278,10,10,10,8,33,0.84,12,3
2026-08-03,120247797055030278,[AFS] [F3] [Oratile Kgaswane] V2,120247796972560278,15,15,15,15,51,2.32,42,7
2026-08-03,120247797092170278,[AFS] [F3] [Oratile Kgaswane] V3,120247796972560278,8,8,8,11,30,1.65,45,5
2026-08-03,120247797128170278,[AFS] [F3] [Oratile Kgaswane] V4,120247796972560278,21,21,21,23,66,2.49,58,11
2026-08-03,120247797138580278,[AFS] [F3] [Oratile Kgaswane] V5,120247796972560278,14,14,14,12,45,5.44,81,4
2026-08-03,120247797143890278,[AFS] [F3] [Oratile Kgaswane] V6,120247796972560278,19,19,19,25,57,4.54,91,13
2026-08-03,120247797269130278,[AFS] [F3] [Hlengiwe Mzobe] V1,120247797269030278,9,9,9,18,30,1.51,33,6
2026-08-03,120247797318780278,[AFS] [F3] [Hlengiwe Mzobe] V2,120247797269030278,34,34,34,16,102,1.88,41,14
2026-08-03,120247797321970278,[AFS] [F3] [Hlengiwe Mzobe] V3,120247797269030278,9,9,9,9,30,1.33,34,5
2026-08-03,120247797324180278,[AFS] [F3] [Hlengiwe Mzobe] V4,120247797269030278,17,17,17,23,63,1.92,38,10
2026-08-03,120247797327560278,[AFS] [F3] [Hlengiwe Mzobe] V5,120247797269030278,15,15,15,18,48,2.27,59,7
2026-08-03,120247797331350278,[AFS] [F3] [Hlengiwe Mzobe] V6,120247797269030278,14,14,14,12,45,1.59,38,4
2026-08-03,120247797507310278,[AFS] [F3] [Siphokazi Maselela] V1,120247797507270278,17,17,17,16,60,1.92,42,9
2026-08-03,120247797542060278,[AFS] [F3] [Siphokazi Maselela] V2,120247797507270278,26,26,26,37,84,3.51,83,18
2026-08-03,120247797546330278,[AFS] [F3] [Siphokazi Maselela] V3,120247797507270278,17,17,17,11,54,1.58,39,6
2026-08-03,120247797557650278,[AFS] [F3] [Siphokazi Maselela] V4,120247797507270278,21,21,21,18,66,2.07,50,12
2026-08-03,120247797563720278,[AFS] [F3] [Siphokazi Maselela] V5,120247797507270278,10,10,10,3,30,0.31,9,2
2026-08-03,120247797587850278,[AFS] [F3] [Siphokazi Maselela] V6,120247797507270278,12,12,12,8,39,0.63,13,4
2026-08-03,120247813654330330,,,0,0,0,0,0,0,1,1
2026-08-03,120247813898610330,,,0,0,0,0,0,0,2,1
2026-08-03,120247813932040330,,,0,0,0,0,0,0,1,1
2026-08-03,120247843798030330,,,0,0,0,0,0,0,1,1
2026-08-03,120247844892850330,,,0,0,0,0,0,0,2,1
2026-08-03,120247845027420330,,,0,0,0,0,0,0,1,1
2026-08-03,120247845962790330,,,0,0,0,0,0,0,3,2
2026-08-03,120247846556200330,,,0,0,0,0,0,0,1,1
2026-08-03,120247847702200330,,,0,0,0,0,0,0,1,1
2026-08-03,120253079132510281,,,0,0,0,0,0,0,1,1
2026-08-03,120253082741790281,,,0,0,0,0,0,0,5,3
2026-08-03,120253101284450281,,,0,0,0,0,0,0,1,1
2026-08-03,120253101303050281,,,0,0,0,0,0,0,2,1
2026-08-03,120253101321190281,[AFS] [F3] [AYANDA ZULU]  V4,120253101302970281,2,2,2,5,6,0.34,12,4
2026-08-03,120253101322290281,[AFS] [F3] [AYANDA ZULU]  V5,120253101302970281,1,1,1,0,3,0.00,1,1
2026-08-03,120253101346700281,,,0,0,0,0,0,0,3,2
2026-08-03,120253137153070281,,,0,0,0,0,0,0,1,1
2026-08-03,120253137204850281,,,0,0,0,0,0,0,6,4
2026-08-03,120253138463570281,,,0,0,0,0,0,0,8,1
2026-08-03,120253138581950281,,,0,0,0,0,0,0,3,1
2026-08-03,120253138733630281,,,0,0,0,0,0,0,1,1
2026-08-03,120253138745550281,,,0,0,0,0,0,0,4,1
2026-08-03,120253138919620281,,,0,0,0,0,0,0,2,1
2026-08-03,120253138933900281,,,0,0,0,0,0,0,6,4
2026-08-03,120253141499830281,,,0,0,0,0,0,0,2,1
2026-08-03,120253141509190281,,,0,0,0,0,0,0,1,1
2026-08-03,120253141747920281,,,0,0,0,0,0,0,3,2
2026-08-03,120253141941400281,,,0,0,0,0,0,0,3,2
2026-08-03,120253141945370281,,,0,0,0,0,0,0,15,4
2026-08-03,120253142016080281,,,0,0,0,0,0,0,4,1
2026-08-03,120253142290360281,,,0,0,0,0,0,0,16,2
2026-08-03,120253142297110281,,,0,0,0,0,0,0,1,1
2026-08-03,120253167383880281,,,0,0,0,0,0,0,4,3
2026-08-03,120253167424590281,,,0,0,0,0,0,0,1,1
2026-08-03,120253167676340281,,,0,0,0,0,0,0,1,1
2026-08-03,120253167944440281,,,0,0,0,0,0,0,11,1
2026-08-03,120253167947120281,,,0,0,0,0,0,0,2,1
2026-08-03,120253167949790281,,,0,0,0,0,0,0,1,1
2026-08-03,120253167954350281,,,0,0,0,0,0,0,1,1
2026-08-03,120253168276010281,,,0,0,0,0,0,0,4,3
2026-08-03,120253168282030281,,,0,0,0,0,0,0,2,1
2026-08-03,120253224960730281,,,0,0,0,0,0,0,21,3
2026-08-03,120253225026480281,,,0,0,0,0,0,0,1,1
2026-08-03,120253225029450281,,,0,0,0,0,0,0,1,1
2026-08-03,120253225038370281,,,0,0,0,0,0,0,9,1
2026-08-03,120253225073690281,,,0,0,0,0,0,0,2,1
2026-08-03,120253225087760281,,,0,0,0,0,0,0,1,1
2026-08-03,120253225111400281,,,0,0,0,0,0,0,5,2
2026-08-03,120253225501180281,,,0,0,0,0,0,0,2,2
2026-08-03,120253225638960281,,,0,0,0,0,0,0,5,3
2026-08-03,120253225795580281,,,0,0,0,0,0,0,17,9
2026-08-03,120253225872080281,,,0,0,0,0,0,0,3,3
2026-08-03,120253225931950281,,,0,0,0,0,0,0,5,4
2026-08-03,120253226001460281,,,0,0,0,0,0,0,3,2
2026-08-03,120253302500270281,,,0,0,0,0,0,0,3,2
2026-08-03,120253302500280281,,,0,0,0,0,0,0,7,2
2026-08-03,120253302500320281,,,0,0,0,0,0,0,2,1
2026-08-03,120253302500350281,,,0,0,0,0,0,0,1,1
2026-08-03,120253302500360281,,,0,0,0,0,0,0,2,2
2026-08-03,120253303569730281,,,0,0,0,0,0,0,2,1
2026-08-03,120253303763750281,,,0,0,0,0,0,0,2,1
2026-08-03,120253303916230281,,,0,0,0,0,0,0,2,1
2026-08-03,120253303941140281,,,0,0,0,0,0,0,3,2
2026-08-03,120253304168340281,,,0,0,0,0,0,0,1,1
2026-08-03,120253304219800281,,,0,0,0,0,0,0,1,1
2026-08-03,120253304289250281,,,0,0,0,0,0,0,2,1
2026-08-03,120253304462120281,,,0,0,0,0,0,0,9,1
2026-08-03,120253304699650281,,,0,0,0,0,0,0,5,1
2026-08-03,120253406535550281,[AFS] [F3] [Zama Molefe] V1,120253406535430281,15,15,15,15,39,1.94,123,19
2026-08-03,120253406611390281,[AFS] [F3] [Zama Molefe] V2,120253406535430281,32,32,32,28,96,2.94,91,20
2026-08-03,120253406623060281,[AFS] [F3] [Zama Molefe] V3,120253406535430281,33,33,33,40,87,4.03,102,17
2026-08-03,120253406631270281,[AFS] [F3] [Zama Molefe] V4,120253406535430281,64,64,64,52,183,5.42,158,40
2026-08-03,120253406640860281,[AFS] [F3] [Zama Molefe] V5,120253406535430281,19,19,19,14,48,1.04,42,11
2026-08-03,120253406659640281,[AFS] [F3] [Zama Molefe] V6,120253406535430281,30,30,30,42,90,4.07,122,21
2026-08-03,120253406694290281,[AFS] [F3] [Ntombi Mofokeng] V1,120253406694250281,24,24,24,12,54,0.95,35,13
2026-08-03,120253406774810281,[AFS] [F3] [Ntombi Mofokeng] V2,120253406694250281,33,33,33,54,99,4.19,138,33
2026-08-03,120253406811390281,[AFS] [F3] [Ntombi Mofokeng] V3,120253406694250281,26,26,26,28,81,2.68,90,20
2026-08-03,120253406815340281,[AFS] [F3] [Ntombi Mofokeng] V4,120253406694250281,20,20,20,24,63,1.52,79,22
2026-08-03,120253406822870281,[AFS] [F3] [Ntombi Mofokeng] V5,120253406694250281,35,35,35,49,96,5.74,163,29
2026-08-03,120253406852120281,[AFS] [F3] [Ntombi Mofokeng] V6,120253406694250281,48,48,48,62,144,5.90,168,28
2026-08-03,120253406891930281,[AFS] [F3] [Sibongile Khoza] V1,120253406891860281,32,32,32,34,90,2.94,80,21
2026-08-03,120253406978040281,[AFS] [F3] [Sibongile Khoza] V2,120253406891860281,14,14,14,5,39,0.41,34,12
2026-08-03,120253406998850281,[AFS] [F3] [Sibongile Khoza] V3,120253406891860281,29,29,29,14,78,1.76,72,20
2026-08-03,120253407003410281,[AFS] [F3] [Sibongile Khoza] V4,120253406891860281,15,15,15,19,42,1.55,38,12
2026-08-03,120253407021750281,[AFS] [F3] [Sibongile Khoza] V5,120253406891860281,22,22,22,24,63,2.47,59,11
2026-08-03,120253407039770281,[AFS] [F3] [Sibongile Khoza] V6,120253406891860281,24,24,24,20,63,1.86,58,14
2026-08-03,120253407221960281,[AFS] [F3] [Thandeka Mokoena] V1,120253407221890281,18,18,18,25,51,1.82,87,17
2026-08-03,120253407333460281,[AFS] [F3] [Thandeka Mokoena] V2,120253407221890281,48,48,48,62,156,6.99,166,34
2026-08-03,120253407349550281,[AFS] [F3] [Thandeka Mokoena] V3,120253407221890281,14,14,14,11,39,0.84,41,10
2026-08-03,120253407356150281,[AFS] [F3] [Thandeka Mokoena] V4,120253407221890281,26,26,26,23,72,2.81,94,19
2026-08-03,120253407402570281,[AFS] [F3] [Thandeka Mokoena] V5,120253407221890281,49,49,49,61,153,6.30,179,41
2026-08-03,120253407409760281,[AFS] [F3] [Thandeka Mokoena] V6,120253407221890281,34,34,34,12,96,1.15,65,24
2026-08-03,120253407539430281,[AFS] [F3] [AYANDA ZULU] V1,120253407539350281,61,61,61,98,180,10.13,323,53
2026-08-03,120253407553070281,[AFS] [F3] [AYANDA ZULU] V2,120253407539350281,44,44,44,64,114,4.67,156,36
2026-08-03,120253407556650281,[AFS] [F3] [AYANDA ZULU] V3,120253407539350281,44,44,44,60,120,4.30,132,35
2026-08-03,120253407641490281,[AFS] [F3] [AYANDA ZULU] V4,120253407539350281,44,44,44,75,126,6.40,206,38
2026-08-03,120253407759380281,[AFS] [F3] [AYANDA ZULU] V5,120253407539350281,37,37,37,52,99,3.16,156,40
2026-08-03,120253407926920281,[AFS] [F3] [AYANDA ZULU] V6,120253407539350281,56,56,56,81,144,5.92,173,43
2026-08-03,120253408396180281,[AFS] [F3] [Nobuhle Mahlangu] V1,120253408396060281,23,23,23,18,63,2.49,69,13
2026-08-03,120253409927790281,[AFS] [F3] [Nobuhle Mahlangu] V2,120253408396060281,9,9,9,3,24,0.30,31,9
2026-08-03,120253409946870281,[AFS] [F3] [Nobuhle Mahlangu] V3,120253408396060281,23,23,23,37,72,2.47,76,22
2026-08-03,120253409966970281,[AFS] [F3] [Nobuhle Mahlangu] V4,120253408396060281,27,27,27,38,93,4.45,114,27
2026-08-03,120253409983580281,[AFS] [F3] [Nobuhle Mahlangu] V5,120253408396060281,29,29,29,38,87,4.20,123,26
2026-08-03,120253410002420281,[AFS] [F3] [Nobuhle Mahlangu] V6,120253408396060281,15,15,15,8,39,0.50,35,11
2026-08-03,120253411255640281,[AFS] [F3] [Paballo Letsoalo] V1,120253411255550281,13,13,13,6,39,0.89,27,11
2026-08-03,120253411338910281,[AFS] [F3] [Paballo Letsoalo] V2,120253411255550281,19,19,19,19,54,3.08,90,12
2026-08-03,120253411360680281,[AFS] [F3] [Paballo Letsoalo] V3,120253411255550281,17,17,17,20,54,2.16,63,16
2026-08-03,120253411374160281,[AFS] [F3] [Paballo Letsoalo] V4,120253411255550281,39,39,39,31,114,6.14,135,26
2026-08-03,120253411400390281,[AFS] [F3] [Paballo Letsoalo] V5,120253411255550281,25,25,25,21,69,2.09,56,15
2026-08-03,120253411426250281,[AFS] [F3] [Paballo Letsoalo] V6,120253411255550281,6,6,6,3,18,0.35,10,3
2026-08-03,120253411538180281,,,0,0,0,0,0,0,2,2
2026-08-03,120253411661520281,,,0,0,0,0,0,0,2,1
2026-08-03,120253411755750281,,,0,0,0,0,0,0,15,2
2026-08-03,120253411764760281,,,0,0,0,0,0,0,5,3
2026-08-03,120253411910950281,[AFS] [F3] [Nomonde Mokoena] V2,120253411813950281,41,41,41,42,129,3.48,87,34
2026-08-03,120253411937390281,[AFS] [F3] [Nomonde Mokoena] V3,120253411813950281,32,32,32,34,99,3.75,113,30
2026-08-03,120253411974320281,[AFS] [F3] [Nomonde Mokoena] V5,120253411813950281,17,17,17,4,45,0.59,45,6
2026-08-03,120253411979140281,[AFS] [F3] [Nomonde Mokoena] V6,120253411813950281,28,28,28,30,93,3.45,110,19
2026-08-03,120253415477520281,[AFS] [F3] [TUMELO MOKWENA] V1,120253415477530281,22,22,22,8,63,1.28,99,21
2026-08-03,120253415529740281,[AFS] [F3] [TUMELO MOKWENA] V2,120253415477530281,17,17,17,17,45,2.00,76,12
2026-08-03,120253415533200281,[AFS] [F3] [TUMELO MOKWENA] V3,120253415477530281,36,36,36,15,102,1.74,66,18
2026-08-03,120253415535590281,[AFS] [F3] [TUMELO MOKWENA] V4,120253415477530281,8,8,8,5,24,0.32,20,7
2026-08-03,120253415537500281,,,0,0,0,0,0,0,5,2
2026-08-03,120253415538610281,[AFS] [F3] [TUMELO MOKWENA] V6,120253415477530281,28,28,28,19,78,2.71,100,18
2026-08-03,120253415545930281,[AFS] [F3] [Nothando Hadebe] V1,120253415545840281,28,28,28,26,81,2.93,109,26
2026-08-03,120253415586070281,[AFS] [F3] [Nothando Hadebe] V2,120253415545840281,7,7,7,3,18,0.73,25,6
2026-08-03,120253415593700281,[AFS] [F3] [Nothando Hadebe] V3,120253415545840281,8,8,8,3,18,0.33,12,5
2026-08-03,120253415603370281,[AFS] [F3] [Nothando Hadebe] V4,120253415545840281,23,23,23,24,63,3.28,118,16
2026-08-03,120253415608870281,[AFS] [F3] [Nothando Hadebe] V5,120253415545840281,6,6,6,3,12,0.22,27,5
2026-08-03,120253415614300281,[AFS] [F3] [Nothando Hadebe] V6,120253415545840281,22,22,22,26,57,2.30,88,19
2026-08-03,120253415627710281,[AFS] [F3] [Neo Maluleka] V1,120253415627640281,28,28,28,26,81,3.75,134,22
2026-08-03,120253415654240281,[AFS] [F3] [Neo Maluleka] V2,120253415627640281,36,36,36,23,102,2.01,83,16
2026-08-03,120253415659550281,[AFS] [F3] [Neo Maluleka] V3,120253415627640281,20,20,20,36,63,2.49,66,18
2026-08-03,120253415663260281,[AFS] [F3] [Neo Maluleka] V4,120253415627640281,36,36,36,42,111,3.88,109,25
2026-08-03,120253415684090281,[AFS] [F3] [Neo Maluleka] V5,120253415627640281,65,65,65,78,180,7.81,244,51
2026-08-03,120253415685920281,[AFS] [F3] [Neo Maluleka] V6,120253415627640281,31,31,31,36,84,4.07,142,23
2026-08-03,120253415695320281,[AFS] [F3] [Onalenna Kgosi] V1,120253415695250281,14,14,14,5,39,0.67,49,9
2026-08-03,120253415718880281,[AFS] [F3] [Onalenna Kgosi] V2,120253415695250281,25,25,25,25,81,3.36,147,19
2026-08-03,120253415721250281,[AFS] [F3] [Onalenna Kgosi] V3,120253415695250281,34,34,34,14,93,2.69,120,20
2026-08-03,120253415724350281,[AFS] [F3] [Onalenna Kgosi] V4,120253415695250281,30,30,30,25,90,2.88,110,19
2026-08-03,120253415726470281,[AFS] [F3] [Onalenna Kgosi] V5,120253415695250281,7,7,7,2,21,0.34,16,7
2026-08-03,120253415728580281,[AFS] [F3] [Onalenna Kgosi] V6,120253415695250281,21,21,21,18,66,3.24,74,15
2026-08-03,120253415735450281,[AFS] [F3] [Mosa Chiloane] V1,120253415735410281,16,16,16,9,45,0.98,43,8
2026-08-03,120253415756030281,,,0,0,0,0,0,0,4,2
2026-08-03,120253415760700281,[AFS] [F3] [Mosa Chiloane] V3,120253415735410281,15,15,15,11,36,1.50,99,13
2026-08-03,120253415768180281,[AFS] [F3] [Mosa Chiloane] V5,120253415735410281,9,9,9,8,21,0.57,23,8
2026-08-03,120253415770520281,,,0,0,0,0,0,0,2,2
2026-08-03,120253422809560281,[AFS] [F3] [Lethabo Sebola] V1,120253422809490281,17,17,17,20,51,2.10,85,16
2026-08-03,120253422896760281,[AFS] [F3] [Lethabo Sebola] V2,120253422809490281,23,23,23,15,63,1.66,74,16
2026-08-03,120253422900530281,[AFS] [F3] [Lethabo Sebola] V3,120253422809490281,42,42,42,57,126,5.09,129,33
2026-08-03,120253422902890281,[AFS] [F3] [Lethabo Sebola] V4,120253422809490281,50,50,50,77,156,8.16,206,45
2026-08-03,120253422905970281,[AFS] [F3] [Lethabo Sebola] V5,120253422809490281,73,73,73,88,210,8.55,251,49
2026-08-03,120253422910030281,[AFS] [F3] [Lethabo Sebola] V6,120253422809490281,27,27,27,34,75,2.73,83,20
2026-08-03,120253422925680281,[AFS] [F3] [Kgomotso Ramokgopa] V1,120253422925690281,47,47,47,60,129,5.48,152,36
2026-08-03,120253423000780281,[AFS] [F3] [Kgomotso Ramokgopa] V2,120253422925690281,132,132,132,212,411,16.48,515,118
2026-08-03,120253423005460281,[AFS] [F3] [Kgomotso Ramokgopa] V3,120253422925690281,41,41,41,68,123,5.74,178,42
2026-08-03,120253423013640281,[AFS] [F3] [Kgomotso Ramokgopa] V4,120253422925690281,37,37,37,42,102,3.16,136,30
2026-08-03,120253423021520281,[AFS] [F3] [Kgomotso Ramokgopa] V5,120253422925690281,51,51,51,67,150,4.80,138,31
2026-08-03,120253423035590281,[AFS] [F3] [Kgomotso Ramokgopa] V6,120253422925690281,77,77,77,117,243,11.96,257,52
2026-08-03,120253423108780281,[AFS] [F3] [Bontle Monare] V1,120253423108790281,1,1,1,0,0,0,14,9
2026-08-03,120253423248640281,[AFS] [F3] [Bontle Monare] V2,120253423108790281,7,7,7,0,3,0.00,71,16
2026-08-03,120253423294450281,[AFS] [F3] [Bontle Monare] V3,120253423108790281,4,4,4,0,0,0,17,3
2026-08-03,120253423549100281,[AFS] [F3] [Bontle Monare] V4,120253423108790281,4,4,4,2,3,0.08,126,37
2026-08-03,120253423574110281,[AFS] [F3] [Bontle Monare] V5,120253423108790281,7,7,7,2,6,0.12,23,9
2026-08-03,120253423577250281,[AFS] [F3] [Bontle Monare] V6,120253423108790281,4,4,4,0,6,0.00,21,5
2026-08-03,120253423590130281,[AFS] [F3] [Mmapula Modise] V1,120253423590020281,44,44,44,27,120,3.50,138,28
2026-08-03,120253423610380281,[AFS] [F3] [Mmapula Modise] V2,120253423590020281,25,25,25,17,72,1.89,53,13
2026-08-03,120253423614520281,[AFS] [F3] [Mmapula Modise] V3,120253423590020281,21,21,21,16,60,2.76,73,18
2026-08-03,120253423618130281,[AFS] [F3] [Mmapula Modise] V4,120253423590020281,16,16,16,16,42,2.14,76,12
2026-08-03,120253423621190281,[AFS] [F3] [Mmapula Modise] V5,120253423590020281,16,16,16,10,42,1.12,13,6
2026-08-03,120253423624560281,[AFS] [F3] [Mmapula Modise] V6,120253423590020281,19,19,19,16,63,2.02,53,14
2026-08-03,120253423634010281,[AFS] [F3] [Thato Makgoba] V1,120253423633890281,31,31,31,23,93,2.24,89,21
2026-08-03,120253423664560281,[AFS] [F3] [Thato Makgoba] V2,120253423633890281,34,34,34,36,93,3.44,116,28
2026-08-03,120253423675200281,[AFS] [F3] [Thato Makgoba] V3,120253423633890281,20,20,20,4,45,0.60,24,11
2026-08-03,120253423686830281,[AFS] [F3] [Thato Makgoba] V4,120253423633890281,23,23,23,28,66,3.04,70,14
2026-08-03,120253423701340281,[AFS] [F3] [Thato Makgoba] V5,120253423633890281,42,42,42,48,111,4.88,178,37
2026-08-03,120253423718910281,[AFS] [F3] [Thato Makgoba] V6,120253423633890281,19,19,19,27,63,3.35,99,22
2026-08-03,120253428682050281,[AFS] [F3] [Zamokuhle Mavuso] V1,120253428682030281,19,19,19,7,60,1.34,31,11
2026-08-03,120253428698900281,[AFS] [F3] [Zamokuhle Mavuso] V2,120253428682030281,37,37,37,18,111,2.82,73,15
2026-08-03,120253428701830281,[AFS] [F3] [Zamokuhle Mavuso] V3,120253428682030281,28,28,28,15,87,1.97,49,12
2026-08-03,120253428704860281,[AFS] [F3] [Zamokuhle Mavuso] V4,120253428682030281,15,15,15,21,45,4.99,111,9
2026-08-03,120253428707890281,[AFS] [F3] [Zamokuhle Mavuso] V5,120253428682030281,16,16,16,9,54,2.02,44,8
2026-08-03,120253428717860281,[AFS] [F3] [Zamokuhle Mavuso] V6,120253428682030281,13,13,13,3,45,1.12,3,1
2026-08-03,120253428726940281,[AFS] [F3] [Nompilo Makhathini] V1,120253428726860281,10,10,10,9,33,1.09,32,4
2026-08-03,120253428739300281,[AFS] [F3] [Nompilo Makhathini] V2,120253428726860281,27,27,27,25,81,3.32,83,16
2026-08-03,120253428745740281,[AFS] [F3] [Nompilo Makhathini] V3,120253428726860281,27,27,27,19,84,1.80,36,12
2026-08-03,120253428747820281,[AFS] [F3] [Nompilo Makhathini] V4,120253428726860281,31,31,31,30,93,3.90,83,16
2026-08-03,120253428749630281,[AFS] [F3] [Nompilo Makhathini] V5,120253428726860281,20,20,20,14,63,1.93,54,6
2026-08-03,120253428752090281,[AFS] [F3] [Nompilo Makhathini] V6,120253428726860281,13,13,13,12,39,1.37,34,6
2026-08-03,120253428755700281,[AFS] [F3] [Hloniphile Mpanza] V1,120253428755630281,37,37,37,50,117,4.59,98,24
2026-08-03,120253428768520281,[AFS] [F3] [Hloniphile Mpanza] V2,120253428755630281,49,49,49,53,147,3.88,103,25
2026-08-03,120253428772810281,[AFS] [F3] [Hloniphile Mpanza] V3,120253428755630281,20,20,20,31,60,3.88,101,11
2026-08-03,120253428775060281,[AFS] [F3] [Hloniphile Mpanza] V4,120253428755630281,75,75,75,77,234,7.44,179,41
2026-08-03,120253428777030281,[AFS] [F3] [Hloniphile Mpanza] V5,120253428755630281,30,30,30,40,90,4.83,121,17
2026-08-03,120253428778770281,[AFS] [F3] [Hloniphile Mpanza] V6,120253428755630281,19,19,19,17,63,1.91,43,9
2026-08-03,120253428784400281,[AFS] [F3] [Ayabonga Ngubane] V1,120253428784320281,19,19,19,24,57,2.31,63,11
2026-08-03,120253428817070281,[AFS] [F3] [Ayabonga Ngubane] V2,120253428784320281,19,19,19,10,60,1.26,28,8
2026-08-03,120253428858230281,[AFS] [F3] [Ayabonga Ngubane] V3,120253428784320281,29,29,29,19,90,2.73,76,13
2026-08-03,120253428860840281,[AFS] [F3] [Ayabonga Ngubane] V4,120253428784320281,11,11,11,14,33,1.22,19,6
2026-08-03,120253428863400281,[AFS] [F3] [Ayabonga Ngubane] V5,120253428784320281,25,25,25,17,78,2.30,52,11
2026-08-03,120253428866700281,[AFS] [F3] [Ayabonga Ngubane] V6,120253428784320281,22,22,22,14,66,2.30,48,10
2026-08-03,120253428881520281,[AFS] [F3] [Naledi Tlou] V1,120253428881450281,20,20,20,25,63,3.79,80,13
2026-08-03,120253428924330281,[AFS] [F3] [Naledi Tlou] V2,120253428881450281,29,29,29,36,96,4.76,85,14
2026-08-03,120253428925220281,[AFS] [F3] [Naledi Tlou] V3,120253428881450281,23,23,23,14,75,1.46,33,8
2026-08-03,120253428927060281,[AFS] [F3] [Naledi Tlou] V4,120253428881450281,17,17,17,6,51,1.51,36,4
2026-08-03,120253428928030281,[AFS] [F3] [Naledi Tlou] V5,120253428881450281,10,10,10,6,30,0.92,19,5
2026-08-03,120253428929360281,[AFS] [F3] [Naledi Tlou] V6,120253428881450281,20,20,20,21,66,3.60,79,13
2026-08-04,120247357080980278,[AFS] [F3] [AMARA OKAFOR] V5,120247357080990278,8,8,7,5,24,0.81,47,14
2026-08-04,120247357081010278,[AFS] [F3] [AMARA OKAFOR] V6,120247357080990278,40,40,39,42,111,5.58,173,39
2026-08-04,120247357081030278,[AFS] [F3] [AMARA OKAFOR] V3,120247357080990278,7,7,6,12,18,1.89,52,12
2026-08-04,120247357081040278,[AFS] [F3] [AMARA OKAFOR] V2,120247357080990278,8,8,8,10,24,0.81,37,15
2026-08-04,120247357081050278,[AFS] [F3] [AMARA OKAFOR] V4,120247357080990278,18,18,16,21,48,2.81,115,27
2026-08-04,120247357457050278,[AFS] [F3] [ZOLA DLAMINI] V4,120247357456980278,51,51,41,52,153,5.83,174,41
2026-08-04,120247357457060278,[AFS] [F3] [ZOLA DLAMINI] V2,120247357456980278,1,1,1,3,3,0.08,6,3
2026-08-04,120247357457070278,[AFS] [F3] [ZOLA DLAMINI] V3,120247357456980278,49,49,44,65,141,5.44,171,44
2026-08-04,120247357457080278,[AFS] [F3] [ZOLA DLAMINI] V5,120247357456980278,37,37,35,55,120,3.57,131,38
2026-08-04,120247357457090278,[AFS] [F3] [ZOLA DLAMINI]V6,120247357456980278,73,73,64,101,234,7.89,259,62
2026-08-04,120247357457100278,[AFS] [F3] [ZOLA DLAMINI] V1,120247357456980278,33,33,31,24,102,1.71,78,27
2026-08-04,120247358420040278,[AFS] [F3] [AMINATA DIALLO] V6,120247358419970278,2,2,2,3,6,0.14,3,1
2026-08-04,120247358420050278,,,0,0,0,0,0,0,4,2
2026-08-04,120247358420060278,[AFS] [F3] [AMINATA DIALLO] V5,120247358419970278,32,32,28,26,87,3.43,89,14
2026-08-04,120247358420070278,[AFS] [F3] [AMINATA DIALLO] V3,120247358419970278,28,28,28,23,93,2.07,77,28
2026-08-04,120247358420080278,[AFS] [F3] [AMINATA DIALLO] V2,120247358419970278,7,7,7,3,21,0.61,28,8
2026-08-04,120247358420090278,,,0,0,0,0,0,0,2,2
2026-08-04,120247358791350278,[AFS] [F3] [FOLASADE ADEYEMI] V6,120247358791270278,1,1,1,2,3,0.11,1,1
2026-08-04,120247358791360278,,,0,0,0,0,0,0,5,2
2026-08-04,120247358791370278,,,0,0,0,0,0,0,2,1
2026-08-04,120247359464720278,[AFS] [F3] [NOMVULA MOKOENA] V6,120247359464690278,20,20,15,17,54,2.49,55,20
2026-08-04,120247359464770278,,,0,0,0,0,0,0,1,1
2026-08-04,120247359464790278,,,0,0,0,0,0,0,1,1
2026-08-04,120247359464800278,,,0,0,0,0,0,0,7,2
2026-08-04,120247360141400278,[AFS] [F3] [CHIPO MOYO]  V1,120247360141370278,2,2,2,0,6,0.00,0,0
2026-08-04,120247360141410278,[AFS] [F3] [CHIPO MOYO]  V6,120247360141370278,37,37,34,41,99,3.62,173,48
2026-08-04,120247360141470278,[AFS] [F3] [CHIPO MOYO]  V5,120247360141370278,1,1,1,0,3,0.00,3,1
2026-08-04,120247360141480278,[AFS] [F3] [CHIPO MOYO]  V4,120247360141370278,31,31,27,46,90,3.63,124,31
2026-08-04,120247360141490278,[AFS] [F3] [CHIPO MOYO]  V2,120247360141370278,31,31,29,55,93,4.66,153,34
2026-08-04,120247360356770278,[AFS] [F3] [FATOUMATA TRAORE] V4,120247360356710278,2,2,2,5,9,0.30,6,4
2026-08-04,120247360356790278,[AFS] [F3] [FATOUMATA TRAORE] V6,120247360356710278,31,31,29,26,96,2.80,110,22
2026-08-04,120247360356810278,[AFS] [F3] [FATOUMATA TRAORE] V3,120247360356710278,1,1,1,0,3,0.00,0,0
2026-08-04,120247360356820278,[AFS] [F3] [FATOUMATA TRAORE] V2,120247360356710278,8,8,8,3,24,0.76,35,14
2026-08-04,120247360356830278,[AFS] [F3] [FATOUMATA TRAORE] V1,120247360356710278,53,53,50,40,156,4.53,151,44
2026-08-04,120247360531120278,[AFS] [F3] [AMINATA DIALLO] V3,120247360531070278,1,1,1,0,3,0.00,3,2
2026-08-04,120247360531130278,[AFS] [F3] [AMINATA DIALLO] V5,120247360531070278,27,27,23,39,81,3.34,112,25
2026-08-04,120247360531140278,[AFS] [F3] [AMINATA DIALLO] V6,120247360531070278,44,44,39,46,126,4.40,150,44
2026-08-04,120247360531150278,,,0,0,0,0,0,0,1,1
2026-08-04,120247360531160278,,,0,0,0,0,0,0,3,1
2026-08-04,120247382249470278,[AFS_RELA_EN_BOT_0001] [NOURBESE] V3,120247382249440278,1,1,1,0,3,0.00,0,0
2026-08-04,120247382249530278,[AFS_RELA_EN_BOT_0001] [NOURBESE] V2,120247382249440278,1,1,1,0,3,0.00,2,1
2026-08-04,120247382249540278,[AFS_RELA_EN_BOT_0001] [NOURBESE] V5,120247382249440278,2,2,2,0,6,0.04,3,2
2026-08-04,120247382249560278,[AFS_RELA_EN_BOT_0001] [NOURBESE] V4,120247382249440278,1,1,1,0,3,0.04,0,0
2026-08-04,120247382323040278,[AFS] [F3] [WANGARI KAMAU] V4,120247382322970278,34,34,30,27,105,2.53,137,34
2026-08-04,120247382323050278,[AFS] [F3] [WANGARI KAMAU] V6,120247382322970278,39,39,33,32,126,3.49,130,34
2026-08-04,120247382323060278,[AFS] [F3] [WANGARI KAMAU] V5,120247382322970278,32,32,29,36,105,3.21,110,29
2026-08-04,120247382323070278,[AFS] [F3] [WANGARI KAMAU] V2,120247382322970278,33,33,29,43,96,6.79,187,33
2026-08-04,120247382323080278,[AFS] [F3] [WANGARI KAMAU] V3,120247382322970278,44,44,37,33,123,2.41,135,32
2026-08-04,120247382323090278,[AFS] [F3] [WANGARI KAMAU] V1,120247382322970278,22,22,22,25,60,2.92,177,37
2026-08-04,120247488168300278,[AFS] [F3] [BONTLE MODISE] V1,120247488168210278,42,42,41,63,120,4.24,137,43
2026-08-04,120247488215910278,[AFS] [F3] [BONTLE MODISE] V2,120247488168210278,61,61,59,87,192,6.81,191,52
2026-08-04,120247488220950278,[AFS] [F3] [BONTLE MODISE] V3,120247488168210278,30,30,28,46,93,3.68,116,26
2026-08-04,120247488225850278,[AFS] [F3] [BONTLE MODISE] V4,120247488168210278,33,33,28,52,111,5.28,178,31
2026-08-04,120247488230320278,[AFS] [F3] [BONTLE MODISE] V5,120247488168210278,50,50,48,69,147,5.00,143,42
2026-08-04,120247488234950278,,,0,0,0,0,0,0,4,1
2026-08-04,120247488259350278,[AFS] [F3] [LUNGILE HADEBE] V1,120247488259330278,66,66,57,81,204,5.19,181,63
2026-08-04,120247488373900278,[AFS] [F3] [LUNGILE HADEBE] V5,120247488259330278,1,1,1,3,3,0.09,2,1
2026-08-04,120247488419540278,,,0,0,0,0,0,0,10,6
2026-08-04,120247488474100278,[AFS] [F3] [LERATO MAHLANGU] V1,120247488474000278,42,42,37,58,132,4.18,144,42
2026-08-04,120247488660110278,[AFS] [F3] [LERATO MAHLANGU] V3,120247488474000278,19,19,19,30,60,3.46,112,30
2026-08-04,120247488793560278,[AFS] [F3] [LERATO MAHLANGU] V4,120247488474000278,15,15,13,21,48,1.51,79,20
2026-08-04,120247488827940278,[AFS] [F3] [LERATO MAHLANGU] V5,120247488474000278,69,69,65,93,207,7.54,239,70
2026-08-04,120247488854820278,[AFS] [F3] [LERATO MAHLANGU] V6,120247488474000278,24,24,24,33,72,2.80,84,24
2026-08-04,120247488968980278,[AFS] [F3] [NOURBESE ACHEBE] V2,120247488930090278,51,51,42,59,153,4.41,165,42
2026-08-04,120247489016960278,[AFS] [F3] [NOURBESE ACHEBE] V5,120247488930090278,2,2,2,1,6,0.03,11,7
2026-08-04,120247489033080278,,,0,0,0,0,0,0,2,1
2026-08-04,120247489113490278,,,0,0,0,0,0,0,1,1
2026-08-04,120247489149860278,[AFS] [F3] [NONHLANHLA CELE] V4,120247489056040278,2,2,2,6,6,0.23,6,2
2026-08-04,120247489160520278,[AFS] [F3] [NONHLANHLA CELE] V6,120247489056040278,62,62,58,140,192,8.88,274,86
2026-08-04,120247506168140278,[AFS] [F3] [BONGEKILE ZUNGU] V1,120247506168050278,1,1,1,0,3,0.00,0,0
2026-08-04,120247506216350278,,,0,0,0,0,0,0,1,1
2026-08-04,120247506249690278,[AFS] [F3] [BONGEKILE ZUNGU] V6,120247506168050278,9,9,8,3,24,0.39,30,14
2026-08-04,120247506424250278,,,0,0,0,0,0,0,2,2
2026-08-04,120247506530130278,[AFS] [F3] [MBALI BUTHELEZI] V2,120247506424170278,10,10,9,14,30,1.34,79,15
2026-08-04,120247506542160278,[AFS] [F3] [MBALI BUTHELEZI] V3,120247506424170278,32,32,28,16,96,2.56,73,25
2026-08-04,120247506560570278,[AFS] [F3] [MBALI BUTHELEZI] V5,120247506424170278,1,1,1,0,3,0.07,3,2
2026-08-04,120247511457850278,,,0,0,0,0,0,0,2,1
2026-08-04,120247566488020278,,,0,0,0,0,0,0,5,3
2026-08-04,120247753268600278,[AFS] [F3] [Siphesihle Cele] V1,120247753268510278,20,20,20,29,54,3.12,127,31
2026-08-04,120247753333380278,[AFS] [F3] [Siphesihle Cele] V2,120247753268510278,14,14,14,11,39,1.06,82,24
2026-08-04,120247753339060278,[AFS] [F3] [Siphesihle Cele] V3,120247753268510278,19,19,19,21,57,2.29,88,18
2026-08-04,120247753343390278,[AFS] [F3] [Siphesihle Cele] V4,120247753268510278,21,21,21,18,60,1.54,41,19
2026-08-04,120247753348540278,,,0,0,0,0,0,0,11,4
2026-08-04,120247753359010278,[AFS] [F3] [Siphesihle Cele] V6,120247753268510278,19,19,19,21,60,2.06,68,14
2026-08-04,120247753471980278,,,0,0,0,0,0,0,2,1
2026-08-04,120247753572160278,[AFS] [F3] [Khanyisa Zwane] V1,120247753572060278,39,39,39,44,114,4.87,154,43
2026-08-04,120247753631300278,[AFS] [F3] [Khanyisa Zwane] V2,120247753572060278,27,27,27,25,81,1.80,107,24
2026-08-04,120247753639190278,[AFS] [F3] [Khanyisa Zwane] V3,120247753572060278,37,37,37,46,111,4.78,98,27
2026-08-04,120247753647720278,[AFS] [F3] [Khanyisa Zwane] V4,120247753572060278,36,36,36,65,114,6.46,198,35
2026-08-04,120247753656710278,[AFS] [F3] [Khanyisa Zwane] V5,120247753572060278,48,48,48,50,153,7.27,168,42
2026-08-04,120247753677620278,[AFS] [F3] [Khanyisa Zwane] V6,120247753572060278,1,1,1,3,3,0.17,9,4
2026-08-04,120247753719190278,[AFS] [F3] [Yonela Mnguni] V1,120247753719120278,22,22,22,22,69,2.60,84,21
2026-08-04,120247753784310278,[AFS] [F3] [Yonela Mnguni] V2,120247753719120278,18,18,18,21,60,2.10,60,14
2026-08-04,120247753789900278,,,0,0,0,0,0,0,6,4
2026-08-04,120247753798010278,,,0,0,0,0,0,0,18,4
2026-08-04,120247753808800278,[AFS] [F3] [Yonela Mnguni] V5,120247753719120278,3,3,3,3,9,0.46,19,7
2026-08-04,120247753817950278,,,0,0,0,0,0,0,3,2
2026-08-04,120247753837730278,,,0,0,0,0,0,0,2,2
2026-08-04,120247753859960278,[AFS] [F3] [Khanyisile Nxumalo] V2,120247753837740278,33,33,33,27,99,3.20,117,41
2026-08-04,120247753870250278,,,0,0,0,0,0,0,6,5
2026-08-04,120247753880980278,[AFS] [F3] [Khanyisile Nxumalo] V4,120247753837740278,16,16,16,14,48,1.64,50,14
2026-08-04,120247753888530278,[AFS] [F3] [Khanyisile Nxumalo] V5,120247753837740278,1,1,1,3,3,1.18,28,1
2026-08-04,120247753901780278,[AFS] [F3] [Khanyisile Nxumalo] V6,120247753837740278,26,26,26,23,84,2.08,75,25
2026-08-04,120247768205490278,,,0,0,0,0,0,0,1,1
2026-08-04,120247768212490278,,,0,0,0,0,0,0,3,3
2026-08-04,120247768221230278,,,0,0,0,0,0,0,3,1
2026-08-04,120247768229630278,,,0,0,0,0,0,0,1,1
2026-08-04,120247768344990278,[AFS] [F3] [Nandipha Buthelezi] V2,120247768254900278,13,13,13,10,36,1.26,51,17
2026-08-04,120247768350600278,[AFS] [F3] [Nandipha Buthelezi] V3,120247768254900278,18,18,18,16,45,2.35,81,16
2026-08-04,120247768356310278,[AFS] [F3] [Nandipha Buthelezi] V4,120247768254900278,2,2,2,0,3,0.07,4,3
2026-08-04,120247768363360278,[AFS] [F3] [Nandipha Buthelezi] V5,120247768254900278,19,19,19,17,57,2.86,87,25
2026-08-04,120247768370710278,[AFS] [F3] [Nandipha Buthelezi] V6,120247768254900278,2,2,2,0,6,0.06,25,6
2026-08-04,120247768444270278,[AFS] [F3] [Sinazo Msibi] V1,120247768444280278,36,36,36,39,108,4.11,145,28
2026-08-04,120247768553280278,[AFS] [F3] [Sinazo Msibi] V2,120247768444280278,4,4,4,0,12,0.04,15,9
2026-08-04,120247768559710278,[AFS] [F3] [Sinazo Msibi] V3,120247768444280278,20,20,20,23,51,1.99,83,23
2026-08-04,120247768566110278,[AFS] [F3] [Sinazo Msibi] V4,120247768444280278,1,1,1,0,3,0.00,3,3
2026-08-04,120247768572330278,[AFS] [F3] [Sinazo Msibi] V5,120247768444280278,41,41,41,44,120,4.97,160,29
2026-08-04,120247768594320278,[AFS] [F3] [Sinazo Msibi] V6,120247768444280278,49,49,49,48,144,5.01,154,37
2026-08-04,120247768668500278,[AFS] [F3] [Okuhle Khumalo] V1,120247768668430278,27,27,27,18,81,2.31,104,38
2026-08-04,120247768725920278,[AFS] [F3] [Okuhle Khumalo] V2,120247768668430278,21,21,21,25,72,2.70,64,16
2026-08-04,120247768731050278,[AFS] [F3] [Okuhle Khumalo] V3,120247768668430278,13,13,13,7,48,1.09,45,17
2026-08-04,120247768736930278,[AFS] [F3] [Okuhle Khumalo] V4,120247768668430278,7,7,7,3,18,0.14,30,8
2026-08-04,120247768743240278,[AFS] [F3] [Okuhle Khumalo] V5,120247768668430278,26,26,26,19,81,1.64,80,26
2026-08-04,120247768754730278,[AFS] [F3] [Okuhle Khumalo] V6,120247768668430278,7,7,7,3,21,0.21,14,7
2026-08-04,120247768768140278,[AFS] [F3] [Tamara Siqueira] V1,120247768768060278,24,24,24,38,72,4.87,124,17
2026-08-04,120247768802800278,[AFS] [F3] [Tamara Siqueira] V2,120247768768060278,15,15,15,27,54,2.05,60,24
2026-08-04,120247768808810278,[AFS] [F3] [Tamara Siqueira] V3,120247768768060278,43,43,43,69,123,6.17,228,57
2026-08-04,120247768816390278,[AFS] [F3] [Tamara Siqueira] V4,120247768768060278,1,1,1,0,3,0.00,5,4
2026-08-04,120247768820650278,[AFS] [F3] [Tamara Siqueira] V5,120247768768060278,24,24,24,22,72,3.34,107,17
2026-08-04,120247768824920278,[AFS] [F3] [Tamara Siqueira] V6,120247768768060278,19,19,19,33,60,4.05,102,21
2026-08-04,120247788946870330,,,0,0,0,0,0,0,1,1
2026-08-04,120247789776200330,,,0,0,0,0,0,0,2,2
2026-08-04,120247790205370330,,,0,0,0,0,0,0,3,1
2026-08-04,120247790236810330,,,0,0,0,0,0,0,1,1
2026-08-04,120247794204880278,,,0,0,0,0,0,0,8,3
2026-08-04,120247794228160278,[AFS] [F3] [Koketso Mathebula] V2,120247794204800278,6,6,6,0,12,0.06,3,3
2026-08-04,120247794236560278,,,0,0,0,0,0,0,3,2
2026-08-04,120247794237790278,[AFS] [F3] [Koketso Mathebula] V4,120247794204800278,2,2,2,0,6,0.07,2,1
2026-08-04,120247794239840278,,,0,0,0,0,0,0,9,2
2026-08-04,120247794240840278,,,0,0,0,0,0,0,8,2
2026-08-04,120247794329770278,,,0,0,0,0,0,0,1,1
2026-08-04,120247794333630278,,,0,0,0,0,0,0,2,1
2026-08-04,120247794347270278,[AFS] [F3] [Nokulunga Hlatshwayo] V1,120247794347280278,4,4,4,3,12,0.34,14,5
2026-08-04,120247794368940278,[AFS] [F3] [Nokulunga Hlatshwayo] V2,120247794347280278,11,11,11,2,30,0.57,24,9
2026-08-04,120247794376690278,[AFS] [F3] [Nokulunga Hlatshwayo] V3,120247794347280278,13,13,13,8,39,2.01,48,12
2026-08-04,120247794380340278,[AFS] [F3] [Nokulunga Hlatshwayo] V4,120247794347280278,17,17,17,0,57,0.89,23,9
2026-08-04,120247794388320278,[AFS] [F3] [Nokulunga Hlatshwayo] V5,120247794347280278,9,9,9,5,27,0.90,24,6
2026-08-04,120247794399790278,[AFS] [F3] [Nokulunga Hlatshwayo] V6,120247794347280278,6,6,6,0,12,0.14,18,6
2026-08-04,120247796467940278,[AFS] [F3] [Mbali Mlambo] V1,120247796467870278,13,13,13,11,36,0.88,30,10
2026-08-04,120247796568430278,[AFS] [F3] [Mbali Mlambo] V2,120247796467870278,6,6,6,3,15,0.33,11,4
2026-08-04,120247796573020278,[AFS] [F3] [Mbali Mlambo] V3,120247796467870278,31,31,31,23,93,2.43,66,17
2026-08-04,120247796575940278,[AFS] [F3] [Mbali Mlambo] V4,120247796467870278,31,31,31,16,87,1.72,59,20
2026-08-04,120247796578200278,[AFS] [F3] [Mbali Mlambo] V5,120247796467870278,15,15,15,6,42,0.74,41,13
2026-08-04,120247796580280278,[AFS] [F3] [Mbali Mlambo] V6,120247796467870278,13,13,13,9,39,0.85,32,9
2026-08-04,120247796826920278,[AFS] [F3] [Bongeka Mthembu] V1,120247796826830278,22,22,22,20,72,3.01,72,15
2026-08-04,120247796879110278,[AFS] [F3] [Bongeka Mthembu] V2,120247796826830278,36,36,36,26,111,3.29,85,23
2026-08-04,120247796929360278,[AFS] [F3] [Bongeka Mthembu] V3,120247796826830278,19,19,19,9,63,0.86,31,8
2026-08-04,120247796948250278,[AFS] [F3] [Bongeka Mthembu] V4,120247796826830278,9,9,9,5,21,0.57,43,10
2026-08-04,120247796953020278,[AFS] [F3] [Bongeka Mthembu] V5,120247796826830278,4,4,4,3,12,0.61,15,2
2026-08-04,120247796956800278,[AFS] [F3] [Bongeka Mthembu] V6,120247796826830278,9,9,9,3,27,0.53,22,5
2026-08-04,120247796972630278,[AFS] [F3] [Oratile Kgaswane] V1,120247796972560278,8,8,8,8,21,1.18,46,7
2026-08-04,120247797055030278,[AFS] [F3] [Oratile Kgaswane] V2,120247796972560278,24,24,24,15,66,1.85,47,16
2026-08-04,120247797092170278,[AFS] [F3] [Oratile Kgaswane] V3,120247796972560278,15,15,15,13,39,1.42,43,9
2026-08-04,120247797128170278,[AFS] [F3] [Oratile Kgaswane] V4,120247796972560278,15,15,15,10,48,1.14,33,12
2026-08-04,120247797138580278,[AFS] [F3] [Oratile Kgaswane] V5,120247796972560278,18,18,18,2,63,0.60,64,8
2026-08-04,120247797143890278,[AFS] [F3] [Oratile Kgaswane] V6,120247796972560278,10,10,10,8,36,1.14,39,13
2026-08-04,120247797269130278,[AFS] [F3] [Hlengiwe Mzobe] V1,120247797269030278,18,18,18,12,51,1.07,41,12
2026-08-04,120247797318780278,[AFS] [F3] [Hlengiwe Mzobe] V2,120247797269030278,20,20,20,18,63,2.24,68,18
2026-08-04,120247797321970278,[AFS] [F3] [Hlengiwe Mzobe] V3,120247797269030278,12,12,12,8,33,1.39,37,8
2026-08-04,120247797324180278,[AFS] [F3] [Hlengiwe Mzobe] V4,120247797269030278,18,18,18,15,45,1.78,54,12
2026-08-04,120247797327560278,[AFS] [F3] [Hlengiwe Mzobe] V5,120247797269030278,20,20,20,27,60,3.96,80,13
2026-08-04,120247797331350278,[AFS] [F3] [Hlengiwe Mzobe] V6,120247797269030278,9,9,9,9,24,1.11,30,6
2026-08-04,120247797507310278,[AFS] [F3] [Siphokazi Maselela] V1,120247797507270278,21,21,21,19,63,1.69,47,14
2026-08-04,120247797542060278,[AFS] [F3] [Siphokazi Maselela] V2,120247797507270278,24,24,24,29,78,3.64,80,18
2026-08-04,120247797546330278,[AFS] [F3] [Siphokazi Maselela] V3,120247797507270278,23,23,23,5,69,0.96,35,14
2026-08-04,120247797557650278,[AFS] [F3] [Siphokazi Maselela] V4,120247797507270278,17,17,17,15,54,1.89,30,13
2026-08-04,120247797563720278,[AFS] [F3] [Siphokazi Maselela] V5,120247797507270278,8,8,8,6,24,0.54,18,5
2026-08-04,120247797587850278,[AFS] [F3] [Siphokazi Maselela] V6,120247797507270278,14,14,14,6,39,0.60,20,7
2026-08-04,120247813898610330,,,0,0,0,0,0,0,1,1
2026-08-04,120247820426020278,[AFS] [F3] [Refilwe Motaung] V1,120247820426070278,3,3,3,0,9,0.00,0,0
2026-08-04,120247820468270278,[AFS] [F3] [Refilwe Motaung] V2,120247820426070278,2,2,2,0,6,0.00,0,0
2026-08-04,120247820477130278,[AFS] [F3] [Refilwe Motaung] V3,120247820426070278,2,2,2,0,6,0.00,0,0
2026-08-04,120247820483640278,[AFS] [F3] [Refilwe Motaung] V4,120247820426070278,6,6,6,0,18,0.00,0,0
2026-08-04,120247820491730278,[AFS] [F3] [Refilwe Motaung] V5,120247820426070278,3,3,3,0,9,0.00,0,0
2026-08-04,120247820502730278,[AFS] [F3] [Refilwe Motaung] V6,120247820426070278,5,5,5,0,15,0.12,3,1
2026-08-04,120247820515490278,[AFS] [F3] [Dineo Rakoma] V1,120247820515500278,19,19,19,25,60,4.61,75,13
2026-08-04,120247820541780278,[AFS] [F3] [Dineo Rakoma] V2,120247820515500278,23,23,23,16,69,2.47,49,10
2026-08-04,120247820550760278,[AFS] [F3] [Dineo Rakoma] V3,120247820515500278,13,13,13,12,39,2.05,38,6
2026-08-04,120247820561410278,[AFS] [F3] [Dineo Rakoma] V4,120247820515500278,20,20,20,11,72,1.95,42,13
2026-08-04,120247820571850278,[AFS] [F3] [Dineo Rakoma] V5,120247820515500278,13,13,13,14,42,1.81,34,6
2026-08-04,120247820576040278,[AFS] [F3] [Dineo Rakoma] V6,120247820515500278,22,22,22,23,69,3.24,74,12
2026-08-04,120247820591590278,[AFS] [F3] [Karabo Mabena] V1,120247820591600278,11,11,11,21,36,3.32,72,8
2026-08-04,120247820635940278,[AFS] [F3] [Karabo Mabena] V2,120247820591600278,15,15,15,15,45,2.31,53,10
2026-08-04,120247820644920278,[AFS] [F3] [Karabo Mabena] V3,120247820591600278,19,19,19,15,57,2.37,54,7
2026-08-04,120247820656040278,[AFS] [F3] [Karabo Mabena] V4,120247820591600278,21,21,21,26,66,4.41,57,11
2026-08-04,120247820662320278,[AFS] [F3] [Karabo Mabena] V5,120247820591600278,13,13,13,8,39,1.94,34,6
2026-08-04,120247820679540278,[AFS] [F3] [Karabo Mabena] V6,120247820591600278,17,17,17,5,51,1.19,29,8
2026-08-04,120247820698120278,[AFS] [F3] [Lesego Nkoana] V1,120247820698080278,3,3,3,0,9,0.00,0,0
2026-08-04,120247820783930278,[AFS] [F3] [Lesego Nkoana] V2,120247820698080278,2,2,2,0,6,0.09,3,1
2026-08-04,120247820788760278,[AFS] [F3] [Lesego Nkoana] V3,120247820698080278,1,1,1,0,3,0.00,0,0
2026-08-04,120247820795270278,[AFS] [F3] [Lesego Nkoana] V4,120247820698080278,5,5,5,0,15,0.03,1,1
2026-08-04,120247820804540278,[AFS] [F3] [Lesego Nkoana] V5,120247820698080278,2,2,2,0,6,0.04,1,1
2026-08-04,120247820813470278,[AFS] [F3] [Lesego Nkoana] V6,120247820698080278,3,3,3,0,9,0.00,0,0
2026-08-04,120247820828710278,[AFS] [F3] [Masego Tladi] V1,120247820828620278,14,14,14,13,45,2.24,42,7
2026-08-04,120247820855730278,[AFS] [F3] [Masego Tladi] V2,120247820828620278,13,13,13,10,39,1.64,38,7
2026-08-04,120247820863330278,[AFS] [F3] [Masego Tladi] V3,120247820828620278,15,15,15,11,45,2.68,52,9
2026-08-04,120247820867870278,[AFS] [F3] [Masego Tladi] V4,120247820828620278,9,9,9,9,27,1.55,38,5
2026-08-04,120247820871440278,[AFS] [F3] [Masego Tladi] V5,120247820828620278,12,12,12,9,39,1.97,45,8
2026-08-04,120247820879080278,[AFS] [F3] [Masego Tladi] V6,120247820828620278,8,8,8,6,30,0.97,13,2
2026-08-04,120247820894460278,[AFS] [F3] [Adaeze Nwachukwu] V1,120247820894360278,13,13,13,10,39,2.32,51,9
2026-08-04,120247820917600278,[AFS] [F3] [Adaeze Nwachukwu] V2,120247820894360278,15,15,15,3,45,0.98,23,5
2026-08-04,120247820928030278,[AFS] [F3] [Adaeze Nwachukwu] V3,120247820894360278,9,9,9,9,30,1.18,30,6
2026-08-04,120247820942330278,[AFS] [F3] [Adaeze Nwachukwu] V4,120247820894360278,5,5,5,3,18,0.56,14,4
2026-08-04,120247820951910278,[AFS] [F3] [Adaeze Nwachukwu] V5,120247820894360278,13,13,13,9,39,2.12,52,6
2026-08-04,120247820965250278,[AFS] [F3] [Adaeze Nwachukwu] V6,120247820894360278,8,8,8,9,24,1.22,31,4
2026-08-04,120247821464700278,[AFS] [F3] [Ifeoma Okoye] V1,120247821464630278,3,3,3,0,9,0.14,0,0
2026-08-04,120247821810570278,[AFS] [F3] [Ifeoma Okoye] V2,120247821464630278,3,3,3,0,12,0.16,4,1
2026-08-04,120247821820870278,[AFS] [F3] [Ifeoma Okoye] V3,120247821464630278,4,4,4,0,15,0.45,11,3
2026-08-04,120247821828360278,[AFS] [F3] [Ifeoma Okoye] V4,120247821464630278,15,15,15,5,45,1.61,32,4
2026-08-04,120247821837280278,[AFS] [F3] [Ifeoma Okoye] V5,120247821464630278,8,8,8,0,24,0.50,12,2
2026-08-04,120247821848280278,[AFS] [F3] [Ifeoma Okoye] V6,120247821464630278,14,14,14,0,42,0.95,24,8
2026-08-04,120247821868950278,[AFS] [F3] [Chidinma Eze] V1,120247821868880278,9,9,9,3,27,0.85,19,6
2026-08-04,120247821940850278,[AFS] [F3] [Chidinma Eze] V2,120247821868880278,18,18,18,3,54,0.98,20,5
2026-08-04,120247821966990278,[AFS] [F3] [Chidinma Eze] V3,120247821868880278,6,6,6,3,21,0.53,11,4
2026-08-04,120247821987070278,[AFS] [F3] [Chidinma Eze] V4,120247821868880278,7,7,7,15,24,4.31,56,4
2026-08-04,120247822006950278,[AFS] [F3] [Chidinma Eze] V5,120247821868880278,7,7,7,3,24,0.95,21,2
2026-08-04,120247822019620278,[AFS] [F3] [Chidinma Eze] V6,120247821868880278,14,14,14,6,42,1.30,31,7
2026-08-04,120247822046990278,[AFS] [F3] [Temitope Ogundipe] V1,120247822047000278,8,8,8,3,24,0.73,15,2
2026-08-04,120247822100450278,[AFS] [F3] [Temitope Ogundipe] V2,120247822047000278,12,12,12,11,36,2.95,62,7
2026-08-04,120247822112860278,[AFS] [F3] [Temitope Ogundipe] V3,120247822047000278,7,7,7,15,30,3.45,29,4
2026-08-04,120247822118830278,[AFS] [F3] [Temitope Ogundipe] V4,120247822047000278,4,4,4,6,12,0.90,24,3
2026-08-04,120247822122310278,[AFS] [F3] [Temitope Ogundipe] V5,120247822047000278,6,6,6,3,24,0.64,16,3
2026-08-04,120247822126780278,[AFS] [F3] [Temitope Ogundipe] V6,120247822047000278,11,11,11,11,33,1.80,45,7
2026-08-04,120247822135290278,[AFS] [F3] [Bukola Salami] V1,120247822135300278,5,5,5,0,15,0.00,0,0
2026-08-04,120247822189450278,[AFS] [F3] [Bukola Salami] V3,120247822135300278,4,4,4,0,12,0.12,3,1
2026-08-04,120247822211910278,[AFS] [F3] [Bukola Salami] V5,120247822135300278,3,3,3,0,9,0.00,0,0
2026-08-04,120247822219180278,[AFS] [F3] [Bukola Salami] V6,120247822135300278,8,8,8,0,24,0.08,2,1
2026-08-04,120247822249050278,[AFS] [F3] [Nneka Obi] V1,120247822248970278,11,11,11,14,33,1.56,34,6
2026-08-04,120247822275040278,[AFS] [F3] [Nneka Obi] V2,120247822248970278,14,14,14,9,45,1.21,27,7
2026-08-04,120247822285260278,[AFS] [F3] [Nneka Obi] V3,120247822248970278,7,7,7,7,21,0.64,16,4
2026-08-04,120247822296620278,[AFS] [F3] [Nneka Obi] V4,120247822248970278,10,10,10,8,30,2.28,56,6
2026-08-04,120247822303740278,[AFS] [F3] [Nneka Obi] V5,120247822248970278,12,12,12,20,42,2.80,60,7
2026-08-04,120247822311930278,[AFS] [F3] [Nneka Obi] V6,120247822248970278,8,8,8,3,24,0.47,12,4
2026-08-04,120247844892850330,,,0,0,0,0,0,0,3,1
2026-08-04,120247846007130330,,,0,0,0,0,0,0,2,1
2026-08-04,120247846556200330,,,0,0,0,0,0,0,2,1
2026-08-04,120253082737930281,,,0,0,0,0,0,0,1,1
2026-08-04,120253082817280281,,,0,0,0,0,0,0,2,1
2026-08-04,120253101303050281,[AFS] [F3] [AYANDA ZULU]  V1,120253101302970281,1,1,1,2,3,0.08,2,1
2026-08-04,120253101321190281,,,0,0,0,0,0,0,5,2
2026-08-04,120253101346700281,,,0,0,0,0,0,0,1,1
2026-08-04,120253137141160281,,,0,0,0,0,0,0,1,1
2026-08-04,120253137147810281,,,0,0,0,0,0,0,2,1
2026-08-04,120253137215430281,,,0,0,0,0,0,0,1,1
2026-08-04,120253137221200281,,,0,0,0,0,0,0,2,1
2026-08-04,120253138463570281,,,0,0,0,0,0,0,3,1
2026-08-04,120253138575670281,,,0,0,0,0,0,0,1,1
2026-08-04,120253138584190281,,,0,0,0,0,0,0,4,2
2026-08-04,120253138933900281,,,0,0,0,0,0,0,7,5
2026-08-04,120253141501720281,,,0,0,0,0,0,0,4,2
2026-08-04,120253141733960281,,,0,0,0,0,0,0,8,1
2026-08-04,120253141747920281,,,0,0,0,0,0,0,2,2
2026-08-04,120253141807020281,,,0,0,0,0,0,0,3,1
2026-08-04,120253141863660281,,,0,0,0,0,0,0,2,1
2026-08-04,120253141945370281,,,0,0,0,0,0,0,2,1
2026-08-04,120253142016080281,,,0,0,0,0,0,0,1,1
2026-08-04,120253142027880281,,,0,0,0,0,0,0,2,2
2026-08-04,120253142306480281,,,0,0,0,0,0,0,1,1
2026-08-04,120253167383880281,,,0,0,0,0,0,0,3,3
2026-08-04,120253167420410281,,,0,0,0,0,0,0,2,1
2026-08-04,120253167666800281,,,0,0,0,0,0,0,2,1
2026-08-04,120253167671240281,,,0,0,0,0,0,0,1,1
2026-08-04,120253167681590281,,,0,0,0,0,0,0,1,1
2026-08-04,120253167944440281,,,0,0,0,0,0,0,1,1
2026-08-04,120253168276010281,,,0,0,0,0,0,0,2,1
2026-08-04,120253168279700281,,,0,0,0,0,0,0,3,1
2026-08-04,120253168282030281,,,0,0,0,0,0,0,2,1
2026-08-04,120253168285770281,,,0,0,0,0,0,0,4,1
2026-08-04,120253168474870281,,,0,0,0,0,0,0,2,1
2026-08-04,120253224960730281,,,0,0,0,0,0,0,12,9
2026-08-04,120253225026480281,,,0,0,0,0,0,0,14,3
2026-08-04,120253225029450281,,,0,0,0,0,0,0,4,3
2026-08-04,120253225038370281,,,0,0,0,0,0,0,2,1
2026-08-04,120253225073690281,,,0,0,0,0,0,0,2,1
2026-08-04,120253225111400281,,,0,0,0,0,0,0,1,1
2026-08-04,120253225135180281,,,0,0,0,0,0,0,3,1
2026-08-04,120253225501180281,,,0,0,0,0,0,0,4,2
2026-08-04,120253225795580281,,,0,0,0,0,0,0,8,5
2026-08-04,120253225872080281,,,0,0,0,0,0,0,3,2
2026-08-04,120253225880820281,,,0,0,0,0,0,0,1,1
2026-08-04,120253225889030281,,,0,0,0,0,0,0,1,1
2026-08-04,120253225931950281,,,0,0,0,0,0,0,2,2
2026-08-04,120253302500350281,,,0,0,0,0,0,0,1,1
2026-08-04,120253303642850281,,,0,0,0,0,0,0,4,1
2026-08-04,120253303673670281,,,0,0,0,0,0,0,1,1
2026-08-04,120253304105950281,,,0,0,0,0,0,0,1,1
2026-08-04,120253304219800281,,,0,0,0,0,0,0,1,1
2026-08-04,120253304511230281,,,0,0,0,0,0,0,1,1
2026-08-04,120253406535550281,[AFS] [F3] [Zama Molefe] V1,120253406535430281,1,1,1,0,3,0.00,23,12
2026-08-04,120253406611390281,[AFS] [F3] [Zama Molefe] V2,120253406535430281,10,10,10,5,27,0.52,24,8
2026-08-04,120253406623060281,[AFS] [F3] [Zama Molefe] V3,120253406535430281,24,24,24,39,75,6.73,162,22
2026-08-04,120253406631270281,[AFS] [F3] [Zama Molefe] V4,120253406535430281,23,23,23,10,60,0.78,47,18
2026-08-04,120253406640860281,[AFS] [F3] [Zama Molefe] V5,120253406535430281,8,8,8,5,24,0.28,16,7
2026-08-04,120253406659640281,[AFS] [F3] [Zama Molefe] V6,120253406535430281,33,33,33,41,93,3.31,101,25
2026-08-04,120253406694290281,[AFS] [F3] [Ntombi Mofokeng] V1,120253406694250281,1,1,1,0,3,0.03,8,6
2026-08-04,120253406774810281,[AFS] [F3] [Ntombi Mofokeng] V2,120253406694250281,27,27,27,25,75,2.41,83,24
2026-08-04,120253406811390281,[AFS] [F3] [Ntombi Mofokeng] V3,120253406694250281,15,15,15,6,39,0.54,21,7
2026-08-04,120253406815340281,[AFS] [F3] [Ntombi Mofokeng] V4,120253406694250281,14,14,14,12,33,0.93,55,14
2026-08-04,120253406822870281,[AFS] [F3] [Ntombi Mofokeng] V5,120253406694250281,22,22,22,30,75,3.17,89,19
2026-08-04,120253406852120281,[AFS] [F3] [Ntombi Mofokeng] V6,120253406694250281,10,10,10,5,24,0.91,48,17
2026-08-04,120253406891930281,[AFS] [F3] [Sibongile Khoza] V1,120253406891860281,23,23,23,11,81,1.12,55,21
2026-08-04,120253406978040281,,,0,0,0,0,0,0,4,1
2026-08-04,120253406998850281,[AFS] [F3] [Sibongile Khoza] V3,120253406891860281,18,18,18,32,66,3.31,100,23
2026-08-04,120253407003410281,[AFS] [F3] [Sibongile Khoza] V4,120253406891860281,2,2,2,5,6,0.63,20,7
2026-08-04,120253407021750281,[AFS] [F3] [Sibongile Khoza] V5,120253406891860281,11,11,11,10,27,1.51,52,7
2026-08-04,120253407039770281,,,0,0,0,0,0,0,1,1
2026-08-04,120253407221960281,[AFS] [F3] [Thandeka Mokoena] V1,120253407221890281,3,3,3,0,9,0.04,15,7
2026-08-04,120253407333460281,[AFS] [F3] [Thandeka Mokoena] V2,120253407221890281,39,39,39,38,90,2.78,120,36
2026-08-04,120253407349550281,,,0,0,0,0,0,0,4,3
2026-08-04,120253407356150281,[AFS] [F3] [Thandeka Mokoena] V4,120253407221890281,2,2,2,6,6,0.26,18,10
2026-08-04,120253407402570281,[AFS] [F3] [Thandeka Mokoena] V5,120253407221890281,23,23,23,35,72,4.21,108,29
2026-08-04,120253407409760281,[AFS] [F3] [Thandeka Mokoena] V6,120253407221890281,32,32,32,43,96,3.27,92,25
2026-08-04,120253407539430281,[AFS] [F3] [AYANDA ZULU] V1,120253407539350281,22,22,22,38,63,2.70,162,45
2026-08-04,120253407553070281,[AFS] [F3] [AYANDA ZULU] V2,120253407539350281,20,20,20,20,60,1.67,82,26
2026-08-04,120253407556650281,[AFS] [F3] [AYANDA ZULU] V3,120253407539350281,10,10,10,15,30,1.22,56,12
2026-08-04,120253407641490281,[AFS] [F3] [AYANDA ZULU] V4,120253407539350281,16,16,16,21,48,2.30,88,24
2026-08-04,120253407759380281,[AFS] [F3] [AYANDA ZULU] V5,120253407539350281,19,19,19,32,51,2.59,114,34
2026-08-04,120253407926920281,[AFS] [F3] [AYANDA ZULU] V6,120253407539350281,14,14,14,12,42,0.90,45,16
2026-08-04,120253408396180281,,,0,0,0,0,0,0,19,6
2026-08-04,120253409927790281,[AFS] [F3] [Nobuhle Mahlangu] V2,120253408396060281,2,2,2,3,3,0.16,11,6
2026-08-04,120253409946870281,[AFS] [F3] [Nobuhle Mahlangu] V3,120253408396060281,17,17,17,26,54,1.94,49,18
2026-08-04,120253409966970281,[AFS] [F3] [Nobuhle Mahlangu] V4,120253408396060281,23,23,23,30,69,2.84,91,25
2026-08-04,120253409983580281,[AFS] [F3] [Nobuhle Mahlangu] V5,120253408396060281,27,27,27,33,81,3.93,114,31
2026-08-04,120253410002420281,,,0,0,0,0,0,0,2,2
2026-08-04,120253411255640281,,,0,0,0,0,0,0,11,7
2026-08-04,120253411338910281,[AFS] [F3] [Paballo Letsoalo] V2,120253411255550281,10,10,10,1,24,0.32,20,9
2026-08-04,120253411360680281,[AFS] [F3] [Paballo Letsoalo] V3,120253411255550281,12,12,12,9,36,1.19,57,12
2026-08-04,120253411374160281,[AFS] [F3] [Paballo Letsoalo] V4,120253411255550281,9,9,9,3,21,0.65,55,11
2026-08-04,120253411400390281,[AFS] [F3] [Paballo Letsoalo] V5,120253411255550281,9,9,9,0,27,0.33,17,8
2026-08-04,120253411426250281,,,0,0,0,0,0,0,1,1
2026-08-04,120253411538180281,,,0,0,0,0,0,0,3,2
2026-08-04,120253411699610281,,,0,0,0,0,0,0,3,2
2026-08-04,120253411718390281,,,0,0,0,0,0,0,2,1
2026-08-04,120253411755750281,,,0,0,0,0,0,0,1,1
2026-08-04,120253411764760281,,,0,0,0,0,0,0,3,2
2026-08-04,120253411910950281,[AFS] [F3] [Nomonde Mokoena] V2,120253411813950281,40,40,40,48,114,3.47,118,32
2026-08-04,120253411937390281,[AFS] [F3] [Nomonde Mokoena] V3,120253411813950281,21,21,21,34,54,2.17,94,25
2026-08-04,120253411974320281,,,0,0,0,0,0,0,6,5
2026-08-04,120253411979140281,[AFS] [F3] [Nomonde Mokoena] V6,120253411813950281,5,5,5,6,6,0.30,16,6
2026-08-04,120253415477520281,,,0,0,0,0,0,0,3,3
2026-08-04,120253415529740281,,,0,0,0,0,0,0,10,6
2026-08-04,120253415533200281,,,0,0,0,0,0,0,8,4
2026-08-04,120253415537500281,,,0,0,0,0,0,0,6,3
2026-08-04,120253415545930281,,,0,0,0,0,0,0,5,4
2026-08-04,120253415586070281,,,0,0,0,0,0,0,3,1
2026-08-04,120253415593700281,,,0,0,0,0,0,0,1,1
2026-08-04,120253415603370281,,,0,0,0,0,0,0,1,1
2026-08-04,120253415608870281,,,0,0,0,0,0,0,1,1
2026-08-04,120253415614300281,,,0,0,0,0,0,0,4,3
2026-08-04,120253415627710281,[AFS] [F3] [Neo Maluleka] V1,120253415627640281,9,9,9,13,27,0.72,30,15
2026-08-04,120253415654240281,[AFS] [F3] [Neo Maluleka] V2,120253415627640281,19,19,19,17,51,1.37,50,14
2026-08-04,120253415659550281,[AFS] [F3] [Neo Maluleka] V3,120253415627640281,15,15,15,8,45,1.44,46,8
2026-08-04,120253415663260281,[AFS] [F3] [Neo Maluleka] V4,120253415627640281,27,27,27,33,81,2.97,73,27
2026-08-04,120253415684090281,[AFS] [F3] [Neo Maluleka] V5,120253415627640281,37,37,37,47,129,4.08,126,41
2026-08-04,120253415685920281,[AFS] [F3] [Neo Maluleka] V6,120253415627640281,22,22,22,23,69,2.04,58,14
2026-08-04,120253415695320281,,,0,0,0,0,0,0,2,2
2026-08-04,120253415718880281,[AFS] [F3] [Onalenna Kgosi] V2,120253415695250281,12,12,12,4,18,0.60,36,14
2026-08-04,120253415721250281,[AFS] [F3] [Onalenna Kgosi] V3,120253415695250281,11,11,11,10,30,1.70,59,18
2026-08-04,120253415724350281,[AFS] [F3] [Onalenna Kgosi] V4,120253415695250281,14,14,14,8,42,1.03,39,14
2026-08-04,120253415726470281,[AFS] [F3] [Onalenna Kgosi] V5,120253415695250281,1,1,1,0,3,0.00,0,0
2026-08-04,120253415728580281,[AFS] [F3] [Onalenna Kgosi] V6,120253415695250281,14,14,14,7,36,0.85,63,14
2026-08-04,120253415760700281,,,0,0,0,0,0,0,1,1
2026-08-04,120253415768180281,,,0,0,0,0,0,0,3,2
2026-08-04,120253422809560281,[AFS] [F3] [Lethabo Sebola] V1,120253422809490281,19,19,19,15,57,1.19,36,12
2026-08-04,120253422896760281,[AFS] [F3] [Lethabo Sebola] V2,120253422809490281,15,15,15,16,45,3.03,37,8
2026-08-04,120253422900530281,[AFS] [F3] [Lethabo Sebola] V3,120253422809490281,62,62,62,90,195,7.51,214,44
2026-08-04,120253422902890281,[AFS] [F3] [Lethabo Sebola] V4,120253422809490281,39,39,39,59,123,6.78,211,40
2026-08-04,120253422905970281,[AFS] [F3] [Lethabo Sebola] V5,120253422809490281,36,36,36,59,108,5.94,164,43
2026-08-04,120253422910030281,[AFS] [F3] [Lethabo Sebola] V6,120253422809490281,28,28,28,37,87,2.74,87,27
2026-08-04,120253422925680281,[AFS] [F3] [Kgomotso Ramokgopa] V1,120253422925690281,24,24,24,17,66,1.12,74,20
2026-08-04,120253423000780281,[AFS] [F3] [Kgomotso Ramokgopa] V2,120253422925690281,103,103,103,109,294,6.94,305,105
2026-08-04,120253423005460281,[AFS] [F3] [Kgomotso Ramokgopa] V3,120253422925690281,35,35,35,52,111,4.28,146,35
2026-08-04,120253423013640281,[AFS] [F3] [Kgomotso Ramokgopa] V4,120253422925690281,37,37,37,57,120,5.00,138,36
2026-08-04,120253423021520281,[AFS] [F3] [Kgomotso Ramokgopa] V5,120253422925690281,40,40,40,52,120,4.25,139,38
2026-08-04,120253423035590281,[AFS] [F3] [Kgomotso Ramokgopa] V6,120253422925690281,89,89,89,103,252,7.62,291,75
2026-08-04,120253423108780281,,,0,0,0,0,0,0,4,3
2026-08-04,120253423248640281,,,0,0,0,0,0,0,4,3
2026-08-04,120253423294450281,,,0,0,0,0,0,0,6,3
2026-08-04,120253423549100281,,,0,0,0,0,0,0,15,10
2026-08-04,120253423574110281,,,0,0,0,0,0,0,4,3
2026-08-04,120253423577250281,,,0,0,0,0,0,0,6,2
2026-08-04,120253423590130281,[AFS] [F3] [Mmapula Modise] V1,120253423590020281,18,18,18,26,60,2.58,80,21
2026-08-04,120253423610380281,[AFS] [F3] [Mmapula Modise] V2,120253423590020281,24,24,24,17,69,3.32,100,19
2026-08-04,120253423614520281,[AFS] [F3] [Mmapula Modise] V3,120253423590020281,7,7,7,6,21,0.58,28,12
2026-08-04,120253423618130281,[AFS] [F3] [Mmapula Modise] V4,120253423590020281,3,3,3,0,9,0.00,19,7
2026-08-04,120253423621190281,[AFS] [F3] [Mmapula Modise] V5,120253423590020281,11,11,11,21,33,2.12,63,9
2026-08-04,120253423624560281,[AFS] [F3] [Mmapula Modise] V6,120253423590020281,28,28,28,28,84,3.06,78,22
2026-08-04,120253423634010281,[AFS] [F3] [Thato Makgoba] V1,120253423633890281,12,12,12,5,27,0.41,30,11
2026-08-04,120253423664560281,[AFS] [F3] [Thato Makgoba] V2,120253423633890281,32,32,32,38,111,5.00,100,26
2026-08-04,120253423675200281,[AFS] [F3] [Thato Makgoba] V3,120253423633890281,5,5,5,10,15,1.20,47,9
2026-08-04,120253423686830281,[AFS] [F3] [Thato Makgoba] V4,120253423633890281,23,23,23,22,78,3.77,72,17
2026-08-04,120253423701340281,[AFS] [F3] [Thato Makgoba] V5,120253423633890281,21,21,21,32,72,6.15,100,28
2026-08-04,120253423718910281,[AFS] [F3] [Thato Makgoba] V6,120253423633890281,20,20,20,18,63,1.69,88,22
2026-08-04,120253428682050281,[AFS] [F3] [Zamokuhle Mavuso] V1,120253428682030281,13,13,13,9,42,2.00,42,11
2026-08-04,120253428698900281,[AFS] [F3] [Zamokuhle Mavuso] V2,120253428682030281,11,11,11,6,33,0.78,30,12
2026-08-04,120253428701830281,[AFS] [F3] [Zamokuhle Mavuso] V3,120253428682030281,11,11,11,6,30,0.92,34,7
2026-08-04,120253428704860281,[AFS] [F3] [Zamokuhle Mavuso] V4,120253428682030281,6,6,6,0,18,0.28,11,6
2026-08-04,120253428707890281,[AFS] [F3] [Zamokuhle Mavuso] V5,120253428682030281,12,12,12,12,36,1.82,35,7
2026-08-04,120253428717860281,[AFS] [F3] [Zamokuhle Mavuso] V6,120253428682030281,15,15,15,12,45,2.12,87,9
2026-08-04,120253428726940281,[AFS] [F3] [Nompilo Makhathini] V1,120253428726860281,2,2,2,0,3,0.12,3,1
2026-08-04,120253428739300281,[AFS] [F3] [Nompilo Makhathini] V2,120253428726860281,9,9,9,2,27,0.52,26,13
2026-08-04,120253428745740281,[AFS] [F3] [Nompilo Makhathini] V3,120253428726860281,16,16,16,21,48,2.55,76,14
2026-08-04,120253428747820281,[AFS] [F3] [Nompilo Makhathini] V4,120253428726860281,14,14,14,3,51,1.14,41,10
2026-08-04,120253428749630281,[AFS] [F3] [Nompilo Makhathini] V5,120253428726860281,18,18,18,11,57,1.85,41,11
2026-08-04,120253428752090281,[AFS] [F3] [Nompilo Makhathini] V6,120253428726860281,5,5,5,0,15,0.01,4,1
2026-08-04,120253428755700281,[AFS] [F3] [Hloniphile Mpanza] V1,120253428755630281,37,37,37,44,108,5.38,150,25
2026-08-04,120253428768520281,[AFS] [F3] [Hloniphile Mpanza] V2,120253428755630281,49,49,49,43,153,4.99,129,27
2026-08-04,120253428772810281,[AFS] [F3] [Hloniphile Mpanza] V3,120253428755630281,20,20,20,38,69,3.18,57,16
2026-08-04,120253428775060281,[AFS] [F3] [Hloniphile Mpanza] V4,120253428755630281,48,48,48,32,135,3.63,112,33
2026-08-04,120253428777030281,[AFS] [F3] [Hloniphile Mpanza] V5,120253428755630281,22,22,22,38,75,2.68,70,19
2026-08-04,120253428778770281,[AFS] [F3] [Hloniphile Mpanza] V6,120253428755630281,28,28,28,21,81,2.81,75,15
2026-08-04,120253428784400281,[AFS] [F3] [Ayabonga Ngubane] V1,120253428784320281,3,3,3,0,9,0.03,8,6
2026-08-04,120253428817070281,[AFS] [F3] [Ayabonga Ngubane] V2,120253428784320281,21,21,21,22,63,2.56,69,13
2026-08-04,120253428858230281,[AFS] [F3] [Ayabonga Ngubane] V3,120253428784320281,9,9,9,9,24,1.16,40,12
2026-08-04,120253428860840281,[AFS] [F3] [Ayabonga Ngubane] V4,120253428784320281,4,4,4,3,12,0.24,24,6
2026-08-04,120253428863400281,[AFS] [F3] [Ayabonga Ngubane] V5,120253428784320281,17,17,17,15,54,1.54,36,7
2026-08-04,120253428866700281,[AFS] [F3] [Ayabonga Ngubane] V6,120253428784320281,3,3,3,3,9,0.22,17,7
2026-08-04,120253428881520281,[AFS] [F3] [Naledi Tlou] V1,120253428881450281,20,20,20,16,60,1.94,66,15
2026-08-04,120253428924330281,[AFS] [F3] [Naledi Tlou] V2,120253428881450281,17,17,17,0,42,0.46,42,13
2026-08-04,120253428925220281,[AFS] [F3] [Naledi Tlou] V3,120253428881450281,20,20,20,12,66,2.01,56,10
2026-08-04,120253428927060281,[AFS] [F3] [Naledi Tlou] V4,120253428881450281,6,6,6,2,18,0.17,11,2
2026-08-04,120253428928030281,[AFS] [F3] [Naledi Tlou] V5,120253428881450281,22,22,22,25,72,2.29,52,13
2026-08-04,120253428929360281,[AFS] [F3] [Naledi Tlou] V6,120253428881450281,5,5,5,3,9,0.29,24,3
2026-08-04,120253463450360281,[AFS] [F3] [Nolwazi Nkosi] V1,120253463450370281,11,11,11,11,42,1.26,34,7
2026-08-04,120253463567850281,[AFS] [F3] [Nolwazi Nkosi] V2,120253463450370281,12,12,12,5,36,1.03,27,5
2026-08-04,120253463576570281,[AFS] [F3] [Nolwazi Nkosi] V3,120253463450370281,13,13,13,13,45,1.91,37,8
2026-08-04,120253463585430281,[AFS] [F3] [Nolwazi Nkosi] V4,120253463450370281,18,18,18,8,57,1.63,37,11
2026-08-04,120253463592030281,[AFS] [F3] [Nolwazi Nkosi] V5,120253463450370281,21,21,21,20,72,2.61,34,9
2026-08-04,120253463600660281,[AFS] [F3] [Nolwazi Nkosi] V6,120253463450370281,14,14,14,20,45,2.76,49,8
2026-08-04,120253463625920281,[AFS] [F3] [Zinhle Sithole] V1,120253463625850281,4,4,4,0,12,0.00,0,0
2026-08-04,120253463773650281,[AFS] [F3] [Zinhle Sithole] V2,120253463625850281,7,7,7,0,21,0.07,2,2
2026-08-04,120253463780720281,[AFS] [F3] [Zinhle Sithole] V3,120253463625850281,12,12,12,6,36,1.17,29,4
2026-08-04,120253463782700281,[AFS] [F3] [Zinhle Sithole] V4,120253463625850281,3,3,3,0,9,0.00,0,0
2026-08-04,120253463805570281,[AFS] [F3] [Zinhle Sithole] V5,120253463625850281,3,3,3,0,9,0.12,3,1
2026-08-04,120253463811930281,[AFS] [F3] [Zinhle Sithole] V6,120253463625850281,1,1,1,0,3,0.00,0,0
2026-08-04,120253464056810281,[AFS] [F3] [Phumzile Ngcobo] V1,120253464056690281,21,21,21,24,72,3.27,65,11
2026-08-04,120253464081350281,[AFS] [F3] [Phumzile Ngcobo] V2,120253464056690281,14,14,14,9,42,0.73,17,6
2026-08-04,120253464088910281,[AFS] [F3] [Phumzile Ngcobo] V3,120253464056690281,11,11,11,17,48,2.37,36,6
2026-08-04,120253464091590281,[AFS] [F3] [Phumzile Ngcobo] V4,120253464056690281,19,19,19,33,66,4.42,107,13
2026-08-04,120253464096330281,[AFS] [F3] [Phumzile Ngcobo] V5,120253464056690281,15,15,15,25,54,2.58,53,12
2026-08-04,120253464099200281,[AFS] [F3] [Phumzile Ngcobo] V6,120253464056690281,14,14,14,21,45,2.47,54,12
2026-08-04,120253464120750281,[AFS] [F3] [Lindiwe Gumede] V1,120253464120680281,22,22,22,20,81,1.98,34,13
2026-08-04,120253464203130281,[AFS] [F3] [Lindiwe Gumede] V2,120253464120680281,8,8,8,11,30,1.84,40,7
2026-08-04,120253464209290281,[AFS] [F3] [Lindiwe Gumede] V3,120253464120680281,18,18,18,23,66,2.85,61,9
2026-08-04,120253464215330281,[AFS] [F3] [Lindiwe Gumede] V4,120253464120680281,20,20,20,28,66,3.17,65,11
2026-08-04,120253464217740281,[AFS] [F3] [Lindiwe Gumede] V5,120253464120680281,21,21,21,17,63,2.31,54,12
2026-08-04,120253464238420281,[AFS] [F3] [Lindiwe Gumede] V6,120253464120680281,21,21,21,14,72,1.96,34,10
2026-08-04,120253464315370281,[AFS] [F3] [Busisiwe Radebe ] V6,120253463915160281,5,5,5,0,21,0.23,4,1
2026-08-04,120253464315380281,[AFS] [F3] [Busisiwe Radebe ] V5 — Cópia,120253463915160281,11,11,11,3,39,0.99,24,3
2026-08-04,120253464315390281,[AFS] [F3] [Busisiwe Radebe ] V4 — Cópia,120253463915160281,10,10,10,0,33,0.23,4,2
2026-08-04,120253464315400281,[AFS] [F3] [Busisiwe Radebe ] V3 — Cópia,120253463915160281,9,9,9,6,30,1.30,20,4
2026-08-04,120253464315410281,[AFS] [F3] [Busisiwe Radebe ] V2 — Cópia,120253463915160281,8,8,8,9,30,1.62,10,3
2026-08-04,120253464315420281,[AFS] [F3] [Busisiwe Radebe ] V1 — Cópia,120253463915160281,18,18,18,15,66,3.53,74,7
2026-08-04,120253464385490281,[AFS] [F3] [Thobeka Shabalala] V1,120253464385310281,18,18,18,15,54,1.62,44,7
2026-08-04,120253464442800281,[AFS] [F3] [Thobeka Shabalala] V2,120253464385310281,19,19,19,17,60,2.21,50,8
2026-08-04,120253464459870281,[AFS] [F3] [Thobeka Shabalala] V3,120253464385310281,20,20,20,5,66,0.66,13,6
2026-08-04,120253464464390281,[AFS] [F3] [Thobeka Shabalala] V4,120253464385310281,14,14,14,2,45,0.32,6,3
2026-08-04,120253464469150281,[AFS] [F3] [Thobeka Shabalala] V5,120253464385310281,16,16,16,3,54,0.92,20,5
2026-08-04,120253464476760281,[AFS] [F3] [Thobeka Shabalala] V6,120253464385310281,25,25,25,19,75,2.25,55,11
2026-08-05,120247357080980278,[AFS] [F3] [AMARA OKAFOR] V5,120247357080990278,6,6,5,1,18,0.15,12,6
2026-08-05,120247357081010278,[AFS] [F3] [AMARA OKAFOR] V6,120247357080990278,39,39,36,36,117,3.53,115,25
2026-08-05,120247357081030278,[AFS] [F3] [AMARA OKAFOR] V3,120247357080990278,2,2,2,0,3,0.04,25,6
2026-08-05,120247357081040278,[AFS] [F3] [AMARA OKAFOR] V2,120247357080990278,2,2,2,2,6,0.18,9,3
2026-08-05,120247357081050278,[AFS] [F3] [AMARA OKAFOR] V4,120247357080990278,28,28,26,22,93,2.24,55,16
2026-08-05,120247357457050278,[AFS] [F3] [ZOLA DLAMINI] V4,120247357456980278,32,32,27,31,96,2.29,74,23
2026-08-05,120247357457060278,[AFS] [F3] [ZOLA DLAMINI] V2,120247357456980278,1,1,1,3,3,0.12,2,1
2026-08-05,120247357457070278,[AFS] [F3] [ZOLA DLAMINI] V3,120247357456980278,39,39,37,53,120,4.67,146,36
2026-08-05,120247357457080278,[AFS] [F3] [ZOLA DLAMINI] V5,120247357456980278,44,44,43,33,120,3.91,98,27
2026-08-05,120247357457090278,[AFS] [F3] [ZOLA DLAMINI]V6,120247357456980278,59,59,55,76,165,7.08,191,41
2026-08-05,120247357457100278,[AFS] [F3] [ZOLA DLAMINI] V1,120247357456980278,43,43,38,35,114,4.16,111,26
2026-08-05,120247358420040278,[AFS] [F3] [AMINATA DIALLO] V6,120247358419970278,2,2,2,0,6,0.00,4,2
2026-08-05,120247358420050278,,,0,0,0,0,0,0,4,2
2026-08-05,120247358420060278,[AFS] [F3] [AMINATA DIALLO] V5,120247358419970278,41,41,34,35,123,4.41,100,22
2026-08-05,120247358420070278,[AFS] [F3] [AMINATA DIALLO] V3,120247358419970278,39,39,37,37,108,3.83,102,28
2026-08-05,120247358420080278,[AFS] [F3] [AMINATA DIALLO] V2,120247358419970278,4,4,3,3,12,0.16,10,5
2026-08-05,120247358420090278,,,0,0,0,0,0,0,1,1
2026-08-05,120247358791350278,[AFS] [F3] [FOLASADE ADEYEMI] V6,120247358791270278,2,2,2,0,9,0.06,4,1
2026-08-05,120247359464720278,[AFS] [F3] [NOMVULA MOKOENA] V6,120247359464690278,25,25,23,28,78,3.70,73,17
2026-08-05,120247359464780278,,,0,0,0,0,0,0,2,1
2026-08-05,120247359464800278,,,0,0,0,0,0,0,7,1
2026-08-05,120247360141400278,[AFS] [F3] [CHIPO MOYO]  V1,120247360141370278,1,1,1,3,3,0.23,6,1
2026-08-05,120247360141410278,[AFS] [F3] [CHIPO MOYO]  V6,120247360141370278,44,44,40,70,132,4.37,142,45
2026-08-05,120247360141470278,[AFS] [F3] [CHIPO MOYO]  V5,120247360141370278,1,1,1,3,3,0.08,21,6
2026-08-05,120247360141480278,[AFS] [F3] [CHIPO MOYO]  V4,120247360141370278,40,40,36,60,123,6.25,136,27
2026-08-05,120247360141490278,[AFS] [F3] [CHIPO MOYO]  V2,120247360141370278,31,31,31,54,99,3.84,90,27
2026-08-05,120247360356770278,[AFS] [F3] [FATOUMATA TRAORE] V4,120247360356710278,3,3,3,1,6,0.09,8,5
2026-08-05,120247360356790278,[AFS] [F3] [FATOUMATA TRAORE] V6,120247360356710278,40,40,34,44,111,3.37,77,15
2026-08-05,120247360356820278,[AFS] [F3] [FATOUMATA TRAORE] V2,120247360356710278,3,3,2,4,9,0.41,32,9
2026-08-05,120247360356830278,[AFS] [F3] [FATOUMATA TRAORE] V1,120247360356710278,60,60,58,97,174,9.37,244,49
2026-08-05,120247360531040278,[AFS] [F3] [AMINATA DIALLO] V1,120247360531070278,1,1,1,0,3,0.00,2,1
2026-08-05,120247360531120278,,,0,0,0,0,0,0,1,1
2026-08-05,120247360531130278,[AFS] [F3] [AMINATA DIALLO] V5,120247360531070278,37,37,32,41,111,3.06,88,25
2026-08-05,120247360531140278,[AFS] [F3] [AMINATA DIALLO] V6,120247360531070278,57,57,53,85,180,7.51,183,41
2026-08-05,120247360531160278,,,0,0,0,0,3,0.00,0,0
2026-08-05,120247382249470278,,,0,0,0,0,0,0,1,1
2026-08-05,120247382323040278,[AFS] [F3] [WANGARI KAMAU] V4,120247382322970278,39,39,35,48,126,6.06,114,20
2026-08-05,120247382323050278,[AFS] [F3] [WANGARI KAMAU] V6,120247382322970278,35,35,33,43,99,4.20,95,31
2026-08-05,120247382323060278,[AFS] [F3] [WANGARI KAMAU] V5,120247382322970278,46,46,42,62,129,5.76,160,33
2026-08-05,120247382323070278,[AFS] [F3] [WANGARI KAMAU] V2,120247382322970278,45,45,42,68,150,7.85,210,34
2026-08-05,120247382323080278,[AFS] [F3] [WANGARI KAMAU] V3,120247382322970278,36,36,34,43,120,4.76,103,28
2026-08-05,120247382323090278,[AFS] [F3] [WANGARI KAMAU] V1,120247382322970278,29,29,27,44,90,4.41,114,23
2026-08-05,120247488168300278,[AFS] [F3] [BONTLE MODISE] V1,120247488168210278,45,45,43,72,138,6.99,148,35
2026-08-05,120247488215910278,[AFS] [F3] [BONTLE MODISE] V2,120247488168210278,67,67,61,79,198,6.82,164,50
2026-08-05,120247488220950278,[AFS] [F3] [BONTLE MODISE] V3,120247488168210278,33,33,32,44,105,5.07,111,26
2026-08-05,120247488225850278,[AFS] [F3] [BONTLE MODISE] V4,120247488168210278,35,35,33,51,96,5.41,119,26
2026-08-05,120247488230320278,[AFS] [F3] [BONTLE MODISE] V5,120247488168210278,43,43,37,51,120,4.45,127,26
2026-08-05,120247488259350278,[AFS] [F3] [LUNGILE HADEBE] V1,120247488259330278,67,67,59,71,189,5.80,148,49
2026-08-05,120247488354910278,,,0,0,0,0,0,0,2,1
2026-08-05,120247488419540278,[AFS] [F3] [LUNGILE HADEBE] V6,120247488259330278,3,3,3,5,9,0.36,7,4
2026-08-05,120247488474100278,[AFS] [F3] [LERATO MAHLANGU] V1,120247488474000278,36,36,31,41,123,3.28,68,22
2026-08-05,120247488660110278,[AFS] [F3] [LERATO MAHLANGU] V3,120247488474000278,38,38,34,41,117,5.22,129,25
2026-08-05,120247488793560278,[AFS] [F3] [LERATO MAHLANGU] V4,120247488474000278,22,22,22,33,63,1.81,45,20
2026-08-05,120247488827940278,[AFS] [F3] [LERATO MAHLANGU] V5,120247488474000278,61,61,58,102,198,9.82,230,51
2026-08-05,120247488854820278,[AFS] [F3] [LERATO MAHLANGU] V6,120247488474000278,28,28,27,53,96,5.03,81,21
2026-08-05,120247488968980278,[AFS] [F3] [NOURBESE ACHEBE] V2,120247488930090278,51,51,48,63,153,5.61,125,33
2026-08-05,120247489016960278,[AFS] [F3] [NOURBESE ACHEBE] V5,120247488930090278,1,1,1,0,3,0.00,3,2
2026-08-05,120247489113490278,[AFS] [F3] [NONHLANHLA CELE] V2,120247489056040278,1,1,1,0,3,0.00,0,0
2026-08-05,120247489137090278,,,0,0,0,0,0,0,1,1
2026-08-05,120247489149860278,[AFS] [F3] [NONHLANHLA CELE] V4,120247489056040278,3,3,3,0,9,0.00,1,1
2026-08-05,120247489152530278,,,0,0,0,0,0,0,2,1
2026-08-05,120247489160390278,,,0,0,0,0,0,0,1,1
2026-08-05,120247489160520278,[AFS] [F3] [NONHLANHLA CELE] V6,120247489056040278,148,148,131,254,438,16.88,473,105
2026-08-05,120247506216350278,[AFS] [F3] [BONGEKILE ZUNGU] V4,120247506168050278,1,1,1,0,3,0.00,0,0
2026-08-05,120247506249690278,[AFS] [F3] [BONGEKILE ZUNGU] V6,120247506168050278,1,1,1,0,3,0.00,0,0
2026-08-05,120247506530130278,,,0,0,0,0,0,0,2,2
2026-08-05,120247506542160278,[AFS] [F3] [MBALI BUTHELEZI] V3,120247506424170278,21,21,18,23,72,2.01,36,15
2026-08-05,120247506560570278,,,0,0,0,0,0,0,1,1
2026-08-05,120247566558640278,,,0,0,0,0,0,0,1,1
2026-08-05,120247566694500278,,,0,0,0,0,0,0,4,1
2026-08-05,120247753268600278,[AFS] [F3] [Siphesihle Cele] V1,120247753268510278,26,26,26,25,78,2.84,57,17
2026-08-05,120247753333380278,[AFS] [F3] [Siphesihle Cele] V2,120247753268510278,15,15,15,17,45,1.57,34,10
2026-08-05,120247753339060278,[AFS] [F3] [Siphesihle Cele] V3,120247753268510278,21,21,21,22,66,2.01,53,15
2026-08-05,120247753343390278,[AFS] [F3] [Siphesihle Cele] V4,120247753268510278,22,22,22,19,66,1.46,45,17
2026-08-05,120247753359010278,[AFS] [F3] [Siphesihle Cele] V6,120247753268510278,26,26,26,30,81,4.81,62,16
2026-08-05,120247753572160278,[AFS] [F3] [Khanyisa Zwane] V1,120247753572060278,47,47,47,65,150,5.67,145,39
2026-08-05,120247753631300278,[AFS] [F3] [Khanyisa Zwane] V2,120247753572060278,37,37,37,27,108,3.85,80,18
2026-08-05,120247753639190278,[AFS] [F3] [Khanyisa Zwane] V3,120247753572060278,21,21,21,3,63,0.43,47,15
2026-08-05,120247753647720278,[AFS] [F3] [Khanyisa Zwane] V4,120247753572060278,56,56,56,87,162,15.43,310,41
2026-08-05,120247753656710278,[AFS] [F3] [Khanyisa Zwane] V5,120247753572060278,61,61,61,88,180,9.77,261,49
2026-08-05,120247753677620278,,,0,0,0,0,0,0,3,1
2026-08-05,120247753719190278,[AFS] [F3] [Yonela Mnguni] V1,120247753719120278,30,30,30,32,90,4.12,97,23
2026-08-05,120247753784310278,[AFS] [F3] [Yonela Mnguni] V2,120247753719120278,41,41,41,53,123,5.28,122,31
2026-08-05,120247753789900278,[AFS] [F3] [Yonela Mnguni] V3,120247753719120278,1,1,1,0,3,0.02,0,0
2026-08-05,120247753798010278,[AFS] [F3] [Yonela Mnguni] V4,120247753719120278,1,1,1,3,3,0.49,11,1
2026-08-05,120247753808800278,[AFS] [F3] [Yonela Mnguni] V5,120247753719120278,1,1,1,0,3,0.00,14,2
2026-08-05,120247753859960278,[AFS] [F3] [Khanyisile Nxumalo] V2,120247753837740278,49,49,49,52,156,7.62,168,35
2026-08-05,120247753870250278,,,0,0,0,0,0,0,1,1
2026-08-05,120247753880980278,[AFS] [F3] [Khanyisile Nxumalo] V4,120247753837740278,16,16,16,24,57,3.00,40,9
2026-08-05,120247753901780278,[AFS] [F3] [Khanyisile Nxumalo] V6,120247753837740278,26,26,26,34,78,3.86,88,18
2026-08-05,120247768344990278,[AFS] [F3] [Nandipha Buthelezi] V2,120247768254900278,17,17,17,26,48,2.93,80,18
2026-08-05,120247768350600278,[AFS] [F3] [Nandipha Buthelezi] V3,120247768254900278,16,16,16,12,48,1.32,39,12
2026-08-05,120247768363360278,[AFS] [F3] [Nandipha Buthelezi] V5,120247768254900278,25,25,25,22,72,3.03,80,18
2026-08-05,120247768370710278,,,0,0,0,0,0,0,2,1
2026-08-05,120247768444270278,[AFS] [F3] [Sinazo Msibi] V1,120247768444280278,27,27,27,22,78,3.47,96,19
2026-08-05,120247768553280278,[AFS] [F3] [Sinazo Msibi] V2,120247768444280278,1,1,1,0,3,0.00,0,0
2026-08-05,120247768559710278,[AFS] [F3] [Sinazo Msibi] V3,120247768444280278,17,17,17,12,51,1.53,39,11
2026-08-05,120247768572330278,[AFS] [F3] [Sinazo Msibi] V5,120247768444280278,40,40,40,38,114,4.34,115,29
2026-08-05,120247768594320278,[AFS] [F3] [Sinazo Msibi] V6,120247768444280278,30,30,30,36,87,3.23,87,24
2026-08-05,120247768668500278,[AFS] [F3] [Okuhle Khumalo] V1,120247768668430278,42,42,42,58,120,5.09,146,33
2026-08-05,120247768725920278,[AFS] [F3] [Okuhle Khumalo] V2,120247768668430278,30,30,30,36,75,3.81,146,23
2026-08-05,120247768731050278,[AFS] [F3] [Okuhle Khumalo] V3,120247768668430278,27,27,27,34,66,3.84,115,22
2026-08-05,120247768736930278,[AFS] [F3] [Okuhle Khumalo] V4,120247768668430278,1,1,1,3,3,0.24,9,3
2026-08-05,120247768743240278,[AFS] [F3] [Okuhle Khumalo] V5,120247768668430278,35,35,35,48,96,3.99,114,28
2026-08-05,120247768754730278,[AFS] [F3] [Okuhle Khumalo] V6,120247768668430278,1,1,1,3,3,0.19,7,3
2026-08-05,120247768768140278,[AFS] [F3] [Tamara Siqueira] V1,120247768768060278,8,8,8,15,24,1.10,33,9
2026-08-05,120247768802800278,[AFS] [F3] [Tamara Siqueira] V2,120247768768060278,17,17,17,23,39,2.68,83,15
2026-08-05,120247768808810278,[AFS] [F3] [Tamara Siqueira] V3,120247768768060278,90,90,90,108,261,11.75,290,65
2026-08-05,120247768820650278,[AFS] [F3] [Tamara Siqueira] V5,120247768768060278,9,9,9,18,27,1.31,38,9
2026-08-05,120247768824920278,[AFS] [F3] [Tamara Siqueira] V6,120247768768060278,25,25,25,26,72,2.93,91,13
2026-08-05,120247789742310330,,,0,0,0,0,0,0,2,1
2026-08-05,120247790277720330,,,0,0,0,0,0,0,4,1
2026-08-05,120247794178940278,,,0,0,0,0,0,0,1,1
2026-08-05,120247794200350278,,,0,0,0,0,0,0,4,1
2026-08-05,120247794237790278,,,0,0,0,0,0,0,1,1
2026-08-05,120247794239840278,,,0,0,0,0,0,0,2,1
2026-08-05,120247794347270278,,,0,0,0,0,0,0,10,2
2026-08-05,120247794368940278,,,0,0,0,0,0,0,6,3
2026-08-05,120247794376690278,,,0,0,0,0,0,0,7,3
2026-08-05,120247794380340278,[AFS] [F3] [Nokulunga Hlatshwayo] V4,120247794347280278,2,2,2,0,0,0,0,0
2026-08-05,120247794388320278,,,0,0,0,0,0,0,5,3
2026-08-05,120247794399790278,,,0,0,0,0,0,0,1,1
2026-08-05,120247796467940278,,,0,0,0,0,0,0,1,1
2026-08-05,120247796568430278,[AFS] [F3] [Mbali Mlambo] V2,120247796467870278,1,1,1,0,3,0.06,4,2
2026-08-05,120247796573020278,[AFS] [F3] [Mbali Mlambo] V3,120247796467870278,15,15,15,0,42,0.28,15,9
2026-08-05,120247796575940278,[AFS] [F3] [Mbali Mlambo] V4,120247796467870278,28,28,28,9,84,1.98,49,12
2026-08-05,120247796578200278,[AFS] [F3] [Mbali Mlambo] V5,120247796467870278,2,2,2,0,6,0.01,0,0
2026-08-05,120247796580280278,[AFS] [F3] [Mbali Mlambo] V6,120247796467870278,11,11,11,0,27,0.22,11,4
2026-08-05,120247796826920278,[AFS] [F3] [Bongeka Mthembu] V1,120247796826830278,9,9,9,6,18,0.88,36,7
2026-08-05,120247796879110278,[AFS] [F3] [Bongeka Mthembu] V2,120247796826830278,22,22,22,5,54,1.03,49,14
2026-08-05,120247796929360278,[AFS] [F3] [Bongeka Mthembu] V3,120247796826830278,8,8,8,0,18,0.00,5,3
2026-08-05,120247796948250278,,,0,0,0,0,0,0,3,2
2026-08-05,120247796956800278,,,0,0,0,0,0,0,2,1
2026-08-05,120247797055030278,[AFS] [F3] [Oratile Kgaswane] V2,120247796972560278,8,8,8,2,24,0.45,26,5
2026-08-05,120247797092170278,[AFS] [F3] [Oratile Kgaswane] V3,120247796972560278,18,18,18,0,54,0.22,8,4
2026-08-05,120247797128170278,[AFS] [F3] [Oratile Kgaswane] V4,120247796972560278,8,8,8,5,18,0.64,22,3
2026-08-05,120247797138580278,[AFS] [F3] [Oratile Kgaswane] V5,120247796972560278,24,24,24,0,60,0.63,26,11
2026-08-05,120247797143890278,[AFS] [F3] [Oratile Kgaswane] V6,120247796972560278,16,16,16,6,42,1.81,69,13
2026-08-05,120247797269130278,[AFS] [F3] [Hlengiwe Mzobe] V1,120247797269030278,16,16,16,2,48,0.74,14,2
2026-08-05,120247797318780278,[AFS] [F3] [Hlengiwe Mzobe] V2,120247797269030278,9,9,9,2,27,0.74,28,7
2026-08-05,120247797321970278,[AFS] [F3] [Hlengiwe Mzobe] V3,120247797269030278,11,11,11,0,33,0.49,15,5
2026-08-05,120247797324180278,[AFS] [F3] [Hlengiwe Mzobe] V4,120247797269030278,12,12,12,0,33,0.15,11,4
2026-08-05,120247797327560278,[AFS] [F3] [Hlengiwe Mzobe] V5,120247797269030278,16,16,16,0,45,0.39,32,16
2026-08-05,120247797331350278,[AFS] [F3] [Hlengiwe Mzobe] V6,120247797269030278,8,8,8,0,24,0.12,4,3
2026-08-05,120247797507310278,[AFS] [F3] [Siphokazi Maselela] V1,120247797507270278,20,20,20,0,51,0.44,21,6
2026-08-05,120247797542060278,[AFS] [F3] [Siphokazi Maselela] V2,120247797507270278,39,39,39,15,105,2.41,89,19
2026-08-05,120247797546330278,[AFS] [F3] [Siphokazi Maselela] V3,120247797507270278,18,18,18,3,51,0.75,27,6
2026-08-05,120247797557650278,[AFS] [F3] [Siphokazi Maselela] V4,120247797507270278,20,20,20,6,57,0.95,52,9
2026-08-05,120247797563720278,[AFS] [F3] [Siphokazi Maselela] V5,120247797507270278,2,2,2,2,6,0.64,0,0
2026-08-05,120247813898610330,,,0,0,0,0,0,0,5,1
2026-08-05,120247820515490278,[AFS] [F3] [Dineo Rakoma] V1,120247820515500278,18,18,18,18,54,1.95,72,11
2026-08-05,120247820541780278,[AFS] [F3] [Dineo Rakoma] V2,120247820515500278,7,7,7,4,21,0.42,31,4
2026-08-05,120247820550760278,[AFS] [F3] [Dineo Rakoma] V3,120247820515500278,16,16,16,24,57,3.29,73,11
2026-08-05,120247820561410278,[AFS] [F3] [Dineo Rakoma] V4,120247820515500278,19,19,19,28,51,3.75,65,16
2026-08-05,120247820571850278,[AFS] [F3] [Dineo Rakoma] V5,120247820515500278,10,10,10,4,27,0.38,18,7
2026-08-05,120247820576040278,[AFS] [F3] [Dineo Rakoma] V6,120247820515500278,18,18,18,13,57,2.55,56,14
2026-08-05,120247820591590278,[AFS] [F3] [Karabo Mabena] V1,120247820591600278,7,7,7,4,21,0.47,17,4
2026-08-05,120247820635940278,[AFS] [F3] [Karabo Mabena] V2,120247820591600278,4,4,4,6,12,0.52,15,4
2026-08-05,120247820644920278,[AFS] [F3] [Karabo Mabena] V3,120247820591600278,5,5,5,12,21,2.59,50,5
2026-08-05,120247820656040278,[AFS] [F3] [Karabo Mabena] V4,120247820591600278,30,30,30,20,87,3.11,90,18
2026-08-05,120247820662320278,[AFS] [F3] [Karabo Mabena] V5,120247820591600278,8,8,8,12,24,1.30,53,8
2026-08-05,120247820679540278,[AFS] [F3] [Karabo Mabena] V6,120247820591600278,8,8,8,8,24,0.96,22,9
2026-08-05,120247820828710278,[AFS] [F3] [Masego Tladi] V1,120247820828620278,14,14,14,18,45,2.93,61,8
2026-08-05,120247820855730278,[AFS] [F3] [Masego Tladi] V2,120247820828620278,3,3,3,3,9,0.90,17,4
2026-08-05,120247820863330278,[AFS] [F3] [Masego Tladi] V3,120247820828620278,16,16,16,17,51,2.96,58,8
2026-08-05,120247820867870278,[AFS] [F3] [Masego Tladi] V4,120247820828620278,9,9,9,3,27,0.98,16,2
2026-08-05,120247820871440278,[AFS] [F3] [Masego Tladi] V5,120247820828620278,10,10,10,14,27,3.29,59,10
2026-08-05,120247820879080278,[AFS] [F3] [Masego Tladi] V6,120247820828620278,4,4,4,3,6,1.33,34,4
2026-08-05,120247820894460278,[AFS] [F3] [Adaeze Nwachukwu] V1,120247820894360278,7,7,7,6,21,0.84,19,5
2026-08-05,120247820917600278,[AFS] [F3] [Adaeze Nwachukwu] V2,120247820894360278,5,5,5,2,18,0.33,11,3
2026-08-05,120247820928030278,[AFS] [F3] [Adaeze Nwachukwu] V3,120247820894360278,7,7,7,4,24,1.16,18,3
2026-08-05,120247820942330278,[AFS] [F3] [Adaeze Nwachukwu] V4,120247820894360278,2,2,2,0,3,0.00,2,1
2026-08-05,120247820951910278,[AFS] [F3] [Adaeze Nwachukwu] V5,120247820894360278,7,7,7,6,21,0.78,16,4
2026-08-05,120247820965250278,[AFS] [F3] [Adaeze Nwachukwu] V6,120247820894360278,12,12,12,5,36,1.27,21,5
2026-08-05,120247821464700278,[AFS] [F3] [Ifeoma Okoye] V1,120247821464630278,5,5,5,5,15,0.80,23,3
2026-08-05,120247821810570278,[AFS] [F3] [Ifeoma Okoye] V2,120247821464630278,7,7,7,3,18,0.61,13,4
2026-08-05,120247821820870278,[AFS] [F3] [Ifeoma Okoye] V3,120247821464630278,6,6,6,3,15,2.07,47,1
2026-08-05,120247821828360278,[AFS] [F3] [Ifeoma Okoye] V4,120247821464630278,16,16,16,9,48,1.67,59,13
2026-08-05,120247821837280278,[AFS] [F3] [Ifeoma Okoye] V5,120247821464630278,4,4,4,2,15,0.43,6,2
2026-08-05,120247821848280278,[AFS] [F3] [Ifeoma Okoye] V6,120247821464630278,12,12,12,10,39,2.48,50,8
2026-08-05,120247821868950278,[AFS] [F3] [Chidinma Eze] V1,120247821868880278,5,5,5,11,18,1.87,33,6
2026-08-05,120247821940850278,[AFS] [F3] [Chidinma Eze] V2,120247821868880278,16,16,16,24,51,2.20,50,13
2026-08-05,120247821966990278,[AFS] [F3] [Chidinma Eze] V3,120247821868880278,11,11,11,17,30,1.34,33,8
2026-08-05,120247821987070278,[AFS] [F3] [Chidinma Eze] V4,120247821868880278,19,19,19,23,54,3.21,111,15
2026-08-05,120247822006950278,[AFS] [F3] [Chidinma Eze] V5,120247821868880278,16,16,16,21,48,3.31,62,13
2026-08-05,120247822019620278,[AFS] [F3] [Chidinma Eze] V6,120247821868880278,9,9,9,15,33,1.59,18,5
2026-08-05,120247822046990278,[AFS] [F3] [Temitope Ogundipe] V1,120247822047000278,16,16,16,9,60,2.03,31,11
2026-08-05,120247822100450278,[AFS] [F3] [Temitope Ogundipe] V2,120247822047000278,13,13,13,20,39,3.55,80,13
2026-08-05,120247822112860278,[AFS] [F3] [Temitope Ogundipe] V3,120247822047000278,21,21,21,20,60,2.74,76,14
2026-08-05,120247822118830278,[AFS] [F3] [Temitope Ogundipe] V4,120247822047000278,9,9,9,9,27,1.05,27,3
2026-08-05,120247822122310278,[AFS] [F3] [Temitope Ogundipe] V5,120247822047000278,11,11,11,8,27,1.14,27,5
2026-08-05,120247822126780278,[AFS] [F3] [Temitope Ogundipe] V6,120247822047000278,12,12,12,8,36,1.31,30,7
2026-08-05,120247822249050278,[AFS] [F3] [Nneka Obi] V1,120247822248970278,12,12,12,9,39,1.40,31,11
2026-08-05,120247822275040278,[AFS] [F3] [Nneka Obi] V2,120247822248970278,21,21,21,17,66,4.28,71,15
2026-08-05,120247822285260278,[AFS] [F3] [Nneka Obi] V3,120247822248970278,16,16,16,5,48,0.61,18,6
2026-08-05,120247822296620278,[AFS] [F3] [Nneka Obi] V4,120247822248970278,6,6,6,3,18,1.11,22,4
2026-08-05,120247822303740278,[AFS] [F3] [Nneka Obi] V5,120247822248970278,12,12,12,18,30,2.71,56,10
2026-08-05,120247822311930278,[AFS] [F3] [Nneka Obi] V6,120247822248970278,13,13,13,18,39,2.05,49,8
2026-08-05,120247845745780330,,,0,0,0,0,0,0,4,1
2026-08-05,120247846597000330,,,0,0,0,0,0,0,1,1
2026-08-05,120247851538880278,[AFS] [F3] [Anele Makhubo] V1,120247851538820278,17,17,17,14,51,1.64,34,7
2026-08-05,120247851646490278,[AFS] [F3] [Anele Makhubo] V2,120247851538820278,10,10,10,0,30,0.15,2,1
2026-08-05,120247851671460278,[AFS] [F3] [Anele Makhubo] V3,120247851538820278,7,7,7,6,21,0.89,20,4
2026-08-05,120247851697130278,[AFS] [F3] [Anele Makhubo] V4,120247851538820278,11,11,11,13,33,1.74,35,9
2026-08-05,120247851738670278,[AFS] [F3] [Anele Makhubo] V5,120247851538820278,17,17,17,8,54,0.90,15,4
2026-08-05,120247851790370278,[AFS] [F3] [Anele Makhubo] V6,120247851538820278,13,13,13,6,39,1.44,31,9
2026-08-05,120247851895810278,[AFS] [F3] [Banele Sibanda] V1,120247851895770278,3,3,3,0,9,0.00,0,0
2026-08-05,120247852077630278,[AFS] [F3] [Banele Sibanda] V2,120247851895770278,1,1,1,0,3,0.04,1,1
2026-08-05,120247852082050278,[AFS] [F3] [Banele Sibanda] V3,120247851895770278,4,4,4,0,12,0.00,0,0
2026-08-05,120247852090270278,[AFS] [F3] [Banele Sibanda] V4,120247851895770278,4,4,4,0,12,0.00,0,0
2026-08-05,120247852097030278,[AFS] [F3] [Banele Sibanda] V5,120247851895770278,4,4,4,0,12,0.23,4,2
2026-08-05,120247852157620278,[AFS] [F3] [Lukhanyiso Maphosa] V1,120247852157360278,21,21,21,17,72,2.25,48,9
2026-08-05,120247852194640278,[AFS] [F3] [Lukhanyiso Maphosa] V2,120247852157360278,42,42,42,42,132,5.08,101,23
2026-08-05,120247852205280278,[AFS] [F3] [Lukhanyiso Maphosa] V3,120247852157360278,19,19,19,5,57,0.91,19,9
2026-08-05,120247852217870278,[AFS] [F3] [Lukhanyiso Maphosa] V4,120247852157360278,50,50,50,27,156,3.92,87,21
2026-08-05,120247852230800278,[AFS] [F3] [Lukhanyiso Maphosa] V5,120247852157360278,37,37,37,38,111,5.89,124,21
2026-08-05,120247852240720278,[AFS] [F3] [Lukhanyiso Maphosa] V6,120247852157360278,16,16,16,14,51,1.53,22,6
2026-08-05,120247852291670278,[AFS] [F3] [Luyanda Mbatha] V1,120247852291590278,14,14,14,17,51,2.03,31,8
2026-08-05,120247852331040278,[AFS] [F3] [Luyanda Mbatha] V2,120247852291590278,21,21,21,23,63,5.85,109,15
2026-08-05,120247852344760278,[AFS] [F3] [Luyanda Mbatha] V3,120247852291590278,13,13,13,17,48,2.42,35,7
2026-08-05,120247852359280278,[AFS] [F3] [Luyanda Mbatha] V4,120247852291590278,12,12,12,9,39,1.44,34,5
2026-08-05,120247852377810278,[AFS] [F3] [Luyanda Mbatha] V5,120247852291590278,10,10,10,0,36,0.59,13,6
2026-08-05,120247852396100278,[AFS] [F3] [Luyanda Mbatha] V6,120247852291590278,13,13,13,6,39,1.56,19,6
2026-08-05,120247852465660278,[AFS] [F3] [Anathi Maphumulo] V1,120247852465620278,10,10,10,11,33,1.62,36,7
2026-08-05,120247852526420278,[AFS] [F3] [Anathi Maphumulo] V2,120247852465620278,15,15,15,5,48,0.95,25,7
2026-08-05,120247852536100278,[AFS] [F3] [Anathi Maphumulo] V3,120247852465620278,12,12,12,7,36,0.96,20,5
2026-08-05,120247852552440278,[AFS] [F3] [Anathi Maphumulo] V4,120247852465620278,8,8,8,0,24,0.25,5,2
2026-08-05,120247852558940278,[AFS] [F3] [Anathi Maphumulo] V5,120247852465620278,19,19,19,9,57,1.63,35,8
2026-08-05,120247852565710278,[AFS] [F3] [Anathi Maphumulo] V6,120247852465620278,10,10,10,16,33,2.08,44,7
2026-08-05,120247855943690278,[AFS] [F3] [Nobuntu Shabalala] V1,120247855943600278,33,33,33,13,102,1.82,40,14
2026-08-05,120247856005940278,[AFS] [F3] [Nobuntu Shabalala] V2,120247855943600278,12,12,12,9,36,1.55,31,4
2026-08-05,120247856009420278,[AFS] [F3] [Nobuntu Shabalala] V3,120247855943600278,18,18,18,9,60,2.73,68,8
2026-08-05,120247856014920278,[AFS] [F3] [Nobuntu Shabalala] V4,120247855943600278,17,17,17,4,60,0.64,6,3
2026-08-05,120247856024270278,[AFS] [F3] [Nobuntu Shabalala] V5,120247855943600278,17,17,17,14,54,2.01,43,9
2026-08-05,120247856030210278,[AFS] [F3] [Nobuntu Shabalala] V6,120247855943600278,1,1,1,3,3,0.28,7,1
2026-08-05,120247856056660278,[AFS] [F3] [Nqobile Mthethwa] V1,120247856056590278,31,31,31,24,102,4.64,80,14
2026-08-05,120247856129530278,[AFS] [F3] [Nqobile Mthethwa] V2,120247856056590278,26,26,26,19,87,2.49,48,12
2026-08-05,120247856135340278,[AFS] [F3] [Nqobile Mthethwa] V3,120247856056590278,29,29,29,16,93,2.03,42,13
2026-08-05,120247856138670278,[AFS] [F3] [Nqobile Mthethwa] V4,120247856056590278,17,17,17,9,57,1.06,21,6
2026-08-05,120247856141810278,[AFS] [F3] [Nqobile Mthethwa] V5,120247856056590278,17,17,17,11,57,1.22,10,3
2026-08-05,120247856145880278,[AFS] [F3] [Nqobile Mthethwa] V6,120247856056590278,11,11,11,9,36,1.17,19,4
2026-08-05,120247856312700278,[AFS] [F3] [Noxolo Vilakazi] V1,120247856312660278,22,22,22,29,81,3.35,53,11
2026-08-05,120247856365350278,[AFS] [F3] [Noxolo Vilakazi] V2,120247856312660278,12,12,12,15,36,2.41,53,8
2026-08-05,120247856386010278,[AFS] [F3] [Noxolo Vilakazi] V3,120247856312660278,19,19,19,20,63,2.02,46,8
2026-08-05,120247856415450278,[AFS] [F3] [Noxolo Vilakazi] V4,120247856312660278,21,21,21,40,75,4.57,89,12
2026-08-05,120247856599050278,[AFS] [F3] [Noxolo Vilakazi] V5,120247856312660278,31,31,31,32,111,3.93,48,16
2026-08-05,120247856608070278,[AFS] [F3] [Noxolo Vilakazi] V6,120247856312660278,20,20,20,25,66,2.88,54,14
2026-08-05,120247856633450278,[AFS] [F3] [Lindokuhle Mngadi] V1,120247856633350278,19,19,19,20,63,2.06,43,9
2026-08-05,120247856660550278,[AFS] [F3] [Lindokuhle Mngadi] V2,120247856633350278,21,21,21,24,69,4.56,94,12
2026-08-05,120247856668690278,[AFS] [F3] [Lindokuhle Mngadi] V3,120247856633350278,13,13,13,11,42,1.08,25,6
2026-08-05,120247856672630278,[AFS] [F3] [Lindokuhle Mngadi] V4,120247856633350278,21,21,21,21,69,2.85,49,13
2026-08-05,120247856679370278,[AFS] [F3] [Lindokuhle Mngadi] V5,120247856633350278,32,32,32,23,99,2.89,66,14
2026-08-05,120247856684580278,[AFS] [F3] [Lindokuhle Mngadi] V6,120247856633350278,24,24,24,15,75,2.31,50,11
2026-08-05,120247856724190278,[AFS] [F3] [Zandile Mngomezulu] V1,120247856724080278,11,11,11,8,36,1.06,17,7
2026-08-05,120247856752040278,[AFS] [F3] [Zandile Mngomezulu] V2,120247856724080278,15,15,15,9,54,1.25,15,7
2026-08-05,120247856757990278,[AFS] [F3] [Zandile Mngomezulu] V3,120247856724080278,22,22,22,15,72,2.00,36,12
2026-08-05,120247856764540278,[AFS] [F3] [Zandile Mngomezulu] V4,120247856724080278,11,11,11,4,39,0.82,13,4
2026-08-05,120247856774430278,[AFS] [F3] [Zandile Mngomezulu] V5,120247856724080278,27,27,27,22,81,2.37,53,11
2026-08-05,120247856781020278,[AFS] [F3] [Zandile Mngomezulu] V6,120247856724080278,28,28,28,24,87,2.07,30,10
2026-08-05,120253082737930281,,,0,0,0,0,0,0,3,1
2026-08-05,120253082849840281,,,0,0,0,0,0,0,1,1
2026-08-05,120253101035060281,,,0,0,0,0,0,0,6,1
2026-08-05,120253101321190281,,,0,0,0,0,0,0,1,1
2026-08-05,120253101330930281,,,0,0,0,0,0,0,2,1
2026-08-05,120253101348250281,,,0,0,0,0,0,0,2,2
2026-08-05,120253137172840281,,,0,0,0,0,0,0,1,1
2026-08-05,120253137204850281,,,0,0,0,0,0,0,3,2
2026-08-05,120253138571220281,,,0,0,0,0,0,0,1,1
2026-08-05,120253138584190281,,,0,0,0,0,0,0,1,1
2026-08-05,120253138745550281,,,0,0,0,0,0,0,11,2
2026-08-05,120253138933900281,,,0,0,0,0,0,0,1,1
2026-08-05,120253141499830281,,,0,0,0,0,0,0,5,1
2026-08-05,120253141501720281,,,0,0,0,0,0,0,7,3
2026-08-05,120253141502670281,,,0,0,0,0,0,0,8,1
2026-08-05,120253141747920281,,,0,0,0,0,0,0,3,3
2026-08-05,120253141780200281,,,0,0,0,0,0,0,3,2
2026-08-05,120253141941400281,,,0,0,0,0,0,0,1,1
2026-08-05,120253142290360281,,,0,0,0,0,0,0,8,1
2026-08-05,120253142306480281,,,0,0,0,0,0,0,3,2
2026-08-05,120253167383880281,,,0,0,0,0,0,0,2,2
2026-08-05,120253168276010281,,,0,0,0,0,0,0,9,2
2026-08-05,120253168478000281,,,0,0,0,0,0,0,2,1
2026-08-05,120253224542190281,,,0,0,0,0,0,0,3,2
2026-08-05,120253224676330281,,,0,0,0,0,0,0,3,1
2026-08-05,120253224960730281,,,0,0,0,0,0,0,13,6
2026-08-05,120253225026480281,,,0,0,0,0,0,0,7,3
2026-08-05,120253225029450281,,,0,0,0,0,0,0,1,1
2026-08-05,120253225087760281,,,0,0,0,0,0,0,1,1
2026-08-05,120253225501180281,,,0,0,0,0,0,0,1,1
2026-08-05,120253225795580281,,,0,0,0,0,0,0,1,1
2026-08-05,120253225872080281,,,0,0,0,0,0,0,1,1
2026-08-05,120253225880820281,,,0,0,0,0,0,0,4,1
2026-08-05,120253225889030281,,,0,0,0,0,0,0,1,1
2026-08-05,120253226001460281,,,0,0,0,0,0,0,2,1
2026-08-05,120253303936160281,,,0,0,0,0,0,0,1,1
2026-08-05,120253304168340281,,,0,0,0,0,0,0,1,1
2026-08-05,120253304211740281,,,0,0,0,0,0,0,1,1
2026-08-05,120253304511230281,,,0,0,0,0,0,0,2,1
2026-08-05,120253304699650281,,,0,0,0,0,0,0,2,1
2026-08-05,120253304752230281,,,0,0,0,0,0,0,1,1
2026-08-05,120253406535550281,,,0,0,0,0,0,0,2,2
2026-08-05,120253406611390281,,,0,0,0,0,0,0,3,1
2026-08-05,120253406623060281,[AFS] [F3] [Zama Molefe] V3,120253406535430281,9,9,9,9,24,0.77,27,9
2026-08-05,120253406631270281,,,0,0,0,0,3,0.00,25,4
2026-08-05,120253406640860281,,,0,0,0,0,0,0,1,1
2026-08-05,120253406659640281,[AFS] [F3] [Zama Molefe] V6,120253406535430281,6,6,6,3,18,0.23,10,3
2026-08-05,120253406774810281,[AFS] [F3] [Ntombi Mofokeng] V2,120253406694250281,13,13,13,13,33,0.76,21,6
2026-08-05,120253406815340281,,,0,0,0,0,0,0,33,3
2026-08-05,120253406822870281,[AFS] [F3] [Ntombi Mofokeng] V5,120253406694250281,13,13,13,10,30,0.80,40,13
2026-08-05,120253406852120281,,,0,0,0,0,0,0,5,3
2026-08-05,120253406891930281,[AFS] [F3] [Sibongile Khoza] V1,120253406891860281,15,15,15,18,33,1.23,41,13
2026-08-05,120253406978040281,,,0,0,0,0,0,0,1,1
2026-08-05,120253406998850281,[AFS] [F3] [Sibongile Khoza] V3,120253406891860281,16,16,16,15,36,1.22,51,13
2026-08-05,120253407003410281,,,0,0,0,0,0,0,13,2
2026-08-05,120253407021750281,[AFS] [F3] [Sibongile Khoza] V5,120253406891860281,1,1,1,0,3,0.06,1,1
2026-08-05,120253407039770281,[AFS] [F3] [Sibongile Khoza] V6,120253406891860281,1,1,1,1,3,0.05,1,1
2026-08-05,120253407221960281,,,0,0,0,0,0,0,9,2
2026-08-05,120253407333460281,[AFS] [F3] [Thandeka Mokoena] V2,120253407221890281,21,21,21,27,60,2.53,75,15
2026-08-05,120253407356150281,[AFS] [F3] [Thandeka Mokoena] V4,120253407221890281,1,1,1,3,3,0.15,4,1
2026-08-05,120253407402570281,[AFS] [F3] [Thandeka Mokoena] V5,120253407221890281,18,18,18,15,45,1.65,94,14
2026-08-05,120253407409760281,[AFS] [F3] [Thandeka Mokoena] V6,120253407221890281,12,12,12,9,36,0.67,21,7
2026-08-05,120253407539430281,,,0,0,0,0,0,0,4,4
2026-08-05,120253407553070281,,,0,0,0,0,0,0,12,8
2026-08-05,120253407556650281,,,0,0,0,0,0,0,8,4
2026-08-05,120253407641490281,,,0,0,0,0,0,0,8,3
2026-08-05,120253407759380281,,,0,0,0,0,0,0,10,5
2026-08-05,120253407926920281,,,0,0,0,0,0,0,7,3
2026-08-05,120253408396180281,[AFS] [F3] [Nobuhle Mahlangu] V1,120253408396060281,2,2,2,3,6,0.48,15,3
2026-08-05,120253409946870281,[AFS] [F3] [Nobuhle Mahlangu] V3,120253408396060281,8,8,8,0,15,0.25,23,8
2026-08-05,120253409966970281,[AFS] [F3] [Nobuhle Mahlangu] V4,120253408396060281,13,13,13,5,27,0.73,40,11
2026-08-05,120253409983580281,[AFS] [F3] [Nobuhle Mahlangu] V5,120253408396060281,6,6,6,6,15,0.61,25,6
2026-08-05,120253410002420281,,,0,0,0,0,0,0,1,1
2026-08-05,120253411338910281,,,0,0,0,0,0,0,4,4
2026-08-05,120253411360680281,[AFS] [F3] [Paballo Letsoalo] V3,120253411255550281,14,14,14,3,39,0.45,17,6
2026-08-05,120253411374160281,[AFS] [F3] [Paballo Letsoalo] V4,120253411255550281,1,1,1,0,3,0.00,2,2
2026-08-05,120253411426250281,,,0,0,0,0,0,0,10,2
2026-08-05,120253411661520281,,,0,0,0,0,0,0,1,1
2026-08-05,120253411699610281,,,0,0,0,0,0,0,1,1
2026-08-05,120253411910950281,[AFS] [F3] [Nomonde Mokoena] V2,120253411813950281,26,26,26,35,72,2.60,81,20
2026-08-05,120253411937390281,[AFS] [F3] [Nomonde Mokoena] V3,120253411813950281,1,1,1,0,3,0.03,22,11
2026-08-05,120253411974320281,,,0,0,0,0,0,0,1,1
2026-08-05,120253411979140281,,,0,0,0,0,0,0,1,1
2026-08-05,120253415533200281,,,0,0,0,0,0,0,4,3
2026-08-05,120253415538610281,,,0,0,0,0,0,0,5,2
2026-08-05,120253415545930281,,,0,0,0,0,0,0,4,2
2026-08-05,120253415627710281,,,0,0,0,0,0,0,5,2
2026-08-05,120253415654240281,[AFS] [F3] [Neo Maluleka] V2,120253415627640281,10,10,10,0,30,0.04,5,2
2026-08-05,120253415659550281,[AFS] [F3] [Neo Maluleka] V3,120253415627640281,19,19,19,3,54,0.71,22,9
2026-08-05,120253415663260281,[AFS] [F3] [Neo Maluleka] V4,120253415627640281,15,15,15,3,36,0.62,39,12
2026-08-05,120253415684090281,[AFS] [F3] [Neo Maluleka] V5,120253415627640281,35,35,35,6,84,0.85,54,17
2026-08-05,120253415685920281,[AFS] [F3] [Neo Maluleka] V6,120253415627640281,14,14,14,7,39,1.56,40,7
2026-08-05,120253415695320281,,,0,0,0,0,0,0,1,1
2026-08-05,120253415721250281,,,0,0,0,0,0,0,1,1
2026-08-05,120253415724350281,,,0,0,0,0,0,0,1,1
2026-08-05,120253415728580281,,,0,0,0,0,0,0,1,1
2026-08-05,120253415760700281,,,0,0,0,0,0,0,3,1
2026-08-05,120253422809560281,[AFS] [F3] [Lethabo Sebola] V1,120253422809490281,13,13,13,13,39,1.96,27,7
2026-08-05,120253422896760281,[AFS] [F3] [Lethabo Sebola] V2,120253422809490281,21,21,21,23,63,1.81,88,12
2026-08-05,120253422900530281,[AFS] [F3] [Lethabo Sebola] V3,120253422809490281,32,32,32,39,96,3.69,106,25
2026-08-05,120253422902890281,[AFS] [F3] [Lethabo Sebola] V4,120253422809490281,30,30,30,60,96,8.98,165,31
2026-08-05,120253422905970281,[AFS] [F3] [Lethabo Sebola] V5,120253422809490281,30,30,30,42,90,3.63,113,25
2026-08-05,120253422910030281,[AFS] [F3] [Lethabo Sebola] V6,120253422809490281,24,24,24,23,66,1.56,51,20
2026-08-05,120253422925680281,[AFS] [F3] [Kgomotso Ramokgopa] V1,120253422925690281,16,16,16,19,54,1.36,32,11
2026-08-05,120253423000780281,[AFS] [F3] [Kgomotso Ramokgopa] V2,120253422925690281,86,86,86,117,258,11.56,286,62
2026-08-05,120253423005460281,[AFS] [F3] [Kgomotso Ramokgopa] V3,120253422925690281,33,33,33,47,90,4.36,120,33
2026-08-05,120253423013640281,[AFS] [F3] [Kgomotso Ramokgopa] V4,120253422925690281,40,40,40,42,126,3.53,89,22
2026-08-05,120253423021520281,[AFS] [F3] [Kgomotso Ramokgopa] V5,120253422925690281,25,25,25,21,78,1.92,59,19
2026-08-05,120253423035590281,[AFS] [F3] [Kgomotso Ramokgopa] V6,120253422925690281,45,45,45,55,135,3.69,122,44
2026-08-05,120253423248640281,,,0,0,0,0,0,0,2,2
2026-08-05,120253423549100281,,,0,0,0,0,0,0,7,3
2026-08-05,120253423577250281,,,0,0,0,0,0,0,1,1
2026-08-05,120253423590130281,[AFS] [F3] [Mmapula Modise] V1,120253423590020281,14,14,14,8,36,1.00,34,10
2026-08-05,120253423610380281,[AFS] [F3] [Mmapula Modise] V2,120253423590020281,6,6,6,8,18,0.46,19,8
2026-08-05,120253423614520281,,,0,0,0,0,0,0,4,2
2026-08-05,120253423621190281,[AFS] [F3] [Mmapula Modise] V5,120253423590020281,7,7,7,6,12,0.63,35,7
2026-08-05,120253423624560281,[AFS] [F3] [Mmapula Modise] V6,120253423590020281,16,16,16,18,42,1.46,50,16
2026-08-05,120253423634010281,,,0,0,0,0,0,0,6,1
2026-08-05,120253423664560281,[AFS] [F3] [Thato Makgoba] V2,120253423633890281,14,14,14,3,27,0.65,64,12
2026-08-05,120253423675200281,,,0,0,0,0,0,0,1,1
2026-08-05,120253423686830281,[AFS] [F3] [Thato Makgoba] V4,120253423633890281,11,11,11,15,24,1.69,74,14
2026-08-05,120253423701340281,[AFS] [F3] [Thato Makgoba] V5,120253423633890281,10,10,10,3,18,0.21,86,9
2026-08-05,120253423718910281,[AFS] [F3] [Thato Makgoba] V6,120253423633890281,11,11,11,11,21,1.53,47,8
2026-08-05,120253428682050281,[AFS] [F3] [Zamokuhle Mavuso] V1,120253428682030281,13,13,13,3,36,0.55,25,8
2026-08-05,120253428698900281,[AFS] [F3] [Zamokuhle Mavuso] V2,120253428682030281,3,3,3,0,9,0.06,1,1
2026-08-05,120253428701830281,[AFS] [F3] [Zamokuhle Mavuso] V3,120253428682030281,2,2,2,3,6,0.27,6,1
2026-08-05,120253428704860281,[AFS] [F3] [Zamokuhle Mavuso] V4,120253428682030281,2,2,2,3,6,0.55,13,2
2026-08-05,120253428707890281,[AFS] [F3] [Zamokuhle Mavuso] V5,120253428682030281,17,17,17,18,51,2.65,78,14
2026-08-05,120253428717860281,[AFS] [F3] [Zamokuhle Mavuso] V6,120253428682030281,13,13,13,0,33,0.30,9,4
2026-08-05,120253428726940281,,,0,0,0,0,0,0,1,1
2026-08-05,120253428739300281,[AFS] [F3] [Nompilo Makhathini] V2,120253428726860281,2,2,2,3,6,0.44,17,3
2026-08-05,120253428745740281,[AFS] [F3] [Nompilo Makhathini] V3,120253428726860281,26,26,26,16,78,2.21,43,11
2026-08-05,120253428747820281,[AFS] [F3] [Nompilo Makhathini] V4,120253428726860281,26,26,26,21,75,2.47,69,18
2026-08-05,120253428749630281,[AFS] [F3] [Nompilo Makhathini] V5,120253428726860281,26,26,26,8,81,1.63,41,13
2026-08-05,120253428752090281,[AFS] [F3] [Nompilo Makhathini] V6,120253428726860281,1,1,1,0,3,0.00,0,0
2026-08-05,120253428755700281,[AFS] [F3] [Hloniphile Mpanza] V1,120253428755630281,37,37,37,42,114,3.42,96,29
2026-08-05,120253428768520281,[AFS] [F3] [Hloniphile Mpanza] V2,120253428755630281,47,47,47,39,147,4.09,101,28
2026-08-05,120253428772810281,[AFS] [F3] [Hloniphile Mpanza] V3,120253428755630281,20,20,20,25,63,2.56,78,17
2026-08-05,120253428775060281,[AFS] [F3] [Hloniphile Mpanza] V4,120253428755630281,59,59,59,68,180,5.63,140,42
2026-08-05,120253428777030281,[AFS] [F3] [Hloniphile Mpanza] V5,120253428755630281,33,33,33,17,99,1.93,55,18
2026-08-05,120253428778770281,[AFS] [F3] [Hloniphile Mpanza] V6,120253428755630281,28,28,28,25,87,2.74,55,14
2026-08-05,120253428784400281,,,0,0,0,0,0,0,1,1
2026-08-05,120253428817070281,[AFS] [F3] [Ayabonga Ngubane] V2,120253428784320281,16,16,16,11,48,1.69,41,10
2026-08-05,120253428858230281,[AFS] [F3] [Ayabonga Ngubane] V3,120253428784320281,2,2,2,2,6,0.13,4,2
2026-08-05,120253428860840281,[AFS] [F3] [Ayabonga Ngubane] V4,120253428784320281,2,2,2,3,6,0.32,12,3
2026-08-05,120253428863400281,[AFS] [F3] [Ayabonga Ngubane] V5,120253428784320281,33,33,33,39,99,4.25,104,22
2026-08-05,120253428866700281,[AFS] [F3] [Ayabonga Ngubane] V6,120253428784320281,1,1,1,3,3,0.51,30,2
2026-08-05,120253428881520281,[AFS] [F3] [Naledi Tlou] V1,120253428881450281,10,10,10,9,27,1.04,25,7
2026-08-05,120253428924330281,[AFS] [F3] [Naledi Tlou] V2,120253428881450281,1,1,1,2,3,0.17,8,4
2026-08-05,120253428925220281,[AFS] [F3] [Naledi Tlou] V3,120253428881450281,25,25,25,15,63,2.07,56,14
2026-08-05,120253428927060281,[AFS] [F3] [Naledi Tlou] V4,120253428881450281,2,2,2,0,6,0.00,1,1
2026-08-05,120253428928030281,[AFS] [F3] [Naledi Tlou] V5,120253428881450281,15,15,15,3,39,0.56,31,10
2026-08-05,120253463450360281,[AFS] [F3] [Nolwazi Nkosi] V1,120253463450370281,13,13,13,9,30,0.94,23,5
2026-08-05,120253463567850281,[AFS] [F3] [Nolwazi Nkosi] V2,120253463450370281,15,15,15,13,45,1.78,45,11
2026-08-05,120253463576570281,[AFS] [F3] [Nolwazi Nkosi] V3,120253463450370281,21,21,21,21,57,2.46,63,16
2026-08-05,120253463585430281,[AFS] [F3] [Nolwazi Nkosi] V4,120253463450370281,12,12,12,3,33,0.76,20,9
2026-08-05,120253463592030281,[AFS] [F3] [Nolwazi Nkosi] V5,120253463450370281,37,37,37,29,102,4.30,129,31
2026-08-05,120253463600660281,[AFS] [F3] [Nolwazi Nkosi] V6,120253463450370281,13,13,13,19,36,1.80,61,10
2026-08-05,120253464056810281,[AFS] [F3] [Phumzile Ngcobo] V1,120253464056690281,21,21,21,6,54,2.56,64,13
2026-08-05,120253464081350281,[AFS] [F3] [Phumzile Ngcobo] V2,120253464056690281,10,10,10,4,30,1.22,29,5
2026-08-05,120253464088910281,[AFS] [F3] [Phumzile Ngcobo] V3,120253464056690281,20,20,20,7,45,1.18,48,11
2026-08-05,120253464091590281,[AFS] [F3] [Phumzile Ngcobo] V4,120253464056690281,34,34,34,24,93,3.99,103,18
2026-08-05,120253464096330281,[AFS] [F3] [Phumzile Ngcobo] V5,120253464056690281,19,19,19,6,48,0.88,32,10
2026-08-05,120253464099200281,[AFS] [F3] [Phumzile Ngcobo] V6,120253464056690281,15,15,15,6,42,1.02,32,8
2026-08-05,120253464120750281,[AFS] [F3] [Lindiwe Gumede] V1,120253464120680281,25,25,25,16,60,1.74,60,15
2026-08-05,120253464203130281,[AFS] [F3] [Lindiwe Gumede] V2,120253464120680281,9,9,9,1,21,0.55,19,8
2026-08-05,120253464209290281,[AFS] [F3] [Lindiwe Gumede] V3,120253464120680281,15,15,15,9,33,0.79,33,10
2026-08-05,120253464215330281,[AFS] [F3] [Lindiwe Gumede] V4,120253464120680281,15,15,15,4,39,0.60,24,8
2026-08-05,120253464217740281,[AFS] [F3] [Lindiwe Gumede] V5,120253464120680281,10,10,10,2,30,0.37,12,5
2026-08-05,120253464238420281,[AFS] [F3] [Lindiwe Gumede] V6,120253464120680281,14,14,14,3,33,0.53,19,6
2026-08-05,120253464315370281,[AFS] [F3] [Busisiwe Radebe ] V6,120253463915160281,10,10,10,3,24,0.77,20,3
2026-08-05,120253464315380281,[AFS] [F3] [Busisiwe Radebe ] V5 — Cópia,120253463915160281,15,15,15,3,39,0.86,22,8
2026-08-05,120253464315390281,[AFS] [F3] [Busisiwe Radebe ] V4 — Cópia,120253463915160281,13,13,13,12,36,1.62,41,8
2026-08-05,120253464315400281,[AFS] [F3] [Busisiwe Radebe ] V3 — Cópia,120253463915160281,8,8,8,4,21,1.07,29,5
2026-08-05,120253464315410281,[AFS] [F3] [Busisiwe Radebe ] V2 — Cópia,120253463915160281,11,11,11,3,27,0.43,32,6
2026-08-05,120253464315420281,[AFS] [F3] [Busisiwe Radebe ] V1 — Cópia,120253463915160281,16,16,16,8,36,1.08,42,13
2026-08-05,120253464385490281,[AFS] [F3] [Thobeka Shabalala] V1,120253464385310281,19,19,19,20,57,3.36,77,9
2026-08-05,120253464442800281,[AFS] [F3] [Thobeka Shabalala] V2,120253464385310281,21,21,21,8,60,2.11,58,8
2026-08-05,120253464459870281,[AFS] [F3] [Thobeka Shabalala] V3,120253464385310281,25,25,25,15,69,1.80,47,13
2026-08-05,120253464464390281,[AFS] [F3] [Thobeka Shabalala] V4,120253464385310281,23,23,23,15,66,2.51,60,11
2026-08-05,120253464469150281,[AFS] [F3] [Thobeka Shabalala] V5,120253464385310281,34,34,34,5,96,1.09,29,15
2026-08-05,120253464476760281,[AFS] [F3] [Thobeka Shabalala] V6,120253464385310281,18,18,18,12,54,1.44,30,7
2026-08-06,120247357080930278,[AFS] [F3] [AMARA OKAFOR] V1,120247357080990278,1,1,1,0,3,0.00,0,0
2026-08-06,120247357080980278,,,0,0,0,0,0,0,6,3
2026-08-06,120247357081010278,[AFS] [F3] [AMARA OKAFOR] V6,120247357080990278,34,34,33,51,102,5.11,121,27
2026-08-06,120247357081030278,,,0,0,0,0,0,0,27,5
2026-08-06,120247357081040278,[AFS] [F3] [AMARA OKAFOR] V2,120247357080990278,1,1,1,0,3,0.00,1,1
2026-08-06,120247357081050278,[AFS] [F3] [AMARA OKAFOR] V4,120247357080990278,14,14,13,7,33,0.43,25,9
2026-08-06,120247357457050278,[AFS] [F3] [ZOLA DLAMINI] V4,120247357456980278,37,37,33,47,120,5.50,115,23
2026-08-06,120247357457070278,[AFS] [F3] [ZOLA DLAMINI] V3,120247357456980278,26,26,25,40,81,4.02,98,24
2026-08-06,120247357457080278,[AFS] [F3] [ZOLA DLAMINI] V5,120247357456980278,30,30,29,33,90,2.19,76,23
2026-08-06,120247357457090278,[AFS] [F3] [ZOLA DLAMINI]V6,120247357456980278,37,37,37,60,114,8.14,213,38
2026-08-06,120247357457100278,[AFS] [F3] [ZOLA DLAMINI] V1,120247357456980278,43,43,41,61,135,7.07,131,28
2026-08-06,120247358420040278,,,0,0,0,0,0,0,1,1
2026-08-06,120247358420050278,,,0,0,0,0,0,0,5,2
2026-08-06,120247358420060278,[AFS] [F3] [AMINATA DIALLO] V5,120247358419970278,18,18,17,9,51,0.32,22,12
2026-08-06,120247358420070278,[AFS] [F3] [AMINATA DIALLO] V3,120247358419970278,34,34,33,44,105,6.84,158,22
2026-08-06,120247358420080278,,,0,0,0,0,0,0,1,1
2026-08-06,120247358420090278,,,0,0,0,0,0,0,4,1
2026-08-06,120247358791350278,[AFS] [F3] [FOLASADE ADEYEMI] V6,120247358791270278,2,2,2,0,3,0.00,6,2
2026-08-06,120247359464720278,[AFS] [F3] [NOMVULA MOKOENA] V6,120247359464690278,30,30,30,38,96,4.88,120,23
2026-08-06,120247359464800278,[AFS] [F3] [NOMVULA MOKOENA] V1,120247359464690278,1,1,1,0,3,0.00,0,0
2026-08-06,120247360141410278,[AFS] [F3] [CHIPO MOYO]  V6,120247360141370278,45,45,43,62,135,7.22,162,35
2026-08-06,120247360141470278,,,0,0,0,0,0,0,2,2
2026-08-06,120247360141480278,[AFS] [F3] [CHIPO MOYO]  V4,120247360141370278,38,38,36,55,108,5.84,174,32
2026-08-06,120247360141490278,[AFS] [F3] [CHIPO MOYO]  V2,120247360141370278,43,43,40,49,129,4.20,120,32
2026-08-06,120247360356770278,[AFS] [F3] [FATOUMATA TRAORE] V4,120247360356710278,2,2,2,3,6,0.19,5,1
2026-08-06,120247360356790278,[AFS] [F3] [FATOUMATA TRAORE] V6,120247360356710278,26,26,21,14,78,2.38,74,15
2026-08-06,120247360356820278,,,0,0,0,0,0,0,1,1
2026-08-06,120247360356830278,[AFS] [F3] [FATOUMATA TRAORE] V1,120247360356710278,27,27,27,29,78,3.56,120,25
2026-08-06,120247360531040278,,,0,0,0,0,0,0,4,1
2026-08-06,120247360531120278,[AFS] [F3] [AMINATA DIALLO] V3,120247360531070278,1,1,1,2,3,0.24,5,3
2026-08-06,120247360531130278,[AFS] [F3] [AMINATA DIALLO] V5,120247360531070278,42,42,39,59,126,5.72,130,28
2026-08-06,120247360531140278,[AFS] [F3] [AMINATA DIALLO] V6,120247360531070278,69,69,67,86,198,10.14,248,51
2026-08-06,120247360531150278,[AFS] [F3] [AMINATA DIALLO]V4,120247360531070278,2,2,1,0,6,0.00,1,1
2026-08-06,120247360531160278,[AFS] [F3] [AMINATA DIALLO] V2,120247360531070278,1,1,1,0,0,0,0,0
2026-08-06,120247382249520278,[AFS_RELA_EN_BOT_0001] [NOURBESE] V1,120247382249440278,1,1,1,3,3,0.23,7,1
2026-08-06,120247382249540278,[AFS_RELA_EN_BOT_0001] [NOURBESE] V5,120247382249440278,1,1,1,3,3,0.49,12,1
2026-08-06,120247382249560278,[AFS_RELA_EN_BOT_0001] [NOURBESE] V4,120247382249440278,1,1,1,3,3,0.24,6,2
2026-08-06,120247382323040278,[AFS] [F3] [WANGARI KAMAU] V4,120247382322970278,45,45,44,69,126,6.50,197,34
2026-08-06,120247382323050278,[AFS] [F3] [WANGARI KAMAU] V6,120247382322970278,42,42,42,58,129,5.27,138,32
2026-08-06,120247382323060278,[AFS] [F3] [WANGARI KAMAU] V5,120247382322970278,43,43,41,61,135,5.28,150,34
2026-08-06,120247382323070278,[AFS] [F3] [WANGARI KAMAU] V2,120247382322970278,50,50,47,43,135,5.04,121,30
2026-08-06,120247382323080278,[AFS] [F3] [WANGARI KAMAU] V3,120247382322970278,39,39,38,54,114,5.06,157,28
2026-08-06,120247382323090278,[AFS] [F3] [WANGARI KAMAU] V1,120247382322970278,36,36,33,64,114,8.25,132,28
2026-08-06,120247488168300278,[AFS] [F3] [BONTLE MODISE] V1,120247488168210278,43,43,37,55,120,4.05,144,36
2026-08-06,120247488215910278,[AFS] [F3] [BONTLE MODISE] V2,120247488168210278,28,28,28,28,75,2.45,103,27
2026-08-06,120247488220950278,[AFS] [F3] [BONTLE MODISE] V3,120247488168210278,26,26,23,31,69,2.26,86,19
2026-08-06,120247488225850278,[AFS] [F3] [BONTLE MODISE] V4,120247488168210278,14,14,13,21,36,1.27,57,17
2026-08-06,120247488230320278,[AFS] [F3] [BONTLE MODISE] V5,120247488168210278,26,26,22,39,78,3.84,110,20
2026-08-06,120247488259350278,[AFS] [F3] [LUNGILE HADEBE] V1,120247488259330278,36,36,35,44,117,4.40,108,26
2026-08-06,120247488354910278,,,0,0,0,0,0,0,1,1
2026-08-06,120247488373900278,,,0,0,0,0,0,0,1,1
2026-08-06,120247488419540278,[AFS] [F3] [LUNGILE HADEBE] V6,120247488259330278,1,1,1,0,3,0.00,4,2
2026-08-06,120247488474100278,[AFS] [F3] [LERATO MAHLANGU] V1,120247488474000278,45,45,42,54,129,5.16,151,34
2026-08-06,120247488538970278,[AFS] [F3] [LERATO MAHLANGU] V2,120247488474000278,1,1,1,0,3,0.00,0,0
2026-08-06,120247488660110278,[AFS] [F3] [LERATO MAHLANGU] V3,120247488474000278,29,29,28,41,81,2.42,68,18
2026-08-06,120247488793560278,[AFS] [F3] [LERATO MAHLANGU] V4,120247488474000278,27,27,25,36,81,2.58,54,18
2026-08-06,120247488827940278,[AFS] [F3] [LERATO MAHLANGU] V5,120247488474000278,59,59,58,64,165,5.31,160,45
2026-08-06,120247488854820278,[AFS] [F3] [LERATO MAHLANGU] V6,120247488474000278,44,44,38,57,123,8.81,237,33
2026-08-06,120247488968980278,[AFS] [F3] [NOURBESE ACHEBE] V2,120247488930090278,37,37,36,49,108,5.18,148,26
2026-08-06,120247489016960278,[AFS] [F3] [NOURBESE ACHEBE] V5,120247488930090278,1,1,1,3,3,0.10,4,2
2026-08-06,120247489113490278,,,0,0,0,0,0,0,1,1
2026-08-06,120247489137090278,,,0,0,0,0,0,0,2,1
2026-08-06,120247489160520278,[AFS] [F3] [NONHLANHLA CELE] V6,120247489056040278,78,78,69,105,222,6.15,240,69
2026-08-06,120247490631910278,,,0,0,0,0,0,0,3,1
2026-08-06,120247506216350278,,,0,0,0,0,0,0,3,1
2026-08-06,120247506249690278,,,0,0,0,0,0,0,12,3
2026-08-06,120247506424250278,,,0,0,0,0,0,0,3,1
2026-08-06,120247506530130278,,,0,0,0,0,0,0,1,1
2026-08-06,120247506542160278,[AFS] [F3] [MBALI BUTHELEZI] V3,120247506424170278,25,25,25,16,69,4.00,100,22
2026-08-06,120247506560570278,,,0,0,0,0,0,0,6,2
2026-08-06,120247506567820278,[AFS] [F3] [MBALI BUTHELEZI] V6,120247506424170278,1,1,1,0,3,0.00,2,2
2026-08-06,120247566493330278,,,0,0,0,0,0,0,3,1
2026-08-06,120247566567050278,,,0,0,0,0,0,0,3,1
2026-08-06,120247566626120278,,,0,0,0,0,0,0,4,1
2026-08-06,120247753268600278,[AFS] [F3] [Siphesihle Cele] V1,120247753268510278,9,9,9,5,21,0.53,42,13
2026-08-06,120247753333380278,[AFS] [F3] [Siphesihle Cele] V2,120247753268510278,25,25,25,11,75,2.04,69,15
2026-08-06,120247753339060278,[AFS] [F3] [Siphesihle Cele] V3,120247753268510278,23,23,23,14,81,1.66,45,14
2026-08-06,120247753343390278,[AFS] [F3] [Siphesihle Cele] V4,120247753268510278,31,31,31,34,96,3.53,97,24
2026-08-06,120247753359010278,[AFS] [F3] [Siphesihle Cele] V6,120247753268510278,30,30,30,39,93,4.89,151,23
2026-08-06,120247753572160278,[AFS] [F3] [Khanyisa Zwane] V1,120247753572060278,44,44,44,59,141,6.41,188,43
2026-08-06,120247753631300278,[AFS] [F3] [Khanyisa Zwane] V2,120247753572060278,24,24,24,18,69,2.01,65,18
2026-08-06,120247753639190278,[AFS] [F3] [Khanyisa Zwane] V3,120247753572060278,34,34,34,46,99,4.47,103,21
2026-08-06,120247753647720278,[AFS] [F3] [Khanyisa Zwane] V4,120247753572060278,47,47,47,80,156,8.95,207,33
2026-08-06,120247753656710278,[AFS] [F3] [Khanyisa Zwane] V5,120247753572060278,40,40,40,47,114,4.61,136,31
2026-08-06,120247753719190278,[AFS] [F3] [Yonela Mnguni] V1,120247753719120278,27,27,27,34,78,4.66,114,19
2026-08-06,120247753784310278,[AFS] [F3] [Yonela Mnguni] V2,120247753719120278,30,30,30,35,87,3.50,114,28
2026-08-06,120247753789900278,,,0,0,0,0,0,0,1,1
2026-08-06,120247753798010278,,,0,0,0,0,0,0,1,1
2026-08-06,120247753808800278,[AFS] [F3] [Yonela Mnguni] V5,120247753719120278,1,1,1,0,3,0.08,2,1
2026-08-06,120247753837730278,[AFS] [F3] [Khanyisile Nxumalo] V1,120247753837740278,1,1,1,0,3,0.03,0,0
2026-08-06,120247753859960278,[AFS] [F3] [Khanyisile Nxumalo] V2,120247753837740278,59,59,59,115,171,12.07,298,54
2026-08-06,120247753880980278,[AFS] [F3] [Khanyisile Nxumalo] V4,120247753837740278,27,27,27,39,69,4.14,112,19
2026-08-06,120247753901780278,[AFS] [F3] [Khanyisile Nxumalo] V6,120247753837740278,29,29,29,38,78,3.85,101,21
2026-08-06,120247768221230278,,,0,0,0,0,0,0,1,1
2026-08-06,120247768344990278,,,0,0,0,0,0,0,10,4
2026-08-06,120247768350600278,,,0,0,0,0,0,0,2,2
2026-08-06,120247768363360278,,,0,0,0,0,0,0,23,5
2026-08-06,120247768444270278,,,0,0,0,0,0,0,16,6
2026-08-06,120247768559710278,,,0,0,0,0,0,0,10,4
2026-08-06,120247768572330278,,,0,0,0,0,0,0,22,10
2026-08-06,120247768594320278,,,0,0,0,0,0,0,5,3
2026-08-06,120247768668500278,,,0,0,0,0,0,0,5,4
2026-08-06,120247768725920278,,,0,0,0,0,0,0,8,5
2026-08-06,120247768731050278,,,0,0,0,0,0,0,5,2
2026-08-06,120247768736930278,,,0,0,0,0,0,0,3,2
2026-08-06,120247768743240278,,,0,0,0,0,0,0,4,3
2026-08-06,120247768768140278,,,0,0,0,0,0,0,4,3
2026-08-06,120247768802800278,,,0,0,0,0,0,0,2,2
2026-08-06,120247768808810278,,,0,0,0,0,0,0,64,24
2026-08-06,120247768820650278,,,0,0,0,0,0,0,2,2
2026-08-06,120247768824920278,,,0,0,0,0,0,0,7,4
2026-08-06,120247788986680330,,,0,0,0,0,0,0,2,1
2026-08-06,120247796467940278,,,0,0,0,0,0,0,5,1
2026-08-06,120247796573020278,[AFS] [F3] [Mbali Mlambo] V3,120247796467870278,1,1,1,0,3,0.00,0,0
2026-08-06,120247796575940278,,,0,0,0,0,0,0,13,4
2026-08-06,120247796578200278,,,0,0,0,0,0,0,1,1
2026-08-06,120247797055030278,,,0,0,0,0,0,0,2,1
2026-08-06,120247797128170278,,,0,0,0,0,0,0,1,1
2026-08-06,120247797138580278,[AFS] [F3] [Oratile Kgaswane] V5,120247796972560278,1,1,1,0,3,0.00,0,0
2026-08-06,120247797143890278,[AFS] [F3] [Oratile Kgaswane] V6,120247796972560278,1,1,1,0,3,0.00,0,0
2026-08-06,120247797269130278,,,0,0,0,0,0,0,9,3
2026-08-06,120247797318780278,[AFS] [F3] [Hlengiwe Mzobe] V2,120247797269030278,1,1,1,0,0,0,0,0
2026-08-06,120247797321970278,,,0,0,0,0,0,0,5,1
2026-08-06,120247797324180278,,,0,0,0,0,0,0,1,1
2026-08-06,120247797327560278,,,0,0,0,0,0,0,1,1
2026-08-06,120247797331350278,,,0,0,0,0,0,0,2,1
2026-08-06,120247797507310278,,,0,0,0,0,0,0,3,2
2026-08-06,120247797542060278,[AFS] [F3] [Siphokazi Maselela] V2,120247797507270278,2,2,2,0,6,0.00,1,1
2026-08-06,120247797557650278,[AFS] [F3] [Siphokazi Maselela] V4,120247797507270278,1,1,1,0,0,0,1,1
2026-08-06,120247797563720278,,,0,0,0,0,0,0,24,1
2026-08-06,120247813921210330,,,0,0,0,0,0,0,2,1
2026-08-06,120247820515490278,[AFS] [F3] [Dineo Rakoma] V1,120247820515500278,24,24,24,30,69,3.65,102,21
2026-08-06,120247820541780278,[AFS] [F3] [Dineo Rakoma] V2,120247820515500278,4,4,4,3,12,0.17,9,4
2026-08-06,120247820550760278,[AFS] [F3] [Dineo Rakoma] V3,120247820515500278,19,19,19,27,48,3.51,99,19
2026-08-06,120247820561410278,[AFS] [F3] [Dineo Rakoma] V4,120247820515500278,28,28,28,44,78,4.10,124,24
2026-08-06,120247820571850278,[AFS] [F3] [Dineo Rakoma] V5,120247820515500278,11,11,11,12,33,1.01,26,6
2026-08-06,120247820576040278,[AFS] [F3] [Dineo Rakoma] V6,120247820515500278,29,29,29,30,81,2.98,86,18
2026-08-06,120247820591590278,[AFS] [F3] [Karabo Mabena] V1,120247820591600278,16,16,16,18,45,2.88,67,11
2026-08-06,120247820635940278,[AFS] [F3] [Karabo Mabena] V2,120247820591600278,2,2,2,0,6,0.05,2,2
2026-08-06,120247820644920278,[AFS] [F3] [Karabo Mabena] V3,120247820591600278,23,23,23,37,72,4.21,123,17
2026-08-06,120247820656040278,[AFS] [F3] [Karabo Mabena] V4,120247820591600278,48,48,48,62,153,6.38,166,36
2026-08-06,120247820662320278,[AFS] [F3] [Karabo Mabena] V5,120247820591600278,17,17,17,21,54,2.38,55,10
2026-08-06,120247820679540278,[AFS] [F3] [Karabo Mabena] V6,120247820591600278,18,18,18,22,54,1.86,45,12
2026-08-06,120247820828710278,[AFS] [F3] [Masego Tladi] V1,120247820828620278,25,25,25,15,78,2.64,87,18
2026-08-06,120247820855730278,[AFS] [F3] [Masego Tladi] V2,120247820828620278,3,3,3,2,9,0.28,10,2
2026-08-06,120247820863330278,[AFS] [F3] [Masego Tladi] V3,120247820828620278,21,21,21,25,66,3.78,101,14
2026-08-06,120247820867870278,[AFS] [F3] [Masego Tladi] V4,120247820828620278,13,13,13,6,39,1.14,26,6
2026-08-06,120247820871440278,[AFS] [F3] [Masego Tladi] V5,120247820828620278,18,18,18,17,63,2.37,52,12
2026-08-06,120247820879080278,[AFS] [F3] [Masego Tladi] V6,120247820828620278,16,16,16,18,48,3.21,71,8
2026-08-06,120247820894460278,[AFS] [F3] [Adaeze Nwachukwu] V1,120247820894360278,5,5,5,2,15,0.36,14,4
2026-08-06,120247820917600278,[AFS] [F3] [Adaeze Nwachukwu] V2,120247820894360278,12,12,12,7,33,1.24,30,8
2026-08-06,120247820928030278,[AFS] [F3] [Adaeze Nwachukwu] V3,120247820894360278,15,15,15,13,39,1.72,53,11
2026-08-06,120247820942330278,[AFS] [F3] [Adaeze Nwachukwu] V4,120247820894360278,10,10,10,4,30,0.78,20,6
2026-08-06,120247820951910278,[AFS] [F3] [Adaeze Nwachukwu] V5,120247820894360278,4,4,4,0,12,0.17,3,2
2026-08-06,120247820965250278,[AFS] [F3] [Adaeze Nwachukwu] V6,120247820894360278,2,2,2,0,6,0.11,18,4
2026-08-06,120247821464700278,[AFS] [F3] [Ifeoma Okoye] V1,120247821464630278,6,6,6,2,18,0.34,4,2
2026-08-06,120247821810570278,[AFS] [F3] [Ifeoma Okoye] V2,120247821464630278,2,2,2,0,6,0.16,5,3
2026-08-06,120247821820870278,[AFS] [F3] [Ifeoma Okoye] V3,120247821464630278,7,7,7,9,21,1.29,33,4
2026-08-06,120247821828360278,[AFS] [F3] [Ifeoma Okoye] V4,120247821464630278,8,8,8,5,24,0.61,17,3
2026-08-06,120247821837280278,[AFS] [F3] [Ifeoma Okoye] V5,120247821464630278,8,8,8,4,21,0.36,11,6
2026-08-06,120247821848280278,[AFS] [F3] [Ifeoma Okoye] V6,120247821464630278,5,5,5,3,12,0.91,23,4
2026-08-06,120247821868950278,[AFS] [F3] [Chidinma Eze] V1,120247821868880278,2,2,2,0,3,0.00,8,2
2026-08-06,120247821940850278,[AFS] [F3] [Chidinma Eze] V2,120247821868880278,9,9,9,6,24,0.63,21,6
2026-08-06,120247821966990278,[AFS] [F3] [Chidinma Eze] V3,120247821868880278,8,8,8,6,24,0.82,28,6
2026-08-06,120247821987070278,[AFS] [F3] [Chidinma Eze] V4,120247821868880278,11,11,11,23,39,4.16,83,10
2026-08-06,120247822006950278,[AFS] [F3] [Chidinma Eze] V5,120247821868880278,3,3,3,2,6,0.22,20,4
2026-08-06,120247822019620278,[AFS] [F3] [Chidinma Eze] V6,120247821868880278,17,17,17,19,63,2.76,51,11
2026-08-06,120247822046990278,[AFS] [F3] [Temitope Ogundipe] V1,120247822047000278,13,13,13,12,27,2.05,68,14
2026-08-06,120247822100450278,[AFS] [F3] [Temitope Ogundipe] V2,120247822047000278,8,8,8,6,24,1.03,35,6
2026-08-06,120247822112860278,[AFS] [F3] [Temitope Ogundipe] V3,120247822047000278,14,14,14,4,36,1.36,47,10
2026-08-06,120247822118830278,[AFS] [F3] [Temitope Ogundipe] V4,120247822047000278,7,7,7,0,21,0.38,10,3
2026-08-06,120247822122310278,[AFS] [F3] [Temitope Ogundipe] V5,120247822047000278,3,3,3,2,9,0.54,12,2
2026-08-06,120247822126780278,[AFS] [F3] [Temitope Ogundipe] V6,120247822047000278,13,13,13,6,39,1.75,50,6
2026-08-06,120247822249050278,[AFS] [F3] [Nneka Obi] V1,120247822248970278,15,15,15,6,42,0.63,24,8
2026-08-06,120247822275040278,[AFS] [F3] [Nneka Obi] V2,120247822248970278,30,30,30,42,93,5.78,130,23
2026-08-06,120247822285260278,[AFS] [F3] [Nneka Obi] V3,120247822248970278,13,13,13,15,48,1.98,38,7
2026-08-06,120247822296620278,[AFS] [F3] [Nneka Obi] V4,120247822248970278,17,17,17,18,54,2.04,44,10
2026-08-06,120247822303740278,[AFS] [F3] [Nneka Obi] V5,120247822248970278,2,2,2,3,6,0.29,11,5
2026-08-06,120247822311930278,[AFS] [F3] [Nneka Obi] V6,120247822248970278,14,14,14,17,42,2.39,51,7
2026-08-06,120247851538880278,[AFS] [F3] [Anele Makhubo] V1,120247851538820278,15,15,15,15,45,1.77,43,10
2026-08-06,120247851646490278,[AFS] [F3] [Anele Makhubo] V2,120247851538820278,4,4,4,3,12,0.30,10,4
2026-08-06,120247851671460278,[AFS] [F3] [Anele Makhubo] V3,120247851538820278,13,13,13,13,39,1.37,35,9
2026-08-06,120247851697130278,[AFS] [F3] [Anele Makhubo] V4,120247851538820278,7,7,7,3,21,0.29,16,3
2026-08-06,120247851738670278,[AFS] [F3] [Anele Makhubo] V5,120247851538820278,5,5,5,3,12,0.44,14,4
2026-08-06,120247851790370278,[AFS] [F3] [Anele Makhubo] V6,120247851538820278,11,11,11,17,33,2.27,46,10
2026-08-06,120247852157620278,[AFS] [F3] [Lukhanyiso Maphosa] V1,120247852157360278,11,11,11,5,24,0.31,16,7
2026-08-06,120247852194640278,[AFS] [F3] [Lukhanyiso Maphosa] V2,120247852157360278,63,63,63,84,192,7.46,167,38
2026-08-06,120247852205280278,[AFS] [F3] [Lukhanyiso Maphosa] V3,120247852157360278,6,6,6,7,18,0.48,16,4
2026-08-06,120247852217870278,[AFS] [F3] [Lukhanyiso Maphosa] V4,120247852157360278,28,28,28,49,84,3.15,72,22
2026-08-06,120247852230800278,[AFS] [F3] [Lukhanyiso Maphosa] V5,120247852157360278,36,36,36,65,114,5.95,148,29
2026-08-06,120247852240720278,[AFS] [F3] [Lukhanyiso Maphosa] V6,120247852157360278,9,9,9,9,24,0.81,34,10
2026-08-06,120247852291670278,[AFS] [F3] [Luyanda Mbatha] V1,120247852291590278,22,22,22,18,57,2.33,59,14
2026-08-06,120247852331040278,[AFS] [F3] [Luyanda Mbatha] V2,120247852291590278,21,21,21,18,63,2.87,93,12
2026-08-06,120247852344760278,[AFS] [F3] [Luyanda Mbatha] V3,120247852291590278,10,10,10,3,21,1.04,46,8
2026-08-06,120247852359280278,[AFS] [F3] [Luyanda Mbatha] V4,120247852291590278,4,4,4,0,9,0.08,4,2
2026-08-06,120247852377810278,[AFS] [F3] [Luyanda Mbatha] V5,120247852291590278,21,21,21,34,60,3.77,84,14
2026-08-06,120247852396100278,[AFS] [F3] [Luyanda Mbatha] V6,120247852291590278,14,14,14,23,48,4.96,113,10
2026-08-06,120247852465660278,[AFS] [F3] [Anathi Maphumulo] V1,120247852465620278,1,1,1,0,0,0,0,0
2026-08-06,120247852526420278,[AFS] [F3] [Anathi Maphumulo] V2,120247852465620278,1,1,1,0,0,0,0,0
2026-08-06,120247852536100278,,,0,0,0,0,0,0,4,1
2026-08-06,120247852552440278,,,0,0,0,0,0,0,2,1
2026-08-06,120247852565710278,[AFS] [F3] [Anathi Maphumulo] V6,120247852465620278,2,2,2,0,3,0.00,5,3
2026-08-06,120247855943690278,[AFS] [F3] [Nobuntu Shabalala] V1,120247855943600278,62,62,62,72,195,7.43,144,39
2026-08-06,120247856005940278,[AFS] [F3] [Nobuntu Shabalala] V2,120247855943600278,6,6,6,6,18,0.60,17,4
2026-08-06,120247856009420278,[AFS] [F3] [Nobuntu Shabalala] V3,120247855943600278,25,25,25,33,75,2.75,66,15
2026-08-06,120247856014920278,[AFS] [F3] [Nobuntu Shabalala] V4,120247855943600278,32,32,32,53,90,4.29,112,24
2026-08-06,120247856024270278,[AFS] [F3] [Nobuntu Shabalala] V5,120247855943600278,32,32,32,25,93,2.85,63,15
2026-08-06,120247856056660278,[AFS] [F3] [Nqobile Mthethwa] V1,120247856056590278,18,18,18,6,48,0.38,24,8
2026-08-06,120247856129530278,[AFS] [F3] [Nqobile Mthethwa] V2,120247856056590278,52,52,52,68,153,7.55,127,28
2026-08-06,120247856135340278,[AFS] [F3] [Nqobile Mthethwa] V3,120247856056590278,26,26,26,17,72,0.92,35,16
2026-08-06,120247856138670278,[AFS] [F3] [Nqobile Mthethwa] V4,120247856056590278,30,30,30,43,87,6.33,151,18
2026-08-06,120247856141810278,[AFS] [F3] [Nqobile Mthethwa] V5,120247856056590278,32,32,32,49,93,6.64,128,20
2026-08-06,120247856145880278,[AFS] [F3] [Nqobile Mthethwa] V6,120247856056590278,14,14,14,7,39,0.45,17,7
2026-08-06,120247856312700278,[AFS] [F3] [Noxolo Vilakazi] V1,120247856312660278,65,65,65,84,189,7.15,172,42
2026-08-06,120247856365350278,[AFS] [F3] [Noxolo Vilakazi] V2,120247856312660278,6,6,6,0,18,0.04,13,4
2026-08-06,120247856386010278,[AFS] [F3] [Noxolo Vilakazi] V3,120247856312660278,15,15,15,18,39,0.74,21,10
2026-08-06,120247856415450278,[AFS] [F3] [Noxolo Vilakazi] V4,120247856312660278,41,41,41,56,126,6.10,158,28
2026-08-06,120247856599050278,[AFS] [F3] [Noxolo Vilakazi] V5,120247856312660278,25,25,25,17,60,1.87,98,15
2026-08-06,120247856608070278,[AFS] [F3] [Noxolo Vilakazi] V6,120247856312660278,45,45,45,59,129,5.99,142,32
2026-08-06,120247856633450278,[AFS] [F3] [Lindokuhle Mngadi] V1,120247856633350278,33,33,33,39,99,4.95,112,25
2026-08-06,120247856660550278,[AFS] [F3] [Lindokuhle Mngadi] V2,120247856633350278,31,31,31,35,87,3.79,95,21
2026-08-06,120247856668690278,[AFS] [F3] [Lindokuhle Mngadi] V3,120247856633350278,6,6,6,5,15,0.55,15,4
2026-08-06,120247856672630278,[AFS] [F3] [Lindokuhle Mngadi] V4,120247856633350278,10,10,10,9,24,0.69,34,11
2026-08-06,120247856679370278,[AFS] [F3] [Lindokuhle Mngadi] V5,120247856633350278,11,11,11,5,30,0.38,16,7
2026-08-06,120247856684580278,[AFS] [F3] [Lindokuhle Mngadi] V6,120247856633350278,10,10,10,11,27,0.77,20,5
2026-08-06,120247856724190278,[AFS] [F3] [Zandile Mngomezulu] V1,120247856724080278,8,8,8,6,21,0.78,28,8
2026-08-06,120247856752040278,[AFS] [F3] [Zandile Mngomezulu] V2,120247856724080278,69,69,69,82,207,5.92,154,41
2026-08-06,120247856757990278,[AFS] [F3] [Zandile Mngomezulu] V3,120247856724080278,19,19,19,24,51,3.79,106,19
2026-08-06,120247856764540278,[AFS] [F3] [Zandile Mngomezulu] V4,120247856724080278,39,39,39,45,111,3.87,89,24
2026-08-06,120247856774430278,[AFS] [F3] [Zandile Mngomezulu] V5,120247856724080278,31,31,31,45,108,4.40,97,18
2026-08-06,120247856781020278,[AFS] [F3] [Zandile Mngomezulu] V6,120247856724080278,39,39,39,51,123,6.17,134,24
2026-08-06,120253082723400281,,,0,0,0,0,0,0,1,1
2026-08-06,120253082817280281,,,0,0,0,0,0,0,1,1
2026-08-06,120253101303050281,,,0,0,0,0,0,0,3,2
2026-08-06,120253101321190281,,,0,0,0,0,0,0,1,1
2026-08-06,120253101346700281,,,0,0,0,0,0,0,1,1
2026-08-06,120253138745550281,,,0,0,0,0,0,0,1,1
2026-08-06,120253138906100281,,,0,0,0,0,0,0,1,1
2026-08-06,120253138933900281,,,0,0,0,0,0,0,2,1
2026-08-06,120253141499830281,,,0,0,0,0,0,0,1,1
2026-08-06,120253141747920281,,,0,0,0,0,0,0,5,2
2026-08-06,120253141945370281,,,0,0,0,0,0,0,6,2
2026-08-06,120253142036410281,,,0,0,0,0,0,0,2,1
2026-08-06,120253142290360281,,,0,0,0,0,0,0,1,1
2026-08-06,120253142301540281,,,0,0,0,0,0,0,1,1
2026-08-06,120253167383880281,,,0,0,0,0,0,0,11,3
2026-08-06,120253167949790281,,,0,0,0,0,0,0,1,1
2026-08-06,120253168276010281,,,0,0,0,0,0,0,1,1
2026-08-06,120253168279700281,,,0,0,0,0,0,0,1,1
2026-08-06,120253168474870281,,,0,0,0,0,0,0,2,1
2026-08-06,120253224542190281,,,0,0,0,0,0,0,2,1
2026-08-06,120253224960730281,,,0,0,0,0,0,0,3,3
2026-08-06,120253225073690281,,,0,0,0,0,0,0,2,1
2026-08-06,120253225087760281,,,0,0,0,0,0,0,20,3
2026-08-06,120253225638960281,,,0,0,0,0,0,0,3,2
2026-08-06,120253225795580281,,,0,0,0,0,0,0,6,2
2026-08-06,120253225872080281,,,0,0,0,0,0,0,1,1
2026-08-06,120253302500280281,,,0,0,0,0,0,0,3,1
2026-08-06,120253302500340281,,,0,0,0,0,0,0,1,1
2026-08-06,120253302500350281,,,0,0,0,0,0,0,1,1
2026-08-06,120253303673670281,,,0,0,0,0,0,0,1,1
2026-08-06,120253303936160281,,,0,0,0,0,0,0,8,1
2026-08-06,120253406535550281,,,0,0,0,0,0,0,4,3
2026-08-06,120253406611390281,[AFS] [F3] [Zama Molefe] V2,120253406535430281,1,1,1,3,3,0.83,20,1
2026-08-06,120253406623060281,[AFS] [F3] [Zama Molefe] V3,120253406535430281,32,32,32,60,102,4.77,115,21
2026-08-06,120253406631270281,[AFS] [F3] [Zama Molefe] V4,120253406535430281,1,1,1,0,0,0,0,0
2026-08-06,120253406640860281,,,0,0,0,0,0,0,1,1
2026-08-06,120253406659640281,[AFS] [F3] [Zama Molefe] V6,120253406535430281,42,42,42,73,126,6.14,133,24
2026-08-06,120253406774810281,[AFS] [F3] [Ntombi Mofokeng] V2,120253406694250281,33,33,33,72,108,4.85,103,27
2026-08-06,120253406815340281,,,0,0,0,0,0,0,7,2
2026-08-06,120253406822870281,[AFS] [F3] [Ntombi Mofokeng] V5,120253406694250281,30,30,30,53,93,4.75,103,21
2026-08-06,120253406891930281,[AFS] [F3] [Sibongile Khoza] V1,120253406891860281,37,37,37,65,123,5.50,93,22
2026-08-06,120253406978040281,,,0,0,0,0,0,0,2,1
2026-08-06,120253406998850281,[AFS] [F3] [Sibongile Khoza] V3,120253406891860281,33,33,33,43,99,3.19,70,15
2026-08-06,120253407003410281,,,0,0,0,0,0,0,3,1
2026-08-06,120253407021750281,[AFS] [F3] [Sibongile Khoza] V5,120253406891860281,2,2,2,3,6,0.36,9,1
2026-08-06,120253407039770281,,,0,0,0,0,0,0,4,2
2026-08-06,120253407221960281,[AFS] [F3] [Thandeka Mokoena] V1,120253407221890281,1,1,1,0,3,0.00,0,0
2026-08-06,120253407333460281,[AFS] [F3] [Thandeka Mokoena] V2,120253407221890281,31,31,31,39,102,3.58,107,21
2026-08-06,120253407349550281,[AFS] [F3] [Thandeka Mokoena] V3,120253407221890281,1,1,1,0,3,0.00,0,0
2026-08-06,120253407356150281,,,0,0,0,0,0,0,2,1
2026-08-06,120253407402570281,[AFS] [F3] [Thandeka Mokoena] V5,120253407221890281,47,47,47,63,147,8.16,186,29
2026-08-06,120253407409760281,[AFS] [F3] [Thandeka Mokoena] V6,120253407221890281,75,75,75,114,234,11.57,242,47
2026-08-06,120253407556650281,,,0,0,0,0,0,0,1,1
2026-08-06,120253407641490281,,,0,0,0,0,0,0,2,1
2026-08-06,120253407759380281,,,0,0,0,0,0,0,4,2
2026-08-06,120253407926920281,,,0,0,0,0,0,0,2,2
2026-08-06,120253408396180281,,,0,0,0,0,0,0,1,1
2026-08-06,120253409946870281,[AFS] [F3] [Nobuhle Mahlangu] V3,120253408396060281,8,8,8,12,24,0.70,16,6
2026-08-06,120253409966970281,[AFS] [F3] [Nobuhle Mahlangu] V4,120253408396060281,14,14,14,18,42,0.88,22,9
2026-08-06,120253409983580281,[AFS] [F3] [Nobuhle Mahlangu] V5,120253408396060281,56,56,56,104,171,8.28,181,46
2026-08-06,120253411338910281,,,0,0,0,0,0,0,8,1
2026-08-06,120253411360680281,[AFS] [F3] [Paballo Letsoalo] V3,120253411255550281,10,10,10,9,30,1.39,37,7
2026-08-06,120253411374160281,[AFS] [F3] [Paballo Letsoalo] V4,120253411255550281,1,1,1,3,3,0.42,9,1
2026-08-06,120253411400390281,[AFS] [F3] [Paballo Letsoalo] V5,120253411255550281,1,1,1,0,3,0.00,0,0
2026-08-06,120253411755750281,,,0,0,0,0,0,0,1,1
2026-08-06,120253411910950281,[AFS] [F3] [Nomonde Mokoena] V2,120253411813950281,9,9,9,15,30,0.83,16,6
2026-08-06,120253411937390281,[AFS] [F3] [Nomonde Mokoena] V3,120253411813950281,1,1,1,3,3,0.10,12,4
2026-08-06,120253411979140281,,,0,0,0,0,0,0,1,1
2026-08-06,120253415533200281,,,0,0,0,0,0,0,1,1
2026-08-06,120253415535590281,,,0,0,0,0,0,0,3,2
2026-08-06,120253415538610281,,,0,0,0,0,0,0,1,1
2026-08-06,120253415545930281,,,0,0,0,0,0,0,3,1
2026-08-06,120253415593700281,,,0,0,0,0,0,0,1,1
2026-08-06,120253415654240281,,,0,0,0,0,0,0,3,1
2026-08-06,120253415663260281,,,0,0,0,0,0,0,4,1
2026-08-06,120253415684090281,,,0,0,0,0,0,0,6,3
2026-08-06,120253415685920281,[AFS] [F3] [Neo Maluleka] V6,120253415627640281,1,1,1,0,3,0.00,4,1
2026-08-06,120253415718880281,,,0,0,0,0,0,0,2,1
2026-08-06,120253415721250281,,,0,0,0,0,0,0,1,1
2026-08-06,120253415728580281,,,0,0,0,0,0,0,4,1
2026-08-06,120253415760700281,,,0,0,0,0,0,0,3,1
2026-08-06,120253422809560281,[AFS] [F3] [Lethabo Sebola] V1,120253422809490281,20,20,20,33,60,2.73,92,14
2026-08-06,120253422896760281,[AFS] [F3] [Lethabo Sebola] V2,120253422809490281,12,12,12,9,30,0.31,14,7
2026-08-06,120253422900530281,[AFS] [F3] [Lethabo Sebola] V3,120253422809490281,74,74,74,88,213,7.61,199,46
2026-08-06,120253422902890281,[AFS] [F3] [Lethabo Sebola] V4,120253422809490281,59,59,59,84,171,7.70,280,47
2026-08-06,120253422905970281,[AFS] [F3] [Lethabo Sebola] V5,120253422809490281,40,40,40,52,132,6.73,174,30
2026-08-06,120253422910030281,[AFS] [F3] [Lethabo Sebola] V6,120253422809490281,17,17,17,17,51,1.30,33,9
2026-08-06,120253422925680281,[AFS] [F3] [Kgomotso Ramokgopa] V1,120253422925690281,47,47,47,63,144,3.78,97,28
2026-08-06,120253423000780281,[AFS] [F3] [Kgomotso Ramokgopa] V2,120253422925690281,149,149,149,241,450,16.49,440,106
2026-08-06,120253423005460281,[AFS] [F3] [Kgomotso Ramokgopa] V3,120253422925690281,57,57,57,101,174,8.66,228,44
2026-08-06,120253423013640281,[AFS] [F3] [Kgomotso Ramokgopa] V4,120253422925690281,50,50,50,53,144,4.65,130,27
2026-08-06,120253423021520281,[AFS] [F3] [Kgomotso Ramokgopa] V5,120253422925690281,57,57,57,91,177,6.68,169,38
2026-08-06,120253423035590281,[AFS] [F3] [Kgomotso Ramokgopa] V6,120253422925690281,71,71,71,127,210,8.29,231,51
2026-08-06,120253423248640281,,,0,0,0,0,0,0,4,1
2026-08-06,120253423549100281,,,0,0,0,0,0,0,2,1
2026-08-06,120253423590130281,,,0,0,0,0,0,0,2,1
2026-08-06,120253423610380281,,,0,0,0,0,0,0,1,1
2026-08-06,120253423618130281,,,0,0,0,0,0,0,1,1
2026-08-06,120253423621190281,,,0,0,0,0,0,0,1,1
2026-08-06,120253423624560281,,,0,0,0,0,0,0,12,2
2026-08-06,120253423664560281,,,0,0,0,0,0,0,3,1
2026-08-06,120253423686830281,,,0,0,0,0,0,0,3,3
2026-08-06,120253423701340281,,,0,0,0,0,0,0,2,1
2026-08-06,120253423718910281,,,0,0,0,0,0,0,3,3
2026-08-06,120253428682050281,[AFS] [F3] [Zamokuhle Mavuso] V1,120253428682030281,23,23,23,22,69,2.86,80,15
2026-08-06,120253428701830281,[AFS] [F3] [Zamokuhle Mavuso] V3,120253428682030281,1,1,1,3,3,0.18,5,1
2026-08-06,120253428707890281,[AFS] [F3] [Zamokuhle Mavuso] V5,120253428682030281,11,11,11,0,27,0.17,12,4
2026-08-06,120253428717860281,[AFS] [F3] [Zamokuhle Mavuso] V6,120253428682030281,16,16,16,20,48,2.17,55,9
2026-08-06,120253428739300281,,,0,0,0,0,0,0,3,1
2026-08-06,120253428745740281,[AFS] [F3] [Nompilo Makhathini] V3,120253428726860281,15,15,15,11,45,1.75,69,14
2026-08-06,120253428747820281,[AFS] [F3] [Nompilo Makhathini] V4,120253428726860281,21,21,21,18,69,2.49,71,18
2026-08-06,120253428749630281,[AFS] [F3] [Nompilo Makhathini] V5,120253428726860281,19,19,19,6,51,1.16,37,10
2026-08-06,120253428752090281,[AFS] [F3] [Nompilo Makhathini] V6,120253428726860281,1,1,1,0,3,0.00,1,1
2026-08-06,120253428755700281,[AFS] [F3] [Hloniphile Mpanza] V1,120253428755630281,33,33,33,45,105,3.16,64,20
2026-08-06,120253428768520281,[AFS] [F3] [Hloniphile Mpanza] V2,120253428755630281,46,46,46,40,132,2.74,74,20
2026-08-06,120253428772810281,[AFS] [F3] [Hloniphile Mpanza] V3,120253428755630281,31,31,31,44,84,4.57,128,20
2026-08-06,120253428775060281,[AFS] [F3] [Hloniphile Mpanza] V4,120253428755630281,73,73,73,93,228,7.92,185,46
2026-08-06,120253428777030281,[AFS] [F3] [Hloniphile Mpanza] V5,120253428755630281,38,38,38,26,108,1.80,46,17
2026-08-06,120253428778770281,[AFS] [F3] [Hloniphile Mpanza] V6,120253428755630281,12,12,12,5,30,0.23,15,7
2026-08-06,120253428784400281,[AFS] [F3] [Ayabonga Ngubane] V1,120253428784320281,2,2,2,3,6,0.38,10,2
2026-08-06,120253428817070281,[AFS] [F3] [Ayabonga Ngubane] V2,120253428784320281,18,18,18,21,57,2.52,52,13
2026-08-06,120253428858230281,[AFS] [F3] [Ayabonga Ngubane] V3,120253428784320281,1,1,1,0,3,0.00,1,1
2026-08-06,120253428860840281,[AFS] [F3] [Ayabonga Ngubane] V4,120253428784320281,1,1,1,3,3,0.16,8,2
2026-08-06,120253428863400281,[AFS] [F3] [Ayabonga Ngubane] V5,120253428784320281,25,25,25,14,69,1.33,44,14
2026-08-06,120253428866700281,[AFS] [F3] [Ayabonga Ngubane] V6,120253428784320281,1,1,1,0,3,0.05,1,1
2026-08-06,120253428881520281,,,0,0,0,0,0,0,6,2
2026-08-06,120253428925220281,,,0,0,0,0,0,0,8,4
2026-08-06,120253463450360281,,,0,0,0,0,0,0,1,1
2026-08-06,120253463576570281,,,0,0,0,0,0,0,11,4
2026-08-06,120253463585430281,,,0,0,0,0,0,0,7,3
2026-08-06,120253463592030281,,,0,0,0,0,0,0,18,6
2026-08-06,120253463600660281,,,0,0,0,0,0,0,1,1
2026-08-06,120253464056810281,,,0,0,0,0,0,0,3,1
2026-08-06,120253464091590281,,,0,0,0,0,0,0,6,3
2026-08-06,120253464096330281,,,0,0,0,0,0,0,2,1
2026-08-06,120253464099200281,,,0,0,0,0,0,0,3,1
2026-08-06,120253464120750281,,,0,0,0,0,0,0,2,2
2026-08-06,120253464203130281,,,0,0,0,0,0,0,9,1
2026-08-06,120253464215330281,,,0,0,0,0,0,0,11,3
2026-08-06,120253464217740281,,,0,0,0,0,0,0,4,2
2026-08-06,120253464315370281,,,0,0,0,0,0,0,2,1
2026-08-06,120253464315380281,,,0,0,0,0,0,0,7,2
2026-08-06,120253464385490281,,,0,0,0,0,0,0,2,2
2026-08-06,120253464442800281,,,0,0,0,0,0,0,3,2
2026-08-06,120253464464390281,,,0,0,0,0,0,0,3,1
2026-08-06,120253464469150281,,,0,0,0,0,0,0,4,1
2026-08-06,120253464476760281,,,0,0,0,0,0,0,4,2
2026-08-07,120247357080930278,,,0,0,0,0,0,0,6,1
2026-08-07,120247357080980278,[AFS] [F3] [AMARA OKAFOR] V5,120247357080990278,1,1,1,0,3,0.02,11,2
2026-08-07,120247357081010278,[AFS] [F3] [AMARA OKAFOR] V6,120247357080990278,37,37,37,24,105,3.72,129,35
2026-08-07,120247357081030278,,,0,0,0,0,0,0,5,3
2026-08-07,120247357081040278,[AFS] [F3] [AMARA OKAFOR] V2,120247357080990278,3,3,3,0,9,0.00,4,3
2026-08-07,120247357081050278,[AFS] [F3] [AMARA OKAFOR] V4,120247357080990278,1,1,1,0,3,0.00,6,4
2026-08-07,120247357457050278,[AFS] [F3] [ZOLA DLAMINI] V4,120247357456980278,29,29,29,20,72,1.92,86,22
2026-08-07,120247357457070278,[AFS] [F3] [ZOLA DLAMINI] V3,120247357456980278,33,33,33,35,96,4.45,131,28
2026-08-07,120247357457080278,[AFS] [F3] [ZOLA DLAMINI] V5,120247357456980278,4,4,4,5,15,0.56,19,7
2026-08-07,120247357457090278,[AFS] [F3] [ZOLA DLAMINI]V6,120247357456980278,36,36,36,47,102,4.61,146,38
2026-08-07,120247357457100278,[AFS] [F3] [ZOLA DLAMINI] V1,120247357456980278,39,39,39,40,111,3.65,143,30
2026-08-07,120247358420040278,[AFS] [F3] [AMINATA DIALLO] V6,120247358419970278,1,1,1,0,3,0.00,1,1
2026-08-07,120247358420050278,[AFS] [F3] [AMINATA DIALLO] V4,120247358419970278,1,1,1,0,3,0.00,0,0
2026-08-07,120247358420060278,[AFS] [F3] [AMINATA DIALLO] V5,120247358419970278,2,2,2,0,3,0.05,11,7
2026-08-07,120247358420070278,[AFS] [F3] [AMINATA DIALLO] V3,120247358419970278,35,35,35,36,96,3.29,100,28
2026-08-07,120247358420080278,[AFS] [F3] [AMINATA DIALLO] V2,120247358419970278,1,1,1,0,3,0.03,3,3
2026-08-07,120247358420090278,[AFS] [F3] [AMINATA DIALLO] V1,120247358419970278,1,1,1,0,3,0.00,0,0
2026-08-07,120247358791350278,,,0,0,0,0,0,0,2,2
2026-08-07,120247358791390278,,,0,0,0,0,0,0,1,1
2026-08-07,120247359464720278,[AFS] [F3] [NOMVULA MOKOENA] V6,120247359464690278,41,41,41,53,114,4.01,114,26
2026-08-07,120247359464770278,[AFS] [F3] [NOMVULA MOKOENA] V4,120247359464690278,1,1,1,3,3,0.17,4,1
2026-08-07,120247359464800278,,,0,0,0,0,0,0,1,1
2026-08-07,120247360141410278,[AFS] [F3] [CHIPO MOYO]  V6,120247360141370278,37,37,37,49,108,3.75,126,33
2026-08-07,120247360141470278,[AFS] [F3] [CHIPO MOYO]  V5,120247360141370278,1,1,1,3,3,0.11,3,1
2026-08-07,120247360141480278,[AFS] [F3] [CHIPO MOYO]  V4,120247360141370278,27,27,27,26,75,3.03,105,27
2026-08-07,120247360141490278,[AFS] [F3] [CHIPO MOYO]  V2,120247360141370278,34,34,34,42,96,3.79,104,28
2026-08-07,120247360356770278,[AFS] [F3] [FATOUMATA TRAORE] V4,120247360356710278,1,1,1,0,3,0.05,4,4
2026-08-07,120247360356790278,[AFS] [F3] [FATOUMATA TRAORE] V6,120247360356710278,23,23,23,27,63,2.63,64,15
2026-08-07,120247360356810278,,,0,0,0,0,0,0,1,1
2026-08-07,120247360356820278,[AFS] [F3] [FATOUMATA TRAORE] V2,120247360356710278,1,1,1,0,3,0.00,8,3
2026-08-07,120247360356830278,[AFS] [F3] [FATOUMATA TRAORE] V1,120247360356710278,27,27,27,21,75,1.92,60,22
2026-08-07,120247360531040278,,,0,0,0,0,0,0,2,1
2026-08-07,120247360531120278,,,0,0,0,0,0,0,6,2
2026-08-07,120247360531130278,[AFS] [F3] [AMINATA DIALLO] V5,120247360531070278,30,30,30,18,78,2.26,69,20
2026-08-07,120247360531140278,[AFS] [F3] [AMINATA DIALLO] V6,120247360531070278,43,43,43,35,117,2.97,136,43
2026-08-07,120247360531150278,,,0,0,0,0,0,0,4,1
2026-08-07,120247382249550278,,,0,0,0,0,0,0,4,1
2026-08-07,120247382249560278,,,0,0,0,0,0,0,4,1
2026-08-07,120247382323040278,[AFS] [F3] [WANGARI KAMAU] V4,120247382322970278,30,30,30,38,90,5.31,138,31
2026-08-07,120247382323050278,[AFS] [F3] [WANGARI KAMAU] V6,120247382322970278,29,29,29,22,75,3.83,116,25
2026-08-07,120247382323060278,[AFS] [F3] [WANGARI KAMAU] V5,120247382322970278,26,26,26,9,66,1.10,64,21
2026-08-07,120247382323070278,[AFS] [F3] [WANGARI KAMAU] V2,120247382322970278,35,35,35,42,99,4.75,155,37
2026-08-07,120247382323080278,[AFS] [F3] [WANGARI KAMAU] V3,120247382322970278,30,30,30,29,78,4.29,117,25
2026-08-07,120247382323090278,[AFS] [F3] [WANGARI KAMAU] V1,120247382322970278,37,37,37,38,108,3.11,123,33
2026-08-07,120247488168300278,,,0,0,0,0,0,0,8,8
2026-08-07,120247488215910278,,,0,0,0,0,0,0,13,11
2026-08-07,120247488220950278,,,0,0,0,0,0,0,18,11
2026-08-07,120247488225850278,,,0,0,0,0,0,0,8,7
2026-08-07,120247488230320278,,,0,0,0,0,0,0,3,1
2026-08-07,120247488259350278,[AFS] [F3] [LUNGILE HADEBE] V1,120247488259330278,38,38,38,63,105,4.02,120,39
2026-08-07,120247488373900278,[AFS] [F3] [LUNGILE HADEBE] V5,120247488259330278,1,1,1,3,3,0.08,2,1
2026-08-07,120247488419540278,,,0,0,0,0,0,0,1,1
2026-08-07,120247488474100278,[AFS] [F3] [LERATO MAHLANGU] V1,120247488474000278,40,40,40,46,102,3.57,129,32
2026-08-07,120247488660110278,[AFS] [F3] [LERATO MAHLANGU] V3,120247488474000278,31,31,31,22,90,2.23,83,26
2026-08-07,120247488793560278,[AFS] [F3] [LERATO MAHLANGU] V4,120247488474000278,2,2,2,3,3,0.31,24,5
2026-08-07,120247488827940278,[AFS] [F3] [LERATO MAHLANGU] V5,120247488474000278,54,54,54,64,159,6.50,185,53
2026-08-07,120247488854820278,[AFS] [F3] [LERATO MAHLANGU] V6,120247488474000278,31,31,31,20,84,2.37,97,23
2026-08-07,120247488968980278,[AFS] [F3] [NOURBESE ACHEBE] V2,120247488930090278,32,32,32,50,99,4.99,147,30
2026-08-07,120247489016960278,,,0,0,0,0,0,0,1,1
2026-08-07,120247489033080278,,,0,0,0,0,3,0.00,0,0
2026-08-07,120247489113490278,,,0,0,0,0,0,0,1,1
2026-08-07,120247489155770278,,,0,0,0,0,0,0,1,1
2026-08-07,120247489160520278,,,0,0,0,0,0,0,34,19
2026-08-07,120247506249690278,,,0,0,0,0,0,0,3,2
2026-08-07,120247506530130278,,,0,0,0,0,0,0,1,1
2026-08-07,120247506542160278,[AFS] [F3] [MBALI BUTHELEZI] V3,120247506424170278,23,23,23,21,66,2.24,74,18
2026-08-07,120247566558640278,,,0,0,0,0,0,0,11,1
2026-08-07,120247753268600278,[AFS] [F3] [Siphesihle Cele] V1,120247753268510278,2,2,2,1,6,0.07,4,4
2026-08-07,120247753333380278,[AFS] [F3] [Siphesihle Cele] V2,120247753268510278,14,14,14,9,51,1.66,50,17
2026-08-07,120247753339060278,[AFS] [F3] [Siphesihle Cele] V3,120247753268510278,22,22,22,9,54,1.14,28,13
2026-08-07,120247753343390278,[AFS] [F3] [Siphesihle Cele] V4,120247753268510278,21,21,21,15,69,1.77,48,13
2026-08-07,120247753348540278,,,0,0,0,0,0,0,2,1
2026-08-07,120247753359010278,[AFS] [F3] [Siphesihle Cele] V6,120247753268510278,16,16,16,8,39,1.50,56,15
2026-08-07,120247753572160278,[AFS] [F3] [Khanyisa Zwane] V1,120247753572060278,34,34,34,25,84,2.87,91,26
2026-08-07,120247753631300278,[AFS] [F3] [Khanyisa Zwane] V2,120247753572060278,20,20,20,18,60,1.46,48,14
2026-08-07,120247753639190278,,,0,0,0,0,0,0,7,5
2026-08-07,120247753647720278,[AFS] [F3] [Khanyisa Zwane] V4,120247753572060278,52,52,52,75,144,7.52,235,48
2026-08-07,120247753656710278,[AFS] [F3] [Khanyisa Zwane] V5,120247753572060278,6,6,6,5,15,0.79,35,16
2026-08-07,120247753719190278,[AFS] [F3] [Yonela Mnguni] V1,120247753719120278,1,1,1,0,3,0.00,15,9
2026-08-07,120247753784310278,[AFS] [F3] [Yonela Mnguni] V2,120247753719120278,33,33,33,66,111,7.46,181,31
2026-08-07,120247753798010278,,,0,0,0,0,0,0,1,1
2026-08-07,120247753837730278,,,0,0,0,0,0,0,1,1
2026-08-07,120247753859960278,[AFS] [F3] [Khanyisile Nxumalo] V2,120247753837740278,44,44,44,61,123,5.93,201,50
2026-08-07,120247753870250278,,,0,0,0,0,0,0,2,2
2026-08-07,120247753880980278,[AFS] [F3] [Khanyisile Nxumalo] V4,120247753837740278,18,18,18,22,54,1.66,41,15
2026-08-07,120247753901780278,[AFS] [F3] [Khanyisile Nxumalo] V6,120247753837740278,3,3,3,3,6,0.19,27,13
2026-08-07,120247768344990278,,,0,0,0,0,0,0,2,1
2026-08-07,120247768350600278,,,0,0,0,0,0,0,1,1
2026-08-07,120247768444270278,,,0,0,0,0,0,0,4,3
2026-08-07,120247768572330278,,,0,0,0,0,0,0,3,3
2026-08-07,120247768594320278,,,0,0,0,0,0,0,7,4
2026-08-07,120247768668500278,,,0,0,0,0,0,0,4,4
2026-08-07,120247768725920278,,,0,0,0,0,0,0,2,2
2026-08-07,120247768731050278,,,0,0,0,0,0,0,6,4
2026-08-07,120247768736930278,,,0,0,0,0,0,0,1,1
2026-08-07,120247768743240278,,,0,0,0,0,0,0,11,5
2026-08-07,120247768768140278,,,0,0,0,0,0,0,2,2
2026-08-07,120247768802800278,,,0,0,0,0,0,0,3,3
2026-08-07,120247768808810278,,,0,0,0,0,0,0,18,10
2026-08-07,120247768820650278,,,0,0,0,0,0,0,1,1
2026-08-07,120247789784130330,,,0,0,0,0,0,0,1,1
2026-08-07,120247789789060330,,,0,0,0,0,0,0,9,1
2026-08-07,120247794376690278,,,0,0,0,0,0,0,1,1
2026-08-07,120247794399790278,,,0,0,0,0,0,0,1,1
2026-08-07,120247796575940278,,,0,0,0,0,0,0,2,2
2026-08-07,120247796826920278,,,0,0,0,0,0,0,1,1
2026-08-07,120247796879110278,,,0,0,0,0,0,0,4,4
2026-08-07,120247797128170278,,,0,0,0,0,0,0,1,1
2026-08-07,120247797143890278,,,0,0,0,0,0,0,2,2
2026-08-07,120247797321970278,,,0,0,0,0,0,0,1,1
2026-08-07,120247797324180278,,,0,0,0,0,0,0,1,1
2026-08-07,120247797327560278,,,0,0,0,0,0,0,4,2
2026-08-07,120247797542060278,,,0,0,0,0,0,0,2,1
2026-08-07,120247797557650278,,,0,0,0,0,0,0,1,1
2026-08-07,120247820515490278,,,0,0,0,0,0,0,2,2
2026-08-07,120247820541780278,,,0,0,0,0,0,0,1,1
2026-08-07,120247820550760278,,,0,0,0,0,0,0,3,3
2026-08-07,120247820561410278,,,0,0,0,0,0,0,18,11
2026-08-07,120247820571850278,,,0,0,0,0,0,0,1,1
2026-08-07,120247820576040278,,,0,0,0,0,0,0,4,3
2026-08-07,120247820591590278,,,0,0,0,0,0,0,5,3
2026-08-07,120247820644920278,[AFS] [F3] [Karabo Mabena] V3,120247820591600278,5,5,5,0,6,0.00,13,6
2026-08-07,120247820656040278,[AFS] [F3] [Karabo Mabena] V4,120247820591600278,3,3,3,0,0,0,10,8
2026-08-07,120247820662320278,[AFS] [F3] [Karabo Mabena] V5,120247820591600278,1,1,1,0,0,0,6,3
2026-08-07,120247820679540278,,,0,0,0,0,0,0,15,7
2026-08-07,120247820828710278,[AFS] [F3] [Masego Tladi] V1,120247820828620278,4,4,4,0,3,0.00,8,4
2026-08-07,120247820863330278,[AFS] [F3] [Masego Tladi] V3,120247820828620278,3,3,3,0,3,0.00,5,2
2026-08-07,120247820867870278,[AFS] [F3] [Masego Tladi] V4,120247820828620278,1,1,1,0,3,0.00,1,1
2026-08-07,120247820871440278,[AFS] [F3] [Masego Tladi] V5,120247820828620278,4,4,4,0,3,0.00,22,5
2026-08-07,120247820879080278,[AFS] [F3] [Masego Tladi] V6,120247820828620278,1,1,1,0,3,0.00,6,3
2026-08-07,120247820894460278,,,0,0,0,0,0,0,3,1
2026-08-07,120247820917600278,,,0,0,0,0,0,0,3,1
2026-08-07,120247820928030278,,,0,0,0,0,0,0,6,4
2026-08-07,120247820942330278,,,0,0,0,0,0,0,1,1
2026-08-07,120247820951910278,,,0,0,0,0,0,0,2,1
2026-08-07,120247820965250278,,,0,0,0,0,0,0,1,1
2026-08-07,120247821464700278,,,0,0,0,0,0,0,7,2
2026-08-07,120247821820870278,,,0,0,0,0,0,0,1,1
2026-08-07,120247821828360278,,,0,0,0,0,0,0,2,2
2026-08-07,120247821837280278,,,0,0,0,0,0,0,1,1
2026-08-07,120247821848280278,,,0,0,0,0,0,0,3,3
2026-08-07,120247821940850278,,,0,0,0,0,0,0,2,2
2026-08-07,120247821966990278,,,0,0,0,0,0,0,1,1
2026-08-07,120247821987070278,[AFS] [F3] [Chidinma Eze] V4,120247821868880278,17,17,17,12,45,2.14,81,17
2026-08-07,120247822006950278,,,0,0,0,0,0,0,2,1
2026-08-07,120247822019620278,[AFS] [F3] [Chidinma Eze] V6,120247821868880278,20,20,20,15,42,1.83,69,16
2026-08-07,120247822046990278,,,0,0,0,0,0,0,11,2
2026-08-07,120247822100450278,,,0,0,0,0,0,0,4,2
2026-08-07,120247822112860278,,,0,0,0,0,0,0,12,3
2026-08-07,120247822122310278,,,0,0,0,0,0,0,1,1
2026-08-07,120247822126780278,,,0,0,0,0,0,0,2,2
2026-08-07,120247822249050278,[AFS] [F3] [Nneka Obi] V1,120247822248970278,1,1,1,2,3,0.28,11,4
2026-08-07,120247822275040278,[AFS] [F3] [Nneka Obi] V2,120247822248970278,24,24,24,21,66,4.29,142,23
2026-08-07,120247822285260278,[AFS] [F3] [Nneka Obi] V3,120247822248970278,22,22,22,9,57,1.35,44,14
2026-08-07,120247822296620278,[AFS] [F3] [Nneka Obi] V4,120247822248970278,13,13,13,5,36,1.11,38,11
2026-08-07,120247822303740278,[AFS] [F3] [Nneka Obi] V5,120247822248970278,1,1,1,0,3,0.00,2,2
2026-08-07,120247822311930278,[AFS] [F3] [Nneka Obi] V6,120247822248970278,2,2,2,0,6,0.09,14,6
2026-08-07,120247851538880278,[AFS] [F3] [Anele Makhubo] V1,120247851538820278,1,1,1,0,3,0.02,1,1
2026-08-07,120247851671460278,[AFS] [F3] [Anele Makhubo] V3,120247851538820278,1,1,1,0,3,0.00,0,0
2026-08-07,120247851697130278,,,0,0,0,0,0,0,2,2
2026-08-07,120247851738670278,,,0,0,0,0,0,0,1,1
2026-08-07,120247851790370278,,,0,0,0,0,0,0,7,3
2026-08-07,120247852157620278,[AFS] [F3] [Lukhanyiso Maphosa] V1,120247852157360278,1,1,1,0,3,0.00,2,1
2026-08-07,120247852194640278,[AFS] [F3] [Lukhanyiso Maphosa] V2,120247852157360278,30,30,30,29,81,3.26,130,35
2026-08-07,120247852205280278,,,0,0,0,0,0,0,3,2
2026-08-07,120247852217870278,[AFS] [F3] [Lukhanyiso Maphosa] V4,120247852157360278,29,29,29,41,87,2.72,86,26
2026-08-07,120247852230800278,[AFS] [F3] [Lukhanyiso Maphosa] V5,120247852157360278,32,32,32,31,102,5.00,140,24
2026-08-07,120247852240720278,,,0,0,0,0,0,0,2,1
2026-08-07,120247852291670278,[AFS] [F3] [Luyanda Mbatha] V1,120247852291590278,1,1,1,0,3,0.05,12,5
2026-08-07,120247852331040278,[AFS] [F3] [Luyanda Mbatha] V2,120247852291590278,2,2,2,0,6,0.00,3,3
2026-08-07,120247852344760278,,,0,0,0,0,0,0,7,2
2026-08-07,120247852359280278,[AFS] [F3] [Luyanda Mbatha] V4,120247852291590278,1,1,1,3,3,0.35,13,3
2026-08-07,120247852377810278,[AFS] [F3] [Luyanda Mbatha] V5,120247852291590278,18,18,18,18,54,3.07,78,14
2026-08-07,120247852396100278,[AFS] [F3] [Luyanda Mbatha] V6,120247852291590278,23,23,23,25,63,2.96,80,19
2026-08-07,120247852465660278,,,0,0,0,0,0,0,2,2
2026-08-07,120247852536100278,,,0,0,0,0,0,0,1,1
2026-08-07,120247852558940278,,,0,0,0,0,0,0,3,3
2026-08-07,120247852565710278,,,0,0,0,0,0,0,2,2
2026-08-07,120247855943690278,[AFS] [F3] [Nobuntu Shabalala] V1,120247855943600278,39,39,39,39,126,3.82,120,35
2026-08-07,120247856005940278,[AFS] [F3] [Nobuntu Shabalala] V2,120247855943600278,1,1,1,3,3,0.63,17,2
2026-08-07,120247856009420278,[AFS] [F3] [Nobuntu Shabalala] V3,120247855943600278,27,27,27,33,90,4.25,104,15
2026-08-07,120247856014920278,[AFS] [F3] [Nobuntu Shabalala] V4,120247855943600278,21,21,21,30,69,3.36,67,13
2026-08-07,120247856024270278,,,0,0,0,0,0,0,6,3
2026-08-07,120247856030210278,,,0,0,0,0,0,0,1,1
2026-08-07,120247856056660278,[AFS] [F3] [Nqobile Mthethwa] V1,120247856056590278,2,2,2,0,3,0.00,7,3
2026-08-07,120247856129530278,[AFS] [F3] [Nqobile Mthethwa] V2,120247856056590278,27,27,27,21,78,2.51,119,29
2026-08-07,120247856135340278,[AFS] [F3] [Nqobile Mthethwa] V3,120247856056590278,1,1,1,0,3,0.05,2,2
2026-08-07,120247856138670278,[AFS] [F3] [Nqobile Mthethwa] V4,120247856056590278,26,26,26,19,78,2.53,76,17
2026-08-07,120247856141810278,[AFS] [F3] [Nqobile Mthethwa] V5,120247856056590278,34,34,34,13,102,2.18,98,22
2026-08-07,120247856145880278,[AFS] [F3] [Nqobile Mthethwa] V6,120247856056590278,1,1,1,3,3,0.14,4,1
2026-08-07,120247856312700278,[AFS] [F3] [Noxolo Vilakazi] V1,120247856312660278,47,47,47,64,156,4.91,157,38
2026-08-07,120247856386010278,[AFS] [F3] [Noxolo Vilakazi] V3,120247856312660278,2,2,2,0,6,0.00,3,3
2026-08-07,120247856415450278,[AFS] [F3] [Noxolo Vilakazi] V4,120247856312660278,57,57,57,81,171,8.25,180,37
2026-08-07,120247856599050278,[AFS] [F3] [Noxolo Vilakazi] V5,120247856312660278,1,1,1,0,0,0,4,3
2026-08-07,120247856608070278,[AFS] [F3] [Noxolo Vilakazi] V6,120247856312660278,34,34,34,35,114,3.59,86,23
2026-08-07,120247856633450278,[AFS] [F3] [Lindokuhle Mngadi] V1,120247856633350278,36,36,36,29,120,2.19,76,25
2026-08-07,120247856660550278,[AFS] [F3] [Lindokuhle Mngadi] V2,120247856633350278,30,30,30,35,99,3.43,91,22
2026-08-07,120247856672630278,,,0,0,0,0,0,0,4,4
2026-08-07,120247856679370278,[AFS] [F3] [Lindokuhle Mngadi] V5,120247856633350278,1,1,1,3,3,0.21,7,3
2026-08-07,120247856684580278,[AFS] [F3] [Lindokuhle Mngadi] V6,120247856633350278,2,2,2,0,6,0.07,7,3
2026-08-07,120247856724190278,[AFS] [F3] [Zandile Mngomezulu] V1,120247856724080278,1,1,1,3,3,0.15,6,2
2026-08-07,120247856752040278,[AFS] [F3] [Zandile Mngomezulu] V2,120247856724080278,58,58,58,107,180,8.28,196,49
2026-08-07,120247856757990278,[AFS] [F3] [Zandile Mngomezulu] V3,120247856724080278,2,2,2,5,6,0.67,26,6
2026-08-07,120247856764540278,[AFS] [F3] [Zandile Mngomezulu] V4,120247856724080278,1,1,1,3,3,0.10,17,10
2026-08-07,120247856774430278,[AFS] [F3] [Zandile Mngomezulu] V5,120247856724080278,45,45,45,30,129,1.89,67,24
2026-08-07,120247856781020278,[AFS] [F3] [Zandile Mngomezulu] V6,120247856724080278,29,29,29,36,90,2.51,94,24
2026-08-07,120253082817280281,,,0,0,0,0,0,0,2,2
2026-08-07,120253101288330281,,,0,0,0,0,0,0,2,1
2026-08-07,120253101321190281,,,0,0,0,0,0,0,1,1
2026-08-07,120253101346700281,,,0,0,0,0,0,0,1,1
2026-08-07,120253101348250281,,,0,0,0,0,0,0,2,1
2026-08-07,120253137153070281,,,0,0,0,0,0,0,1,1
2026-08-07,120253137209500281,,,0,0,0,0,0,0,1,1
2026-08-07,120253138745550281,,,0,0,0,0,0,0,7,1
2026-08-07,120253141502670281,,,0,0,0,0,0,0,4,1
2026-08-07,120253141747920281,,,0,0,0,0,0,0,5,3
2026-08-07,120253141945370281,,,0,0,0,0,0,0,1,1
2026-08-07,120253142290360281,,,0,0,0,0,0,0,11,1
2026-08-07,120253142297110281,,,0,0,0,0,0,0,3,1
2026-08-07,120253167947120281,,,0,0,0,0,0,0,4,1
2026-08-07,120253167956510281,,,0,0,0,0,0,0,1,1
2026-08-07,120253224960730281,,,0,0,0,0,0,0,8,2
2026-08-07,120253225073690281,,,0,0,0,0,0,0,1,1
2026-08-07,120253225638960281,,,0,0,0,0,0,0,1,1
2026-08-07,120253225872080281,,,0,0,0,0,0,0,1,1
2026-08-07,120253225880820281,,,0,0,0,0,0,0,2,2
2026-08-07,120253225889030281,,,0,0,0,0,0,0,2,1
2026-08-07,120253226001460281,,,0,0,0,0,0,0,1,1
2026-08-07,120253302500280281,,,0,0,0,0,0,0,8,1
2026-08-07,120253302500340281,,,0,0,0,0,0,0,1,1
2026-08-07,120253303687920281,,,0,0,0,0,0,0,1,1
2026-08-07,120253406623060281,[AFS] [F3] [Zama Molefe] V3,120253406535430281,32,32,32,26,102,2.23,56,18
2026-08-07,120253406631270281,,,0,0,0,0,0,0,1,1
2026-08-07,120253406640860281,[AFS] [F3] [Zama Molefe] V5,120253406535430281,1,1,1,2,3,0.08,2,1
2026-08-07,120253406659640281,[AFS] [F3] [Zama Molefe] V6,120253406535430281,43,43,43,56,144,3.98,106,27
2026-08-07,120253406774810281,[AFS] [F3] [Ntombi Mofokeng] V2,120253406694250281,26,26,26,18,75,2.16,69,17
2026-08-07,120253406811390281,,,0,0,0,3,3,0.17,6,1
2026-08-07,120253406815340281,,,0,0,0,0,0,0,14,1
2026-08-07,120253406822870281,[AFS] [F3] [Ntombi Mofokeng] V5,120253406694250281,20,20,20,21,69,2.54,67,12
2026-08-07,120253406852120281,[AFS] [F3] [Ntombi Mofokeng] V6,120253406694250281,1,1,1,0,3,0.00,4,1
2026-08-07,120253406891930281,[AFS] [F3] [Sibongile Khoza] V1,120253406891860281,29,29,29,47,87,3.87,129,23
2026-08-07,120253406998850281,[AFS] [F3] [Sibongile Khoza] V3,120253406891860281,2,2,2,1,6,0.03,11,6
2026-08-07,120253407021750281,[AFS] [F3] [Sibongile Khoza] V5,120253406891860281,1,1,1,0,3,0.00,0,0
2026-08-07,120253407221960281,,,0,0,0,0,0,0,9,1
2026-08-07,120253407333460281,[AFS] [F3] [Thandeka Mokoena] V2,120253407221890281,35,35,35,59,108,3.72,94,22
2026-08-07,120253407402570281,[AFS] [F3] [Thandeka Mokoena] V5,120253407221890281,48,48,48,60,147,6.22,133,30
2026-08-07,120253407409760281,[AFS] [F3] [Thandeka Mokoena] V6,120253407221890281,39,39,39,45,120,4.20,139,30
2026-08-07,120253407539430281,,,0,0,0,0,0,0,1,1
2026-08-07,120253407641490281,,,0,0,0,0,0,0,1,1
2026-08-07,120253407759380281,,,0,0,0,0,0,0,1,1
2026-08-07,120253407926920281,,,0,0,0,0,0,0,1,1
2026-08-07,120253409946870281,,,0,0,0,0,0,0,6,3
2026-08-07,120253409966970281,,,0,0,0,0,0,0,2,2
2026-08-07,120253409983580281,[AFS] [F3] [Nobuhle Mahlangu] V5,120253408396060281,37,37,37,69,120,7.26,205,34
2026-08-07,120253411338910281,,,0,0,0,0,0,0,2,2
2026-08-07,120253411360680281,,,0,0,0,0,0,0,1,1
2026-08-07,120253411374160281,,,0,0,0,0,0,0,2,2
2026-08-07,120253411400390281,,,0,0,0,0,0,0,4,1
2026-08-07,120253411661520281,,,0,0,0,0,0,0,8,1
2026-08-07,120253411755750281,,,0,0,0,0,0,0,1,1
2026-08-07,120253411910950281,[AFS] [F3] [Nomonde Mokoena] V2,120253411813950281,2,2,2,2,3,0.14,8,3
2026-08-07,120253411979140281,,,0,0,0,0,0,0,2,2
2026-08-07,120253415533200281,,,0,0,0,0,0,0,2,1
2026-08-07,120253415538610281,,,0,0,0,0,0,0,2,2
2026-08-07,120253415614300281,,,0,0,0,0,0,0,1,1
2026-08-07,120253415659550281,,,0,0,0,0,0,0,1,1
2026-08-07,120253415663260281,,,0,0,0,0,0,0,1,1
2026-08-07,120253415684090281,,,0,0,0,0,0,0,3,2
2026-08-07,120253415685920281,,,0,0,0,0,0,0,3,2
2026-08-07,120253415724350281,,,0,0,0,0,0,0,1,1
2026-08-07,120253415760700281,,,0,0,0,0,0,0,1,1
2026-08-07,120253415770520281,,,0,0,0,0,0,0,4,1
2026-08-07,120253422809560281,[AFS] [F3] [Lethabo Sebola] V1,120253422809490281,2,2,2,0,3,0.00,2,1
2026-08-07,120253422900530281,[AFS] [F3] [Lethabo Sebola] V3,120253422809490281,4,4,4,0,6,0.00,19,10
2026-08-07,120253422902890281,[AFS] [F3] [Lethabo Sebola] V4,120253422809490281,7,7,7,0,9,0.00,26,9
2026-08-07,120253422905970281,[AFS] [F3] [Lethabo Sebola] V5,120253422809490281,12,12,12,0,18,0.00,21,9
2026-08-07,120253422910030281,,,0,0,0,0,0,0,2,2
2026-08-07,120253422925680281,[AFS] [F3] [Kgomotso Ramokgopa] V1,120253422925690281,6,6,6,0,9,0.00,12,5
2026-08-07,120253423000780281,[AFS] [F3] [Kgomotso Ramokgopa] V2,120253422925690281,14,14,14,0,27,0.00,29,16
2026-08-07,120253423005460281,[AFS] [F3] [Kgomotso Ramokgopa] V3,120253422925690281,7,7,7,0,9,0.00,18,8
2026-08-07,120253423013640281,[AFS] [F3] [Kgomotso Ramokgopa] V4,120253422925690281,5,5,5,0,6,0.00,17,5
2026-08-07,120253423021520281,[AFS] [F3] [Kgomotso Ramokgopa] V5,120253422925690281,5,5,5,0,3,0.00,30,8
2026-08-07,120253423035590281,[AFS] [F3] [Kgomotso Ramokgopa] V6,120253422925690281,7,7,7,0,18,0.00,23,13
2026-08-07,120253423248640281,,,0,0,0,0,0,0,8,1
2026-08-07,120253423549100281,,,0,0,0,0,0,0,1,1
2026-08-07,120253423577250281,,,0,0,0,0,0,0,1,1
2026-08-07,120253423590130281,,,0,0,0,0,0,0,1,1
2026-08-07,120253423610380281,,,0,0,0,0,0,0,2,2
2026-08-07,120253423614520281,,,0,0,0,0,0,0,1,1
2026-08-07,120253423624560281,,,0,0,0,0,0,0,2,2
2026-08-07,120253423686830281,,,0,0,0,0,0,0,5,3
2026-08-07,120253423701340281,,,0,0,0,0,0,0,7,3
2026-08-07,120253423718910281,,,0,0,0,0,0,0,2,1
2026-08-07,120253428682050281,[AFS] [F3] [Zamokuhle Mavuso] V1,120253428682030281,17,17,17,12,48,1.23,31,10
2026-08-07,120253428701830281,,,0,0,0,0,0,0,1,1
2026-08-07,120253428704860281,,,0,0,0,0,0,0,2,2
2026-08-07,120253428717860281,,,0,0,0,0,0,0,1,1
2026-08-07,120253428726940281,[AFS] [F3] [Nompilo Makhathini] V1,120253428726860281,1,1,1,0,3,0.00,0,0
2026-08-07,120253428745740281,[AFS] [F3] [Nompilo Makhathini] V3,120253428726860281,1,1,1,0,0,0,2,2
2026-08-07,120253428747820281,[AFS] [F3] [Nompilo Makhathini] V4,120253428726860281,5,5,5,3,3,0.17,16,8
2026-08-07,120253428749630281,[AFS] [F3] [Nompilo Makhathini] V5,120253428726860281,16,16,16,9,45,1.29,34,11
2026-08-07,120253428755700281,[AFS] [F3] [Hloniphile Mpanza] V1,120253428755630281,24,24,24,27,60,2.01,79,20
2026-08-07,120253428768520281,[AFS] [F3] [Hloniphile Mpanza] V2,120253428755630281,8,8,8,2,18,0.13,22,14
2026-08-07,120253428772810281,[AFS] [F3] [Hloniphile Mpanza] V3,120253428755630281,26,26,26,31,75,3.71,85,19
2026-08-07,120253428775060281,[AFS] [F3] [Hloniphile Mpanza] V4,120253428755630281,37,37,37,30,102,3.01,76,26
2026-08-07,120253428777030281,[AFS] [F3] [Hloniphile Mpanza] V5,120253428755630281,4,4,4,6,9,0.70,18,5
2026-08-07,120253428778770281,[AFS] [F3] [Hloniphile Mpanza] V6,120253428755630281,1,1,1,0,3,0.00,0,0
2026-08-07,120253428817070281,[AFS] [F3] [Ayabonga Ngubane] V2,120253428784320281,17,17,17,0,45,0.34,28,11
2026-08-07,120253428863400281,[AFS] [F3] [Ayabonga Ngubane] V5,120253428784320281,1,1,1,0,3,0.00,3,2
2026-08-07,120253428866700281,,,0,0,0,0,0,0,2,1
2026-08-07,120253428925220281,,,0,0,0,0,0,0,2,1
2026-08-07,120253463567850281,,,0,0,0,0,0,0,2,1
2026-08-07,120253463576570281,,,0,0,0,0,0,0,1,1
2026-08-07,120253463585430281,,,0,0,0,0,0,0,3,3
2026-08-07,120253463592030281,,,0,0,0,0,0,0,4,3
2026-08-07,120253463600660281,,,0,0,0,0,0,0,1,1
2026-08-07,120253464056810281,,,0,0,0,0,0,0,9,3
2026-08-07,120253464081350281,,,0,0,0,0,0,0,13,3
2026-08-07,120253464088910281,,,0,0,0,0,0,0,18,1
2026-08-07,120253464091590281,,,0,0,0,0,0,0,3,3
2026-08-07,120253464096330281,,,0,0,0,0,0,0,1,1
2026-08-07,120253464120750281,,,0,0,0,0,0,0,1,1
2026-08-07,120253464209290281,,,0,0,0,0,0,0,2,1
2026-08-07,120253464215330281,,,0,0,0,0,0,0,1,1
2026-08-07,120253464315390281,,,0,0,0,0,0,0,2,2
2026-08-07,120253464315400281,,,0,0,0,0,0,0,4,3
2026-08-07,120253464315420281,,,0,0,0,0,0,0,1,1
2026-08-07,120253464459870281,,,0,0,0,0,0,0,2,2
2026-08-07,120253464464390281,,,0,0,0,0,0,0,2,1
2026-08-07,120253464476760281,,,0,0,0,0,0,0,1,1
2026-08-08,120247357080980278,[AFS] [F3] [AMARA OKAFOR] V5,120247357080990278,3,3,3,3,9,0.28,10,2
2026-08-08,120247357081010278,[AFS] [F3] [AMARA OKAFOR] V6,120247357080990278,52,52,52,52,168,3.70,112,28
2026-08-08,120247357081030278,[AFS] [F3] [AMARA OKAFOR] V3,120247357080990278,4,4,4,3,12,0.16,8,2
2026-08-08,120247357081040278,,,0,0,0,0,0,0,2,2
2026-08-08,120247357457050278,[AFS] [F3] [ZOLA DLAMINI] V4,120247357456980278,42,42,42,46,138,3.81,101,25
2026-08-08,120247357457060278,[AFS] [F3] [ZOLA DLAMINI] V2,120247357456980278,2,2,2,3,6,0.07,2,1
2026-08-08,120247357457070278,[AFS] [F3] [ZOLA DLAMINI] V3,120247357456980278,44,44,44,86,153,5.60,111,30
2026-08-08,120247357457080278,[AFS] [F3] [ZOLA DLAMINI] V5,120247357456980278,7,7,7,8,18,0.41,20,6
2026-08-08,120247357457090278,[AFS] [F3] [ZOLA DLAMINI]V6,120247357456980278,60,60,60,68,180,4.19,139,38
2026-08-08,120247357457100278,[AFS] [F3] [ZOLA DLAMINI] V1,120247357456980278,39,39,39,33,123,3.28,107,24
2026-08-08,120247358420040278,[AFS] [F3] [AMINATA DIALLO] V6,120247358419970278,1,1,1,3,3,0.30,11,2
2026-08-08,120247358420060278,[AFS] [F3] [AMINATA DIALLO] V5,120247358419970278,1,1,1,0,3,0.00,0,0
2026-08-08,120247358420070278,[AFS] [F3] [AMINATA DIALLO] V3,120247358419970278,43,43,43,59,138,5.16,133,38
2026-08-08,120247358420080278,[AFS] [F3] [AMINATA DIALLO] V2,120247358419970278,2,2,2,6,6,0.53,18,3
2026-08-08,120247358420090278,[AFS] [F3] [AMINATA DIALLO] V1,120247358419970278,1,1,1,3,3,0.23,8,2
2026-08-08,120247358791360278,,,0,0,0,0,0,0,4,1
2026-08-08,120247358791390278,,,0,0,0,0,0,0,1,1
2026-08-08,120247359464720278,[AFS] [F3] [NOMVULA MOKOENA] V6,120247359464690278,55,55,55,58,168,4.12,129,39
2026-08-08,120247360141410278,[AFS] [F3] [CHIPO MOYO]  V6,120247360141370278,61,61,61,105,195,9.64,261,46
2026-08-08,120247360141440278,[AFS] [F3] [CHIPO MOYO]  V3,120247360141370278,1,1,1,0,3,0.04,1,1
2026-08-08,120247360141470278,[AFS] [F3] [CHIPO MOYO]  V5,120247360141370278,1,1,1,3,3,0.25,16,4
2026-08-08,120247360141480278,[AFS] [F3] [CHIPO MOYO]  V4,120247360141370278,39,39,39,67,120,4.24,95,30
2026-08-08,120247360141490278,[AFS] [F3] [CHIPO MOYO]  V2,120247360141370278,44,44,44,68,141,4.45,146,35
2026-08-08,120247360356770278,[AFS] [F3] [FATOUMATA TRAORE] V4,120247360356710278,2,2,2,0,6,0.03,10,2
2026-08-08,120247360356790278,[AFS] [F3] [FATOUMATA TRAORE] V6,120247360356710278,31,31,31,64,108,4.68,117,22
2026-08-08,120247360356820278,,,0,0,0,0,0,0,3,2
2026-08-08,120247360356830278,[AFS] [F3] [FATOUMATA TRAORE] V1,120247360356710278,53,53,53,71,177,5.83,140,30
2026-08-08,120247360531040278,,,0,0,0,0,0,0,1,1
2026-08-08,120247360531120278,,,0,0,0,0,0,0,5,3
2026-08-08,120247360531130278,[AFS] [F3] [AMINATA DIALLO] V5,120247360531070278,42,42,42,70,141,4.95,134,31
2026-08-08,120247360531140278,[AFS] [F3] [AMINATA DIALLO] V6,120247360531070278,57,57,57,109,192,9.25,237,51
2026-08-08,120247382249560278,,,0,0,0,0,0,0,1,1
2026-08-08,120247382323040278,[AFS] [F3] [WANGARI KAMAU] V4,120247382322970278,50,50,50,77,162,6.09,205,37
2026-08-08,120247382323050278,[AFS] [F3] [WANGARI KAMAU] V6,120247382322970278,41,41,41,67,147,5.58,107,33
2026-08-08,120247382323060278,[AFS] [F3] [WANGARI KAMAU] V5,120247382322970278,43,43,43,29,135,2.15,60,17
2026-08-08,120247382323070278,[AFS] [F3] [WANGARI KAMAU] V2,120247382322970278,47,47,47,46,162,4.39,130,33
2026-08-08,120247382323080278,[AFS] [F3] [WANGARI KAMAU] V3,120247382322970278,53,53,53,73,177,5.31,110,29
2026-08-08,120247382323090278,[AFS] [F3] [WANGARI KAMAU] V1,120247382322970278,48,48,48,56,156,3.88,110,36
2026-08-08,120247488168300278,,,0,0,0,0,0,0,4,3
2026-08-08,120247488215910278,,,0,0,0,0,0,0,9,1
2026-08-08,120247488220950278,,,0,0,0,0,0,0,5,2
2026-08-08,120247488225850278,,,0,0,0,0,0,0,1,1
2026-08-08,120247488230320278,,,0,0,0,0,0,0,13,3
2026-08-08,120247488259350278,[AFS] [F3] [LUNGILE HADEBE] V1,120247488259330278,69,69,69,126,225,8.80,276,53
2026-08-08,120247488354910278,[AFS] [F3] [LUNGILE HADEBE] V2,120247488259330278,1,1,1,3,3,0.26,8,1
2026-08-08,120247488373900278,,,0,0,0,0,0,0,1,1
2026-08-08,120247488419540278,[AFS] [F3] [LUNGILE HADEBE] V6,120247488259330278,1,1,1,0,3,0.00,0,0
2026-08-08,120247488474100278,[AFS] [F3] [LERATO MAHLANGU] V1,120247488474000278,45,45,45,76,144,6.73,189,37
2026-08-08,120247488660110278,[AFS] [F3] [LERATO MAHLANGU] V3,120247488474000278,28,28,28,51,96,4.28,85,20
2026-08-08,120247488793560278,[AFS] [F3] [LERATO MAHLANGU] V4,120247488474000278,2,2,2,0,6,0.03,5,3
2026-08-08,120247488827940278,[AFS] [F3] [LERATO MAHLANGU] V5,120247488474000278,80,80,80,131,258,8.70,254,56
2026-08-08,120247488854820278,[AFS] [F3] [LERATO MAHLANGU] V6,120247488474000278,22,22,22,39,72,2.66,75,18
2026-08-08,120247488968980278,[AFS] [F3] [NOURBESE ACHEBE] V2,120247488930090278,36,36,36,42,108,4.44,137,28
2026-08-08,120247489010590278,[AFS] [F3] [NOURBESE ACHEBE] V4,120247488930090278,1,1,1,3,3,0.31,8,1
2026-08-08,120247489033080278,[AFS] [F3] [NOURBESE ACHEBE] V6,120247488930090278,1,1,1,0,0,0,0,0
2026-08-08,120247489055990278,,,0,0,0,0,0,0,1,1
2026-08-08,120247489113490278,,,0,0,0,0,0,0,1,1
2026-08-08,120247489160520278,,,0,0,0,0,0,0,10,8
2026-08-08,120247506168140278,,,0,0,0,0,0,0,1,1
2026-08-08,120247506216350278,,,0,0,0,0,0,0,1,1
2026-08-08,120247506249690278,,,0,0,0,0,0,0,1,1
2026-08-08,120247506424250278,,,0,0,0,0,0,0,2,2
2026-08-08,120247506530130278,,,0,0,0,0,0,0,2,2
2026-08-08,120247506542160278,[AFS] [F3] [MBALI BUTHELEZI] V3,120247506424170278,28,28,28,36,90,3.25,89,17
2026-08-08,120247506560570278,,,0,0,0,0,0,0,1,1
2026-08-08,120247511285940278,,,0,0,0,0,0,0,1,1
2026-08-08,120247566558640278,,,0,0,0,0,0,0,1,1
2026-08-08,120247566567050278,,,0,0,0,0,0,0,1,1
2026-08-08,120247566569190278,,,0,0,0,0,0,0,5,1
2026-08-08,120247753268600278,,,0,0,0,0,0,0,1,1
2026-08-08,120247753333380278,[AFS] [F3] [Siphesihle Cele] V2,120247753268510278,35,35,35,37,96,3.65,101,20
2026-08-08,120247753339060278,[AFS] [F3] [Siphesihle Cele] V3,120247753268510278,20,20,20,21,54,2.48,75,14
2026-08-08,120247753343390278,[AFS] [F3] [Siphesihle Cele] V4,120247753268510278,32,32,32,15,93,1.16,38,18
2026-08-08,120247753359010278,[AFS] [F3] [Siphesihle Cele] V6,120247753268510278,21,21,21,37,72,2.88,55,12
2026-08-08,120247753572160278,[AFS] [F3] [Khanyisa Zwane] V1,120247753572060278,45,45,45,59,147,4.23,115,30
2026-08-08,120247753631300278,[AFS] [F3] [Khanyisa Zwane] V2,120247753572060278,26,26,26,42,90,4.50,89,16
2026-08-08,120247753639190278,,,0,0,0,0,0,0,1,1
2026-08-08,120247753647720278,[AFS] [F3] [Khanyisa Zwane] V4,120247753572060278,44,44,44,53,129,4.46,161,36
2026-08-08,120247753656710278,[AFS] [F3] [Khanyisa Zwane] V5,120247753572060278,3,3,3,3,9,0.15,11,6
2026-08-08,120247753719190278,[AFS] [F3] [Yonela Mnguni] V1,120247753719120278,2,2,2,0,6,0.04,1,1
2026-08-08,120247753784310278,[AFS] [F3] [Yonela Mnguni] V2,120247753719120278,38,38,38,48,105,5.02,123,38
2026-08-08,120247753859960278,[AFS] [F3] [Khanyisile Nxumalo] V2,120247753837740278,48,48,48,68,165,5.78,171,39
2026-08-08,120247753880980278,[AFS] [F3] [Khanyisile Nxumalo] V4,120247753837740278,19,19,19,17,63,1.50,42,14
2026-08-08,120247753901780278,,,0,0,0,0,0,0,3,2
2026-08-08,120247768221230278,,,0,0,0,0,0,0,1,1
2026-08-08,120247768350600278,,,0,0,0,0,0,0,1,1
2026-08-08,120247768363360278,,,0,0,0,0,0,0,1,1
2026-08-08,120247768559710278,,,0,0,0,0,0,0,1,1
2026-08-08,120247768572330278,,,0,0,0,0,0,0,1,1
2026-08-08,120247768743240278,,,0,0,0,0,0,0,1,1
2026-08-08,120247768754730278,,,0,0,0,0,0,0,2,1
2026-08-08,120247768808810278,,,0,0,0,0,0,0,1,1
2026-08-08,120247794200350278,,,0,0,0,0,0,0,1,1
2026-08-08,120247794329770278,,,0,0,0,0,0,0,1,1
2026-08-08,120247796575940278,,,0,0,0,0,0,0,1,1
2026-08-08,120247796578200278,,,0,0,0,0,0,0,1,1
2026-08-08,120247796580280278,,,0,0,0,0,0,0,1,1
2026-08-08,120247796879110278,,,0,0,0,0,0,0,1,1
2026-08-08,120247796929360278,,,0,0,0,0,0,0,1,1
2026-08-08,120247796972630278,,,0,0,0,0,0,0,1,1
2026-08-08,120247797324180278,,,0,0,0,0,0,0,4,1
2026-08-08,120247797327560278,,,0,0,0,0,0,0,1,1
2026-08-08,120247797331350278,,,0,0,0,0,0,0,1,1
2026-08-08,120247797546330278,,,0,0,0,0,0,0,1,1
2026-08-08,120247797557650278,,,0,0,0,0,0,0,6,1
2026-08-08,120247820515490278,,,0,0,0,0,0,0,2,1
2026-08-08,120247820576040278,,,0,0,0,0,0,0,2,2
2026-08-08,120247820635940278,,,0,0,0,0,0,0,1,1
2026-08-08,120247820679540278,,,0,0,0,0,0,0,8,2
2026-08-08,120247820879080278,,,0,0,0,0,0,0,3,1
2026-08-08,120247821828360278,,,0,0,0,0,0,0,1,1
2026-08-08,120247821837280278,,,0,0,0,0,0,0,2,1
2026-08-08,120247821987070278,[AFS] [F3] [Chidinma Eze] V4,120247821868880278,1,1,1,3,3,0.22,8,2
2026-08-08,120247822019620278,[AFS] [F3] [Chidinma Eze] V6,120247821868880278,1,1,1,3,3,0.21,9,4
2026-08-08,120247822046990278,,,0,0,0,0,0,0,1,1
2026-08-08,120247822249050278,[AFS] [F3] [Nneka Obi] V1,120247822248970278,1,1,1,3,3,0.27,6,1
2026-08-08,120247822275040278,[AFS] [F3] [Nneka Obi] V2,120247822248970278,7,7,7,5,18,0.41,18,7
2026-08-08,120247822285260278,[AFS] [F3] [Nneka Obi] V3,120247822248970278,1,1,1,0,3,0.00,0,0
2026-08-08,120247822296620278,[AFS] [F3] [Nneka Obi] V4,120247822248970278,4,4,4,12,12,0.63,22,6
2026-08-08,120247822311930278,,,0,0,0,0,0,0,1,1
2026-08-08,120247843726790330,,,0,0,0,0,0,0,1,1
2026-08-08,120247851538880278,[AFS] [F3] [Anele Makhubo] V1,120247851538820278,1,1,1,3,3,0.13,5,2
2026-08-08,120247851671460278,,,0,0,0,0,0,0,3,2
2026-08-08,120247851697130278,,,0,0,0,0,0,0,1,1
2026-08-08,120247852194640278,[AFS] [F3] [Lukhanyiso Maphosa] V2,120247852157360278,8,8,8,9,24,0.83,37,11
2026-08-08,120247852217870278,[AFS] [F3] [Lukhanyiso Maphosa] V4,120247852157360278,39,39,39,53,111,3.20,110,28
2026-08-08,120247852230800278,[AFS] [F3] [Lukhanyiso Maphosa] V5,120247852157360278,28,28,28,31,72,1.84,67,20
2026-08-08,120247852359280278,,,0,0,0,0,0,0,1,1
2026-08-08,120247852377810278,[AFS] [F3] [Luyanda Mbatha] V5,120247852291590278,16,16,16,16,48,1.47,58,15
2026-08-08,120247852396100278,[AFS] [F3] [Luyanda Mbatha] V6,120247852291590278,12,12,12,7,36,0.78,30,13
2026-08-08,120247855943690278,[AFS] [F3] [Nobuntu Shabalala] V1,120247855943600278,57,57,57,60,153,4.65,144,33
2026-08-08,120247856005940278,,,0,0,0,3,3,0.23,0,0
2026-08-08,120247856009420278,[AFS] [F3] [Nobuntu Shabalala] V3,120247855943600278,51,51,51,66,147,5.22,164,37
2026-08-08,120247856014920278,[AFS] [F3] [Nobuntu Shabalala] V4,120247855943600278,23,23,23,24,69,1.72,56,18
2026-08-08,120247856024270278,[AFS] [F3] [Nobuntu Shabalala] V5,120247855943600278,1,1,1,0,3,0.00,2,1
2026-08-08,120247856056660278,,,0,0,0,0,0,0,6,1
2026-08-08,120247856129530278,[AFS] [F3] [Nqobile Mthethwa] V2,120247856056590278,29,29,29,51,90,6.11,160,22
2026-08-08,120247856138670278,[AFS] [F3] [Nqobile Mthethwa] V4,120247856056590278,31,31,31,34,96,3.82,96,16
2026-08-08,120247856141810278,[AFS] [F3] [Nqobile Mthethwa] V5,120247856056590278,27,27,27,36,87,2.29,79,26
2026-08-08,120247856145880278,,,0,0,0,0,3,0.00,0,0
2026-08-08,120247856312700278,[AFS] [F3] [Noxolo Vilakazi] V1,120247856312660278,52,52,52,59,138,2.86,85,29
2026-08-08,120247856365350278,[AFS] [F3] [Noxolo Vilakazi] V2,120247856312660278,1,1,1,0,3,0.00,0,0
2026-08-08,120247856386010278,[AFS] [F3] [Noxolo Vilakazi] V3,120247856312660278,1,1,1,3,3,0.17,7,2
2026-08-08,120247856415450278,[AFS] [F3] [Noxolo Vilakazi] V4,120247856312660278,37,37,37,72,105,5.58,195,28
2026-08-08,120247856599050278,[AFS] [F3] [Noxolo Vilakazi] V5,120247856312660278,1,1,1,3,3,0.07,4,2
2026-08-08,120247856608070278,[AFS] [F3] [Noxolo Vilakazi] V6,120247856312660278,40,40,40,76,111,5.55,171,33
2026-08-08,120247856633450278,[AFS] [F3] [Lindokuhle Mngadi] V1,120247856633350278,43,43,43,63,120,4.80,131,31
2026-08-08,120247856660550278,[AFS] [F3] [Lindokuhle Mngadi] V2,120247856633350278,32,32,32,41,90,2.65,90,17
2026-08-08,120247856672630278,,,0,0,0,0,0,0,1,1
2026-08-08,120247856679370278,[AFS] [F3] [Lindokuhle Mngadi] V5,120247856633350278,1,1,1,0,6,0.00,0,0
2026-08-08,120247856752040278,[AFS] [F3] [Zandile Mngomezulu] V2,120247856724080278,55,55,55,71,159,6.60,188,37
2026-08-08,120247856757990278,[AFS] [F3] [Zandile Mngomezulu] V3,120247856724080278,1,1,1,3,3,0.19,9,3
2026-08-08,120247856764540278,[AFS] [F3] [Zandile Mngomezulu] V4,120247856724080278,2,2,2,3,6,0.68,21,3
2026-08-08,120247856774430278,[AFS] [F3] [Zandile Mngomezulu] V5,120247856724080278,40,40,40,51,129,4.36,109,25
2026-08-08,120247856781020278,[AFS] [F3] [Zandile Mngomezulu] V6,120247856724080278,31,31,31,20,87,1.53,63,23
2026-08-08,120253082723400281,,,0,0,0,0,0,0,2,1
2026-08-08,120253082732550281,,,0,0,0,0,0,0,1,1
2026-08-08,120253082817280281,,,0,0,0,0,0,0,4,2
2026-08-08,120253101322290281,,,0,0,0,0,0,0,4,1
2026-08-08,120253137204850281,,,0,0,0,0,0,0,5,2
2026-08-08,120253138575670281,,,0,0,0,0,0,0,1,1
2026-08-08,120253138933900281,,,0,0,0,0,0,0,2,2
2026-08-08,120253141502670281,,,0,0,0,0,0,0,4,1
2026-08-08,120253141504530281,,,0,0,0,0,0,0,4,1
2026-08-08,120253141747920281,,,0,0,0,0,0,0,1,1
2026-08-08,120253142036410281,,,0,0,0,0,0,0,1,1
2026-08-08,120253142290360281,,,0,0,0,0,0,0,1,1
2026-08-08,120253142297110281,,,0,0,0,0,0,0,11,2
2026-08-08,120253142301540281,,,0,0,0,0,0,0,1,1
2026-08-08,120253142306480281,,,0,0,0,0,0,0,1,1
2026-08-08,120253167383880281,,,0,0,0,0,0,0,3,2
2026-08-08,120253167956510281,,,0,0,0,0,0,0,1,1
2026-08-08,120253168272260281,,,0,0,0,0,0,0,2,1
2026-08-08,120253168354310281,,,0,0,0,0,0,0,1,1
2026-08-08,120253168472750281,,,0,0,0,0,0,0,3,1
2026-08-08,120253224960730281,,,0,0,0,0,0,0,2,1
2026-08-08,120253224985020281,,,0,0,0,0,0,0,2,1
2026-08-08,120253225026480281,,,0,0,0,0,0,0,1,1
2026-08-08,120253225111400281,,,0,0,0,0,0,0,1,1
2026-08-08,120253225638960281,,,0,0,0,0,0,0,1,1
2026-08-08,120253225795580281,,,0,0,0,0,0,0,5,2
2026-08-08,120253225880820281,,,0,0,0,0,0,0,1,1
2026-08-08,120253302500320281,,,0,0,0,0,0,0,1,1
2026-08-08,120253303569730281,,,0,0,0,0,0,0,5,1
2026-08-08,120253406611390281,[AFS] [F3] [Zama Molefe] V2,120253406535430281,1,1,1,0,3,0.00,0,0
2026-08-08,120253406623060281,[AFS] [F3] [Zama Molefe] V3,120253406535430281,36,36,36,37,102,2.75,84,20
2026-08-08,120253406631270281,,,0,0,0,0,0,0,2,1
2026-08-08,120253406659640281,[AFS] [F3] [Zama Molefe] V6,120253406535430281,45,45,45,57,123,5.39,161,33
2026-08-08,120253406694290281,,,0,0,0,0,0,0,1,1
2026-08-08,120253406774810281,[AFS] [F3] [Ntombi Mofokeng] V2,120253406694250281,30,30,30,38,96,3.30,85,22
2026-08-08,120253406811390281,[AFS] [F3] [Ntombi Mofokeng] V3,120253406694250281,1,1,1,0,0,0,4,1
2026-08-08,120253406815340281,[AFS] [F3] [Ntombi Mofokeng] V4,120253406694250281,1,1,1,0,3,0.00,1,1
2026-08-08,120253406822870281,[AFS] [F3] [Ntombi Mofokeng] V5,120253406694250281,33,33,33,37,102,2.83,68,17
2026-08-08,120253406891930281,[AFS] [F3] [Sibongile Khoza] V1,120253406891860281,41,41,41,74,120,4.67,153,31
2026-08-08,120253406998850281,[AFS] [F3] [Sibongile Khoza] V3,120253406891860281,1,1,1,0,3,0.00,2,1
2026-08-08,120253407003410281,,,0,0,0,0,0,0,1,1
2026-08-08,120253407021750281,,,0,0,0,0,0,0,1,1
2026-08-08,120253407039770281,,,0,0,0,0,0,0,3,1
2026-08-08,120253407333460281,[AFS] [F3] [Thandeka Mokoena] V2,120253407221890281,33,33,33,40,93,2.96,105,26
2026-08-08,120253407402570281,[AFS] [F3] [Thandeka Mokoena] V5,120253407221890281,35,35,35,43,102,3.13,115,29
2026-08-08,120253407409760281,[AFS] [F3] [Thandeka Mokoena] V6,120253407221890281,60,60,60,76,171,5.82,172,37
2026-08-08,120253407759380281,,,0,0,0,0,0,0,3,2
2026-08-08,120253409927790281,,,0,0,0,0,0,0,1,1
2026-08-08,120253409946870281,,,0,0,0,0,0,0,5,2
2026-08-08,120253409966970281,[AFS] [F3] [Nobuhle Mahlangu] V4,120253408396060281,1,1,1,3,3,0.77,18,1
2026-08-08,120253409983580281,[AFS] [F3] [Nobuhle Mahlangu] V5,120253408396060281,51,51,51,99,147,6.99,215,40
2026-08-08,120253411255640281,[AFS] [F3] [Paballo Letsoalo] V1,120253411255550281,1,1,1,0,3,0.00,0,0
2026-08-08,120253411360680281,,,0,0,0,0,0,0,8,1
2026-08-08,120253411374160281,,,0,0,0,0,0,0,4,3
2026-08-08,120253411764760281,,,0,0,0,0,0,0,4,1
2026-08-08,120253411910950281,[AFS] [F3] [Nomonde Mokoena] V2,120253411813950281,2,2,2,0,6,0.00,2,2
2026-08-08,120253411979140281,,,0,0,0,0,0,0,1,1
2026-08-08,120253415533200281,,,0,0,0,0,0,0,1,1
2026-08-08,120253415538610281,,,0,0,0,0,0,0,1,1
2026-08-08,120253415603370281,,,0,0,0,0,0,0,1,1
2026-08-08,120253415627710281,,,0,0,0,0,0,0,3,2
2026-08-08,120253415684090281,,,0,0,0,0,0,0,2,2
2026-08-08,120253415724350281,,,0,0,0,0,0,0,2,1
2026-08-08,120253415760700281,,,0,0,0,0,0,0,3,1
2026-08-08,120253415770520281,,,0,0,0,0,0,0,2,1
2026-08-08,120253422900530281,,,0,0,0,0,0,0,1,1
2026-08-08,120253422905970281,,,0,0,0,0,0,0,7,2
2026-08-08,120253422910030281,,,0,0,0,0,0,0,1,1
2026-08-08,120253422925680281,,,0,0,0,0,0,0,2,2
2026-08-08,120253423000780281,,,0,0,0,0,0,0,20,9
2026-08-08,120253423013640281,,,0,0,0,0,0,0,4,2
2026-08-08,120253423021520281,,,0,0,0,0,0,0,3,2
2026-08-08,120253423035590281,,,0,0,0,0,0,0,4,4
2026-08-08,120253423294450281,,,0,0,0,0,0,0,1,1
2026-08-08,120253423549100281,,,0,0,0,0,0,0,2,1
2026-08-08,120253423614520281,,,0,0,0,0,0,0,1,1
2026-08-08,120253423634010281,,,0,0,0,0,0,0,1,1
2026-08-08,120253423664560281,,,0,0,0,0,0,0,2,1
2026-08-08,120253428682050281,,,0,0,0,0,0,0,2,2
2026-08-08,120253428707890281,[AFS] [F3] [Zamokuhle Mavuso] V5,120253428682030281,1,1,1,3,3,1.25,33,2
2026-08-08,120253428745740281,[AFS] [F3] [Nompilo Makhathini] V3,120253428726860281,2,2,2,6,6,0.29,8,4
2026-08-08,120253428747820281,[AFS] [F3] [Nompilo Makhathini] V4,120253428726860281,2,2,2,0,6,0.05,6,2
2026-08-08,120253428749630281,[AFS] [F3] [Nompilo Makhathini] V5,120253428726860281,4,4,4,6,12,0.25,19,5
2026-08-08,120253428752090281,,,0,0,0,0,0,0,3,1
2026-08-08,120253428755700281,[AFS] [F3] [Hloniphile Mpanza] V1,120253428755630281,1,1,1,3,3,0.23,13,5
2026-08-08,120253428768520281,[AFS] [F3] [Hloniphile Mpanza] V2,120253428755630281,1,1,1,0,3,0.00,7,5
2026-08-08,120253428772810281,[AFS] [F3] [Hloniphile Mpanza] V3,120253428755630281,1,1,1,0,3,0.05,16,6
2026-08-08,120253428775060281,[AFS] [F3] [Hloniphile Mpanza] V4,120253428755630281,9,9,9,8,24,0.49,46,15
2026-08-08,120253428777030281,[AFS] [F3] [Hloniphile Mpanza] V5,120253428755630281,2,2,2,3,6,0.32,9,3
2026-08-08,120253428817070281,[AFS] [F3] [Ayabonga Ngubane] V2,120253428784320281,6,6,6,4,18,0.27,7,1
2026-08-08,120253428858230281,[AFS] [F3] [Ayabonga Ngubane] V3,120253428784320281,1,1,1,0,3,0.01,0,0
2026-08-08,120253428860840281,[AFS] [F3] [Ayabonga Ngubane] V4,120253428784320281,1,1,1,0,3,0.00,0,0
2026-08-08,120253428863400281,[AFS] [F3] [Ayabonga Ngubane] V5,120253428784320281,1,1,1,2,3,0.08,3,1
2026-08-08,120253428866700281,,,0,0,0,0,0,0,1,1
2026-08-08,120253428881520281,,,0,0,0,0,0,0,1,1
2026-08-08,120253428925220281,,,0,0,0,0,0,0,2,2
2026-08-08,120253464091590281,,,0,0,0,0,0,0,1,1
2026-08-08,120253464203130281,,,0,0,0,0,0,0,1,1
2026-08-08,120253464315380281,,,0,0,0,0,0,0,2,1
2026-08-08,120253464476760281,,,0,0,0,0,0,0,1,1
2026-08-09,120247357080980278,[AFS] [F3] [AMARA OKAFOR] V5,120247357080990278,2,2,2,0,4,0.02,4,3
2026-08-09,120247357081010278,[AFS] [F3] [AMARA OKAFOR] V6,120247357080990278,36,36,36,37,80,2.56,99,29
2026-08-09,120247357081030278,[AFS] [F3] [AMARA OKAFOR] V3,120247357080990278,1,1,1,0,2,0.00,3,3
2026-08-09,120247357081040278,[AFS] [F3] [AMARA OKAFOR] V2,120247357080990278,1,1,1,0,2,0.00,6,1
2026-08-09,120247357081050278,[AFS] [F3] [AMARA OKAFOR] V4,120247357080990278,2,2,2,3,5,0.29,19,5
2026-08-09,120247357457050278,[AFS] [F3] [ZOLA DLAMINI] V4,120247357456980278,43,43,43,48,96,4.34,185,34
2026-08-09,120247357457070278,[AFS] [F3] [ZOLA DLAMINI] V3,120247357456980278,34,34,34,29,61,3.23,169,27
2026-08-09,120247357457080278,[AFS] [F3] [ZOLA DLAMINI] V5,120247357456980278,3,3,3,3,7,0.11,15,6
2026-08-09,120247357457090278,[AFS] [F3] [ZOLA DLAMINI]V6,120247357456980278,31,31,31,37,73,1.95,108,30
2026-08-09,120247357457100278,[AFS] [F3] [ZOLA DLAMINI] V1,120247357456980278,34,34,34,14,65,1.19,53,19
2026-08-09,120247358420040278,[AFS] [F3] [AMINATA DIALLO] V6,120247358419970278,1,1,1,0,3,0.00,0,0
2026-08-09,120247358420060278,[AFS] [F3] [AMINATA DIALLO] V5,120247358419970278,3,3,3,0,6,0.00,3,2
2026-08-09,120247358420070278,[AFS] [F3] [AMINATA DIALLO] V3,120247358419970278,32,32,32,34,75,3.00,129,27
2026-08-09,120247358791350278,,,0,0,0,0,0,0,1,1
2026-08-09,120247358791360278,,,0,0,0,0,0,0,1,1
2026-08-09,120247359464720278,[AFS] [F3] [NOMVULA MOKOENA] V6,120247359464690278,31,31,31,23,62,1.90,81,20
2026-08-09,120247359464800278,[AFS] [F3] [NOMVULA MOKOENA] V1,120247359464690278,1,1,1,0,2,0.00,0,0
2026-08-09,120247360141410278,[AFS] [F3] [CHIPO MOYO]  V6,120247360141370278,37,37,37,42,78,3.43,165,37
2026-08-09,120247360141470278,[AFS] [F3] [CHIPO MOYO]  V5,120247360141370278,1,1,1,3,3,0.05,1,1
2026-08-09,120247360141480278,[AFS] [F3] [CHIPO MOYO]  V4,120247360141370278,35,35,35,36,76,2.65,140,34
2026-08-09,120247360141490278,[AFS] [F3] [CHIPO MOYO]  V2,120247360141370278,34,34,34,30,74,2.93,99,23
2026-08-09,120247360356770278,,,0,0,0,0,0,0,1,1
2026-08-09,120247360356790278,[AFS] [F3] [FATOUMATA TRAORE] V6,120247360356710278,28,28,28,16,57,1.01,73,21
2026-08-09,120247360356800278,[AFS] [F3] [FATOUMATA TRAORE] V5,120247360356710278,1,1,1,0,2,0.01,1,1
2026-08-09,120247360356820278,,,0,0,0,0,0,0,1,1
2026-08-09,120247360356830278,[AFS] [F3] [FATOUMATA TRAORE] V1,120247360356710278,43,43,43,38,95,3.46,129,29
2026-08-09,120247360531040278,[AFS] [F3] [AMINATA DIALLO] V1,120247360531070278,1,1,1,2,2,0.08,3,1
2026-08-09,120247360531120278,,,0,0,0,0,0,0,2,1
2026-08-09,120247360531130278,[AFS] [F3] [AMINATA DIALLO] V5,120247360531070278,39,39,39,35,69,2.15,114,29
2026-08-09,120247360531140278,[AFS] [F3] [AMINATA DIALLO] V6,120247360531070278,53,53,53,57,104,3.90,204,50
2026-08-09,120247382249520278,,,0,0,0,0,0,0,4,1
2026-08-09,120247382323040278,[AFS] [F3] [WANGARI KAMAU] V4,120247382322970278,41,41,41,46,96,4.63,169,34
2026-08-09,120247382323050278,[AFS] [F3] [WANGARI KAMAU] V6,120247382322970278,39,39,39,42,80,3.00,149,33
2026-08-09,120247382323060278,[AFS] [F3] [WANGARI KAMAU] V5,120247382322970278,31,31,31,38,70,3.00,109,31
2026-08-09,120247382323070278,[AFS] [F3] [WANGARI KAMAU] V2,120247382322970278,42,42,42,47,97,3.70,121,27
2026-08-09,120247382323080278,[AFS] [F3] [WANGARI KAMAU] V3,120247382322970278,38,38,38,37,70,2.69,162,31
2026-08-09,120247382323090278,[AFS] [F3] [WANGARI KAMAU] V1,120247382322970278,39,39,39,42,82,2.82,132,32
2026-08-09,120247488168300278,,,0,0,0,0,0,0,2,2
2026-08-09,120247488215910278,,,0,0,0,0,0,0,1,1
2026-08-09,120247488220950278,,,0,0,0,0,0,0,4,1
2026-08-09,120247488230320278,,,0,0,0,0,0,0,2,2
2026-08-09,120247488259350278,[AFS] [F3] [LUNGILE HADEBE] V1,120247488259330278,56,56,56,53,105,2.99,145,48
2026-08-09,120247488354910278,[AFS] [F3] [LUNGILE HADEBE] V2,120247488259330278,1,1,1,2,2,0.08,4,1
2026-08-09,120247488419540278,[AFS] [F3] [LUNGILE HADEBE] V6,120247488259330278,1,1,1,0,2,0.01,1,1
2026-08-09,120247488474100278,[AFS] [F3] [LERATO MAHLANGU] V1,120247488474000278,38,38,38,32,95,2.70,93,23
2026-08-09,120247488660110278,[AFS] [F3] [LERATO MAHLANGU] V3,120247488474000278,39,39,39,34,80,3.15,150,28
2026-08-09,120247488793560278,,,0,0,0,0,0,0,10,3
2026-08-09,120247488827940278,[AFS] [F3] [LERATO MAHLANGU] V5,120247488474000278,50,50,50,56,107,3.47,146,39
2026-08-09,120247488854820278,[AFS] [F3] [LERATO MAHLANGU] V6,120247488474000278,31,31,31,36,71,3.32,135,24
2026-08-09,120247488968980278,[AFS] [F3] [NOURBESE ACHEBE] V2,120247488930090278,36,36,36,21,76,1.99,77,19
2026-08-09,120247489155770278,,,0,0,0,0,0,0,6,1
2026-08-09,120247489160520278,,,0,0,0,0,0,0,12,6
2026-08-09,120247506168140278,,,0,0,0,0,0,0,1,1
2026-08-09,120247506203840278,,,0,0,0,0,0,0,1,1
2026-08-09,120247506249690278,,,0,0,0,0,0,0,1,1
2026-08-09,120247506424250278,,,0,0,0,0,0,0,1,1
2026-08-09,120247506530130278,[AFS] [F3] [MBALI BUTHELEZI] V2,120247506424170278,1,1,1,2,2,0.14,4,1
2026-08-09,120247506542160278,[AFS] [F3] [MBALI BUTHELEZI] V3,120247506424170278,17,17,17,15,30,0.85,35,12
2026-08-09,120247506567820278,[AFS] [F3] [MBALI BUTHELEZI] V6,120247506424170278,1,1,1,0,3,0.00,0,0
2026-08-09,120247566558640278,,,0,0,0,0,0,0,2,1
2026-08-09,120247566567050278,,,0,0,0,0,0,0,2,1
2026-08-09,120247566701950278,,,0,0,0,0,0,0,1,1
2026-08-09,120247753268600278,[AFS] [F3] [Siphesihle Cele] V1,120247753268510278,2,2,2,0,5,0.03,2,1
2026-08-09,120247753333380278,[AFS] [F3] [Siphesihle Cele] V2,120247753268510278,29,29,29,23,67,2.19,89,18
2026-08-09,120247753339060278,[AFS] [F3] [Siphesihle Cele] V3,120247753268510278,21,21,21,14,47,1.44,55,15
2026-08-09,120247753343390278,[AFS] [F3] [Siphesihle Cele] V4,120247753268510278,33,33,33,23,79,2.00,69,20
2026-08-09,120247753348540278,,,0,0,0,0,0,0,1,1
2026-08-09,120247753359010278,[AFS] [F3] [Siphesihle Cele] V6,120247753268510278,27,27,27,18,60,1.26,66,16
2026-08-09,120247753572160278,[AFS] [F3] [Khanyisa Zwane] V1,120247753572060278,26,26,26,24,52,1.40,71,23
2026-08-09,120247753631300278,[AFS] [F3] [Khanyisa Zwane] V2,120247753572060278,30,30,30,31,70,3.53,173,28
2026-08-09,120247753647720278,[AFS] [F3] [Khanyisa Zwane] V4,120247753572060278,54,54,54,65,135,5.43,158,34
2026-08-09,120247753656710278,,,0,0,0,0,0,0,2,1
2026-08-09,120247753677620278,[AFS] [F3] [Khanyisa Zwane] V6,120247753572060278,1,1,1,3,3,0.29,11,1
2026-08-09,120247753719190278,,,0,0,0,0,0,0,1,1
2026-08-09,120247753784310278,[AFS] [F3] [Yonela Mnguni] V2,120247753719120278,25,25,25,28,52,2.27,139,30
2026-08-09,120247753808800278,,,0,0,0,0,0,0,2,1
2026-08-09,120247753859960278,[AFS] [F3] [Khanyisile Nxumalo] V2,120247753837740278,61,61,61,63,136,4.27,189,54
2026-08-09,120247753880980278,[AFS] [F3] [Khanyisile Nxumalo] V4,120247753837740278,19,19,19,16,35,1.23,66,12
2026-08-09,120247753901780278,,,0,0,0,0,0,0,1,1
2026-08-09,120247768363360278,,,0,0,0,0,0,0,4,3
2026-08-09,120247768444270278,,,0,0,0,0,0,0,1,1
2026-08-09,120247768572330278,,,0,0,0,0,0,0,2,1
2026-08-09,120247768594320278,,,0,0,0,0,0,0,1,1
2026-08-09,120247768668500278,,,0,0,0,0,0,0,1,1
2026-08-09,120247768731050278,,,0,0,0,0,0,0,2,2
2026-08-09,120247768743240278,,,0,0,0,0,0,0,1,1
2026-08-09,120247768802800278,,,0,0,0,0,0,0,6,1
2026-08-09,120247768808810278,,,0,0,0,0,0,0,1,1
2026-08-09,120247796948250278,,,0,0,0,0,0,0,1,1
2026-08-09,120247797327560278,,,0,0,0,0,0,0,1,1
2026-08-09,120247797542060278,,,0,0,0,0,0,0,1,1
2026-08-09,120247797557650278,,,0,0,0,0,0,0,1,1
2026-08-09,120247820550760278,,,0,0,0,0,0,0,2,1
2026-08-09,120247820576040278,,,0,0,0,0,0,0,1,1
2026-08-09,120247820656040278,,,0,0,0,0,0,0,1,1
2026-08-09,120247820863330278,,,0,0,0,0,0,0,1,1
2026-08-09,120247820879080278,,,0,0,0,0,0,0,1,1
2026-08-09,120247821966990278,,,0,0,0,0,0,0,3,1
2026-08-09,120247821987070278,,,0,0,0,0,0,0,4,3
2026-08-09,120247822019620278,[AFS] [F3] [Chidinma Eze] V6,120247821868880278,1,1,1,3,5,0.14,8,2
2026-08-09,120247822275040278,,,0,0,0,0,0,0,5,4
2026-08-09,120247822285260278,,,0,0,0,0,0,0,3,1
2026-08-09,120247822296620278,,,0,0,0,0,0,0,2,1
2026-08-09,120247851671460278,,,0,0,0,0,0,0,2,1
2026-08-09,120247851738670278,,,0,0,0,0,0,0,1,1
2026-08-09,120247852157620278,,,0,0,0,0,0,0,1,1
2026-08-09,120247852194640278,,,0,0,0,0,0,0,6,3
2026-08-09,120247852217870278,,,0,0,0,0,0,0,12,7
2026-08-09,120247852230800278,,,0,0,0,0,0,0,9,6
2026-08-09,120247852291670278,[AFS] [F3] [Luyanda Mbatha] V1,120247852291590278,1,1,1,0,3,0.00,0,0
2026-08-09,120247852344760278,[AFS] [F3] [Luyanda Mbatha] V3,120247852291590278,1,1,1,0,3,0.03,2,2
2026-08-09,120247852377810278,[AFS] [F3] [Luyanda Mbatha] V5,120247852291590278,21,21,21,15,48,1.29,55,14
2026-08-09,120247852396100278,[AFS] [F3] [Luyanda Mbatha] V6,120247852291590278,19,19,19,8,41,0.89,26,12
2026-08-09,120247852536100278,,,0,0,0,0,0,0,1,1
2026-08-09,120247855943690278,[AFS] [F3] [Nobuntu Shabalala] V1,120247855943600278,22,22,22,8,48,0.45,43,10
2026-08-09,120247856005940278,[AFS] [F3] [Nobuntu Shabalala] V2,120247855943600278,1,1,1,0,0,0,8,2
2026-08-09,120247856009420278,[AFS] [F3] [Nobuntu Shabalala] V3,120247855943600278,12,12,12,4,22,0.19,21,14
2026-08-09,120247856014920278,[AFS] [F3] [Nobuntu Shabalala] V4,120247855943600278,13,13,13,5,22,0.74,38,5
2026-08-09,120247856129530278,[AFS] [F3] [Nqobile Mthethwa] V2,120247856056590278,6,6,6,4,10,0.23,29,10
2026-08-09,120247856138670278,[AFS] [F3] [Nqobile Mthethwa] V4,120247856056590278,12,12,12,1,22,0.07,35,8
2026-08-09,120247856141810278,[AFS] [F3] [Nqobile Mthethwa] V5,120247856056590278,12,12,12,1,20,0.11,13,5
2026-08-09,120247856145880278,[AFS] [F3] [Nqobile Mthethwa] V6,120247856056590278,1,1,1,0,0,0,0,0
2026-08-09,120247856312700278,[AFS] [F3] [Noxolo Vilakazi] V1,120247856312660278,29,29,29,12,65,1.33,66,12
2026-08-09,120247856365350278,[AFS] [F3] [Noxolo Vilakazi] V2,120247856312660278,1,1,1,0,2,0.00,0,0
2026-08-09,120247856386010278,,,0,0,0,0,0,0,1,1
2026-08-09,120247856415450278,[AFS] [F3] [Noxolo Vilakazi] V4,120247856312660278,17,17,17,3,30,0.38,56,16
2026-08-09,120247856608070278,[AFS] [F3] [Noxolo Vilakazi] V6,120247856312660278,12,12,12,0,22,0.00,14,6
2026-08-09,120247856633450278,[AFS] [F3] [Lindokuhle Mngadi] V1,120247856633350278,15,15,15,3,25,0.40,29,10
2026-08-09,120247856660550278,[AFS] [F3] [Lindokuhle Mngadi] V2,120247856633350278,11,11,11,3,22,0.19,14,5
2026-08-09,120247856679370278,[AFS] [F3] [Lindokuhle Mngadi] V5,120247856633350278,1,1,1,0,0,0,0,0
2026-08-09,120247856684580278,,,0,0,0,0,0,0,3,1
2026-08-09,120247856752040278,[AFS] [F3] [Zandile Mngomezulu] V2,120247856724080278,22,22,22,13,45,0.77,53,11
2026-08-09,120247856757990278,[AFS] [F3] [Zandile Mngomezulu] V3,120247856724080278,2,2,2,0,5,0.00,0,0
2026-08-09,120247856774430278,[AFS] [F3] [Zandile Mngomezulu] V5,120247856724080278,21,21,21,6,33,0.74,60,16
2026-08-09,120247856781020278,[AFS] [F3] [Zandile Mngomezulu] V6,120247856724080278,5,5,5,0,8,0.04,10,3
2026-08-09,120253082840560281,,,0,0,0,0,0,0,2,1
2026-08-09,120253101303050281,,,0,0,0,0,0,0,4,2
2026-08-09,120253138575670281,,,0,0,0,0,0,0,2,1
2026-08-09,120253138584190281,,,0,0,0,0,0,0,2,1
2026-08-09,120253138587130281,,,0,0,0,0,0,0,2,1
2026-08-09,120253138733630281,,,0,0,0,0,0,0,1,1
2026-08-09,120253138745550281,,,0,0,0,0,0,0,4,1
2026-08-09,120253141501720281,,,0,0,0,0,0,0,1,1
2026-08-09,120253141502670281,,,0,0,0,0,0,0,1,1
2026-08-09,120253141863660281,,,0,0,0,0,0,0,3,1
2026-08-09,120253142282790281,,,0,0,0,0,0,0,1,1
2026-08-09,120253142290360281,,,0,0,0,0,0,0,4,1
2026-08-09,120253142297110281,,,0,0,0,0,0,0,1,1
2026-08-09,120253167947120281,,,0,0,0,0,0,0,9,2
2026-08-09,120253168399990281,,,0,0,0,0,0,0,3,1
2026-08-09,120253224960730281,,,0,0,0,0,0,0,2,1
2026-08-09,120253225038370281,,,0,0,0,0,0,0,4,1
2026-08-09,120253225111400281,,,0,0,0,0,0,0,1,1
2026-08-09,120253225501180281,,,0,0,0,0,0,0,1,1
2026-08-09,120253225795580281,,,0,0,0,0,0,0,5,2
2026-08-09,120253225872080281,,,0,0,0,0,0,0,2,1
2026-08-09,120253303687920281,,,0,0,0,0,0,0,1,1
2026-08-09,120253304105950281,,,0,0,0,0,0,0,1,1
2026-08-09,120253406623060281,[AFS] [F3] [Zama Molefe] V3,120253406535430281,29,29,29,28,68,2.03,85,20
2026-08-09,120253406659640281,[AFS] [F3] [Zama Molefe] V6,120253406535430281,52,52,52,32,123,3.33,132,28
2026-08-09,120253406694290281,[AFS] [F3] [Ntombi Mofokeng] V1,120253406694250281,1,1,1,0,2,0.00,0,0
2026-08-09,120253406774810281,[AFS] [F3] [Ntombi Mofokeng] V2,120253406694250281,43,43,43,13,96,1.22,66,21
2026-08-09,120253406811390281,,,0,0,0,0,0,0,3,1
2026-08-09,120253406822870281,[AFS] [F3] [Ntombi Mofokeng] V5,120253406694250281,23,23,23,13,45,1.65,75,16
2026-08-09,120253406891930281,[AFS] [F3] [Sibongile Khoza] V1,120253406891860281,44,44,44,44,100,2.43,113,30
2026-08-09,120253406978040281,,,0,0,0,0,0,0,1,1
2026-08-09,120253406998850281,[AFS] [F3] [Sibongile Khoza] V3,120253406891860281,2,2,2,2,4,0.03,5,3
2026-08-09,120253407003410281,,,0,0,0,0,0,0,2,1
2026-08-09,120253407333460281,[AFS] [F3] [Thandeka Mokoena] V2,120253407221890281,37,37,37,23,87,1.92,90,23
2026-08-09,120253407356150281,,,0,0,0,0,0,0,3,1
2026-08-09,120253407402570281,[AFS] [F3] [Thandeka Mokoena] V5,120253407221890281,42,42,42,21,93,1.34,72,18
2026-08-09,120253407409760281,[AFS] [F3] [Thandeka Mokoena] V6,120253407221890281,41,41,41,36,96,3.21,128,26
2026-08-09,120253407641490281,,,0,0,0,0,0,0,1,1
2026-08-09,120253407759380281,,,0,0,0,0,0,0,2,1
2026-08-09,120253409966970281,,,0,0,0,0,0,0,2,2
2026-08-09,120253409983580281,[AFS] [F3] [Nobuhle Mahlangu] V5,120253408396060281,44,44,44,38,102,2.71,124,31
2026-08-09,120253410002420281,[AFS] [F3] [Nobuhle Mahlangu] V6,120253408396060281,1,1,1,0,2,0.00,0,0
2026-08-09,120253411338910281,,,0,0,0,0,0,0,1,1
2026-08-09,120253411360680281,,,0,0,0,0,0,0,1,1
2026-08-09,120253411755750281,,,0,0,0,0,0,0,1,1
2026-08-09,120253411910950281,,,0,0,0,0,0,0,5,3
2026-08-09,120253411937390281,,,0,0,0,0,0,0,7,2
2026-08-09,120253411974320281,,,0,0,0,0,0,0,2,1
2026-08-09,120253411979140281,,,0,0,0,0,0,0,1,1
2026-08-09,120253415529740281,,,0,0,0,0,0,0,1,1
2026-08-09,120253415593700281,,,0,0,0,0,0,0,1,1
2026-08-09,120253415684090281,,,0,0,0,0,0,0,1,1
2026-08-09,120253415724350281,,,0,0,0,0,0,0,3,1
2026-08-09,120253415728580281,,,0,0,0,0,0,0,6,1
2026-08-09,120253415735450281,,,0,0,0,0,0,0,1,1
2026-08-09,120253415756030281,,,0,0,0,0,0,0,6,1
2026-08-09,120253415760700281,,,0,0,0,0,0,0,3,2
2026-08-09,120253422902890281,,,0,0,0,0,0,0,5,2
2026-08-09,120253422905970281,,,0,0,0,0,0,0,5,3
2026-08-09,120253422910030281,,,0,0,0,0,0,0,1,1
2026-08-09,120253422925680281,,,0,0,0,0,0,0,12,3
2026-08-09,120253423000780281,,,0,0,0,0,0,0,4,3
2026-08-09,120253423005460281,,,0,0,0,0,0,0,4,3
2026-08-09,120253423577250281,,,0,0,0,0,0,0,1,1
2026-08-09,120253423590130281,,,0,0,0,0,0,0,2,1
2026-08-09,120253423610380281,,,0,0,0,0,0,0,2,1
2026-08-09,120253428682050281,[AFS] [F3] [Zamokuhle Mavuso] V1,120253428682030281,1,1,1,1,2,0.03,1,1
2026-08-09,120253428704860281,,,0,0,0,0,0,0,1,1
2026-08-09,120253428707890281,[AFS] [F3] [Zamokuhle Mavuso] V5,120253428682030281,1,1,1,3,3,0.18,6,2
2026-08-09,120253428739300281,,,0,0,0,0,0,0,4,1
2026-08-09,120253428745740281,,,0,0,0,0,0,0,3,1
2026-08-09,120253428747820281,[AFS] [F3] [Nompilo Makhathini] V4,120253428726860281,2,2,2,0,5,0.00,1,1
2026-08-09,120253428749630281,,,0,0,0,0,0,0,3,2
2026-08-09,120253428755700281,[AFS] [F3] [Hloniphile Mpanza] V1,120253428755630281,2,2,2,0,4,0.00,5,4
2026-08-09,120253428768520281,[AFS] [F3] [Hloniphile Mpanza] V2,120253428755630281,1,1,1,0,3,0.00,0,0
2026-08-09,120253428772810281,[AFS] [F3] [Hloniphile Mpanza] V3,120253428755630281,2,2,2,0,6,0.00,5,2
2026-08-09,120253428775060281,[AFS] [F3] [Hloniphile Mpanza] V4,120253428755630281,1,1,1,0,2,0.00,5,2
2026-08-09,120253428777030281,[AFS] [F3] [Hloniphile Mpanza] V5,120253428755630281,1,1,1,0,3,0.00,0,0
2026-08-09,120253428778770281,[AFS] [F3] [Hloniphile Mpanza] V6,120253428755630281,1,1,1,0,3,0.00,0,0
2026-08-09,120253428817070281,[AFS] [F3] [Ayabonga Ngubane] V2,120253428784320281,1,1,1,3,3,0.15,6,2
2026-08-09,120253428863400281,[AFS] [F3] [Ayabonga Ngubane] V5,120253428784320281,2,2,2,0,5,0.01,1,1
2026-08-09,120253463592030281,,,0,0,0,0,0,0,1,1
2026-08-09,120253464081350281,,,0,0,0,0,0,0,1,1
2026-08-09,120253464088910281,,,0,0,0,0,0,0,3,1
2026-08-09,120253464203130281,,,0,0,0,0,0,0,5,1
2026-08-10,120247357080930278,[AFS] [F3] [AMARA OKAFOR] V1,120247357080990278,1,1,1,0,2,0.00,0,0
2026-08-10,120247357080980278,[AFS] [F3] [AMARA OKAFOR] V5,120247357080990278,4,4,4,3,8,0.17,6,2
2026-08-10,120247357081010278,[AFS] [F3] [AMARA OKAFOR] V6,120247357080990278,77,77,77,90,152,5.89,282,66
2026-08-10,120247357081030278,,,0,0,0,0,0,0,1,1
2026-08-10,120247357081040278,[AFS] [F3] [AMARA OKAFOR] V2,120247357080990278,3,3,3,2,6,0.18,11,4
2026-08-10,120247357081050278,[AFS] [F3] [AMARA OKAFOR] V4,120247357080990278,2,2,2,3,6,0.26,12,1
2026-08-10,120247357457050278,[AFS] [F3] [ZOLA DLAMINI] V4,120247357456980278,69,69,69,86,132,6.00,294,68
2026-08-10,120247357457070278,[AFS] [F3] [ZOLA DLAMINI] V3,120247357456980278,81,81,81,95,170,6.62,316,59
2026-08-10,120247357457080278,[AFS] [F3] [ZOLA DLAMINI] V5,120247357456980278,4,4,4,2,8,0.16,11,3
2026-08-10,120247357457090278,[AFS] [F3] [ZOLA DLAMINI]V6,120247357456980278,82,82,82,95,162,5.38,255,69
2026-08-10,120247357457100278,[AFS] [F3] [ZOLA DLAMINI] V1,120247357456980278,5,5,5,5,12,0.19,24,11
2026-08-10,120247358420060278,[AFS] [F3] [AMINATA DIALLO] V5,120247358419970278,5,5,5,2,10,0.19,9,2
2026-08-10,120247358420070278,[AFS] [F3] [AMINATA DIALLO] V3,120247358419970278,60,60,60,41,110,2.25,147,43
2026-08-10,120247358420080278,[AFS] [F3] [AMINATA DIALLO] V2,120247358419970278,2,2,2,2,4,0.12,7,1
2026-08-10,120247359464720278,[AFS] [F3] [NOMVULA MOKOENA] V6,120247359464690278,3,3,3,0,6,0.00,31,13
2026-08-10,120247359464790278,[AFS] [F3] [NOMVULA MOKOENA] V2,120247359464690278,1,1,1,0,2,0.03,1,1
2026-08-10,120247360141410278,[AFS] [F3] [CHIPO MOYO]  V6,120247360141370278,88,88,88,92,174,4.62,255,73
2026-08-10,120247360141470278,,,0,0,0,0,0,0,1,1
2026-08-10,120247360141480278,[AFS] [F3] [CHIPO MOYO]  V4,120247360141370278,17,17,17,10,30,0.71,72,26
2026-08-10,120247360141490278,[AFS] [F3] [CHIPO MOYO]  V2,120247360141370278,74,74,74,71,144,5.52,274,57
2026-08-10,120247360356770278,[AFS] [F3] [FATOUMATA TRAORE] V4,120247360356710278,3,3,3,2,6,0.12,5,2
2026-08-10,120247360356790278,[AFS] [F3] [FATOUMATA TRAORE] V6,120247360356710278,60,60,60,39,110,3.31,169,40
2026-08-10,120247360356820278,[AFS] [F3] [FATOUMATA TRAORE] V2,120247360356710278,1,1,1,0,2,0.01,1,1
2026-08-10,120247360356830278,[AFS] [F3] [FATOUMATA TRAORE] V1,120247360356710278,87,87,87,69,166,4.53,240,56
2026-08-10,120247360531130278,[AFS] [F3] [AMINATA DIALLO] V5,120247360531070278,2,2,2,4,4,0.30,36,13
2026-08-10,120247360531140278,[AFS] [F3] [AMINATA DIALLO] V6,120247360531070278,99,99,99,112,198,8.00,421,95
2026-08-10,120247382249530278,[AFS_RELA_EN_BOT_0001] [NOURBESE] V2,120247382249440278,1,1,1,0,2,0.00,0,0
2026-08-10,120247382323040278,[AFS] [F3] [WANGARI KAMAU] V4,120247382322970278,70,70,70,68,132,6.70,347,66
2026-08-10,120247382323050278,[AFS] [F3] [WANGARI KAMAU] V6,120247382322970278,83,83,83,66,160,4.75,250,59
2026-08-10,120247382323060278,[AFS] [F3] [WANGARI KAMAU] V5,120247382322970278,68,68,68,61,130,5.57,296,54
2026-08-10,120247382323070278,[AFS] [F3] [WANGARI KAMAU] V2,120247382322970278,69,69,69,56,120,3.96,245,52
2026-08-10,120247382323080278,[AFS] [F3] [WANGARI KAMAU] V3,120247382322970278,70,70,70,68,148,4.86,214,47
2026-08-10,120247382323090278,[AFS] [F3] [WANGARI KAMAU] V1,120247382322970278,81,81,81,84,160,5.98,276,58
2026-08-10,120247488168300278,,,0,0,0,0,0,0,1,1
2026-08-10,120247488230320278,,,0,0,0,0,0,0,10,2
2026-08-10,120247488259350278,[AFS] [F3] [LUNGILE HADEBE] V1,120247488259330278,113,113,113,87,232,4.79,232,71
2026-08-10,120247488354910278,[AFS] [F3] [LUNGILE HADEBE] V2,120247488259330278,1,1,1,0,2,0.02,1,1
2026-08-10,120247488373900278,,,0,0,0,0,0,0,4,1
2026-08-10,120247488419540278,[AFS] [F3] [LUNGILE HADEBE] V6,120247488259330278,1,1,1,2,2,0.19,12,3
2026-08-10,120247488474100278,[AFS] [F3] [LERATO MAHLANGU] V1,120247488474000278,88,88,88,88,156,6.11,298,60
2026-08-10,120247488660110278,[AFS] [F3] [LERATO MAHLANGU] V3,120247488474000278,5,5,5,0,4,0.01,24,11
2026-08-10,120247488793560278,,,0,0,0,0,0,0,4,1
2026-08-10,120247488827940278,[AFS] [F3] [LERATO MAHLANGU] V5,120247488474000278,119,119,119,136,230,8.86,408,100
2026-08-10,120247488854820278,[AFS] [F3] [LERATO MAHLANGU] V6,120247488474000278,66,66,66,58,124,5.32,272,44
2026-08-10,120247488968980278,[AFS] [F3] [NOURBESE ACHEBE] V2,120247488930090278,60,60,60,54,118,3.96,189,49
2026-08-10,120247489010590278,,,0,0,0,0,0,0,1,1
2026-08-10,120247489016960278,,,0,0,0,0,0,0,1,1
2026-08-10,120247489137090278,,,0,0,0,0,0,0,1,1
2026-08-10,120247489148840278,,,0,0,0,0,0,0,1,1
2026-08-10,120247489160520278,,,0,0,0,0,0,0,18,5
2026-08-10,120247506542160278,[AFS] [F3] [MBALI BUTHELEZI] V3,120247506424170278,2,2,2,2,4,0.32,26,13
2026-08-10,120247506567820278,[AFS] [F3] [MBALI BUTHELEZI] V6,120247506424170278,1,1,1,0,2,0.00,0,0
2026-08-10,120247566558640278,,,0,0,0,0,0,0,2,1
2026-08-10,120247566701950278,,,0,0,0,0,0,0,1,1
2026-08-10,120247753268600278,,,0,0,0,0,0,0,5,1
2026-08-10,120247753333380278,[AFS] [F3] [Siphesihle Cele] V2,120247753268510278,19,19,19,6,34,0.89,43,16
2026-08-10,120247753339060278,[AFS] [F3] [Siphesihle Cele] V3,120247753268510278,3,3,3,0,4,0.00,5,5
2026-08-10,120247753343390278,[AFS] [F3] [Siphesihle Cele] V4,120247753268510278,15,15,15,5,20,0.91,55,16
2026-08-10,120247753359010278,[AFS] [F3] [Siphesihle Cele] V6,120247753268510278,10,10,10,2,16,0.91,21,11
2026-08-10,120247753572160278,[AFS] [F3] [Khanyisa Zwane] V1,120247753572060278,3,3,3,2,4,0.21,23,12
2026-08-10,120247753631300278,[AFS] [F3] [Khanyisa Zwane] V2,120247753572060278,20,20,20,6,22,0.82,49,16
2026-08-10,120247753647720278,[AFS] [F3] [Khanyisa Zwane] V4,120247753572060278,35,35,35,14,50,2.51,155,40
2026-08-10,120247753656710278,,,0,0,0,0,0,0,1,1
2026-08-10,120247753677620278,,,0,0,0,0,0,0,1,1
2026-08-10,120247753719190278,,,0,0,0,0,0,0,2,1
2026-08-10,120247753784310278,[AFS] [F3] [Yonela Mnguni] V2,120247753719120278,17,17,17,20,38,2.32,89,23
2026-08-10,120247753859960278,[AFS] [F3] [Khanyisile Nxumalo] V2,120247753837740278,37,37,37,18,58,1.77,124,36
2026-08-10,120247753880980278,,,0,0,0,0,0,0,6,2
2026-08-10,120247753901780278,,,0,0,0,0,0,0,6,3
2026-08-10,120247768344990278,,,0,0,0,0,0,0,2,2
2026-08-10,120247768363360278,,,0,0,0,0,0,0,4,1
2026-08-10,120247768444270278,,,0,0,0,0,0,0,2,1
2026-08-10,120247768559710278,,,0,0,0,0,0,0,2,1
2026-08-10,120247768572330278,,,0,0,0,0,0,0,1,1
2026-08-10,120247768731050278,,,0,0,0,0,0,0,3,1
2026-08-10,120247768743240278,,,0,0,0,0,0,0,2,1
2026-08-10,120247768808810278,,,0,0,0,0,0,0,3,1
2026-08-10,120247797138580278,,,0,0,0,0,0,0,6,1
2026-08-10,120247797318780278,,,0,0,0,0,0,0,1,1
2026-08-10,120247820550760278,,,0,0,0,0,0,0,1,1
2026-08-10,120247820561410278,,,0,0,0,0,0,0,1,1
2026-08-10,120247820576040278,,,0,0,0,0,0,0,1,1
2026-08-10,120247820635940278,,,0,0,0,0,0,0,1,1
2026-08-10,120247820894460278,,,0,0,0,0,0,0,1,1
2026-08-10,120247821966990278,,,0,0,0,0,0,0,4,2
2026-08-10,120247822019620278,[AFS] [F3] [Chidinma Eze] V6,120247821868880278,1,1,1,0,0,0,0,0
2026-08-10,120247822112860278,,,0,0,0,0,0,0,1,1
2026-08-10,120247822275040278,,,0,0,0,0,0,0,10,2
2026-08-10,120247822296620278,,,0,0,0,0,0,0,1,1
2026-08-10,120247852194640278,,,0,0,0,0,0,0,4,3
2026-08-10,120247852205280278,,,0,0,0,0,0,0,3,1
2026-08-10,120247852217870278,,,0,0,0,0,0,0,2,2
2026-08-10,120247852230800278,,,0,0,0,0,0,0,6,4
2026-08-10,120247852377810278,[AFS] [F3] [Luyanda Mbatha] V5,120247852291590278,11,11,11,6,20,0.89,38,8
2026-08-10,120247852396100278,,,0,0,0,0,0,0,29,4
2026-08-10,120247855943690278,,,0,0,0,0,0,0,8,3
2026-08-10,120247856009420278,,,0,0,0,0,0,0,8,8
2026-08-10,120247856014920278,,,0,0,0,0,0,0,7,2
2026-08-10,120247856024270278,,,0,0,0,0,0,0,3,1
2026-08-10,120247856129530278,,,0,0,0,0,0,0,4,4
2026-08-10,120247856138670278,,,0,0,0,0,0,0,2,2
2026-08-10,120247856141810278,,,0,0,0,0,0,0,1,1
2026-08-10,120247856312700278,,,0,0,0,0,0,0,8,8
2026-08-10,120247856415450278,,,0,0,0,0,0,0,12,8
2026-08-10,120247856608070278,,,0,0,0,0,0,0,5,5
2026-08-10,120247856633450278,,,0,0,0,0,0,0,2,2
2026-08-10,120247856660550278,,,0,0,0,0,0,0,10,4
2026-08-10,120247856752040278,,,0,0,0,0,0,0,13,8
2026-08-10,120247856764540278,,,0,0,0,0,0,0,2,1
2026-08-10,120247856774430278,,,0,0,0,0,0,0,5,4
2026-08-10,120247856781020278,,,0,0,0,0,0,0,7,3
2026-08-10,120253101303050281,,,0,0,0,0,0,0,1,1
2026-08-10,120253138584190281,,,0,0,0,0,0,0,2,1
2026-08-10,120253141747920281,,,0,0,0,0,0,0,1,1
2026-08-10,120253142297110281,,,0,0,0,0,0,0,2,1
2026-08-10,120253167944440281,,,0,0,0,0,0,0,2,1
2026-08-10,120253167956510281,,,0,0,0,0,0,0,6,1
2026-08-10,120253168397070281,,,0,0,0,0,0,0,1,1
2026-08-10,120253168399990281,,,0,0,0,0,0,0,2,1
2026-08-10,120253224960730281,,,0,0,0,0,0,0,3,2
2026-08-10,120253224985020281,,,0,0,0,0,0,0,1,1
2026-08-10,120253225035240281,,,0,0,0,0,0,0,1,1
2026-08-10,120253225586410281,,,0,0,0,0,0,0,5,1
2026-08-10,120253225795580281,,,0,0,0,0,0,0,2,1
2026-08-10,120253226001460281,,,0,0,0,0,0,0,2,1
2026-08-10,120253302500280281,,,0,0,0,0,0,0,2,1
2026-08-10,120253303657180281,,,0,0,0,0,0,0,1,1
2026-08-10,120253303673670281,,,0,0,0,0,0,0,1,1
2026-08-10,120253406623060281,[AFS] [F3] [Zama Molefe] V3,120253406535430281,1,1,1,0,2,0.00,13,8
2026-08-10,120253406631270281,,,0,0,0,0,0,0,3,1
2026-08-10,120253406659640281,,,0,0,0,0,0,0,9,8
2026-08-10,120253406694290281,,,0,0,0,0,0,0,1,1
2026-08-10,120253406774810281,,,0,0,0,0,0,0,7,5
2026-08-10,120253406815340281,,,0,0,0,0,0,0,1,1
2026-08-10,120253406822870281,,,0,0,0,0,0,0,4,3
2026-08-10,120253406891930281,,,0,0,0,0,0,0,4,4
2026-08-10,120253406978040281,,,0,0,0,0,0,0,2,1
2026-08-10,120253406998850281,,,0,0,0,0,0,0,2,1
2026-08-10,120253407333460281,,,0,0,0,0,0,0,7,4
2026-08-10,120253407349550281,,,0,0,0,0,0,0,1,1
2026-08-10,120253407402570281,,,0,0,0,0,0,0,16,10
2026-08-10,120253407409760281,,,0,0,0,0,0,0,8,6
2026-08-10,120253407759380281,,,0,0,0,0,0,0,2,1
2026-08-10,120253407926920281,,,0,0,0,0,0,0,5,1
2026-08-10,120253409983580281,,,0,0,0,0,0,0,9,7
2026-08-10,120253411360680281,,,0,0,0,0,0,0,2,1
2026-08-10,120253411937390281,,,0,0,0,0,0,0,1,1
2026-08-10,120253415614300281,,,0,0,0,0,0,0,1,1
2026-08-10,120253415627710281,,,0,0,0,0,0,0,4,1
2026-08-10,120253415654240281,,,0,0,0,0,0,0,4,2
2026-08-10,120253415724350281,,,0,0,0,0,0,0,4,1
2026-08-10,120253422900530281,,,0,0,0,0,0,0,2,2
2026-08-10,120253422902890281,,,0,0,0,0,0,0,1,1
2026-08-10,120253422905970281,,,0,0,0,0,0,0,1,1
2026-08-10,120253422910030281,,,0,0,0,0,0,0,1,1
2026-08-10,120253422925680281,,,0,0,0,0,0,0,6,2
2026-08-10,120253423000780281,,,0,0,0,0,0,0,14,5
2026-08-10,120253423035590281,,,0,0,0,0,0,0,9,4
2026-08-10,120253423686830281,,,0,0,0,0,0,0,1,1
2026-08-10,120253423701340281,,,0,0,0,0,0,0,1,1
2026-08-10,120253428701830281,,,0,0,0,0,0,0,1,1
2026-08-10,120253428707890281,,,0,0,0,0,0,0,5,2
2026-08-10,120253428726940281,,,0,0,0,0,0,0,11,1
2026-08-10,120253428745740281,,,0,0,0,0,0,0,5,2
2026-08-10,120253428749630281,,,0,0,0,0,0,0,2,2
2026-08-10,120253428755700281,,,0,0,0,0,0,0,3,2
2026-08-10,120253428768520281,,,0,0,0,0,0,0,5,3
2026-08-10,120253428772810281,,,0,0,0,0,0,0,2,1
2026-08-10,120253428775060281,,,0,0,0,0,0,0,2,2
2026-08-10,120253428784400281,,,0,0,0,0,0,0,1,1
2026-08-10,120253428858230281,,,0,0,0,0,0,0,1,1
2026-08-10,120253428866700281,,,0,0,0,0,0,0,1,1
2026-08-10,120253464315390281,,,0,0,0,0,0,0,2,1
2026-08-10,120253464442800281,,,0,0,0,0,0,0,3,1
2026-08-11,120247357080980278,,,0,0,0,0,0,0,5,2
2026-08-11,120247357081010278,[AFS] [F3] [AMARA OKAFOR] V6,120247357080990278,46,46,46,26,62,1.86,187,47
2026-08-11,120247357081030278,,,0,0,0,0,0,0,9,3
2026-08-11,120247357081040278,[AFS] [F3] [AMARA OKAFOR] V2,120247357080990278,1,1,1,0,1,0.01,8,4
2026-08-11,120247357081050278,[AFS] [F3] [AMARA OKAFOR] V4,120247357080990278,3,3,3,1,2,0.03,7,4
2026-08-11,120247357457050278,[AFS] [F3] [ZOLA DLAMINI] V4,120247357456980278,24,24,24,18,33,1.40,144,38
2026-08-11,120247357457070278,[AFS] [F3] [ZOLA DLAMINI] V3,120247357456980278,36,36,36,23,39,1.32,136,36
2026-08-11,120247357457080278,[AFS] [F3] [ZOLA DLAMINI] V5,120247357456980278,1,1,1,0,1,0.00,1,1
2026-08-11,120247357457090278,[AFS] [F3] [ZOLA DLAMINI]V6,120247357456980278,44,44,44,28,59,1.61,128,39
2026-08-11,120247357457100278,[AFS] [F3] [ZOLA DLAMINI] V1,120247357456980278,3,3,3,3,3,0.15,21,4
2026-08-11,120247358420050278,,,0,0,0,0,0,0,1,1
2026-08-11,120247358420060278,,,0,0,0,0,0,0,10,3
2026-08-11,120247358420070278,[AFS] [F3] [AMINATA DIALLO] V3,120247358419970278,30,30,30,12,35,1.05,94,25
2026-08-11,120247358420080278,[AFS] [F3] [AMINATA DIALLO] V2,120247358419970278,4,4,4,1,6,0.10,6,2
2026-08-11,120247358791350278,,,0,0,0,0,0,0,1,1
2026-08-11,120247359464720278,[AFS] [F3] [NOMVULA MOKOENA] V6,120247359464690278,2,2,2,1,3,0.04,9,6
2026-08-11,120247360141410278,[AFS] [F3] [CHIPO MOYO]  V6,120247360141370278,54,54,54,35,73,2.39,184,52
2026-08-11,120247360141470278,,,0,0,0,0,0,0,2,1
2026-08-11,120247360141480278,[AFS] [F3] [CHIPO MOYO]  V4,120247360141370278,2,2,2,4,4,0.26,34,8
2026-08-11,120247360141490278,[AFS] [F3] [CHIPO MOYO]  V2,120247360141370278,26,26,26,11,34,0.89,71,29
2026-08-11,120247360356770278,,,0,0,0,0,0,0,4,2
2026-08-11,120247360356790278,[AFS] [F3] [FATOUMATA TRAORE] V6,120247360356710278,15,15,15,12,21,0.89,53,15
2026-08-11,120247360356820278,[AFS] [F3] [FATOUMATA TRAORE] V2,120247360356710278,1,1,1,0,1,0.01,2,2
2026-08-11,120247360356830278,[AFS] [F3] [FATOUMATA TRAORE] V1,120247360356710278,31,31,31,14,45,0.87,83,31
2026-08-11,120247360531120278,,,0,0,0,0,0,0,5,1
2026-08-11,120247360531130278,[AFS] [F3] [AMINATA DIALLO] V5,120247360531070278,1,1,1,0,1,0.00,7,5
2026-08-11,120247360531140278,[AFS] [F3] [AMINATA DIALLO] V6,120247360531070278,32,32,32,30,41,2.87,221,47
2026-08-11,120247360531160278,,,0,0,0,0,0,0,1,1
2026-08-11,120247382249520278,,,0,0,0,0,0,0,7,1
2026-08-11,120247382249530278,[AFS_RELA_EN_BOT_0001] [NOURBESE] V2,120247382249440278,1,1,1,0,2,0.00,0,0
2026-08-11,120247382323040278,[AFS] [F3] [WANGARI KAMAU] V4,120247382322970278,42,42,42,24,56,2.15,165,37
2026-08-11,120247382323050278,[AFS] [F3] [WANGARI KAMAU] V6,120247382322970278,47,47,47,25,60,1.70,151,37
2026-08-11,120247382323060278,[AFS] [F3] [WANGARI KAMAU] V5,120247382322970278,42,42,42,37,58,2.57,158,34
2026-08-11,120247382323070278,[AFS] [F3] [WANGARI KAMAU] V2,120247382322970278,32,32,32,18,44,1.42,120,32
2026-08-11,120247382323080278,[AFS] [F3] [WANGARI KAMAU] V3,120247382322970278,38,38,38,25,47,1.06,105,36
2026-08-11,120247382323090278,[AFS] [F3] [WANGARI KAMAU] V1,120247382322970278,27,27,27,16,37,1.61,138,33
2026-08-11,120247488168300278,,,0,0,0,0,0,0,4,1
2026-08-11,120247488215910278,,,0,0,0,0,0,0,1,1
2026-08-11,120247488220950278,,,0,0,0,0,0,0,12,1
2026-08-11,120247488225850278,,,0,0,0,0,0,0,6,1
2026-08-11,120247488230320278,,,0,0,0,0,0,0,2,1
2026-08-11,120247488259350278,[AFS] [F3] [LUNGILE HADEBE] V1,120247488259330278,72,72,72,50,95,2.30,194,59
2026-08-11,120247488419540278,,,0,0,0,0,0,0,2,1
2026-08-11,120247488474100278,[AFS] [F3] [LERATO MAHLANGU] V1,120247488474000278,28,28,28,13,41,0.93,88,23
2026-08-11,120247488660110278,,,0,0,0,0,0,0,24,5
2026-08-11,120247488793560278,,,0,0,0,0,0,0,3,2
2026-08-11,120247488827940278,[AFS] [F3] [LERATO MAHLANGU] V5,120247488474000278,67,67,67,40,94,2.66,209,56
2026-08-11,120247488854820278,[AFS] [F3] [LERATO MAHLANGU] V6,120247488474000278,22,22,22,15,31,2.16,136,24
2026-08-11,120247488968980278,[AFS] [F3] [NOURBESE ACHEBE] V2,120247488930090278,38,38,38,15,48,0.94,96,28
2026-08-11,120247489016960278,[AFS] [F3] [NOURBESE ACHEBE] V5,120247488930090278,1,1,1,1,1,0.07,6,1
2026-08-11,120247489152530278,,,0,0,0,0,0,0,2,2
2026-08-11,120247489160520278,,,0,0,0,0,0,0,7,5
2026-08-11,120247506168140278,[AFS] [F3] [BONGEKILE ZUNGU] V1,120247506168050278,1,1,1,1,1,0.02,2,1
2026-08-11,120247506216350278,,,0,0,0,0,0,0,1,1
2026-08-11,120247506542160278,,,0,0,0,0,0,0,2,2
2026-08-11,120247566493330278,,,0,0,0,0,0,0,4,1
2026-08-11,120247566568070278,,,0,0,0,0,0,0,1,1
2026-08-11,120247566640090278,,,0,0,0,0,0,0,2,1
2026-08-11,120247753268600278,[AFS] [F3] [Siphesihle Cele] V1,120247753268510278,1,1,1,0,3,0.00,0,0
2026-08-11,120247753333380278,[AFS] [F3] [Siphesihle Cele] V2,120247753268510278,26,26,26,14,33,1.12,112,19
2026-08-11,120247753339060278,[AFS] [F3] [Siphesihle Cele] V3,120247753268510278,1,1,1,0,1,0.00,5,2
2026-08-11,120247753343390278,[AFS] [F3] [Siphesihle Cele] V4,120247753268510278,25,25,25,14,33,0.74,55,17
2026-08-11,120247753348540278,,,0,0,0,0,0,0,2,1
2026-08-11,120247753359010278,[AFS] [F3] [Siphesihle Cele] V6,120247753268510278,10,10,10,7,12,0.71,68,10
2026-08-11,120247753572160278,[AFS] [F3] [Khanyisa Zwane] V1,120247753572060278,3,3,3,1,4,0.13,17,7
2026-08-11,120247753631300278,[AFS] [F3] [Khanyisa Zwane] V2,120247753572060278,20,20,20,12,26,0.88,69,15
2026-08-11,120247753639190278,,,0,0,0,0,0,0,3,2
2026-08-11,120247753647720278,[AFS] [F3] [Khanyisa Zwane] V4,120247753572060278,55,55,55,43,72,3.33,245,49
2026-08-11,120247753656710278,[AFS] [F3] [Khanyisa Zwane] V5,120247753572060278,1,1,1,0,1,0.00,9,4
2026-08-11,120247753677620278,[AFS] [F3] [Khanyisa Zwane] V6,120247753572060278,1,1,1,1,1,0.16,15,1
2026-08-11,120247753784310278,[AFS] [F3] [Yonela Mnguni] V2,120247753719120278,25,25,25,14,26,0.73,90,20
2026-08-11,120247753859960278,[AFS] [F3] [Khanyisile Nxumalo] V2,120247753837740278,60,60,60,50,84,3.80,236,48
2026-08-11,120247753901780278,,,0,0,0,0,0,0,2,1
2026-08-11,120247768444270278,,,0,0,0,0,0,0,1,1
2026-08-11,120247768731050278,,,0,0,0,0,0,0,2,1
2026-08-11,120247768743240278,,,0,0,0,0,0,0,1,1
2026-08-11,120247768820650278,,,0,0,0,0,0,0,7,1
2026-08-11,120247797507310278,,,0,0,0,0,0,0,1,1
2026-08-11,120247797557650278,,,0,0,0,0,0,0,2,1
2026-08-11,120247820515490278,,,0,0,0,0,0,0,4,2
2026-08-11,120247820541780278,,,0,0,0,0,0,0,1,1
2026-08-11,120247820550760278,,,0,0,0,0,0,0,1,1
2026-08-11,120247820561410278,,,0,0,0,0,0,0,2,2
2026-08-11,120247820656040278,,,0,0,0,0,0,0,2,1
2026-08-11,120247822249050278,,,0,0,0,0,0,0,1,1
2026-08-11,120247822275040278,,,0,0,0,0,0,0,23,2
2026-08-11,120247851738670278,,,0,0,0,0,0,0,1,1
2026-08-11,120247852157620278,,,0,0,0,0,0,0,2,2
2026-08-11,120247852194640278,,,0,0,0,0,0,0,1,1
2026-08-11,120247852230800278,,,0,0,0,0,0,0,11,3
2026-08-11,120247852240720278,,,0,0,0,0,0,0,1,1
2026-08-11,120247852331040278,[AFS] [F3] [Luyanda Mbatha] V2,120247852291590278,2,2,2,1,2,0.03,3,1
2026-08-11,120247852359280278,,,0,0,0,0,0,0,1,1
2026-08-11,120247852377810278,[AFS] [F3] [Luyanda Mbatha] V5,120247852291590278,15,15,15,10,18,0.46,29,10
2026-08-11,120247852396100278,,,0,0,0,0,0,0,3,3
2026-08-11,120247855943690278,,,0,0,0,0,0,0,2,1
2026-08-11,120247856009420278,,,0,0,0,0,0,0,1,1
2026-08-11,120247856129530278,,,0,0,0,0,0,0,3,1
2026-08-11,120247856365350278,,,0,0,0,0,0,0,1,1
2026-08-11,120247856415450278,,,0,0,0,0,0,0,7,3
2026-08-11,120247856608070278,,,0,0,0,0,0,0,8,2
2026-08-11,120247856633450278,,,0,0,0,0,0,0,2,1
2026-08-11,120247856660550278,,,0,0,0,0,0,0,2,1
2026-08-11,120247856672630278,,,0,0,0,0,0,0,1,1
2026-08-11,120247856752040278,,,0,0,0,0,0,0,1,1
2026-08-11,120247856774430278,,,0,0,0,0,0,0,4,3
2026-08-11,120248013951830278,[AFS] [F3] [Khanyisile Nxumalo] V7,120247753837740278,28,28,28,14,46,0.87,36,12
2026-08-11,120248013980050278,[AFS] [F3] [Khanyisile Nxumalo] V8,120247753837740278,16,16,16,7,23,0.44,31,7
2026-08-11,120248013986740278,[AFS] [F3] [Khanyisile Nxumalo] V9,120247753837740278,23,23,23,13,32,1.14,53,13
2026-08-11,120248013993110278,[AFS] [F3] [Khanyisile Nxumalo] V11,120247753837740278,19,19,19,10,27,0.47,31,9
2026-08-11,120248014002370278,[AFS] [F3] [Khanyisile Nxumalo] V12,120247753837740278,22,22,22,17,33,1.06,53,13
2026-08-11,120248014007790278,[AFS] [F3] [Khanyisile Nxumalo] V13,120247753837740278,24,24,24,20,35,1.25,83,20
2026-08-11,120248014016860278,[AFS] [F3] [Khanyisile Nxumalo] V14,120247753837740278,29,29,29,18,38,1.44,86,15
2026-08-11,120248014026550278,[AFS] [F3] [Khanyisile Nxumalo] V15,120247753837740278,16,16,16,9,21,0.64,41,7
2026-08-11,120248014031360278,[AFS] [F3] [Khanyisile Nxumalo] V16,120247753837740278,20,20,20,8,27,0.56,28,7
2026-08-11,120248014298520278,[AFS] [F3] [Khanyisa Zwane] V7,120247753572060278,17,17,17,13,27,0.81,41,10
2026-08-11,120248014304990278,[AFS] [F3] [Khanyisa Zwane] V8,120247753572060278,70,70,70,62,102,5.21,309,52
2026-08-11,120248014307330278,[AFS] [F3] [Khanyisa Zwane] V9,120247753572060278,15,15,15,12,25,1.30,71,10
2026-08-11,120248014312900278,[AFS] [F3] [Khanyisa Zwane] V10,120247753572060278,51,51,51,44,69,3.48,179,35
2026-08-11,120248014331980278,[AFS] [F3] [Khanyisa Zwane] V11,120247753572060278,29,29,28,17,47,0.96,55,11
2026-08-11,120248014338390278,[AFS] [F3] [Khanyisa Zwane] V12,120247753572060278,24,24,24,16,33,1.04,60,12
2026-08-11,120248014349350278,[AFS] [F3] [Khanyisa Zwane] V13,120247753572060278,22,22,22,18,30,1.91,127,16
2026-08-11,120248014354790278,[AFS] [F3] [Khanyisa Zwane] V14,120247753572060278,9,9,9,10,16,0.55,21,6
2026-08-11,120248014357340278,[AFS] [F3] [Khanyisa Zwane] V15,120247753572060278,22,22,22,19,29,1.82,102,13
2026-08-11,120248014361180278,[AFS] [F3] [Khanyisa Zwane] V16,120247753572060278,21,21,21,12,25,1.01,67,11
2026-08-11,120248014806030278,[AFS] [F3] [Siphesihle Cele] V7,120247753268510278,14,14,14,10,21,0.67,36,9
2026-08-11,120248014851080278,[AFS] [F3] [Siphesihle Cele] V8,120247753268510278,11,11,11,4,17,0.45,17,3
2026-08-11,120248014943290278,[AFS] [F3] [Siphesihle Cele] V9,120247753268510278,15,15,15,12,20,1.25,78,12
2026-08-11,120248014983880278,[AFS] [F3] [Siphesihle Cele] V10,120247753268510278,18,18,18,8,26,0.96,65,13
2026-08-11,120248014989930278,[AFS] [F3] [Siphesihle Cele] V11,120247753268510278,31,31,31,16,41,1.37,80,16
2026-08-11,120248015000030278,[AFS] [F3] [Siphesihle Cele] V12,120247753268510278,18,18,18,13,27,1.28,75,11
2026-08-11,120248015007660278,[AFS] [F3] [Siphesihle Cele] V13,120247753268510278,19,19,19,13,28,0.62,30,10
2026-08-11,120248015021780278,[AFS] [F3] [Siphesihle Cele] V14,120247753268510278,21,21,21,10,25,0.53,40,11
2026-08-11,120248015027340278,[AFS] [F3] [Siphesihle Cele] V15,120247753268510278,24,24,24,12,33,0.54,30,14
2026-08-11,120248015032800278,[AFS] [F3] [Siphesihle Cele] V16,120247753268510278,21,21,21,16,27,1.55,79,13
2026-08-11,120248015539040278,[AFS] [F3] [Yonela Mnguni] V7,120247753719120278,20,20,20,17,31,2.04,116,14
2026-08-11,120248015573900278,[AFS] [F3] [Yonela Mnguni] V8,120247753719120278,21,21,21,23,32,2.02,111,16
2026-08-11,120248015583870278,[AFS] [F3] [Yonela Mnguni] V9,120247753719120278,28,28,28,20,41,1.71,99,17
2026-08-11,120248015591980278,[AFS] [F3] [Yonela Mnguni] V10,120247753719120278,26,26,26,13,36,0.87,55,12
2026-08-11,120248015604620278,[AFS] [F3] [Yonela Mnguni] V11,120247753719120278,37,37,37,24,48,1.91,127,22
2026-08-11,120248015608410278,[AFS] [F3] [Yonela Mnguni] V12,120247753719120278,27,27,27,23,37,2.05,139,18
2026-08-11,120248015705310278,[AFS] [F3] [Yonela Mnguni] V13,120247753719120278,17,17,17,16,28,1.00,57,12
2026-08-11,120248015743610278,[AFS] [F3] [Yonela Mnguni] V14,120247753719120278,36,36,36,22,50,2.42,134,22
2026-08-11,120248015758600278,[AFS] [F3] [Yonela Mnguni] V15,120247753719120278,28,28,28,23,39,1.64,100,19
2026-08-11,120248015775920278,[AFS] [F3] [Yonela Mnguni] V16,120247753719120278,21,21,21,11,26,0.68,36,9
2026-08-11,120248015919380278,[AFS] [F3] [Luyanda Mbatha] V7,120247852291590278,13,13,13,10,25,0.38,18,8
2026-08-11,120248015964290278,[AFS] [F3] [Luyanda Mbatha] V8,120247852291590278,23,23,23,17,29,1.11,53,15
2026-08-11,120248015969120278,[AFS] [F3] [Luyanda Mbatha] V9,120247852291590278,10,10,10,5,13,0.35,29,5
2026-08-11,120248015975280278,[AFS] [F3] [Luyanda Mbatha] V10,120247852291590278,21,21,21,16,37,1.12,48,11
2026-08-11,120248015981890278,[AFS] [F3] [Luyanda Mbatha] V11,120247852291590278,11,11,11,7,16,0.61,34,5
2026-08-11,120248015988990278,[AFS] [F3] [Luyanda Mbatha] V12,120247852291590278,12,12,12,5,18,0.32,25,9
2026-08-11,120248016000090278,[AFS] [F3] [Luyanda Mbatha] V13,120247852291590278,11,11,11,5,15,0.37,22,6
2026-08-11,120248016014170278,[AFS] [F3] [Luyanda Mbatha] V14,120247852291590278,3,3,3,2,6,0.06,2,1
2026-08-11,120248016028140278,[AFS] [F3] [Luyanda Mbatha] V15,120247852291590278,18,18,18,8,24,1.06,43,8
2026-08-11,120248016058110278,[AFS] [F3] [Luyanda Mbatha] V16,120247852291590278,9,9,9,3,11,0.52,32,6
2026-08-11,120253057444620281,,,0,0,0,0,0,0,1,1
2026-08-11,120253082817280281,,,0,0,0,0,0,0,1,1
2026-08-11,120253101303050281,,,0,0,0,0,0,0,1,1
2026-08-11,120253101321190281,,,0,0,0,0,0,0,4,1
2026-08-11,120253101346700281,,,0,0,0,0,0,0,2,2
2026-08-11,120253137204850281,,,0,0,0,0,0,0,2,1
2026-08-11,120253138575670281,,,0,0,0,0,0,0,1,1
2026-08-11,120253138581950281,,,0,0,0,0,0,0,2,1
2026-08-11,120253138745550281,,,0,0,0,0,0,0,6,1
2026-08-11,120253141376140281,,,0,0,0,0,0,0,7,1
2026-08-11,120253141733960281,,,0,0,0,0,0,0,1,1
2026-08-11,120253141780200281,,,0,0,0,0,0,0,1,1
2026-08-11,120253142290360281,,,0,0,0,0,0,0,10,2
2026-08-11,120253142297110281,,,0,0,0,0,0,0,1,1
2026-08-11,120253168279700281,,,0,0,0,0,0,0,1,1
2026-08-11,120253168393840281,,,0,0,0,0,0,0,3,1
2026-08-11,120253224960730281,,,0,0,0,0,0,0,4,3
2026-08-11,120253225038370281,,,0,0,0,0,0,0,2,1
2026-08-11,120253225795580281,,,0,0,0,0,0,0,1,1
2026-08-11,120253225872080281,,,0,0,0,0,0,0,2,1
2026-08-11,120253226001460281,,,0,0,0,0,0,0,2,1
2026-08-11,120253303673670281,,,0,0,0,0,0,0,6,1
2026-08-11,120253303763750281,,,0,0,0,0,0,0,2,1
2026-08-11,120253304289250281,,,0,0,0,0,0,0,1,1
2026-08-11,120253304752230281,,,0,0,0,0,0,0,1,1
2026-08-11,120253406623060281,,,0,0,0,0,0,0,2,2
2026-08-11,120253406631270281,,,0,0,0,0,0,0,1,1
2026-08-11,120253406659640281,,,0,0,0,0,0,0,3,1
2026-08-11,120253406774810281,,,0,0,0,0,0,0,2,2
2026-08-11,120253406815340281,,,0,0,0,0,0,0,1,1
2026-08-11,120253406891930281,,,0,0,0,0,0,0,3,3
2026-08-11,120253407021750281,,,0,0,0,0,0,0,5,2
2026-08-11,120253407333460281,,,0,0,0,0,0,0,3,3
2026-08-11,120253407402570281,,,0,0,0,0,0,0,3,2
2026-08-11,120253407409760281,,,0,0,0,0,0,0,6,2
2026-08-11,120253407553070281,,,0,0,0,0,0,0,2,1
2026-08-11,120253407641490281,,,0,0,0,0,0,0,2,1
2026-08-11,120253409927790281,,,0,0,0,0,0,0,1,1
2026-08-11,120253409983580281,,,0,0,0,0,0,0,21,4
2026-08-11,120253411718390281,,,0,0,0,0,0,0,1,1
2026-08-11,120253411979140281,,,0,0,0,0,0,0,1,1
2026-08-11,120253415614300281,,,0,0,0,0,0,0,3,1
2026-08-11,120253415663260281,,,0,0,0,0,0,0,2,1
2026-08-11,120253415684090281,,,0,0,0,0,0,0,1,1
2026-08-11,120253415685920281,,,0,0,0,0,0,0,3,1
2026-08-11,120253422902890281,,,0,0,0,0,0,0,2,2
2026-08-11,120253423000780281,,,0,0,0,0,0,0,8,3
2026-08-11,120253423035590281,,,0,0,0,0,0,0,4,1
2026-08-11,120253423108780281,,,0,0,0,0,0,0,1,1
2026-08-11,120253423549100281,,,0,0,0,0,0,0,2,1
2026-08-11,120253423618130281,,,0,0,0,0,0,0,5,1
2026-08-11,120253423686830281,,,0,0,0,0,0,0,12,1
2026-08-11,120253428701830281,,,0,0,0,0,0,0,1,1
2026-08-11,120253428707890281,,,0,0,0,0,0,0,3,1
2026-08-11,120253428745740281,,,0,0,0,0,0,0,6,2
2026-08-11,120253428755700281,,,0,0,0,0,0,0,1,1
2026-08-11,120253428775060281,,,0,0,0,0,0,0,1,1
2026-08-11,120253428778770281,,,0,0,0,0,0,0,1,1
2026-08-11,120253428817070281,,,0,0,0,0,0,0,3,1
2026-08-11,120253665771950281,[AFS] [F3] [Noluthando Makhanya] V1,120253665771940281,2,2,2,1,2,0.05,5,1
2026-08-11,120253665868790281,[AFS] [F3] [Noluthando Makhanya] V2,120253665771940281,3,3,3,1,3,0.05,6,2
2026-08-11,120253665873690281,[AFS] [F3] [Noluthando Makhanya] V3,120253665771940281,28,28,28,13,30,1.01,87,13
2026-08-11,120253665881380281,[AFS] [F3] [Noluthando Makhanya] V4,120253665771940281,41,41,41,18,45,1.78,135,23
2026-08-11,120253665893600281,[AFS] [F3] [Noluthando Makhanya] V5,120253665771940281,19,19,19,10,22,0.56,39,11
2026-08-11,120253665898630281,[AFS] [F3] [Noluthando Makhanya] V6,120253665771940281,1,1,1,0,2,0.00,0,0
2026-08-11,120253665904310281,[AFS] [F3] [Noluthando Makhanya] V7,120253665771940281,162,162,162,94,191,7.92,626,112
2026-08-11,120253665910190281,[AFS] [F3] [Noluthando Makhanya] V8,120253665771940281,61,61,61,39,76,3.00,233,44
2026-08-11,120253665917020281,[AFS] [F3] [Noluthando Makhanya] V9,120253665771940281,3,3,3,3,4,0.17,13,3
2026-08-11,120253665946580281,[AFS] [F3] [Noluthando Makhanya] V10,120253665771940281,48,48,48,24,53,1.41,95,28
2026-08-11,120253666333460281,[AFS] [F3] [Sinethemba Mthembu] V1,120253666333490281,137,137,137,65,160,4.23,296,69
2026-08-11,120253666506120281,[AFS] [F3] [Sinethemba Mthembu] V2,120253666333490281,26,26,26,15,31,0.90,72,18
2026-08-11,120253666511600281,[AFS] [F3] [Sinethemba Mthembu] V3,120253666333490281,17,17,17,4,19,0.31,25,6
2026-08-11,120253666519980281,[AFS] [F3] [Sinethemba Mthembu] V4,120253666333490281,2,2,2,1,2,0.03,3,1
2026-08-11,120253666527630281,[AFS] [F3] [Sinethemba Mthembu] V5,120253666333490281,92,92,92,45,109,2.89,218,47
2026-08-11,120253666532760281,[AFS] [F3] [Sinethemba Mthembu] V6,120253666333490281,111,111,111,48,133,3.26,270,59
2026-08-11,120253666628200281,[AFS] [F3] [Sinethemba Mthembu] V7,120253666333490281,16,16,16,5,20,0.67,44,7
2026-08-11,120253666652150281,[AFS] [F3] [Sinethemba Mthembu] V8,120253666333490281,4,4,4,3,5,0.12,8,3
2026-08-11,120253666666590281,[AFS] [F3] [Sinethemba Mthembu] V9,120253666333490281,4,4,4,2,5,0.18,14,2
2026-08-11,120253666680770281,[AFS] [F3] [Sinethemba Mthembu] V10,120253666333490281,8,8,8,5,9,0.41,28,5
2026-08-11,120253667302470281,[AFS] [F3] [Nqobile Mkhwanazi] V1,120253667302360281,34,34,34,16,45,1.51,86,20
2026-08-11,120253667360680281,[AFS] [F3] [Nqobile Mkhwanazi] V2,120253667302360281,25,25,25,12,35,1.20,64,14
2026-08-11,120253667384950281,[AFS] [F3] [Nqobile Mkhwanazi] V3,120253667302360281,20,20,20,12,25,0.84,51,13
2026-08-11,120253667457200281,[AFS] [F3] [Nqobile Mkhwanazi] V4,120253667302360281,24,24,24,16,31,1.44,86,16
2026-08-11,120253667485200281,[AFS] [F3] [Nqobile Mkhwanazi] V5,120253667302360281,29,29,29,16,47,1.62,81,14
2026-08-11,120253667505210281,[AFS] [F3] [Nqobile Mkhwanazi] V6,120253667302360281,24,24,24,14,36,1.20,61,12
2026-08-11,120253667521110281,[AFS] [F3] [Nqobile Mkhwanazi] V7,120253667302360281,25,25,25,17,42,1.28,50,13
2026-08-11,120253667533570281,[AFS] [F3] [Nqobile Mkhwanazi] V8,120253667302360281,25,25,25,13,37,0.82,52,14
2026-08-11,120253667542940281,[AFS] [F3] [Nqobile Mkhwanazi] V9,120253667302360281,23,23,23,21,38,2.16,94,15
2026-08-11,120253667551140281,[AFS] [F3] [Nqobile Mkhwanazi] V10,120253667302360281,21,21,21,12,30,0.81,44,11
2026-08-11,120253667581310281,[AFS] [F3] [Zandile Hlatshwayo] V1,120253667581330281,12,12,12,8,20,0.48,21,6
2026-08-11,120253667622250281,[AFS] [F3] [Zandile Hlatshwayo] V2,120253667581330281,17,17,17,13,24,0.95,51,10
2026-08-11,120253667639650281,[AFS] [F3] [Zandile Hlatshwayo] V3,120253667581330281,36,36,36,23,57,2.73,120,16
2026-08-11,120253667644420281,[AFS] [F3] [Zandile Hlatshwayo] V4,120253667581330281,27,27,27,23,43,1.34,74,17
2026-08-11,120253667649010281,[AFS] [F3] [Zandile Hlatshwayo] V5,120253667581330281,27,27,27,17,37,1.39,86,16
2026-08-11,120253667663120281,[AFS] [F3] [Zandile Hlatshwayo] V6,120253667581330281,18,18,18,4,21,0.40,39,9
2026-08-11,120253667668650281,[AFS] [F3] [Zandile Hlatshwayo] V7,120253667581330281,57,57,57,35,75,3.12,165,33
2026-08-11,120253667678500281,[AFS] [F3] [Zandile Hlatshwayo] V8,120253667581330281,20,20,20,13,29,1.03,49,10
2026-08-11,120253667683750281,[AFS] [F3] [Zandile Hlatshwayo] V9,120253667581330281,24,24,24,14,34,1.46,83,14
2026-08-11,120253667705850281,[AFS] [F3] [Zandile Hlatshwayo] V10,120253667581330281,33,33,33,22,49,1.90,95,19
2026-08-12,120247357081010278,[AFS] [F3] [AMARA OKAFOR] V6,120247357080990278,61,61,61,0,1,0.00,224,48
2026-08-12,120247357081030278,,,0,0,0,0,0,0,3,1
2026-08-12,120247357081040278,[AFS] [F3] [AMARA OKAFOR] V2,120247357080990278,1,1,1,0,0,0,0,0
2026-08-12,120247357457050278,,,0,0,0,0,0,0,24,15
2026-08-12,120247357457070278,,,0,0,0,0,0,0,44,14
2026-08-12,120247357457080278,,,0,0,0,0,0,0,5,3
2026-08-12,120247357457090278,,,0,0,0,0,0,0,22,12
2026-08-12,120247357457100278,,,0,0,0,0,0,0,2,2
2026-08-12,120247358420040278,[AFS] [F3] [AMINATA DIALLO] V6,120247358419970278,2,2,2,0,0,0,1,1
2026-08-12,120247358420050278,[AFS] [F3] [AMINATA DIALLO] V4,120247358419970278,1,1,1,0,0,0,4,2
2026-08-12,120247358420060278,,,0,0,0,0,0,0,2,2
2026-08-12,120247358420070278,[AFS] [F3] [AMINATA DIALLO] V3,120247358419970278,43,43,43,0,1,0.00,157,43
2026-08-12,120247358420080278,,,0,0,0,0,0,0,5,4
2026-08-12,120247359464720278,[AFS] [F3] [NOMVULA MOKOENA] V6,120247359464690278,67,67,67,0,3,0.00,163,41
2026-08-12,120247359464780278,,,0,0,0,0,0,0,4,1
2026-08-12,120247359464800278,,,0,0,0,0,0,0,3,2
2026-08-12,120247360141410278,[AFS] [F3] [CHIPO MOYO]  V6,120247360141370278,65,65,65,0,3,0.00,237,60
2026-08-12,120247360141470278,,,0,0,0,0,0,0,5,3
2026-08-12,120247360141480278,[AFS] [F3] [CHIPO MOYO]  V4,120247360141370278,1,1,1,0,0,0,17,6
2026-08-12,120247360141490278,[AFS] [F3] [CHIPO MOYO]  V2,120247360141370278,33,33,33,0,2,0.00,119,31
2026-08-12,120247360356770278,,,0,0,0,0,0,0,1,1
2026-08-12,120247360356790278,,,0,0,0,0,0,0,14,5
2026-08-12,120247360356820278,,,0,0,0,0,0,0,3,1
2026-08-12,120247360356830278,,,0,0,0,0,0,0,9,8
2026-08-12,120247360531130278,,,0,0,0,0,0,0,3,3
2026-08-12,120247360531140278,,,0,0,0,0,0,0,43,16
2026-08-12,120247382323040278,[AFS] [F3] [WANGARI KAMAU] V4,120247382322970278,57,57,57,0,2,0.00,230,43
2026-08-12,120247382323050278,[AFS] [F3] [WANGARI KAMAU] V6,120247382322970278,45,45,45,0,1,0.00,135,31
2026-08-12,120247382323060278,[AFS] [F3] [WANGARI KAMAU] V5,120247382322970278,58,58,58,0,0,0,266,50
2026-08-12,120247382323070278,[AFS] [F3] [WANGARI KAMAU] V2,120247382322970278,46,46,46,0,2,0.00,116,36
2026-08-12,120247382323080278,[AFS] [F3] [WANGARI KAMAU] V3,120247382322970278,54,54,54,0,3,0.00,161,40
2026-08-12,120247382323090278,[AFS] [F3] [WANGARI KAMAU] V1,120247382322970278,44,44,44,0,5,0.00,121,33
2026-08-12,120247488168300278,,,0,0,0,0,0,0,8,3
2026-08-12,120247488215910278,,,0,0,0,0,0,0,7,4
2026-08-12,120247488220950278,,,0,0,0,0,0,0,5,2
2026-08-12,120247488230320278,,,0,0,0,0,0,0,14,5
2026-08-12,120247488259350278,[AFS] [F3] [LUNGILE HADEBE] V1,120247488259330278,54,54,54,0,3,0.00,143,43
2026-08-12,120247488362150278,,,0,0,0,0,0,0,1,1
2026-08-12,120247488373900278,[AFS] [F3] [LUNGILE HADEBE] V5,120247488259330278,1,1,1,0,0,0,2,2
2026-08-12,120247488474100278,,,0,0,0,0,0,0,18,10
2026-08-12,120247488660110278,,,0,0,0,0,0,0,8,3
2026-08-12,120247488793560278,,,0,0,0,0,0,0,1,1
2026-08-12,120247488827940278,,,0,0,0,0,0,0,20,9
2026-08-12,120247488854820278,,,0,0,0,0,0,0,22,7
2026-08-12,120247488968980278,[AFS] [F3] [NOURBESE ACHEBE] V2,120247488930090278,57,57,57,0,1,0.00,165,44
2026-08-12,120247489033080278,,,0,0,0,0,0,0,3,1
2026-08-12,120247489160520278,,,0,0,0,0,0,0,11,5
2026-08-12,120247490631910278,,,0,0,0,0,0,0,3,1
2026-08-12,120247506168140278,,,0,0,0,0,0,0,6,1
2026-08-12,120247506203840278,,,0,0,0,0,0,0,1,1
2026-08-12,120247506216350278,[AFS] [F3] [BONGEKILE ZUNGU] V4,120247506168050278,1,1,1,0,0,0,6,1
2026-08-12,120247506424250278,[AFS] [F3] [MBALI BUTHELEZI] V1,120247506424170278,1,1,1,0,0,0,0,0
2026-08-12,120247506542160278,[AFS] [F3] [MBALI BUTHELEZI] V3,120247506424170278,34,34,34,0,1,0.00,99,24
2026-08-12,120247506560570278,,,0,0,0,0,0,0,7,3
2026-08-12,120247566640090278,,,0,0,0,0,0,0,2,1
2026-08-12,120247566698490278,,,0,0,0,0,0,0,1,1
2026-08-12,120247753268600278,[AFS] [F3] [Siphesihle Cele] V1,120247753268510278,1,1,1,0,0,0,0,0
2026-08-12,120247753333380278,[AFS] [F3] [Siphesihle Cele] V2,120247753268510278,28,28,28,0,1,0.00,77,19
2026-08-12,120247753339060278,,,0,0,0,0,0,0,4,1
2026-08-12,120247753343390278,[AFS] [F3] [Siphesihle Cele] V4,120247753268510278,19,19,19,0,2,0.00,67,18
2026-08-12,120247753359010278,[AFS] [F3] [Siphesihle Cele] V6,120247753268510278,6,6,6,0,1,0.00,44,8
2026-08-12,120247753572160278,,,0,0,0,0,0,0,7,7
2026-08-12,120247753631300278,[AFS] [F3] [Khanyisa Zwane] V2,120247753572060278,27,27,27,0,3,0.00,63,18
2026-08-12,120247753647720278,[AFS] [F3] [Khanyisa Zwane] V4,120247753572060278,52,52,52,0,4,0.00,211,54
2026-08-12,120247753677620278,,,0,0,0,0,0,0,2,1
2026-08-12,120247753719190278,,,0,0,0,0,0,0,1,1
2026-08-12,120247753784310278,[AFS] [F3] [Yonela Mnguni] V2,120247753719120278,8,8,8,0,0,0,19,6
2026-08-12,120247753859960278,[AFS] [F3] [Khanyisile Nxumalo] V2,120247753837740278,52,52,52,0,1,0.00,141,46
2026-08-12,120247753901780278,,,0,0,0,0,0,0,1,1
2026-08-12,120247768363360278,,,0,0,0,0,0,0,3,2
2026-08-12,120247768553280278,,,0,0,0,0,0,0,1,1
2026-08-12,120247768668500278,,,0,0,0,0,0,0,3,1
2026-08-12,120247768725920278,,,0,0,0,0,0,0,1,1
2026-08-12,120247768743240278,,,0,0,0,0,0,0,1,1
2026-08-12,120247794347270278,,,0,0,0,0,0,0,4,1
2026-08-12,120247796568430278,,,0,0,0,0,0,0,1,1
2026-08-12,120247796578200278,,,0,0,0,0,0,0,1,1
2026-08-12,120247796879110278,,,0,0,0,0,0,0,2,1
2026-08-12,120247797092170278,,,0,0,0,0,0,0,1,1
2026-08-12,120247797128170278,,,0,0,0,0,0,0,1,1
2026-08-12,120247797269130278,,,0,0,0,0,0,0,2,1
2026-08-12,120247797327560278,,,0,0,0,0,0,0,2,1
2026-08-12,120247797507310278,,,0,0,0,0,0,0,1,1
2026-08-12,120247797542060278,,,0,0,0,0,0,0,2,2
2026-08-12,120247820550760278,,,0,0,0,0,0,0,1,1
2026-08-12,120247820576040278,,,0,0,0,0,0,0,1,1
2026-08-12,120247820656040278,,,0,0,0,0,0,0,2,1
2026-08-12,120247820855730278,,,0,0,0,0,0,0,8,2
2026-08-12,120247852194640278,,,0,0,0,0,0,0,2,1
2026-08-12,120247852217870278,,,0,0,0,0,0,0,6,2
2026-08-12,120247852230800278,,,0,0,0,0,0,0,1,1
2026-08-12,120247852291670278,,,0,0,0,0,0,0,2,1
2026-08-12,120247852377810278,[AFS] [F3] [Luyanda Mbatha] V5,120247852291590278,14,14,14,0,1,0.00,11,4
2026-08-12,120247852558940278,,,0,0,0,0,0,0,2,1
2026-08-12,120247855943690278,,,0,0,0,0,0,0,2,2
2026-08-12,120247856009420278,,,0,0,0,0,0,0,1,1
2026-08-12,120247856014920278,,,0,0,0,0,0,0,1,1
2026-08-12,120247856129530278,,,0,0,0,0,0,0,1,1
2026-08-12,120247856141810278,,,0,0,0,0,0,0,1,1
2026-08-12,120247856312700278,,,0,0,0,0,0,0,4,3
2026-08-12,120247856415450278,,,0,0,0,0,0,0,3,1
2026-08-12,120247856633450278,,,0,0,0,0,0,0,5,1
2026-08-12,120247856660550278,,,0,0,0,0,0,0,1,1
2026-08-12,120247856752040278,,,0,0,0,0,0,0,5,3
2026-08-12,120247856757990278,,,0,0,0,0,0,0,1,1
2026-08-12,120247856774430278,,,0,0,0,0,0,0,5,2
2026-08-12,120248013951830278,[AFS] [F3] [Khanyisile Nxumalo] V7,120247753837740278,10,10,10,0,0,0,57,10
2026-08-12,120248013980050278,[AFS] [F3] [Khanyisile Nxumalo] V8,120247753837740278,18,18,18,0,0,0,44,9
2026-08-12,120248013986740278,[AFS] [F3] [Khanyisile Nxumalo] V9,120247753837740278,30,30,30,0,0,0,142,21
2026-08-12,120248013993110278,[AFS] [F3] [Khanyisile Nxumalo] V11,120247753837740278,14,14,14,0,1,0.00,31,7
2026-08-12,120248014002370278,[AFS] [F3] [Khanyisile Nxumalo] V12,120247753837740278,28,28,28,0,0,0,69,14
2026-08-12,120248014007790278,[AFS] [F3] [Khanyisile Nxumalo] V13,120247753837740278,16,16,16,0,4,0.00,43,10
2026-08-12,120248014016860278,[AFS] [F3] [Khanyisile Nxumalo] V14,120247753837740278,29,29,29,0,0,0,157,25
2026-08-12,120248014026550278,[AFS] [F3] [Khanyisile Nxumalo] V15,120247753837740278,10,10,10,0,1,0.00,24,6
2026-08-12,120248014031360278,[AFS] [F3] [Khanyisile Nxumalo] V16,120247753837740278,21,21,21,0,2,0.00,81,13
2026-08-12,120248014298520278,[AFS] [F3] [Khanyisa Zwane] V7,120247753572060278,30,30,30,0,1,0.00,124,16
2026-08-12,120248014304990278,[AFS] [F3] [Khanyisa Zwane] V8,120247753572060278,74,74,74,0,4,0.00,254,57
2026-08-12,120248014307330278,[AFS] [F3] [Khanyisa Zwane] V9,120247753572060278,31,31,31,0,2,0.00,88,17
2026-08-12,120248014312900278,[AFS] [F3] [Khanyisa Zwane] V10,120247753572060278,33,33,33,0,3,0.00,106,22
2026-08-12,120248014331980278,[AFS] [F3] [Khanyisa Zwane] V11,120247753572060278,57,57,57,0,5,0.00,254,45
2026-08-12,120248014338390278,[AFS] [F3] [Khanyisa Zwane] V12,120247753572060278,21,21,21,0,1,0.00,56,12
2026-08-12,120248014349350278,[AFS] [F3] [Khanyisa Zwane] V13,120247753572060278,11,11,11,0,2,0.00,32,7
2026-08-12,120248014354790278,[AFS] [F3] [Khanyisa Zwane] V14,120247753572060278,33,33,33,0,0,0,120,22
2026-08-12,120248014357340278,[AFS] [F3] [Khanyisa Zwane] V15,120247753572060278,13,13,13,0,0,0,45,10
2026-08-12,120248014361180278,[AFS] [F3] [Khanyisa Zwane] V16,120247753572060278,26,26,26,0,4,0.00,71,13
2026-08-12,120248014806030278,[AFS] [F3] [Siphesihle Cele] V7,120247753268510278,21,21,21,0,1,0.00,53,12
2026-08-12,120248014851080278,[AFS] [F3] [Siphesihle Cele] V8,120247753268510278,4,4,4,0,2,0.00,2,1
2026-08-12,120248014943290278,[AFS] [F3] [Siphesihle Cele] V9,120247753268510278,11,11,11,0,0,0,55,6
2026-08-12,120248014983880278,[AFS] [F3] [Siphesihle Cele] V10,120247753268510278,12,12,12,0,0,0,47,12
2026-08-12,120248014989930278,[AFS] [F3] [Siphesihle Cele] V11,120247753268510278,17,17,17,0,2,0.00,68,17
2026-08-12,120248015000030278,[AFS] [F3] [Siphesihle Cele] V12,120247753268510278,19,19,19,0,0,0,49,9
2026-08-12,120248015007660278,[AFS] [F3] [Siphesihle Cele] V13,120247753268510278,16,16,16,0,0,0,37,7
2026-08-12,120248015021780278,[AFS] [F3] [Siphesihle Cele] V14,120247753268510278,41,41,41,0,2,0.00,145,26
2026-08-12,120248015027340278,[AFS] [F3] [Siphesihle Cele] V15,120247753268510278,39,39,39,0,2,0.00,141,35
2026-08-12,120248015032800278,[AFS] [F3] [Siphesihle Cele] V16,120247753268510278,27,27,27,0,3,0.00,60,17
2026-08-12,120248015539040278,[AFS] [F3] [Yonela Mnguni] V7,120247753719120278,23,23,23,0,0,0,85,17
2026-08-12,120248015573900278,[AFS] [F3] [Yonela Mnguni] V8,120247753719120278,12,12,12,0,0,0,28,10
2026-08-12,120248015583870278,[AFS] [F3] [Yonela Mnguni] V9,120247753719120278,28,28,28,0,2,0.00,75,18
2026-08-12,120248015591980278,[AFS] [F3] [Yonela Mnguni] V10,120247753719120278,25,25,25,0,2,0.00,59,17
2026-08-12,120248015604620278,[AFS] [F3] [Yonela Mnguni] V11,120247753719120278,36,36,36,0,3,0.00,132,26
2026-08-12,120248015608410278,[AFS] [F3] [Yonela Mnguni] V12,120247753719120278,24,24,24,0,1,0.00,44,13
2026-08-12,120248015705310278,[AFS] [F3] [Yonela Mnguni] V13,120247753719120278,23,23,23,0,3,0.00,62,16
2026-08-12,120248015743610278,[AFS] [F3] [Yonela Mnguni] V14,120247753719120278,28,28,28,0,2,0.00,96,23
2026-08-12,120248015758600278,[AFS] [F3] [Yonela Mnguni] V15,120247753719120278,13,13,13,0,1,0.00,50,9
2026-08-12,120248015775920278,[AFS] [F3] [Yonela Mnguni] V16,120247753719120278,6,6,6,0,1,0.00,9,3
2026-08-12,120248015919380278,[AFS] [F3] [Luyanda Mbatha] V7,120247852291590278,7,7,7,0,0,0,40,7
2026-08-12,120248015964290278,[AFS] [F3] [Luyanda Mbatha] V8,120247852291590278,27,27,27,0,1,0.00,70,19
2026-08-12,120248015969120278,[AFS] [F3] [Luyanda Mbatha] V9,120247852291590278,13,13,13,0,0,0,12,3
2026-08-12,120248015975280278,[AFS] [F3] [Luyanda Mbatha] V10,120247852291590278,28,28,28,0,1,0.00,109,13
2026-08-12,120248015981890278,[AFS] [F3] [Luyanda Mbatha] V11,120247852291590278,26,26,26,0,1,0.00,88,14
2026-08-12,120248015988990278,[AFS] [F3] [Luyanda Mbatha] V12,120247852291590278,13,13,13,0,0,0,14,5
2026-08-12,120248016000090278,[AFS] [F3] [Luyanda Mbatha] V13,120247852291590278,26,26,26,0,0,0,32,8
2026-08-12,120248016028140278,[AFS] [F3] [Luyanda Mbatha] V15,120247852291590278,25,25,25,0,1,0.00,57,16
2026-08-12,120248016058110278,[AFS] [F3] [Luyanda Mbatha] V16,120247852291590278,15,15,15,0,0,0,35,10
2026-08-12,120248037140500278,[AFS] [F3] [NOURBESE ACHEBE] V7,120247488930090278,9,9,9,0,0,0,11,2
2026-08-12,120248037146600278,[AFS] [F3] [NOURBESE ACHEBE] V8,120247488930090278,43,43,43,0,0,0,128,27
2026-08-12,120248037148270278,[AFS] [F3] [NOURBESE ACHEBE] V9,120247488930090278,19,19,19,0,0,0,34,7
2026-08-12,120248037149900278,[AFS] [F3] [NOURBESE ACHEBE] V10,120247488930090278,28,28,28,0,0,0,69,16
2026-08-12,120248037151710278,[AFS] [F3] [NOURBESE ACHEBE] V11,120247488930090278,24,24,24,0,0,0,65,12
2026-08-12,120248037154320278,[AFS] [F3] [NOURBESE ACHEBE] V12,120247488930090278,7,7,7,0,0,0,15,3
2026-08-12,120248037227310278,[AFS] [F3] [LUNGILE HADEBE] V7,120247488259330278,22,22,22,0,0,0,77,11
2026-08-12,120248037236070278,[AFS] [F3] [LUNGILE HADEBE] V8,120247488259330278,14,14,14,0,0,0,21,8
2026-08-12,120248037242460278,[AFS] [F3] [LUNGILE HADEBE] V9,120247488259330278,19,19,19,0,0,0,44,9
2026-08-12,120248037248010278,[AFS] [F3] [LUNGILE HADEBE] V10,120247488259330278,17,17,17,0,0,0,23,8
2026-08-12,120248037252070278,[AFS] [F3] [LUNGILE HADEBE] V11,120247488259330278,15,15,15,0,0,0,49,7
2026-08-12,120248037256010278,[AFS] [F3] [LUNGILE HADEBE] V12,120247488259330278,35,35,35,0,0,0,174,19
2026-08-12,120248037259710278,[AFS] [F3] [LUNGILE HADEBE] V13,120247488259330278,53,53,53,0,0,0,147,29
2026-08-12,120248037267250278,[AFS] [F3] [LUNGILE HADEBE] V14,120247488259330278,37,37,37,0,0,0,98,18
2026-08-12,120248037325860278,[AFS] [F3] [CHIPO MOYO]  V7,120247360141370278,15,15,15,0,0,0,71,9
2026-08-12,120248037346630278,[AFS] [F3] [CHIPO MOYO]  V8,120247360141370278,11,11,11,0,0,0,15,6
2026-08-12,120248037354900278,[AFS] [F3] [CHIPO MOYO]  V9,120247360141370278,16,16,16,0,0,0,52,9
2026-08-12,120248037373890278,[AFS] [F3] [CHIPO MOYO]  V10,120247360141370278,19,19,19,0,0,0,32,10
2026-08-12,120248037378470278,[AFS] [F3] [CHIPO MOYO]  V11,120247360141370278,22,22,22,0,0,0,60,11
2026-08-12,120248037384100278,[AFS] [F3] [CHIPO MOYO]  V12,120247360141370278,24,24,24,0,0,0,68,14
2026-08-12,120248037402540278,[AFS] [F3] [CHIPO MOYO]  V13,120247360141370278,28,28,28,0,0,0,41,12
2026-08-12,120248037418040278,[AFS] [F3] [CHIPO MOYO]  V14,120247360141370278,43,43,43,0,0,0,129,22
2026-08-12,120248037462010278,[AFS] [F3] [AMINATA DIALLO] V7,120247358419970278,20,20,20,0,0,0,82,11
2026-08-12,120248037469760278,[AFS] [F3] [AMINATA DIALLO] V8,120247358419970278,15,15,15,0,0,0,68,11
2026-08-12,120248037484310278,[AFS] [F3] [AMINATA DIALLO] V9,120247358419970278,24,24,24,0,0,0,40,10
2026-08-12,120248037487480278,[AFS] [F3] [AMINATA DIALLO] V10,120247358419970278,30,30,30,0,0,0,80,16
2026-08-12,120248037490750278,[AFS] [F3] [AMINATA DIALLO] V11,120247358419970278,20,20,20,0,0,0,58,12
2026-08-12,120248037496400278,[AFS] [F3] [AMINATA DIALLO] V12,120247358419970278,29,29,29,0,0,0,85,17
2026-08-12,120248037498990278,[AFS] [F3] [AMINATA DIALLO] V13,120247358419970278,22,22,22,0,0,0,76,13
2026-08-12,120248037501970278,[AFS] [F3] [AMINATA DIALLO] V14,120247358419970278,16,16,16,0,0,0,43,9
2026-08-12,120248037551200278,[AFS] [F3] [AMARA OKAFOR] V7,120247357080990278,12,12,12,0,0,0,46,7
2026-08-12,120248037563320278,[AFS] [F3] [AMARA OKAFOR] V8,120247357080990278,15,15,15,0,0,0,31,6
2026-08-12,120248037567290278,[AFS] [F3] [AMARA OKAFOR] V9,120247357080990278,29,29,29,0,0,0,104,20
2026-08-12,120248037571270278,[AFS] [F3] [AMARA OKAFOR] V10,120247357080990278,22,22,22,0,0,0,63,12
2026-08-12,120248037572920278,[AFS] [F3] [AMARA OKAFOR] V11,120247357080990278,14,14,14,0,0,0,23,5
2026-08-12,120248037576340278,[AFS] [F3] [AMARA OKAFOR] V12,120247357080990278,13,13,13,0,0,0,37,5
2026-08-12,120248037581340278,[AFS] [F3] [AMARA OKAFOR] V13,120247357080990278,21,21,21,0,0,0,43,9
2026-08-12,120248037598010278,[AFS] [F3] [AMARA OKAFOR] V14,120247357080990278,39,39,39,0,0,0,57,15
2026-08-12,120248037719570278,[AFS] [F3] [NOMVULA MOKOENA] V7,120247359464690278,15,15,15,0,0,0,14,5
2026-08-12,120248037736060278,[AFS] [F3] [NOMVULA MOKOENA] V8,120247359464690278,13,13,13,0,0,0,38,9
2026-08-12,120248037738240278,[AFS] [F3] [NOMVULA MOKOENA] V9,120247359464690278,4,4,4,0,0,0,3,2
2026-08-12,120248037741040278,[AFS] [F3] [NOMVULA MOKOENA] V10,120247359464690278,24,24,24,0,0,0,91,16
2026-08-12,120248037745600278,[AFS] [F3] [NOMVULA MOKOENA] V11,120247359464690278,29,29,29,0,0,0,44,14
2026-08-12,120248037747540278,[AFS] [F3] [NOMVULA MOKOENA] V12,120247359464690278,25,25,25,0,0,0,61,16
2026-08-12,120248037755210278,[AFS] [F3] [NOMVULA MOKOENA] V13,120247359464690278,27,27,27,0,0,0,75,15
2026-08-12,120248037760680278,[AFS] [F3] [NOMVULA MOKOENA] V14,120247359464690278,12,12,12,0,0,0,36,5
2026-08-12,120248037841630278,[AFS] [F3] [BONGEKILE ZUNGU] V7,120247506168050278,22,22,22,0,0,0,30,10
2026-08-12,120248037864920278,[AFS] [F3] [BONGEKILE ZUNGU] V8,120247506168050278,24,24,24,0,0,0,115,18
2026-08-12,120248037871170278,[AFS] [F3] [BONGEKILE ZUNGU] V9,120247506168050278,20,20,20,0,0,0,13,6
2026-08-12,120248037884290278,[AFS] [F3] [BONGEKILE ZUNGU] V11,120247506168050278,10,10,10,0,0,0,30,7
2026-08-12,120248037889530278,[AFS] [F3] [BONGEKILE ZUNGU] V12,120247506168050278,27,27,27,0,0,0,70,17
2026-08-12,120248037901600278,[AFS] [F3] [BONGEKILE ZUNGU] V13,120247506168050278,9,9,9,0,0,0,72,7
2026-08-12,120248037907790278,[AFS] [F3] [BONGEKILE ZUNGU] V14,120247506168050278,32,32,32,0,0,0,65,12
2026-08-12,120248037951360278,[AFS] [F3] [MBALI BUTHELEZI] V7,120247506424170278,44,44,44,0,0,0,108,19
2026-08-12,120248037968460278,[AFS] [F3] [MBALI BUTHELEZI] V8,120247506424170278,21,21,21,0,0,0,24,9
2026-08-12,120248037978210278,[AFS] [F3] [MBALI BUTHELEZI] V9,120247506424170278,44,44,44,0,0,0,130,24
2026-08-12,120248037983800278,[AFS] [F3] [MBALI BUTHELEZI] V10,120247506424170278,33,33,33,0,0,0,59,15
2026-08-12,120248037988730278,[AFS] [F3] [MBALI BUTHELEZI] V11,120247506424170278,26,26,26,0,0,0,32,6
2026-08-12,120248038023970278,[AFS] [F3] [WANGARI KAMAU] V7,120247382322970278,24,24,24,0,0,0,49,11
2026-08-12,120248038047290278,[AFS] [F3] [WANGARI KAMAU] V8,120247382322970278,17,17,17,0,0,0,52,7
2026-08-12,120248038050550278,[AFS] [F3] [WANGARI KAMAU] V9,120247382322970278,23,23,23,0,0,0,74,16
2026-08-12,120248038053810278,[AFS] [F3] [WANGARI KAMAU] V10,120247382322970278,17,17,17,0,0,0,42,10
2026-08-12,120253079114620281,,,0,0,0,0,0,0,1,1
2026-08-12,120253082741790281,,,0,0,0,0,0,0,4,1
2026-08-12,120253101316180281,,,0,0,0,0,0,0,2,1
2026-08-12,120253101322290281,,,0,0,0,0,0,0,4,1
2026-08-12,120253137215430281,,,0,0,0,0,0,0,2,1
2026-08-12,120253141499830281,,,0,0,0,0,0,0,2,1
2026-08-12,120253141635530281,,,0,0,0,0,0,0,4,2
2026-08-12,120253141747920281,,,0,0,0,0,0,0,2,1
2026-08-12,120253141780200281,,,0,0,0,0,0,0,1,1
2026-08-12,120253141941400281,,,0,0,0,0,0,0,3,2
2026-08-12,120253142027880281,,,0,0,0,0,0,0,1,1
2026-08-12,120253142290360281,,,0,0,0,0,0,0,2,1
2026-08-12,120253167956510281,,,0,0,0,0,0,0,2,2
2026-08-12,120253168478000281,,,0,0,0,0,0,0,2,1
2026-08-12,120253225087760281,,,0,0,0,0,0,0,1,1
2026-08-12,120253225135180281,,,0,0,0,0,0,0,1,1
2026-08-12,120253225638960281,,,0,0,0,0,0,0,2,1
2026-08-12,120253225795580281,,,0,0,0,0,0,0,1,1
2026-08-12,120253225872080281,,,0,0,0,0,0,0,1,1
2026-08-12,120253303638220281,,,0,0,0,0,0,0,1,1
2026-08-12,120253303763750281,,,0,0,0,0,0,0,1,1
2026-08-12,120253406631270281,,,0,0,0,0,0,0,7,1
2026-08-12,120253406659640281,,,0,0,0,0,0,0,7,3
2026-08-12,120253406694290281,,,0,0,0,0,0,0,3,2
2026-08-12,120253406774810281,,,0,0,0,0,0,0,1,1
2026-08-12,120253406822870281,,,0,0,0,0,0,0,1,1
2026-08-12,120253406891930281,,,0,0,0,0,0,0,2,2
2026-08-12,120253407333460281,,,0,0,0,0,0,0,5,2
2026-08-12,120253407356150281,,,0,0,0,0,0,0,2,1
2026-08-12,120253407402570281,,,0,0,0,0,0,0,4,2
2026-08-12,120253407409760281,,,0,0,0,0,0,0,5,3
2026-08-12,120253409946870281,,,0,0,0,0,0,0,4,2
2026-08-12,120253409983580281,,,0,0,0,0,0,0,1,1
2026-08-12,120253410002420281,,,0,0,0,0,0,0,6,1
2026-08-12,120253411910950281,,,0,0,0,0,0,0,1,1
2026-08-12,120253411937390281,,,0,0,0,0,0,0,5,3
2026-08-12,120253411974320281,,,0,0,0,0,0,0,1,1
2026-08-12,120253415533200281,,,0,0,0,0,0,0,1,1
2026-08-12,120253415535590281,,,0,0,0,0,0,0,1,1
2026-08-12,120253415659550281,,,0,0,0,0,0,0,1,1
2026-08-12,120253415684090281,,,0,0,0,0,0,0,2,2
2026-08-12,120253415685920281,,,0,0,0,0,0,0,8,2
2026-08-12,120253415718880281,,,0,0,0,0,0,0,2,1
2026-08-12,120253415735450281,,,0,0,0,0,0,0,1,1
2026-08-12,120253422809560281,,,0,0,0,0,0,0,5,1
2026-08-12,120253422900530281,,,0,0,0,0,0,0,1,1
2026-08-12,120253422902890281,,,0,0,0,0,0,0,1,1
2026-08-12,120253422925680281,,,0,0,0,0,0,0,4,1
2026-08-12,120253423013640281,,,0,0,0,0,0,0,3,1
2026-08-12,120253423021520281,,,0,0,0,0,0,0,1,1
2026-08-12,120253423035590281,,,0,0,0,0,0,0,3,2
2026-08-12,120253423549100281,,,0,0,0,0,0,0,4,1
2026-08-12,120253423610380281,,,0,0,0,0,0,0,1,1
2026-08-12,120253428682050281,,,0,0,0,0,0,0,1,1
2026-08-12,120253428745740281,,,0,0,0,0,0,0,3,1
2026-08-12,120253428747820281,,,0,0,0,0,0,0,1,1
2026-08-12,120253428755700281,,,0,0,0,0,0,0,1,1
2026-08-12,120253428768520281,,,0,0,0,0,0,0,3,1
2026-08-12,120253428772810281,,,0,0,0,0,0,0,2,1
2026-08-12,120253428777030281,,,0,0,0,0,0,0,1,1
2026-08-12,120253428881520281,,,0,0,0,0,0,0,2,1
2026-08-12,120253428924330281,,,0,0,0,0,0,0,1,1
2026-08-12,120253464088910281,,,0,0,0,0,0,0,5,1
2026-08-12,120253464091590281,,,0,0,0,0,0,0,1,1
2026-08-12,120253665771950281,[AFS] [F3] [Noluthando Makhanya] V1,120253665771940281,1,1,1,0,0,0,2,1
2026-08-12,120253665873690281,[AFS] [F3] [Noluthando Makhanya] V3,120253665771940281,14,14,14,0,1,0.00,53,16
2026-08-12,120253665881380281,[AFS] [F3] [Noluthando Makhanya] V4,120253665771940281,116,116,116,0,6,0.00,517,83
2026-08-12,120253665893600281,[AFS] [F3] [Noluthando Makhanya] V5,120253665771940281,45,45,45,0,7,0.00,104,29
2026-08-12,120253665904310281,[AFS] [F3] [Noluthando Makhanya] V7,120253665771940281,116,116,116,0,6,0.00,481,100
2026-08-12,120253665910190281,[AFS] [F3] [Noluthando Makhanya] V8,120253665771940281,45,45,45,0,2,0.00,192,40
2026-08-12,120253665917020281,[AFS] [F3] [Noluthando Makhanya] V9,120253665771940281,1,1,1,0,0,0,1,1
2026-08-12,120253665946580281,[AFS] [F3] [Noluthando Makhanya] V10,120253665771940281,246,246,246,0,10,0.00,778,167
2026-08-12,120253666333460281,[AFS] [F3] [Sinethemba Mthembu] V1,120253666333490281,176,176,176,0,13,0.00,532,128
2026-08-12,120253666506120281,[AFS] [F3] [Sinethemba Mthembu] V2,120253666333490281,10,10,10,0,1,0.00,20,7
2026-08-12,120253666511600281,,,0,0,0,0,0,0,3,2
2026-08-12,120253666519980281,[AFS] [F3] [Sinethemba Mthembu] V4,120253666333490281,3,3,3,0,0,0,47,3
2026-08-12,120253666527630281,[AFS] [F3] [Sinethemba Mthembu] V5,120253666333490281,152,152,152,0,5,0.00,379,99
2026-08-12,120253666532760281,[AFS] [F3] [Sinethemba Mthembu] V6,120253666333490281,219,219,219,0,14,0.00,578,135
2026-08-12,120253666628200281,[AFS] [F3] [Sinethemba Mthembu] V7,120253666333490281,1,1,1,0,0,0,3,2
2026-08-12,120253666666590281,,,0,0,0,0,0,0,2,1
2026-08-12,120253666680770281,,,0,0,0,0,0,0,1,1
2026-08-12,120253667302470281,[AFS] [F3] [Nqobile Mkhwanazi] V1,120253667302360281,20,20,20,0,1,0.00,70,16
2026-08-12,120253667360680281,[AFS] [F3] [Nqobile Mkhwanazi] V2,120253667302360281,16,16,16,0,3,0.00,53,14
2026-08-12,120253667384950281,[AFS] [F3] [Nqobile Mkhwanazi] V3,120253667302360281,21,21,21,0,0,0,67,15
2026-08-12,120253667457200281,[AFS] [F3] [Nqobile Mkhwanazi] V4,120253667302360281,18,18,18,0,0,0,23,8
2026-08-12,120253667485200281,[AFS] [F3] [Nqobile Mkhwanazi] V5,120253667302360281,35,35,35,0,0,0,95,22
2026-08-12,120253667505210281,[AFS] [F3] [Nqobile Mkhwanazi] V6,120253667302360281,37,37,37,0,1,0.00,86,17
2026-08-12,120253667521110281,[AFS] [F3] [Nqobile Mkhwanazi] V7,120253667302360281,35,35,35,0,3,0.00,190,24
2026-08-12,120253667533570281,[AFS] [F3] [Nqobile Mkhwanazi] V8,120253667302360281,33,33,33,0,1,0.00,100,23
2026-08-12,120253667542940281,[AFS] [F3] [Nqobile Mkhwanazi] V9,120253667302360281,27,27,27,0,1,0.00,128,20
2026-08-12,120253667551140281,[AFS] [F3] [Nqobile Mkhwanazi] V10,120253667302360281,14,14,14,0,1,0.00,43,9
2026-08-12,120253667581310281,[AFS] [F3] [Zandile Hlatshwayo] V1,120253667581330281,10,10,10,0,0,0,12,5
2026-08-12,120253667622250281,[AFS] [F3] [Zandile Hlatshwayo] V2,120253667581330281,31,31,31,0,2,0.00,127,22
2026-08-12,120253667639650281,[AFS] [F3] [Zandile Hlatshwayo] V3,120253667581330281,31,31,31,0,4,0.00,99,19
2026-08-12,120253667644420281,[AFS] [F3] [Zandile Hlatshwayo] V4,120253667581330281,16,16,16,0,1,0.00,85,11
2026-08-12,120253667649010281,[AFS] [F3] [Zandile Hlatshwayo] V5,120253667581330281,27,27,27,0,2,0.00,59,23
2026-08-12,120253667663120281,[AFS] [F3] [Zandile Hlatshwayo] V6,120253667581330281,12,12,12,0,1,0.00,15,5
2026-08-12,120253667668650281,[AFS] [F3] [Zandile Hlatshwayo] V7,120253667581330281,61,61,61,0,2,0.00,262,44
2026-08-12,120253667678500281,[AFS] [F3] [Zandile Hlatshwayo] V8,120253667581330281,35,35,35,0,0,0,161,27
2026-08-12,120253667683750281,[AFS] [F3] [Zandile Hlatshwayo] V9,120253667581330281,35,35,35,0,0,0,132,28
2026-08-12,120253667705850281,[AFS] [F3] [Zandile Hlatshwayo] V10,120253667581330281,46,46,46,0,4,0.00,167,33
2026-08-12,120253700924490281,[AFS] [F3] [Nosimilo Mokoatle] V1,120253700924530281,9,9,9,0,0,0,4,3
2026-08-12,120253701043320281,[AFS] [F3] [Nosimilo Mokoatle] V2,120253700924530281,25,25,25,0,0,0,48,14
2026-08-12,120253701068750281,[AFS] [F3] [Nosimilo Mokoatle] V3,120253700924530281,4,4,4,0,0,0,7,2
2026-08-12,120253701087560281,[AFS] [F3] [Nosimilo Mokoatle] V4,120253700924530281,8,8,8,0,0,0,23,3
2026-08-12,120253701148080281,[AFS] [F3] [Nosimilo Mokoatle] V5,120253700924530281,6,6,6,0,0,0,9,4
2026-08-12,120253701248270281,[AFS] [F3] [Nosimilo Mokoatle] V6,120253700924530281,7,7,7,0,0,0,4,1
2026-08-12,120253701348510281,[AFS] [F3] [Nosimilo Mokoatle] V7,120253700924530281,1,1,1,0,0,0,2,1
2026-08-12,120253701476320281,[AFS] [F3] [Nosimilo Mokoatle] V8,120253700924530281,1,1,1,0,0,0,0,0
2026-08-12,120253701667190281,[AFS] [F3] [Nosimilo Mokoatle] V9,120253700924530281,324,324,324,0,0,0,797,184
2026-08-12,120253703091280281,[AFS] [F3] [Nombulelo Mahlalela ] V3,120253702776520281,5,5,5,0,0,0,0,0
2026-08-12,120253703188410281,[AFS] [F3] [Nombulelo Mahlalela ] V5,120253702776520281,82,82,82,0,0,0,6,4
2026-08-12,120253703217990281,[AFS] [F3] [Nombulelo Mahlalela ] V6,120253702776520281,4,4,4,0,0,0,0,0
2026-08-12,120253703273670281,[AFS] [F3] [Nombulelo Mahlalela ] V7,120253702776520281,22,22,22,0,0,0,2,1
2026-08-12,120253703297550281,[AFS] [F3] [Nombulelo Mahlalela ] V8,120253702776520281,13,13,13,0,0,0,0,0
2026-08-12,120253703331910281,[AFS] [F3] [Nombulelo Mahlalela ] V9,120253702776520281,3,3,3,0,0,0,0,0
2026-08-12,120253703386500281,[AFS] [F3] [Nombulelo Mahlalela ] V10,120253702776520281,2,2,2,0,0,0,0,0
2026-08-12,120253703504330281,[AFS] [F3] [Karabo Mokoatle] V1,120253703504250281,13,13,13,0,0,0,19,7
2026-08-12,120253703606030281,[AFS] [F3] [Karabo Mokoatle] V2,120253703504250281,20,20,20,0,0,0,40,13
2026-08-12,120253703620200281,[AFS] [F3] [Karabo Mokoatle] V3,120253703504250281,8,8,8,0,0,0,1,1
2026-08-12,120253703628360281,[AFS] [F3] [Karabo Mokoatle] V4,120253703504250281,6,6,6,0,0,0,13,3
2026-08-12,120253703640280281,[AFS] [F3] [Karabo Mokoatle] V5,120253703504250281,18,18,18,0,0,0,46,11
2026-08-12,120253703653020281,[AFS] [F3] [Karabo Mokoatle] V7,120253703504250281,5,5,5,0,0,0,6,2
2026-08-12,120253703658800281,[AFS] [F3] [Karabo Mokoatle] V8,120253703504250281,285,285,285,0,0,0,522,122
2026-08-12,120253703696820281,[AFS] [F3] [Karabo Mokoatle] V10,120253703504250281,1,1,1,0,0,0,2,1
2026-08-12,120253703724550281,[AFS] [F3] [Zethembiso Motaung] V1,120253703724520281,23,23,23,0,0,0,44,11
2026-08-12,120253703765330281,[AFS] [F3] [Zethembiso Motaung] V2,120253703724520281,16,16,16,0,0,0,30,6
2026-08-12,120253703768810281,[AFS] [F3] [Zethembiso Motaung] V3,120253703724520281,16,16,16,0,0,0,25,6
2026-08-12,120253703780420281,[AFS] [F3] [Zethembiso Motaung] V4,120253703724520281,17,17,17,0,0,0,38,7
2026-08-12,120253703796370281,[AFS] [F3] [Zethembiso Motaung] V5,120253703724520281,19,19,19,0,0,0,51,10
2026-08-12,120253703813950281,[AFS] [F3] [Zethembiso Motaung] V6,120253703724520281,37,37,37,0,0,0,94,20
2026-08-12,120253703815990281,[AFS] [F3] [Zethembiso Motaung] V7,120253703724520281,24,24,24,0,0,0,73,12
2026-08-12,120253703818060281,[AFS] [F3] [Zethembiso Motaung] V8,120253703724520281,5,5,5,0,0,0,6,2
2026-08-12,120253703821200281,[AFS] [F3] [Zethembiso Motaung] V9,120253703724520281,34,34,34,0,0,0,67,15
2026-08-12,120253703824100281,[AFS] [F3] [Zethembiso Motaung] V10,120253703724520281,32,32,32,0,0,0,81,18
2026-08-12,120253703839980281,[AFS] [F3] [Sibongakonke Masebe] V1,120253703839970281,17,17,17,0,0,0,22,4
2026-08-12,120253703887140281,[AFS] [F3] [Sibongakonke Masebe] V2,120253703839970281,17,17,17,0,0,0,34,8
2026-08-12,120253703898950281,[AFS] [F3] [Sibongakonke Masebe] V3,120253703839970281,12,12,12,0,0,0,21,6
2026-08-12,120253703910260281,[AFS] [F3] [Sibongakonke Masebe] V4,120253703839970281,25,25,25,0,0,0,32,13
2026-08-12,120253703920400281,[AFS] [F3] [Sibongakonke Masebe] V5,120253703839970281,31,31,31,0,0,0,63,18
2026-08-12,120253703928840281,[AFS] [F3] [Sibongakonke Masebe] V6,120253703839970281,24,24,24,0,0,0,31,7
2026-08-12,120253703937850281,[AFS] [F3] [Sibongakonke Masebe] V7,120253703839970281,35,35,35,0,0,0,72,16
2026-08-12,120253703947150281,[AFS] [F3] [Sibongakonke Masebe] V8,120253703839970281,21,21,21,0,0,0,44,11
2026-08-12,120253703952900281,[AFS] [F3] [Sibongakonke Masebe] V9,120253703839970281,21,21,21,0,0,0,15,7
2026-08-12,120253703958890281,[AFS] [F3] [Sibongakonke Masebe] V10,120253703839970281,12,12,12,0,0,0,7,5
2026-08-12,120253703989530281,[AFS] [F3] [Hlompho Masilela] V1,120253703989720281,28,28,28,0,0,0,84,16
2026-08-12,120253704028180281,[AFS] [F3] [Hlompho Masilela] V2,120253703989720281,28,28,28,0,0,0,99,18
2026-08-12,120253704038100281,[AFS] [F3] [Hlompho Masilela] V3,120253703989720281,24,24,24,0,0,0,35,13
2026-08-12,120253704045940281,[AFS] [F3] [Hlompho Masilela] V4,120253703989720281,20,20,20,0,0,0,24,9
2026-08-12,120253704053390281,[AFS] [F3] [Hlompho Masilela] V5,120253703989720281,23,23,23,0,0,0,57,10
2026-08-12,120253704062640281,[AFS] [F3] [Hlompho Masilela] V6,120253703989720281,42,42,42,0,0,0,61,17
2026-08-12,120253704070820281,[AFS] [F3] [Hlompho Masilela] V7,120253703989720281,38,38,38,0,0,0,129,22
2026-08-12,120253704081240281,[AFS] [F3] [Hlompho Masilela] V8,120253703989720281,23,23,23,0,0,0,37,11
2026-08-12,120253704087580281,[AFS] [F3] [Hlompho Masilela] V9,120253703989720281,21,21,21,0,0,0,19,7
2026-08-12,120253704091080281,[AFS] [F3] [Hlompho Masilela] V10,120253703989720281,23,23,23,0,0,0,30,10
2026-08-13,120247357080980278,[AFS] [F3] [AMARA OKAFOR] V5,120247357080990278,2,2,2,0,0,0,8,2
2026-08-13,120247357081010278,[AFS] [F3] [AMARA OKAFOR] V6,120247357080990278,54,54,54,0,0,0,178,39
2026-08-13,120247357081050278,[AFS] [F3] [AMARA OKAFOR] V4,120247357080990278,1,1,1,0,0,0,1,1
2026-08-13,120247357457050278,,,0,0,0,0,0,0,8,6
2026-08-13,120247357457070278,,,0,0,0,0,0,0,16,3
2026-08-13,120247357457080278,,,0,0,0,0,0,0,1,1
2026-08-13,120247357457090278,,,0,0,0,0,0,0,9,5
2026-08-13,120247357457100278,,,0,0,0,0,0,0,8,5
2026-08-13,120247358420040278,[AFS] [F3] [AMINATA DIALLO] V6,120247358419970278,1,1,1,0,0,0,1,1
2026-08-13,120247358420050278,[AFS] [F3] [AMINATA DIALLO] V4,120247358419970278,1,1,1,0,0,0,0,0
2026-08-13,120247358420060278,[AFS] [F3] [AMINATA DIALLO] V5,120247358419970278,4,4,4,0,0,0,12,5
2026-08-13,120247358420070278,[AFS] [F3] [AMINATA DIALLO] V3,120247358419970278,11,11,11,0,0,0,48,15
2026-08-13,120247358420080278,,,0,0,0,0,0,0,4,3
2026-08-13,120247358791350278,,,0,0,0,0,0,0,1,1
2026-08-13,120247358791370278,,,0,0,0,0,0,0,3,1
2026-08-13,120247359464720278,[AFS] [F3] [NOMVULA MOKOENA] V6,120247359464690278,56,56,56,0,0,0,217,45
2026-08-13,120247360141410278,[AFS] [F3] [CHIPO MOYO]  V6,120247360141370278,52,52,52,0,0,0,187,41
2026-08-13,120247360141470278,[AFS] [F3] [CHIPO MOYO]  V5,120247360141370278,1,1,1,0,0,0,5,3
2026-08-13,120247360141480278,[AFS] [F3] [CHIPO MOYO]  V4,120247360141370278,4,4,4,0,0,0,27,5
2026-08-13,120247360141490278,[AFS] [F3] [CHIPO MOYO]  V2,120247360141370278,47,47,47,0,0,0,190,39
2026-08-13,120247360356790278,,,0,0,0,0,0,0,7,2
2026-08-13,120247360356830278,,,0,0,0,0,0,0,2,2
2026-08-13,120247360531130278,,,0,0,0,0,0,0,10,3
2026-08-13,120247360531140278,,,0,0,0,0,0,0,6,5
2026-08-13,120247382249470278,[AFS_RELA_EN_BOT_0001] [NOURBESE] V3,120247382249440278,1,1,1,0,0,0,4,1
2026-08-13,120247382323040278,[AFS] [F3] [WANGARI KAMAU] V4,120247382322970278,40,40,40,0,0,0,155,37
2026-08-13,120247382323050278,[AFS] [F3] [WANGARI KAMAU] V6,120247382322970278,44,44,44,0,0,0,116,36
2026-08-13,120247382323060278,[AFS] [F3] [WANGARI KAMAU] V5,120247382322970278,35,35,35,0,0,0,156,42
2026-08-13,120247382323070278,[AFS] [F3] [WANGARI KAMAU] V2,120247382322970278,47,47,47,0,0,0,153,35
2026-08-13,120247382323080278,[AFS] [F3] [WANGARI KAMAU] V3,120247382322970278,43,43,43,0,0,0,121,29
2026-08-13,120247382323090278,[AFS] [F3] [WANGARI KAMAU] V1,120247382322970278,35,35,35,0,0,0,94,31
2026-08-13,120247488168300278,,,0,0,0,0,0,0,5,3
2026-08-13,120247488215910278,,,0,0,0,0,0,0,1,1
2026-08-13,120247488220950278,,,0,0,0,0,0,0,4,4
2026-08-13,120247488225850278,,,0,0,0,0,0,0,4,3
2026-08-13,120247488230320278,,,0,0,0,0,0,0,3,3
2026-08-13,120247488259350278,[AFS] [F3] [LUNGILE HADEBE] V1,120247488259330278,82,82,82,0,0,0,239,58
2026-08-13,120247488373900278,,,0,0,0,0,0,0,5,1
2026-08-13,120247488419540278,,,0,0,0,0,0,0,2,1
2026-08-13,120247488474100278,,,0,0,0,0,0,0,7,5
2026-08-13,120247488660110278,,,0,0,0,0,0,0,5,2
2026-08-13,120247488793560278,,,0,0,0,0,0,0,6,3
2026-08-13,120247488827940278,,,0,0,0,0,0,0,11,9
2026-08-13,120247488854820278,,,0,0,0,0,0,0,4,1
2026-08-13,120247488968980278,[AFS] [F3] [NOURBESE ACHEBE] V2,120247488930090278,20,20,20,0,0,0,67,19
2026-08-13,120247489016960278,[AFS] [F3] [NOURBESE ACHEBE] V5,120247488930090278,1,1,1,0,0,0,1,1
2026-08-13,120247489160520278,,,0,0,0,0,0,0,6,6
2026-08-13,120247506249690278,,,0,0,0,0,0,0,5,3
2026-08-13,120247506424250278,,,0,0,0,0,0,0,3,1
2026-08-13,120247506542160278,[AFS] [F3] [MBALI BUTHELEZI] V3,120247506424170278,36,36,36,0,0,0,107,28
2026-08-13,120247506551600278,,,0,0,0,0,0,0,2,1
2026-08-13,120247566558640278,,,0,0,0,0,0,0,5,2
2026-08-13,120247566698490278,,,0,0,0,0,0,0,1,1
2026-08-13,120247753268600278,[AFS] [F3] [Siphesihle Cele] V1,120247753268510278,1,1,1,0,0,0,9,2
2026-08-13,120247753333380278,[AFS] [F3] [Siphesihle Cele] V2,120247753268510278,31,31,31,0,0,0,113,23
2026-08-13,120247753339060278,,,0,0,0,0,0,0,1,1
2026-08-13,120247753343390278,[AFS] [F3] [Siphesihle Cele] V4,120247753268510278,3,3,3,0,0,0,19,3
2026-08-13,120247753359010278,,,0,0,0,0,0,0,2,2
2026-08-13,120247753572160278,[AFS] [F3] [Khanyisa Zwane] V1,120247753572060278,1,1,1,0,0,0,2,2
2026-08-13,120247753631300278,[AFS] [F3] [Khanyisa Zwane] V2,120247753572060278,34,34,34,0,0,0,71,24
2026-08-13,120247753639190278,[AFS] [F3] [Khanyisa Zwane] V3,120247753572060278,1,1,1,0,0,0,3,1
2026-08-13,120247753647720278,[AFS] [F3] [Khanyisa Zwane] V4,120247753572060278,62,62,62,0,0,0,214,44
2026-08-13,120247753656710278,[AFS] [F3] [Khanyisa Zwane] V5,120247753572060278,1,1,1,0,0,0,9,3
2026-08-13,120247753784310278,[AFS] [F3] [Yonela Mnguni] V2,120247753719120278,2,2,2,0,0,0,11,5
2026-08-13,120247753859960278,[AFS] [F3] [Khanyisile Nxumalo] V2,120247753837740278,68,68,68,0,0,0,289,60
2026-08-13,120247768444270278,,,0,0,0,0,0,0,6,2
2026-08-13,120247768668500278,,,0,0,0,0,0,0,1,1
2026-08-13,120247768731050278,,,0,0,0,0,0,0,1,1
2026-08-13,120247768736930278,,,0,0,0,0,0,0,1,1
2026-08-13,120247768743240278,,,0,0,0,0,0,0,2,1
2026-08-13,120247768802800278,,,0,0,0,0,0,0,1,1
2026-08-13,120247768808810278,,,0,0,0,0,0,0,5,4
2026-08-13,120247796575940278,,,0,0,0,0,0,0,3,1
2026-08-13,120247797138580278,,,0,0,0,0,0,0,1,1
2026-08-13,120247797507310278,,,0,0,0,0,0,0,2,1
2026-08-13,120247820541780278,,,0,0,0,0,0,0,4,1
2026-08-13,120247820550760278,,,0,0,0,0,0,0,3,2
2026-08-13,120247820561410278,,,0,0,0,0,0,0,1,1
2026-08-13,120247820644920278,,,0,0,0,0,0,0,1,1
2026-08-13,120247820855730278,,,0,0,0,0,0,0,1,1
2026-08-13,120247820863330278,,,0,0,0,0,0,0,1,1
2026-08-13,120247820928030278,,,0,0,0,0,0,0,1,1
2026-08-13,120247821828360278,,,0,0,0,0,0,0,1,1
2026-08-13,120247821848280278,,,0,0,0,0,0,0,1,1
2026-08-13,120247821966990278,,,0,0,0,0,0,0,1,1
2026-08-13,120247822112860278,,,0,0,0,0,0,0,1,1
2026-08-13,120247822275040278,,,0,0,0,0,0,0,2,2
2026-08-13,120247822296620278,,,0,0,0,0,0,0,1,1
2026-08-13,120247852157620278,,,0,0,0,0,0,0,1,1
2026-08-13,120247852194640278,,,0,0,0,0,0,0,2,2
2026-08-13,120247852217870278,,,0,0,0,0,0,0,4,2
2026-08-13,120247852230800278,,,0,0,0,0,0,0,1,1
2026-08-13,120247852240720278,,,0,0,0,0,0,0,1,1
2026-08-13,120247852359280278,,,0,0,0,0,0,0,9,1
2026-08-13,120247852377810278,[AFS] [F3] [Luyanda Mbatha] V5,120247852291590278,13,13,13,0,0,0,11,5
2026-08-13,120247855943690278,,,0,0,0,0,0,0,2,1
2026-08-13,120247856009420278,,,0,0,0,0,0,0,16,3
2026-08-13,120247856014920278,,,0,0,0,0,0,0,5,1
2026-08-13,120247856024270278,,,0,0,0,0,0,0,8,2
2026-08-13,120247856129530278,,,0,0,0,0,0,0,5,2
2026-08-13,120247856365350278,,,0,0,0,0,0,0,1,1
2026-08-13,120247856415450278,,,0,0,0,0,0,0,1,1
2026-08-13,120247856599050278,,,0,0,0,0,0,0,2,1
2026-08-13,120247856608070278,,,0,0,0,0,0,0,1,1
2026-08-13,120247856633450278,,,0,0,0,0,0,0,1,1
2026-08-13,120247856660550278,,,0,0,0,0,0,0,2,2
2026-08-13,120247856679370278,,,0,0,0,0,0,0,1,1
2026-08-13,120247856752040278,,,0,0,0,0,0,0,1,1
2026-08-13,120247856764540278,,,0,0,0,0,0,0,2,2
2026-08-13,120247856781020278,,,0,0,0,0,0,0,1,1
2026-08-13,120248013951830278,,,0,0,0,0,0,0,8,3
2026-08-13,120248013980050278,[AFS] [F3] [Khanyisile Nxumalo] V8,120247753837740278,37,37,37,0,0,0,77,23
2026-08-13,120248013986740278,[AFS] [F3] [Khanyisile Nxumalo] V9,120247753837740278,43,43,43,0,0,0,105,26
2026-08-13,120248014002370278,[AFS] [F3] [Khanyisile Nxumalo] V12,120247753837740278,49,49,49,0,0,0,116,29
2026-08-13,120248014007790278,[AFS] [F3] [Khanyisile Nxumalo] V13,120247753837740278,1,1,1,0,0,0,7,3
2026-08-13,120248014016860278,[AFS] [F3] [Khanyisile Nxumalo] V14,120247753837740278,14,14,14,0,0,0,43,11
2026-08-13,120248014026550278,[AFS] [F3] [Khanyisile Nxumalo] V15,120247753837740278,2,2,2,0,0,0,5,2
2026-08-13,120248014031360278,[AFS] [F3] [Khanyisile Nxumalo] V16,120247753837740278,54,54,54,0,0,0,96,23
2026-08-13,120248014298520278,[AFS] [F3] [Khanyisa Zwane] V7,120247753572060278,25,25,25,0,0,0,100,22
2026-08-13,120248014304990278,[AFS] [F3] [Khanyisa Zwane] V8,120247753572060278,82,82,82,0,0,0,213,56
2026-08-13,120248014307330278,[AFS] [F3] [Khanyisa Zwane] V9,120247753572060278,41,41,41,0,0,0,97,26
2026-08-13,120248014312900278,[AFS] [F3] [Khanyisa Zwane] V10,120247753572060278,4,4,4,0,0,0,25,7
2026-08-13,120248014331980278,[AFS] [F3] [Khanyisa Zwane] V11,120247753572060278,70,70,70,0,0,0,201,52
2026-08-13,120248014338390278,[AFS] [F3] [Khanyisa Zwane] V12,120247753572060278,38,38,38,0,0,0,89,21
2026-08-13,120248014349350278,[AFS] [F3] [Khanyisa Zwane] V13,120247753572060278,1,1,1,0,0,0,2,2
2026-08-13,120248014354790278,[AFS] [F3] [Khanyisa Zwane] V14,120247753572060278,44,44,44,0,0,0,132,29
2026-08-13,120248014357340278,,,0,0,0,0,0,0,6,2
2026-08-13,120248014361180278,[AFS] [F3] [Khanyisa Zwane] V16,120247753572060278,16,16,16,0,0,0,33,13
2026-08-13,120248014806030278,[AFS] [F3] [Siphesihle Cele] V7,120247753268510278,23,23,23,0,0,0,41,14
2026-08-13,120248014851080278,[AFS] [F3] [Siphesihle Cele] V8,120247753268510278,1,1,1,0,0,0,2,1
2026-08-13,120248014943290278,[AFS] [F3] [Siphesihle Cele] V9,120247753268510278,13,13,13,0,0,0,36,11
2026-08-13,120248014983880278,[AFS] [F3] [Siphesihle Cele] V10,120247753268510278,30,30,30,0,0,0,104,19
2026-08-13,120248014989930278,[AFS] [F3] [Siphesihle Cele] V11,120247753268510278,15,15,15,0,0,0,44,15
2026-08-13,120248015000030278,[AFS] [F3] [Siphesihle Cele] V12,120247753268510278,9,9,9,0,0,0,26,7
2026-08-13,120248015007660278,[AFS] [F3] [Siphesihle Cele] V13,120247753268510278,1,1,1,0,0,0,4,2
2026-08-13,120248015021780278,[AFS] [F3] [Siphesihle Cele] V14,120247753268510278,37,37,37,0,0,0,92,26
2026-08-13,120248015027340278,[AFS] [F3] [Siphesihle Cele] V15,120247753268510278,39,39,39,0,0,0,113,27
2026-08-13,120248015032800278,[AFS] [F3] [Siphesihle Cele] V16,120247753268510278,42,42,42,0,0,0,84,22
2026-08-13,120248015539040278,[AFS] [F3] [Yonela Mnguni] V7,120247753719120278,26,26,26,0,0,0,123,22
2026-08-13,120248015573900278,[AFS] [F3] [Yonela Mnguni] V8,120247753719120278,12,12,12,0,0,0,19,9
2026-08-13,120248015583870278,,,0,0,0,0,0,0,7,3
2026-08-13,120248015591980278,[AFS] [F3] [Yonela Mnguni] V10,120247753719120278,41,41,41,0,0,0,67,23
2026-08-13,120248015604620278,[AFS] [F3] [Yonela Mnguni] V11,120247753719120278,8,8,8,0,0,0,43,13
2026-08-13,120248015608410278,[AFS] [F3] [Yonela Mnguni] V12,120247753719120278,22,22,22,0,0,0,26,10
2026-08-13,120248015705310278,[AFS] [F3] [Yonela Mnguni] V13,120247753719120278,12,12,12,0,0,0,22,8
2026-08-13,120248015743610278,[AFS] [F3] [Yonela Mnguni] V14,120247753719120278,25,25,25,0,0,0,44,15
2026-08-13,120248015758600278,[AFS] [F3] [Yonela Mnguni] V15,120247753719120278,1,1,1,0,0,0,2,2
2026-08-13,120248015964290278,[AFS] [F3] [Luyanda Mbatha] V8,120247852291590278,34,34,34,0,0,0,55,20
2026-08-13,120248015969120278,[AFS] [F3] [Luyanda Mbatha] V9,120247852291590278,32,32,32,0,0,0,28,12
2026-08-13,120248015975280278,[AFS] [F3] [Luyanda Mbatha] V10,120247852291590278,26,26,26,0,0,0,50,14
2026-08-13,120248015981890278,[AFS] [F3] [Luyanda Mbatha] V11,120247852291590278,28,28,28,0,0,0,75,21
2026-08-13,120248015988990278,[AFS] [F3] [Luyanda Mbatha] V12,120247852291590278,4,4,4,0,0,0,9,3
2026-08-13,120248016000090278,[AFS] [F3] [Luyanda Mbatha] V13,120247852291590278,17,17,17,0,0,0,34,8
2026-08-13,120248016028140278,[AFS] [F3] [Luyanda Mbatha] V15,120247852291590278,28,28,28,0,0,0,55,15
2026-08-13,120248016058110278,[AFS] [F3] [Luyanda Mbatha] V16,120247852291590278,16,16,16,0,0,0,33,8
2026-08-13,120248037140500278,[AFS] [F3] [NOURBESE ACHEBE] V7,120247488930090278,9,9,9,0,0,0,15,5
2026-08-13,120248037146600278,[AFS] [F3] [NOURBESE ACHEBE] V8,120247488930090278,37,37,37,0,0,0,94,23
2026-08-13,120248037148270278,[AFS] [F3] [NOURBESE ACHEBE] V9,120247488930090278,31,31,31,0,0,0,96,23
2026-08-13,120248037149900278,[AFS] [F3] [NOURBESE ACHEBE] V10,120247488930090278,54,54,54,0,0,0,135,29
2026-08-13,120248037151710278,[AFS] [F3] [NOURBESE ACHEBE] V11,120247488930090278,20,20,20,0,0,0,83,12
2026-08-13,120248037154320278,[AFS] [F3] [NOURBESE ACHEBE] V12,120247488930090278,18,18,18,0,0,0,30,6
2026-08-13,120248037227310278,[AFS] [F3] [LUNGILE HADEBE] V7,120247488259330278,13,13,13,0,0,0,59,12
2026-08-13,120248037236070278,[AFS] [F3] [LUNGILE HADEBE] V8,120247488259330278,37,37,37,0,0,0,88,24
2026-08-13,120248037242460278,[AFS] [F3] [LUNGILE HADEBE] V9,120247488259330278,28,28,28,0,0,0,85,17
2026-08-13,120248037248010278,[AFS] [F3] [LUNGILE HADEBE] V10,120247488259330278,15,15,15,0,0,0,64,10
2026-08-13,120248037252070278,[AFS] [F3] [LUNGILE HADEBE] V11,120247488259330278,30,30,30,0,0,0,60,18
2026-08-13,120248037256010278,[AFS] [F3] [LUNGILE HADEBE] V12,120247488259330278,12,12,12,0,0,0,21,8
2026-08-13,120248037259710278,[AFS] [F3] [LUNGILE HADEBE] V13,120247488259330278,58,58,58,0,0,0,149,36
2026-08-13,120248037267250278,[AFS] [F3] [LUNGILE HADEBE] V14,120247488259330278,52,52,52,0,0,0,165,27
2026-08-13,120248037325860278,[AFS] [F3] [CHIPO MOYO]  V7,120247360141370278,31,31,31,0,0,0,118,21
2026-08-13,120248037346630278,[AFS] [F3] [CHIPO MOYO]  V8,120247360141370278,21,21,21,0,0,0,52,10
2026-08-13,120248037354900278,[AFS] [F3] [CHIPO MOYO]  V9,120247360141370278,3,3,3,0,0,0,7,3
2026-08-13,120248037373890278,[AFS] [F3] [CHIPO MOYO]  V10,120247360141370278,12,12,12,0,0,0,38,9
2026-08-13,120248037378470278,[AFS] [F3] [CHIPO MOYO]  V11,120247360141370278,38,38,38,0,0,0,125,23
2026-08-13,120248037384100278,[AFS] [F3] [CHIPO MOYO]  V12,120247360141370278,22,22,22,0,0,0,63,11
2026-08-13,120248037402540278,[AFS] [F3] [CHIPO MOYO]  V13,120247360141370278,13,13,13,0,0,0,27,12
2026-08-13,120248037418040278,[AFS] [F3] [CHIPO MOYO]  V14,120247360141370278,34,34,34,0,0,0,106,20
2026-08-13,120248037462010278,[AFS] [F3] [AMINATA DIALLO] V7,120247358419970278,32,32,32,0,0,0,75,18
2026-08-13,120248037469760278,[AFS] [F3] [AMINATA DIALLO] V8,120247358419970278,29,29,29,0,0,0,109,17
2026-08-13,120248037484310278,[AFS] [F3] [AMINATA DIALLO] V9,120247358419970278,45,45,45,0,0,0,140,23
2026-08-13,120248037487480278,[AFS] [F3] [AMINATA DIALLO] V10,120247358419970278,46,46,46,0,0,0,170,35
2026-08-13,120248037490750278,[AFS] [F3] [AMINATA DIALLO] V11,120247358419970278,4,4,4,0,0,0,14,4
2026-08-13,120248037496400278,[AFS] [F3] [AMINATA DIALLO] V12,120247358419970278,50,50,50,0,0,0,168,34
2026-08-13,120248037498990278,[AFS] [F3] [AMINATA DIALLO] V13,120247358419970278,29,29,29,0,0,0,64,20
2026-08-13,120248037501970278,[AFS] [F3] [AMINATA DIALLO] V14,120247358419970278,18,18,18,0,0,0,44,9
2026-08-13,120248037551200278,[AFS] [F3] [AMARA OKAFOR] V7,120247357080990278,24,24,24,0,0,0,69,16
2026-08-13,120248037563320278,[AFS] [F3] [AMARA OKAFOR] V8,120247357080990278,27,27,27,0,0,0,119,18
2026-08-13,120248037567290278,[AFS] [F3] [AMARA OKAFOR] V9,120247357080990278,44,44,44,0,0,0,188,30
2026-08-13,120248037571270278,[AFS] [F3] [AMARA OKAFOR] V10,120247357080990278,31,31,31,0,0,0,86,15
2026-08-13,120248037572920278,[AFS] [F3] [AMARA OKAFOR] V11,120247357080990278,19,19,19,0,0,0,50,11
2026-08-13,120248037576340278,[AFS] [F3] [AMARA OKAFOR] V12,120247357080990278,29,29,29,0,0,0,92,21
2026-08-13,120248037581340278,[AFS] [F3] [AMARA OKAFOR] V13,120247357080990278,37,37,37,0,0,0,151,31
2026-08-13,120248037598010278,[AFS] [F3] [AMARA OKAFOR] V14,120247357080990278,44,44,44,0,0,0,170,32
2026-08-13,120248037719570278,[AFS] [F3] [NOMVULA MOKOENA] V7,120247359464690278,5,5,5,0,0,0,5,2
2026-08-13,120248037736060278,[AFS] [F3] [NOMVULA MOKOENA] V8,120247359464690278,22,22,22,0,0,0,74,16
2026-08-13,120248037741040278,[AFS] [F3] [NOMVULA MOKOENA] V10,120247359464690278,42,42,42,0,0,0,155,30
2026-08-13,120248037745600278,[AFS] [F3] [NOMVULA MOKOENA] V11,120247359464690278,45,45,45,0,0,0,92,26
2026-08-13,120248037747540278,[AFS] [F3] [NOMVULA MOKOENA] V12,120247359464690278,22,22,22,0,0,0,53,10
2026-08-13,120248037755210278,[AFS] [F3] [NOMVULA MOKOENA] V13,120247359464690278,13,13,13,0,0,0,23,6
2026-08-13,120248037760680278,[AFS] [F3] [NOMVULA MOKOENA] V14,120247359464690278,16,16,16,0,0,0,10,4
2026-08-13,120248037841630278,[AFS] [F3] [BONGEKILE ZUNGU] V7,120247506168050278,31,31,31,0,0,0,85,19
2026-08-13,120248037864920278,[AFS] [F3] [BONGEKILE ZUNGU] V8,120247506168050278,59,59,59,0,0,0,129,31
2026-08-13,120248037871170278,[AFS] [F3] [BONGEKILE ZUNGU] V9,120247506168050278,24,24,24,0,0,0,64,19
2026-08-13,120248037884290278,[AFS] [F3] [BONGEKILE ZUNGU] V11,120247506168050278,9,9,9,0,0,0,11,2
2026-08-13,120248037889530278,[AFS] [F3] [BONGEKILE ZUNGU] V12,120247506168050278,26,26,26,0,0,0,121,19
2026-08-13,120248037901600278,[AFS] [F3] [BONGEKILE ZUNGU] V13,120247506168050278,27,27,27,0,0,0,89,14
2026-08-13,120248037907790278,[AFS] [F3] [BONGEKILE ZUNGU] V14,120247506168050278,40,40,40,0,0,0,181,27
2026-08-13,120248037951360278,[AFS] [F3] [MBALI BUTHELEZI] V7,120247506424170278,69,69,69,0,0,0,197,45
2026-08-13,120248037968460278,[AFS] [F3] [MBALI BUTHELEZI] V8,120247506424170278,10,10,10,0,0,0,28,6
2026-08-13,120248037978210278,[AFS] [F3] [MBALI BUTHELEZI] V9,120247506424170278,40,40,40,0,0,0,123,31
2026-08-13,120248037983800278,[AFS] [F3] [MBALI BUTHELEZI] V10,120247506424170278,45,45,45,0,0,0,83,23
2026-08-13,120248037988730278,[AFS] [F3] [MBALI BUTHELEZI] V11,120247506424170278,39,39,39,0,0,0,89,27
2026-08-13,120248038023970278,[AFS] [F3] [WANGARI KAMAU] V7,120247382322970278,34,34,34,0,0,0,127,22
2026-08-13,120248038047290278,[AFS] [F3] [WANGARI KAMAU] V8,120247382322970278,30,30,30,0,0,0,110,21
2026-08-13,120248038050550278,[AFS] [F3] [WANGARI KAMAU] V9,120247382322970278,40,40,40,0,0,0,116,31
2026-08-13,120248038053810278,[AFS] [F3] [WANGARI KAMAU] V10,120247382322970278,32,32,32,0,0,0,58,14
2026-08-13,120253079044420281,,,0,0,0,0,0,0,2,1
2026-08-13,120253082855810281,,,0,0,0,0,0,0,4,1
2026-08-13,120253101321190281,,,0,0,0,0,0,0,2,1
2026-08-13,120253101346700281,,,0,0,0,0,0,0,1,1
2026-08-13,120253137204850281,,,0,0,0,0,0,0,3,1
2026-08-13,120253137209500281,,,0,0,0,0,0,0,1,1
2026-08-13,120253138463570281,,,0,0,0,0,0,0,1,1
2026-08-13,120253138733630281,,,0,0,0,0,0,0,2,1
2026-08-13,120253138745550281,,,0,0,0,0,0,0,5,1
2026-08-13,120253138906100281,,,0,0,0,0,0,0,1,1
2026-08-13,120253141499830281,,,0,0,0,0,0,0,1,1
2026-08-13,120253141733960281,,,0,0,0,0,0,0,3,1
2026-08-13,120253141780200281,,,0,0,0,0,0,0,2,2
2026-08-13,120253141945370281,,,0,0,0,0,0,0,6,2
2026-08-13,120253142290360281,,,0,0,0,0,0,0,5,1
2026-08-13,120253167383880281,,,0,0,0,0,0,0,5,1
2026-08-13,120253167657030281,,,0,0,0,0,0,0,2,1
2026-08-13,120253167681590281,,,0,0,0,0,0,0,1,1
2026-08-13,120253167944440281,,,0,0,0,0,0,0,1,1
2026-08-13,120253167954350281,,,0,0,0,0,0,0,1,1
2026-08-13,120253168478000281,,,0,0,0,0,0,0,2,1
2026-08-13,120253224960730281,,,0,0,0,0,0,0,2,1
2026-08-13,120253225029450281,,,0,0,0,0,0,0,1,1
2026-08-13,120253225038370281,,,0,0,0,0,0,0,3,1
2026-08-13,120253225087760281,,,0,0,0,0,0,0,8,1
2026-08-13,120253225135180281,,,0,0,0,0,0,0,1,1
2026-08-13,120253225872080281,,,0,0,0,0,0,0,2,1
2026-08-13,120253225880820281,,,0,0,0,0,0,0,7,2
2026-08-13,120253304289250281,,,0,0,0,0,0,0,7,1
2026-08-13,120253304511230281,,,0,0,0,0,0,0,5,1
2026-08-13,120253406611390281,,,0,0,0,0,0,0,3,1
2026-08-13,120253406623060281,,,0,0,0,0,0,0,1,1
2026-08-13,120253406631270281,,,0,0,0,0,0,0,1,1
2026-08-13,120253406659640281,,,0,0,0,0,0,0,1,1
2026-08-13,120253406774810281,,,0,0,0,0,0,0,6,6
2026-08-13,120253406815340281,,,0,0,0,0,0,0,1,1
2026-08-13,120253406822870281,,,0,0,0,0,0,0,1,1
2026-08-13,120253407333460281,,,0,0,0,0,0,0,1,1
2026-08-13,120253407356150281,,,0,0,0,0,0,0,3,1
2026-08-13,120253407402570281,,,0,0,0,0,0,0,3,2
2026-08-13,120253407556650281,,,0,0,0,0,0,0,1,1
2026-08-13,120253407641490281,,,0,0,0,0,0,0,2,2
2026-08-13,120253407759380281,,,0,0,0,0,0,0,1,1
2026-08-13,120253409983580281,,,0,0,0,0,0,0,2,1
2026-08-13,120253410002420281,,,0,0,0,0,0,0,1,1
2026-08-13,120253411255640281,,,0,0,0,0,0,0,1,1
2026-08-13,120253411374160281,,,0,0,0,0,0,0,2,2
2026-08-13,120253411910950281,,,0,0,0,0,0,0,1,1
2026-08-13,120253411937390281,,,0,0,0,0,0,0,1,1
2026-08-13,120253415538610281,,,0,0,0,0,0,0,1,1
2026-08-13,120253415545930281,,,0,0,0,0,0,0,1,1
2026-08-13,120253415593700281,,,0,0,0,0,0,0,1,1
2026-08-13,120253415627710281,,,0,0,0,0,0,0,1,1
2026-08-13,120253415659550281,,,0,0,0,0,0,0,5,1
2026-08-13,120253415684090281,,,0,0,0,0,0,0,2,2
2026-08-13,120253415724350281,,,0,0,0,0,0,0,1,1
2026-08-13,120253415735450281,,,0,0,0,0,0,0,1,1
2026-08-13,120253422809560281,,,0,0,0,0,0,0,2,2
2026-08-13,120253422900530281,,,0,0,0,0,0,0,5,2
2026-08-13,120253422902890281,,,0,0,0,0,0,0,6,2
2026-08-13,120253422905970281,,,0,0,0,0,0,0,2,1
2026-08-13,120253422910030281,,,0,0,0,0,0,0,2,2
2026-08-13,120253423000780281,,,0,0,0,0,0,0,2,2
2026-08-13,120253423005460281,,,0,0,0,0,0,0,2,1
2026-08-13,120253423013640281,,,0,0,0,0,0,0,1,1
2026-08-13,120253423021520281,,,0,0,0,0,0,0,1,1
2026-08-13,120253423035590281,,,0,0,0,0,0,0,2,1
2026-08-13,120253423248640281,,,0,0,0,0,0,0,2,1
2026-08-13,120253423294450281,,,0,0,0,0,0,0,1,1
2026-08-13,120253423590130281,,,0,0,0,0,0,0,1,1
2026-08-13,120253423621190281,,,0,0,0,0,0,0,1,1
2026-08-13,120253423701340281,,,0,0,0,0,0,0,1,1
2026-08-13,120253428682050281,,,0,0,0,0,0,0,1,1
2026-08-13,120253428745740281,,,0,0,0,0,0,0,3,1
2026-08-13,120253428775060281,,,0,0,0,0,0,0,1,1
2026-08-13,120253428777030281,,,0,0,0,0,0,0,2,2
2026-08-13,120253428860840281,,,0,0,0,0,0,0,2,1
2026-08-13,120253428925220281,,,0,0,0,0,0,0,1,1
2026-08-13,120253463585430281,,,0,0,0,0,0,0,10,1
2026-08-13,120253464091590281,,,0,0,0,0,0,0,4,1
2026-08-13,120253464099200281,,,0,0,0,0,0,0,1,1
2026-08-13,120253464203130281,,,0,0,0,0,0,0,5,1
2026-08-13,120253464385490281,,,0,0,0,0,0,0,1,1
2026-08-13,120253665868790281,[AFS] [F3] [Noluthando Makhanya] V2,120253665771940281,1,1,1,0,0,0,0,0
2026-08-13,120253665873690281,[AFS] [F3] [Noluthando Makhanya] V3,120253665771940281,3,3,3,0,0,0,5,4
2026-08-13,120253665881380281,[AFS] [F3] [Noluthando Makhanya] V4,120253665771940281,208,208,208,0,0,0,865,159
2026-08-13,120253665893600281,[AFS] [F3] [Noluthando Makhanya] V5,120253665771940281,56,56,56,0,0,0,170,36
2026-08-13,120253665904310281,[AFS] [F3] [Noluthando Makhanya] V7,120253665771940281,48,48,48,0,0,0,148,44
2026-08-13,120253665910190281,[AFS] [F3] [Noluthando Makhanya] V8,120253665771940281,14,14,14,0,0,0,57,13
2026-08-13,120253665946580281,[AFS] [F3] [Noluthando Makhanya] V10,120253665771940281,265,265,265,0,0,0,859,184
2026-08-13,120253666333460281,[AFS] [F3] [Sinethemba Mthembu] V1,120253666333490281,67,67,67,0,0,0,234,53
2026-08-13,120253666506120281,[AFS] [F3] [Sinethemba Mthembu] V2,120253666333490281,1,1,1,0,0,0,0,0
2026-08-13,120253666527630281,[AFS] [F3] [Sinethemba Mthembu] V5,120253666333490281,133,133,133,0,0,0,276,85
2026-08-13,120253666532760281,[AFS] [F3] [Sinethemba Mthembu] V6,120253666333490281,241,241,241,0,0,0,693,162
2026-08-13,120253666680770281,,,0,0,0,0,0,0,2,1
2026-08-13,120253667302470281,[AFS] [F3] [Nqobile Mkhwanazi] V1,120253667302360281,18,18,18,0,0,0,27,10
2026-08-13,120253667360680281,[AFS] [F3] [Nqobile Mkhwanazi] V2,120253667302360281,3,3,3,0,0,0,10,4
2026-08-13,120253667384950281,[AFS] [F3] [Nqobile Mkhwanazi] V3,120253667302360281,25,25,25,0,0,0,113,17
2026-08-13,120253667485200281,[AFS] [F3] [Nqobile Mkhwanazi] V5,120253667302360281,31,31,31,0,0,0,88,22
2026-08-13,120253667505210281,[AFS] [F3] [Nqobile Mkhwanazi] V6,120253667302360281,34,34,34,0,0,0,89,24
2026-08-13,120253667521110281,[AFS] [F3] [Nqobile Mkhwanazi] V7,120253667302360281,40,40,40,0,0,0,128,29
2026-08-13,120253667533570281,[AFS] [F3] [Nqobile Mkhwanazi] V8,120253667302360281,29,29,29,0,0,0,79,18
2026-08-13,120253667542940281,[AFS] [F3] [Nqobile Mkhwanazi] V9,120253667302360281,13,13,13,0,0,0,70,8
2026-08-13,120253667551140281,[AFS] [F3] [Nqobile Mkhwanazi] V10,120253667302360281,19,19,19,0,0,0,47,13
2026-08-13,120253667581310281,[AFS] [F3] [Zandile Hlatshwayo] V1,120253667581330281,2,2,2,0,0,0,8,3
2026-08-13,120253667622250281,[AFS] [F3] [Zandile Hlatshwayo] V2,120253667581330281,19,19,19,0,0,0,32,11
2026-08-13,120253667639650281,[AFS] [F3] [Zandile Hlatshwayo] V3,120253667581330281,16,16,16,0,0,0,75,14
2026-08-13,120253667644420281,[AFS] [F3] [Zandile Hlatshwayo] V4,120253667581330281,1,1,1,0,0,0,10,7
2026-08-13,120253667649010281,[AFS] [F3] [Zandile Hlatshwayo] V5,120253667581330281,31,31,31,0,0,0,70,23
2026-08-13,120253667668650281,[AFS] [F3] [Zandile Hlatshwayo] V7,120253667581330281,50,50,50,0,0,0,210,48
2026-08-13,120253667678500281,[AFS] [F3] [Zandile Hlatshwayo] V8,120253667581330281,31,31,31,0,0,0,127,22
2026-08-13,120253667683750281,[AFS] [F3] [Zandile Hlatshwayo] V9,120253667581330281,47,47,47,0,0,0,133,31
2026-08-13,120253667705850281,[AFS] [F3] [Zandile Hlatshwayo] V10,120253667581330281,19,19,19,0,0,0,46,17
2026-08-13,120253700924490281,[AFS] [F3] [Nosimilo Mokoatle] V1,120253700924530281,2,2,2,0,0,0,0,0
2026-08-13,120253701043320281,[AFS] [F3] [Nosimilo Mokoatle] V2,120253700924530281,2,2,2,0,0,0,1,1
2026-08-13,120253701068750281,[AFS] [F3] [Nosimilo Mokoatle] V3,120253700924530281,1,1,1,0,0,0,0,0
2026-08-13,120253701148080281,[AFS] [F3] [Nosimilo Mokoatle] V5,120253700924530281,1,1,1,0,0,0,1,1
2026-08-13,120253701248270281,[AFS] [F3] [Nosimilo Mokoatle] V6,120253700924530281,1,1,1,0,0,0,28,1
2026-08-13,120253701667190281,[AFS] [F3] [Nosimilo Mokoatle] V9,120253700924530281,54,54,54,0,0,0,194,72
2026-08-13,120253703504330281,[AFS] [F3] [Karabo Mokoatle] V1,120253703504250281,7,7,7,0,0,0,34,5
2026-08-13,120253703606030281,[AFS] [F3] [Karabo Mokoatle] V2,120253703504250281,81,81,81,0,0,0,186,39
2026-08-13,120253703620200281,[AFS] [F3] [Karabo Mokoatle] V3,120253703504250281,3,3,3,0,0,0,24,3
2026-08-13,120253703628360281,[AFS] [F3] [Karabo Mokoatle] V4,120253703504250281,9,9,9,0,0,0,41,5
2026-08-13,120253703640280281,[AFS] [F3] [Karabo Mokoatle] V5,120253703504250281,7,7,7,0,0,0,31,4
2026-08-13,120253703648580281,[AFS] [F3] [Karabo Mokoatle] V6,120253703504250281,12,12,12,0,0,0,41,6
2026-08-13,120253703653020281,[AFS] [F3] [Karabo Mokoatle] V7,120253703504250281,11,11,11,0,0,0,17,2
2026-08-13,120253703658800281,[AFS] [F3] [Karabo Mokoatle] V8,120253703504250281,303,303,303,0,0,0,718,186
2026-08-13,120253703696820281,[AFS] [F3] [Karabo Mokoatle] V10,120253703504250281,8,8,8,0,0,0,26,5
2026-08-13,120253703724550281,[AFS] [F3] [Zethembiso Motaung] V1,120253703724520281,22,22,22,0,0,0,50,12
2026-08-13,120253703765330281,[AFS] [F3] [Zethembiso Motaung] V2,120253703724520281,21,21,21,0,0,0,22,10
2026-08-13,120253703768810281,[AFS] [F3] [Zethembiso Motaung] V3,120253703724520281,18,18,18,0,0,0,16,8
2026-08-13,120253703780420281,[AFS] [F3] [Zethembiso Motaung] V4,120253703724520281,22,22,22,0,0,0,60,11
2026-08-13,120253703796370281,[AFS] [F3] [Zethembiso Motaung] V5,120253703724520281,21,21,21,0,0,0,55,13
2026-08-13,120253703813950281,[AFS] [F3] [Zethembiso Motaung] V6,120253703724520281,30,30,30,0,0,0,112,21
2026-08-13,120253703815990281,[AFS] [F3] [Zethembiso Motaung] V7,120253703724520281,13,13,13,0,0,0,34,7
2026-08-13,120253703818060281,[AFS] [F3] [Zethembiso Motaung] V8,120253703724520281,5,5,5,0,0,0,0,0
2026-08-13,120253703821200281,[AFS] [F3] [Zethembiso Motaung] V9,120253703724520281,23,23,23,0,0,0,32,9
2026-08-13,120253703824100281,[AFS] [F3] [Zethembiso Motaung] V10,120253703724520281,29,29,29,0,0,0,117,22
2026-08-13,120253703839980281,[AFS] [F3] [Sibongakonke Masebe] V1,120253703839970281,11,11,11,0,0,0,50,5
2026-08-13,120253703887140281,[AFS] [F3] [Sibongakonke Masebe] V2,120253703839970281,12,12,12,0,0,0,7,2
2026-08-13,120253703898950281,[AFS] [F3] [Sibongakonke Masebe] V3,120253703839970281,22,22,22,0,0,0,98,15
2026-08-13,120253703910260281,[AFS] [F3] [Sibongakonke Masebe] V4,120253703839970281,9,9,9,0,0,0,28,6
2026-08-13,120253703920400281,[AFS] [F3] [Sibongakonke Masebe] V5,120253703839970281,35,35,35,0,0,0,75,20
2026-08-13,120253703928840281,[AFS] [F3] [Sibongakonke Masebe] V6,120253703839970281,5,5,5,0,0,0,4,1
2026-08-13,120253703937850281,[AFS] [F3] [Sibongakonke Masebe] V7,120253703839970281,20,20,20,0,0,0,57,14
2026-08-13,120253703947150281,[AFS] [F3] [Sibongakonke Masebe] V8,120253703839970281,14,14,14,0,0,0,40,8
2026-08-13,120253703952900281,[AFS] [F3] [Sibongakonke Masebe] V9,120253703839970281,9,9,9,0,0,0,9,3
2026-08-13,120253703958890281,[AFS] [F3] [Sibongakonke Masebe] V10,120253703839970281,14,14,14,0,0,0,31,8
2026-08-13,120253703989530281,[AFS] [F3] [Hlompho Masilela] V1,120253703989720281,42,42,42,0,0,0,87,24
2026-08-13,120253704028180281,[AFS] [F3] [Hlompho Masilela] V2,120253703989720281,35,35,35,0,0,0,109,20
2026-08-13,120253704038100281,[AFS] [F3] [Hlompho Masilela] V3,120253703989720281,63,63,63,0,0,0,160,41
2026-08-13,120253704045940281,[AFS] [F3] [Hlompho Masilela] V4,120253703989720281,20,20,20,0,0,0,54,12
2026-08-13,120253704053390281,[AFS] [F3] [Hlompho Masilela] V5,120253703989720281,9,9,9,0,0,0,16,6
2026-08-13,120253704062640281,[AFS] [F3] [Hlompho Masilela] V6,120253703989720281,59,59,59,0,0,0,157,33
2026-08-13,120253704070820281,[AFS] [F3] [Hlompho Masilela] V7,120253703989720281,63,63,63,0,0,0,162,35
2026-08-13,120253704081240281,[AFS] [F3] [Hlompho Masilela] V8,120253703989720281,18,18,18,0,0,0,45,11
2026-08-13,120253704087580281,[AFS] [F3] [Hlompho Masilela] V9,120253703989720281,27,27,27,0,0,0,76,17
2026-08-13,120253704091080281,[AFS] [F3] [Hlompho Masilela] V10,120253703989720281,22,22,22,0,0,0,53,12
2026-08-14,120247357080930278,[AFS] [F3] [AMARA OKAFOR] V1,120247357080990278,1,1,1,0,0,0,0,0
2026-08-14,120247357081010278,[AFS] [F3] [AMARA OKAFOR] V6,120247357080990278,57,57,57,0,0,0,147,47
2026-08-14,120247357081030278,[AFS] [F3] [AMARA OKAFOR] V3,120247357080990278,1,1,1,0,0,0,1,1
2026-08-14,120247357457050278,,,0,0,0,0,0,0,3,2
2026-08-14,120247357457070278,,,0,0,0,0,0,0,5,3
2026-08-14,120247357457080278,,,0,0,0,0,0,0,4,2
2026-08-14,120247357457090278,,,0,0,0,0,0,0,5,4
2026-08-14,120247357457100278,,,0,0,0,0,0,0,1,1
2026-08-14,120247358420060278,,,0,0,0,0,0,0,24,3
2026-08-14,120247358420070278,[AFS] [F3] [AMINATA DIALLO] V3,120247358419970278,3,3,3,0,0,0,5,4
2026-08-14,120247358420080278,[AFS] [F3] [AMINATA DIALLO] V2,120247358419970278,1,1,1,0,0,0,3,1
2026-08-14,120247359464720278,[AFS] [F3] [NOMVULA MOKOENA] V6,120247359464690278,68,68,68,0,0,0,202,47
2026-08-14,120247359464810278,,,0,0,0,0,0,0,3,1
2026-08-14,120247360141410278,[AFS] [F3] [CHIPO MOYO]  V6,120247360141370278,80,80,80,0,0,0,349,68
2026-08-14,120247360141480278,[AFS] [F3] [CHIPO MOYO]  V4,120247360141370278,3,3,3,0,0,0,31,6
2026-08-14,120247360141490278,[AFS] [F3] [CHIPO MOYO]  V2,120247360141370278,40,40,40,0,0,0,117,34
2026-08-14,120247360356830278,,,0,0,0,0,0,0,11,3
2026-08-14,120247360531120278,,,0,0,0,0,0,0,5,1
2026-08-14,120247360531130278,,,0,0,0,0,0,0,1,1
2026-08-14,120247360531140278,,,0,0,0,0,0,0,3,3
2026-08-14,120247360531160278,,,0,0,0,0,0,0,1,1
2026-08-14,120247382249530278,,,0,0,0,0,0,0,1,1
2026-08-14,120247382249540278,[AFS_RELA_EN_BOT_0001] [NOURBESE] V5,120247382249440278,2,2,2,0,0,0,27,2
2026-08-14,120247382323040278,[AFS] [F3] [WANGARI KAMAU] V4,120247382322970278,50,50,50,0,0,0,125,37
2026-08-14,120247382323050278,[AFS] [F3] [WANGARI KAMAU] V6,120247382322970278,53,53,53,0,0,0,155,41
2026-08-14,120247382323060278,[AFS] [F3] [WANGARI KAMAU] V5,120247382322970278,42,42,42,0,0,0,163,31
2026-08-14,120247382323070278,[AFS] [F3] [WANGARI KAMAU] V2,120247382322970278,18,18,18,0,0,0,49,15
2026-08-14,120247382323080278,[AFS] [F3] [WANGARI KAMAU] V3,120247382322970278,43,43,43,0,0,0,141,34
2026-08-14,120247382323090278,[AFS] [F3] [WANGARI KAMAU] V1,120247382322970278,26,26,26,0,0,0,64,20
2026-08-14,120247488168300278,,,0,0,0,0,0,0,1,1
2026-08-14,120247488215910278,,,0,0,0,0,0,0,2,1
2026-08-14,120247488225850278,,,0,0,0,0,0,0,7,4
2026-08-14,120247488230320278,,,0,0,0,0,0,0,2,1
2026-08-14,120247488259350278,[AFS] [F3] [LUNGILE HADEBE] V1,120247488259330278,68,68,68,0,0,0,192,52
2026-08-14,120247488419540278,[AFS] [F3] [LUNGILE HADEBE] V6,120247488259330278,1,1,1,0,0,0,0,0
2026-08-14,120247488474100278,,,0,0,0,0,0,0,3,2
2026-08-14,120247488660110278,,,0,0,0,0,0,0,3,1
2026-08-14,120247488793560278,,,0,0,0,0,0,0,4,3
2026-08-14,120247488827940278,,,0,0,0,0,0,0,12,7
2026-08-14,120247488854820278,,,0,0,0,0,0,0,3,2
2026-08-14,120247488968980278,[AFS] [F3] [NOURBESE ACHEBE] V2,120247488930090278,7,7,7,0,0,0,21,9
2026-08-14,120247489113490278,,,0,0,0,0,0,0,3,2
2026-08-14,120247489137090278,,,0,0,0,0,0,0,1,1
2026-08-14,120247489160520278,,,0,0,0,0,0,0,8,2
2026-08-14,120247506168140278,,,0,0,0,0,0,0,2,1
2026-08-14,120247506203840278,,,0,0,0,0,0,0,2,1
2026-08-14,120247506249690278,,,0,0,0,0,0,0,4,4
2026-08-14,120247506542160278,[AFS] [F3] [MBALI BUTHELEZI] V3,120247506424170278,28,28,28,0,0,0,102,22
2026-08-14,120247506560570278,,,0,0,0,0,0,0,1,1
2026-08-14,120247511421230278,,,0,0,0,0,0,0,14,1
2026-08-14,120247566558640278,,,0,0,0,0,0,0,3,1
2026-08-14,120247566694500278,,,0,0,0,0,0,0,1,1
2026-08-14,120247753333380278,[AFS] [F3] [Siphesihle Cele] V2,120247753268510278,34,34,34,0,0,0,81,17
2026-08-14,120247753339060278,[AFS] [F3] [Siphesihle Cele] V3,120247753268510278,1,1,1,0,0,0,1,1
2026-08-14,120247753343390278,[AFS] [F3] [Siphesihle Cele] V4,120247753268510278,1,1,1,0,0,0,7,3
2026-08-14,120247753348540278,,,0,0,0,0,0,0,3,2
2026-08-14,120247753631300278,[AFS] [F3] [Khanyisa Zwane] V2,120247753572060278,16,16,16,0,0,0,75,18
2026-08-14,120247753647720278,[AFS] [F3] [Khanyisa Zwane] V4,120247753572060278,61,61,61,0,0,0,262,52
2026-08-14,120247753656710278,[AFS] [F3] [Khanyisa Zwane] V5,120247753572060278,1,1,1,0,0,0,5,3
2026-08-14,120247753677620278,[AFS] [F3] [Khanyisa Zwane] V6,120247753572060278,1,1,1,0,0,0,8,2
2026-08-14,120247753784310278,[AFS] [F3] [Yonela Mnguni] V2,120247753719120278,2,2,2,0,0,0,8,4
2026-08-14,120247753808800278,,,0,0,0,0,0,0,1,1
2026-08-14,120247753859960278,[AFS] [F3] [Khanyisile Nxumalo] V2,120247753837740278,72,72,72,0,0,0,227,45
2026-08-14,120247753880980278,[AFS] [F3] [Khanyisile Nxumalo] V4,120247753837740278,1,1,1,0,0,0,0,0
2026-08-14,120247753901780278,,,0,0,0,0,0,0,1,1
2026-08-14,120247768444270278,,,0,0,0,0,0,0,5,1
2026-08-14,120247768572330278,,,0,0,0,0,0,0,1,1
2026-08-14,120247820576040278,,,0,0,0,0,0,0,1,1
2026-08-14,120247821966990278,,,0,0,0,0,0,0,1,1
2026-08-14,120247852217870278,,,0,0,0,0,0,0,1,1
2026-08-14,120247852377810278,[AFS] [F3] [Luyanda Mbatha] V5,120247852291590278,1,1,1,0,0,0,9,4
2026-08-14,120247852396100278,,,0,0,0,0,0,0,2,1
2026-08-14,120247856056660278,,,0,0,0,0,0,0,1,1
2026-08-14,120247856129530278,,,0,0,0,0,0,0,1,1
2026-08-14,120247856415450278,,,0,0,0,0,0,0,1,1
2026-08-14,120247856608070278,,,0,0,0,0,0,0,2,1
2026-08-14,120247856660550278,,,0,0,0,0,0,0,1,1
2026-08-14,120247856752040278,,,0,0,0,0,0,0,3,2
2026-08-14,120247856764540278,,,0,0,0,0,0,0,1,1
2026-08-14,120248013951830278,,,0,0,0,0,0,0,6,1
2026-08-14,120248013980050278,[AFS] [F3] [Khanyisile Nxumalo] V8,120247753837740278,33,33,33,0,0,0,105,22
2026-08-14,120248013986740278,[AFS] [F3] [Khanyisile Nxumalo] V9,120247753837740278,45,45,45,0,0,0,126,30
2026-08-14,120248014002370278,[AFS] [F3] [Khanyisile Nxumalo] V12,120247753837740278,17,17,17,0,0,0,40,11
2026-08-14,120248014007790278,,,0,0,0,0,0,0,2,1
2026-08-14,120248014016860278,,,0,0,0,0,0,0,15,5
2026-08-14,120248014031360278,[AFS] [F3] [Khanyisile Nxumalo] V16,120247753837740278,47,47,47,0,0,0,151,27
2026-08-14,120248014298520278,[AFS] [F3] [Khanyisa Zwane] V7,120247753572060278,2,2,2,0,0,0,10,5
2026-08-14,120248014304990278,[AFS] [F3] [Khanyisa Zwane] V8,120247753572060278,70,70,70,0,0,0,331,48
2026-08-14,120248014307330278,[AFS] [F3] [Khanyisa Zwane] V9,120247753572060278,12,12,12,0,0,0,26,7
2026-08-14,120248014331980278,[AFS] [F3] [Khanyisa Zwane] V11,120247753572060278,63,63,63,0,0,0,219,48
2026-08-14,120248014338390278,[AFS] [F3] [Khanyisa Zwane] V12,120247753572060278,39,39,39,0,0,0,114,24
2026-08-14,120248014354790278,[AFS] [F3] [Khanyisa Zwane] V14,120247753572060278,40,40,40,0,0,0,92,21
2026-08-14,120248014361180278,[AFS] [F3] [Khanyisa Zwane] V16,120247753572060278,1,1,1,0,0,0,3,2
2026-08-14,120248014806030278,[AFS] [F3] [Siphesihle Cele] V7,120247753268510278,15,15,15,0,0,0,48,12
2026-08-14,120248014943290278,[AFS] [F3] [Siphesihle Cele] V9,120247753268510278,1,1,1,0,0,0,12,1
2026-08-14,120248014983880278,[AFS] [F3] [Siphesihle Cele] V10,120247753268510278,13,13,13,0,0,0,38,9
2026-08-14,120248014989930278,[AFS] [F3] [Siphesihle Cele] V11,120247753268510278,2,2,2,0,0,0,9,5
2026-08-14,120248015000030278,[AFS] [F3] [Siphesihle Cele] V12,120247753268510278,1,1,1,0,0,0,1,1
2026-08-14,120248015007660278,[AFS] [F3] [Siphesihle Cele] V13,120247753268510278,1,1,1,0,0,0,4,1
2026-08-14,120248015021780278,[AFS] [F3] [Siphesihle Cele] V14,120247753268510278,34,34,34,0,0,0,71,18
2026-08-14,120248015027340278,[AFS] [F3] [Siphesihle Cele] V15,120247753268510278,43,43,43,0,0,0,138,23
2026-08-14,120248015032800278,[AFS] [F3] [Siphesihle Cele] V16,120247753268510278,19,19,19,0,0,0,49,14
2026-08-14,120248015539040278,[AFS] [F3] [Yonela Mnguni] V7,120247753719120278,33,33,33,0,0,0,82,16
2026-08-14,120248015573900278,[AFS] [F3] [Yonela Mnguni] V8,120247753719120278,1,1,1,0,0,0,1,1
2026-08-14,120248015583870278,[AFS] [F3] [Yonela Mnguni] V9,120247753719120278,1,1,1,0,0,0,2,1
2026-08-14,120248015591980278,[AFS] [F3] [Yonela Mnguni] V10,120247753719120278,45,45,45,0,0,0,84,21
2026-08-14,120248015604620278,[AFS] [F3] [Yonela Mnguni] V11,120247753719120278,2,2,2,0,0,0,10,2
2026-08-14,120248015608410278,[AFS] [F3] [Yonela Mnguni] V12,120247753719120278,1,1,1,0,0,0,3,2
2026-08-14,120248015705310278,,,0,0,0,0,0,0,3,2
2026-08-14,120248015743610278,[AFS] [F3] [Yonela Mnguni] V14,120247753719120278,3,3,3,0,0,0,16,4
2026-08-14,120248015758600278,,,0,0,0,0,0,0,1,1
2026-08-14,120248015775920278,,,0,0,0,0,0,0,4,1
2026-08-14,120248015964290278,[AFS] [F3] [Luyanda Mbatha] V8,120247852291590278,6,6,6,0,0,0,30,7
2026-08-14,120248015969120278,[AFS] [F3] [Luyanda Mbatha] V9,120247852291590278,1,1,1,0,0,0,6,4
2026-08-14,120248015975280278,[AFS] [F3] [Luyanda Mbatha] V10,120247852291590278,1,1,1,0,0,0,4,3
2026-08-14,120248015981890278,[AFS] [F3] [Luyanda Mbatha] V11,120247852291590278,7,7,7,0,0,0,16,5
2026-08-14,120248016000090278,[AFS] [F3] [Luyanda Mbatha] V13,120247852291590278,5,5,5,0,0,0,6,2
2026-08-14,120248016028140278,[AFS] [F3] [Luyanda Mbatha] V15,120247852291590278,2,2,2,0,0,0,0,0
2026-08-14,120248016058110278,[AFS] [F3] [Luyanda Mbatha] V16,120247852291590278,1,1,1,0,0,0,4,3
2026-08-14,120248037140500278,,,0,0,0,0,0,0,1,1
2026-08-14,120248037146600278,[AFS] [F3] [NOURBESE ACHEBE] V8,120247488930090278,42,42,42,0,0,0,111,23
2026-08-14,120248037148270278,[AFS] [F3] [NOURBESE ACHEBE] V9,120247488930090278,21,21,21,0,0,0,89,15
2026-08-14,120248037149900278,[AFS] [F3] [NOURBESE ACHEBE] V10,120247488930090278,59,59,59,0,0,0,95,29
2026-08-14,120248037151710278,[AFS] [F3] [NOURBESE ACHEBE] V11,120247488930090278,34,34,34,0,0,0,97,20
2026-08-14,120248037154320278,[AFS] [F3] [NOURBESE ACHEBE] V12,120247488930090278,2,2,2,0,0,0,4,3
2026-08-14,120248037227310278,,,0,0,0,0,0,0,4,2
2026-08-14,120248037236070278,[AFS] [F3] [LUNGILE HADEBE] V8,120247488259330278,9,9,9,0,0,0,12,7
2026-08-14,120248037242460278,[AFS] [F3] [LUNGILE HADEBE] V9,120247488259330278,27,27,27,0,0,0,50,14
2026-08-14,120248037248010278,[AFS] [F3] [LUNGILE HADEBE] V10,120247488259330278,10,10,10,0,0,0,21,7
2026-08-14,120248037256010278,[AFS] [F3] [LUNGILE HADEBE] V12,120247488259330278,1,1,1,0,0,0,0,0
2026-08-14,120248037259710278,[AFS] [F3] [LUNGILE HADEBE] V13,120247488259330278,57,57,57,0,0,0,114,37
2026-08-14,120248037267250278,[AFS] [F3] [LUNGILE HADEBE] V14,120247488259330278,51,51,51,0,0,0,173,41
2026-08-14,120248037325860278,[AFS] [F3] [CHIPO MOYO]  V7,120247360141370278,8,8,8,0,0,0,21,8
2026-08-14,120248037346630278,,,0,0,0,0,0,0,4,2
2026-08-14,120248037373890278,,,0,0,0,0,0,0,1,1
2026-08-14,120248037378470278,[AFS] [F3] [CHIPO MOYO]  V11,120247360141370278,27,27,27,0,0,0,74,19
2026-08-14,120248037384100278,[AFS] [F3] [CHIPO MOYO]  V12,120247360141370278,10,10,10,0,0,0,8,3
2026-08-14,120248037418040278,[AFS] [F3] [CHIPO MOYO]  V14,120247360141370278,17,17,17,0,0,0,65,14
2026-08-14,120248037462010278,[AFS] [F3] [AMINATA DIALLO] V7,120247358419970278,16,16,16,0,0,0,29,9
2026-08-14,120248037469760278,[AFS] [F3] [AMINATA DIALLO] V8,120247358419970278,7,7,7,0,0,0,28,7
2026-08-14,120248037484310278,[AFS] [F3] [AMINATA DIALLO] V9,120247358419970278,16,16,16,0,0,0,37,10
2026-08-14,120248037487480278,[AFS] [F3] [AMINATA DIALLO] V10,120247358419970278,26,26,26,0,0,0,84,24
2026-08-14,120248037496400278,[AFS] [F3] [AMINATA DIALLO] V12,120247358419970278,15,15,15,0,0,0,27,12
2026-08-14,120248037498990278,[AFS] [F3] [AMINATA DIALLO] V13,120247358419970278,18,18,18,0,0,0,51,9
2026-08-14,120248037501970278,[AFS] [F3] [AMINATA DIALLO] V14,120247358419970278,1,1,1,0,0,0,3,1
2026-08-14,120248037551200278,[AFS] [F3] [AMARA OKAFOR] V7,120247357080990278,23,23,23,0,0,0,58,17
2026-08-14,120248037563320278,[AFS] [F3] [AMARA OKAFOR] V8,120247357080990278,8,8,8,0,0,0,16,7
2026-08-14,120248037567290278,[AFS] [F3] [AMARA OKAFOR] V9,120247357080990278,43,43,43,0,0,0,112,33
2026-08-14,120248037571270278,[AFS] [F3] [AMARA OKAFOR] V10,120247357080990278,6,6,6,0,0,0,30,6
2026-08-14,120248037572920278,[AFS] [F3] [AMARA OKAFOR] V11,120247357080990278,1,1,1,0,0,0,7,3
2026-08-14,120248037576340278,[AFS] [F3] [AMARA OKAFOR] V12,120247357080990278,12,12,12,0,0,0,29,7
2026-08-14,120248037581340278,[AFS] [F3] [AMARA OKAFOR] V13,120247357080990278,38,38,38,0,0,0,142,29
2026-08-14,120248037598010278,[AFS] [F3] [AMARA OKAFOR] V14,120247357080990278,51,51,51,0,0,0,166,35
2026-08-14,120248037719570278,[AFS] [F3] [NOMVULA MOKOENA] V7,120247359464690278,1,1,1,0,0,0,0,0
2026-08-14,120248037736060278,[AFS] [F3] [NOMVULA MOKOENA] V8,120247359464690278,9,9,9,0,0,0,16,7
2026-08-14,120248037741040278,[AFS] [F3] [NOMVULA MOKOENA] V10,120247359464690278,32,32,32,0,0,0,67,20
2026-08-14,120248037745600278,[AFS] [F3] [NOMVULA MOKOENA] V11,120247359464690278,45,45,45,0,0,0,80,23
2026-08-14,120248037747540278,[AFS] [F3] [NOMVULA MOKOENA] V12,120247359464690278,13,13,13,0,0,0,60,10
2026-08-14,120248037760680278,[AFS] [F3] [NOMVULA MOKOENA] V14,120247359464690278,1,1,1,0,0,0,18,1
2026-08-14,120248037841630278,[AFS] [F3] [BONGEKILE ZUNGU] V7,120247506168050278,22,22,22,0,0,0,47,12
2026-08-14,120248037864920278,[AFS] [F3] [BONGEKILE ZUNGU] V8,120247506168050278,12,12,12,0,0,0,31,9
2026-08-14,120248037871170278,[AFS] [F3] [BONGEKILE ZUNGU] V9,120247506168050278,6,6,6,0,0,0,14,4
2026-08-14,120248037884290278,[AFS] [F3] [BONGEKILE ZUNGU] V11,120247506168050278,1,1,1,0,0,0,8,2
2026-08-14,120248037889530278,[AFS] [F3] [BONGEKILE ZUNGU] V12,120247506168050278,31,31,31,0,0,0,59,20
2026-08-14,120248037901600278,[AFS] [F3] [BONGEKILE ZUNGU] V13,120247506168050278,32,32,32,0,0,0,100,23
2026-08-14,120248037907790278,[AFS] [F3] [BONGEKILE ZUNGU] V14,120247506168050278,39,39,39,0,0,0,75,20
2026-08-14,120248037951360278,[AFS] [F3] [MBALI BUTHELEZI] V7,120247506424170278,50,50,50,0,0,0,164,36
2026-08-14,120248037968460278,,,0,0,0,0,0,0,7,1
2026-08-14,120248037978210278,[AFS] [F3] [MBALI BUTHELEZI] V9,120247506424170278,54,54,54,0,0,0,191,30
2026-08-14,120248037983800278,[AFS] [F3] [MBALI BUTHELEZI] V10,120247506424170278,30,30,30,0,0,0,83,19
2026-08-14,120248037988730278,[AFS] [F3] [MBALI BUTHELEZI] V11,120247506424170278,2,2,2,0,0,0,6,5
2026-08-14,120248038023970278,[AFS] [F3] [WANGARI KAMAU] V7,120247382322970278,34,34,34,0,0,0,84,28
2026-08-14,120248038047290278,[AFS] [F3] [WANGARI KAMAU] V8,120247382322970278,38,38,38,0,0,0,117,28
2026-08-14,120248038050550278,[AFS] [F3] [WANGARI KAMAU] V9,120247382322970278,12,12,12,0,0,0,22,7
2026-08-14,120248038053810278,[AFS] [F3] [WANGARI KAMAU] V10,120247382322970278,37,37,37,0,0,0,114,20
2026-08-14,120253137215430281,,,0,0,0,0,0,0,5,1
2026-08-14,120253138745550281,,,0,0,0,0,0,0,1,1
2026-08-14,120253141747920281,,,0,0,0,0,0,0,2,1
2026-08-14,120253141950760281,,,0,0,0,0,0,0,2,1
2026-08-14,120253142282790281,,,0,0,0,0,0,0,1,1
2026-08-14,120253142306480281,,,0,0,0,0,0,0,2,1
2026-08-14,120253167954350281,,,0,0,0,0,0,0,11,1
2026-08-14,120253168272260281,,,0,0,0,0,0,0,1,1
2026-08-14,120253168285770281,,,0,0,0,0,0,0,1,1
2026-08-14,120253225035240281,,,0,0,0,0,0,0,2,1
2026-08-14,120253225795580281,,,0,0,0,0,0,0,2,1
2026-08-14,120253226001460281,,,0,0,0,0,0,0,13,2
2026-08-14,120253303642850281,,,0,0,0,0,0,0,1,1
2026-08-14,120253304462120281,,,0,0,0,0,0,0,6,1
2026-08-14,120253406774810281,,,0,0,0,0,0,0,4,2
2026-08-14,120253406822870281,,,0,0,0,0,0,0,1,1
2026-08-14,120253406998850281,,,0,0,0,0,0,0,5,2
2026-08-14,120253407003410281,,,0,0,0,0,0,0,1,1
2026-08-14,120253407333460281,,,0,0,0,0,0,0,2,2
2026-08-14,120253407409760281,,,0,0,0,0,0,0,2,1
2026-08-14,120253407553070281,,,0,0,0,0,0,0,2,1
2026-08-14,120253411538180281,,,0,0,0,0,0,0,3,2
2026-08-14,120253411910950281,,,0,0,0,0,0,0,2,1
2026-08-14,120253411937390281,,,0,0,0,0,0,0,2,1
2026-08-14,120253415477520281,,,0,0,0,0,0,0,2,1
2026-08-14,120253415535590281,,,0,0,0,0,0,0,3,1
2026-08-14,120253415538610281,,,0,0,0,0,0,0,6,1
2026-08-14,120253415684090281,,,0,0,0,0,0,0,3,2
2026-08-14,120253415718880281,,,0,0,0,0,0,0,10,1
2026-08-14,120253422900530281,,,0,0,0,0,0,0,1,1
2026-08-14,120253422902890281,,,0,0,0,0,0,0,1,1
2026-08-14,120253423000780281,,,0,0,0,0,0,0,10,4
2026-08-14,120253423005460281,,,0,0,0,0,0,0,1,1
2026-08-14,120253428701830281,,,0,0,0,0,0,0,5,1
2026-08-14,120253428739300281,,,0,0,0,0,0,0,1,1
2026-08-14,120253428755700281,,,0,0,0,0,0,0,3,2
2026-08-14,120253428775060281,,,0,0,0,0,0,0,1,1
2026-08-14,120253463600660281,,,0,0,0,0,0,0,1,1
2026-08-14,120253464120750281,,,0,0,0,0,0,0,4,1
2026-08-14,120253665881380281,[AFS] [F3] [Noluthando Makhanya] V4,120253665771940281,315,315,315,0,0,0,1145,241
2026-08-14,120253665893600281,[AFS] [F3] [Noluthando Makhanya] V5,120253665771940281,65,65,65,0,0,0,215,43
2026-08-14,120253665904310281,[AFS] [F3] [Noluthando Makhanya] V7,120253665771940281,45,45,45,0,0,0,140,38
2026-08-14,120253665910190281,[AFS] [F3] [Noluthando Makhanya] V8,120253665771940281,2,2,2,0,0,0,3,2
2026-08-14,120253665946580281,[AFS] [F3] [Noluthando Makhanya] V10,120253665771940281,187,187,187,0,0,0,590,147
2026-08-14,120253666333460281,[AFS] [F3] [Sinethemba Mthembu] V1,120253666333490281,148,148,148,0,0,0,410,95
2026-08-14,120253666506120281,[AFS] [F3] [Sinethemba Mthembu] V2,120253666333490281,1,1,1,0,0,0,4,1
2026-08-14,120253666527630281,[AFS] [F3] [Sinethemba Mthembu] V5,120253666333490281,130,130,130,0,0,0,313,74
2026-08-14,120253666532760281,[AFS] [F3] [Sinethemba Mthembu] V6,120253666333490281,221,221,221,0,0,0,547,143
2026-08-14,120253666628200281,,,0,0,0,0,0,0,2,1
2026-08-14,120253667302470281,[AFS] [F3] [Nqobile Mkhwanazi] V1,120253667302360281,1,1,1,0,0,0,2,2
2026-08-14,120253667360680281,[AFS] [F3] [Nqobile Mkhwanazi] V2,120253667302360281,1,1,1,0,0,0,3,2
2026-08-14,120253667384950281,[AFS] [F3] [Nqobile Mkhwanazi] V3,120253667302360281,25,25,25,0,0,0,112,21
2026-08-14,120253667457200281,,,0,0,0,0,0,0,10,1
2026-08-14,120253667485200281,[AFS] [F3] [Nqobile Mkhwanazi] V5,120253667302360281,29,29,29,0,0,0,122,23
2026-08-14,120253667505210281,[AFS] [F3] [Nqobile Mkhwanazi] V6,120253667302360281,23,23,23,0,0,0,39,15
2026-08-14,120253667521110281,[AFS] [F3] [Nqobile Mkhwanazi] V7,120253667302360281,61,61,61,0,0,0,186,44
2026-08-14,120253667533570281,[AFS] [F3] [Nqobile Mkhwanazi] V8,120253667302360281,21,21,21,0,0,0,69,12
2026-08-14,120253667542940281,[AFS] [F3] [Nqobile Mkhwanazi] V9,120253667302360281,2,2,2,0,0,0,0,0
2026-08-14,120253667581310281,,,0,0,0,0,0,0,1,1
2026-08-14,120253667622250281,[AFS] [F3] [Zandile Hlatshwayo] V2,120253667581330281,1,1,1,0,0,0,14,1
2026-08-14,120253667639650281,,,0,0,0,0,0,0,10,5
2026-08-14,120253667644420281,[AFS] [F3] [Zandile Hlatshwayo] V4,120253667581330281,1,1,1,0,0,0,1,1
2026-08-14,120253667649010281,[AFS] [F3] [Zandile Hlatshwayo] V5,120253667581330281,32,32,32,0,0,0,134,28
2026-08-14,120253667663120281,[AFS] [F3] [Zandile Hlatshwayo] V6,120253667581330281,1,1,1,0,0,0,1,1
2026-08-14,120253667668650281,[AFS] [F3] [Zandile Hlatshwayo] V7,120253667581330281,42,42,42,0,0,0,163,32
2026-08-14,120253667678500281,[AFS] [F3] [Zandile Hlatshwayo] V8,120253667581330281,32,32,32,0,0,0,110,27
2026-08-14,120253667683750281,[AFS] [F3] [Zandile Hlatshwayo] V9,120253667581330281,43,43,43,0,0,0,203,40
2026-08-14,120253667705850281,,,0,0,0,0,0,0,1,1
2026-08-14,120253701043320281,,,0,0,0,0,0,0,2,2
2026-08-14,120253701148080281,,,0,0,0,0,0,0,4,1
2026-08-14,120253701667190281,,,0,0,0,0,0,0,15,9
2026-08-14,120253703504330281,[AFS] [F3] [Karabo Mokoatle] V1,120253703504250281,4,4,4,0,0,0,0,0
2026-08-14,120253703606030281,[AFS] [F3] [Karabo Mokoatle] V2,120253703504250281,6,6,6,0,0,0,32,9
2026-08-14,120253703620200281,[AFS] [F3] [Karabo Mokoatle] V3,120253703504250281,1,1,1,0,0,0,5,1
2026-08-14,120253703628360281,[AFS] [F3] [Karabo Mokoatle] V4,120253703504250281,1,1,1,0,0,0,4,2
2026-08-14,120253703640280281,[AFS] [F3] [Karabo Mokoatle] V5,120253703504250281,5,5,5,0,0,0,9,4
2026-08-14,120253703648580281,[AFS] [F3] [Karabo Mokoatle] V6,120253703504250281,1,1,1,0,0,0,0,0
2026-08-14,120253703658800281,[AFS] [F3] [Karabo Mokoatle] V8,120253703504250281,704,704,704,0,0,0,1757,421
2026-08-14,120253703696820281,[AFS] [F3] [Karabo Mokoatle] V10,120253703504250281,1,1,1,0,0,0,2,2
2026-08-14,120253703724550281,[AFS] [F3] [Zethembiso Motaung] V1,120253703724520281,20,20,20,0,0,0,70,19
2026-08-14,120253703765330281,[AFS] [F3] [Zethembiso Motaung] V2,120253703724520281,5,5,5,0,0,0,5,5
2026-08-14,120253703768810281,[AFS] [F3] [Zethembiso Motaung] V3,120253703724520281,3,3,3,0,0,0,19,3
2026-08-14,120253703780420281,[AFS] [F3] [Zethembiso Motaung] V4,120253703724520281,27,27,27,0,0,0,86,27
2026-08-14,120253703796370281,[AFS] [F3] [Zethembiso Motaung] V5,120253703724520281,37,37,37,0,0,0,181,26
2026-08-14,120253703813950281,[AFS] [F3] [Zethembiso Motaung] V6,120253703724520281,41,41,41,0,0,0,111,31
2026-08-14,120253703815990281,[AFS] [F3] [Zethembiso Motaung] V7,120253703724520281,64,64,64,0,0,0,196,43
2026-08-14,120253703818060281,[AFS] [F3] [Zethembiso Motaung] V8,120253703724520281,1,1,1,0,0,0,0,0
2026-08-14,120253703821200281,[AFS] [F3] [Zethembiso Motaung] V9,120253703724520281,59,59,59,0,0,0,135,31
2026-08-14,120253703824100281,[AFS] [F3] [Zethembiso Motaung] V10,120253703724520281,60,60,60,0,0,0,204,42
2026-08-14,120253703839980281,[AFS] [F3] [Sibongakonke Masebe] V1,120253703839970281,2,2,2,0,0,0,6,2
2026-08-14,120253703887140281,[AFS] [F3] [Sibongakonke Masebe] V2,120253703839970281,4,4,4,0,0,0,19,5
2026-08-14,120253703898950281,[AFS] [F3] [Sibongakonke Masebe] V3,120253703839970281,31,31,31,0,0,0,100,20
2026-08-14,120253703910260281,[AFS] [F3] [Sibongakonke Masebe] V4,120253703839970281,4,4,4,0,0,0,9,3
2026-08-14,120253703920400281,[AFS] [F3] [Sibongakonke Masebe] V5,120253703839970281,63,63,63,0,0,0,189,44
2026-08-14,120253703928840281,[AFS] [F3] [Sibongakonke Masebe] V6,120253703839970281,1,1,1,0,0,0,1,1
2026-08-14,120253703937850281,[AFS] [F3] [Sibongakonke Masebe] V7,120253703839970281,43,43,43,0,0,0,138,28
2026-08-14,120253703947150281,[AFS] [F3] [Sibongakonke Masebe] V8,120253703839970281,30,30,30,0,0,0,78,15
2026-08-14,120253703952900281,[AFS] [F3] [Sibongakonke Masebe] V9,120253703839970281,3,3,3,0,0,0,1,1
2026-08-14,120253703958890281,[AFS] [F3] [Sibongakonke Masebe] V10,120253703839970281,33,33,33,0,0,0,58,15
2026-08-14,120253703989530281,[AFS] [F3] [Hlompho Masilela] V1,120253703989720281,29,29,29,0,0,0,70,17
2026-08-14,120253704028180281,[AFS] [F3] [Hlompho Masilela] V2,120253703989720281,45,45,45,0,0,0,164,29
2026-08-14,120253704038100281,[AFS] [F3] [Hlompho Masilela] V3,120253703989720281,71,71,71,0,0,0,198,51
2026-08-14,120253704062640281,[AFS] [F3] [Hlompho Masilela] V6,120253703989720281,64,64,64,0,0,0,224,42
2026-08-14,120253704070820281,[AFS] [F3] [Hlompho Masilela] V7,120253703989720281,32,32,32,0,0,0,89,26
2026-08-14,120253704081240281,[AFS] [F3] [Hlompho Masilela] V8,120253703989720281,24,24,24,0,0,0,41,15
2026-08-14,120253704087580281,[AFS] [F3] [Hlompho Masilela] V9,120253703989720281,47,47,47,0,0,0,129,28
2026-08-14,120253704091080281,[AFS] [F3] [Hlompho Masilela] V10,120253703989720281,39,39,39,0,0,0,140,24
2026-08-14,120253761401900281,[AFS] [F3] [Kholeka Maphanga] V1,120253761401760281,20,20,20,0,0,0,55,11
2026-08-14,120253761442800281,[AFS] [F3] [Kholeka Maphanga] V2,120253761401760281,27,27,27,0,0,0,48,12
2026-08-14,120253761448600281,[AFS] [F3] [Kholeka Maphanga] V3,120253761401760281,24,24,24,0,0,0,36,12
2026-08-14,120253761454530281,[AFS] [F3] [Kholeka Maphanga] V4,120253761401760281,21,21,21,0,0,0,52,10
2026-08-14,120253761460060281,[AFS] [F3] [Kholeka Maphanga] V5,120253761401760281,31,31,31,0,0,0,96,19
2026-08-14,120253761463910281,[AFS] [F3] [Kholeka Maphanga] V6,120253761401760281,17,17,17,0,0,0,67,10
2026-08-14,120253761469260281,[AFS] [F3] [Kholeka Maphanga] V7,120253761401760281,37,37,37,0,0,0,41,15
2026-08-14,120253761473540281,[AFS] [F3] [Kholeka Maphanga] V8,120253761401760281,42,42,42,0,0,0,106,20
2026-08-14,120253761476630281,[AFS] [F3] [Kholeka Maphanga] V9,120253761401760281,28,28,28,0,0,0,62,13
2026-08-14,120253761479690281,[AFS] [F3] [Kholeka Maphanga] V10,120253761401760281,13,13,13,0,0,0,65,7
2026-08-14,120253761546640281,[AFS] [F3] [Nomusa Mzizi] V1,120253761546630281,22,22,22,0,0,0,37,9
2026-08-14,120253761585560281,[AFS] [F3] [Nomusa Mzizi] V2,120253761546630281,30,30,30,0,0,0,66,16
2026-08-14,120253761590460281,[AFS] [F3] [Nomusa Mzizi] V3,120253761546630281,30,30,30,0,0,0,101,17
2026-08-14,120253761596160281,[AFS] [F3] [Nomusa Mzizi] V4,120253761546630281,26,26,26,0,0,0,51,10
2026-08-14,120253761602770281,[AFS] [F3] [Nomusa Mzizi] V5,120253761546630281,22,22,22,0,0,0,30,10
2026-08-14,120253761609070281,[AFS] [F3] [Nomusa Mzizi] V6,120253761546630281,23,23,23,0,0,0,69,13
2026-08-14,120253761614690281,[AFS] [F3] [Nomusa Mzizi] V7,120253761546630281,29,29,29,0,0,0,105,15
2026-08-14,120253761619860281,[AFS] [F3] [Nomusa Mzizi] V8,120253761546630281,29,29,29,0,0,0,119,14
2026-08-14,120253761623700281,[AFS] [F3] [Nomusa Mzizi] V9,120253761546630281,20,20,20,0,0,0,36,7
2026-08-14,120253761627390281,[AFS] [F3] [Nomusa Mzizi] V10,120253761546630281,35,35,35,0,0,0,73,20
2026-08-15,120247357080930278,,,0,0,0,0,0,0,1,1
2026-08-15,120247357081010278,[AFS] [F3] [AMARA OKAFOR] V6,120247357080990278,47,47,47,0,0,0,149,36
2026-08-15,120247357081030278,[AFS] [F3] [AMARA OKAFOR] V3,120247357080990278,1,1,1,0,0,0,5,2
2026-08-15,120247357081040278,,,0,0,0,0,0,0,3,1
2026-08-15,120247357081050278,[AFS] [F3] [AMARA OKAFOR] V4,120247357080990278,1,1,1,0,0,0,0,0
2026-08-15,120247357457050278,,,0,0,0,0,0,0,10,7
2026-08-15,120247357457070278,,,0,0,0,0,0,0,21,7
2026-08-15,120247357457080278,,,0,0,0,0,0,0,5,4
2026-08-15,120247357457090278,,,0,0,0,0,0,0,8,6
2026-08-15,120247357457100278,,,0,0,0,0,0,0,8,2
2026-08-15,120247358420040278,,,0,0,0,0,0,0,1,1
2026-08-15,120247358420060278,[AFS] [F3] [AMINATA DIALLO] V5,120247358419970278,1,1,1,0,0,0,17,2
2026-08-15,120247358420070278,[AFS] [F3] [AMINATA DIALLO] V3,120247358419970278,3,3,3,0,0,0,13,8
2026-08-15,120247358420080278,,,0,0,0,0,0,0,4,1
2026-08-15,120247358791350278,,,0,0,0,0,0,0,1,1
2026-08-15,120247359464720278,[AFS] [F3] [NOMVULA MOKOENA] V6,120247359464690278,70,70,70,0,0,0,182,48
2026-08-15,120247359464810278,[AFS] [F3] [NOMVULA MOKOENA] V3,120247359464690278,2,2,2,0,0,0,0,0
2026-08-15,120247360141400278,,,0,0,0,0,0,0,2,1
2026-08-15,120247360141410278,[AFS] [F3] [CHIPO MOYO]  V6,120247360141370278,55,55,55,0,0,0,219,67
2026-08-15,120247360141480278,[AFS] [F3] [CHIPO MOYO]  V4,120247360141370278,4,4,4,0,0,0,12,4
2026-08-15,120247360141490278,[AFS] [F3] [CHIPO MOYO]  V2,120247360141370278,45,45,45,0,0,0,114,33
2026-08-15,120247360356790278,,,0,0,0,0,0,0,2,2
2026-08-15,120247360356830278,,,0,0,0,0,0,0,4,4
2026-08-15,120247360531130278,,,0,0,0,0,0,0,5,1
2026-08-15,120247360531140278,,,0,0,0,0,0,0,6,5
2026-08-15,120247382249470278,[AFS_RELA_EN_BOT_0001] [NOURBESE] V3,120247382249440278,1,1,1,0,0,0,0,0
2026-08-15,120247382249560278,,,0,0,0,0,0,0,1,1
2026-08-15,120247382323040278,[AFS] [F3] [WANGARI KAMAU] V4,120247382322970278,43,43,43,0,0,0,107,35
2026-08-15,120247382323050278,[AFS] [F3] [WANGARI KAMAU] V6,120247382322970278,53,53,53,0,0,0,130,35
2026-08-15,120247382323060278,[AFS] [F3] [WANGARI KAMAU] V5,120247382322970278,48,48,48,0,0,0,208,41
2026-08-15,120247382323070278,[AFS] [F3] [WANGARI KAMAU] V2,120247382322970278,8,8,8,0,0,0,23,9
2026-08-15,120247382323080278,[AFS] [F3] [WANGARI KAMAU] V3,120247382322970278,49,49,49,0,0,0,188,37
2026-08-15,120247382323090278,[AFS] [F3] [WANGARI KAMAU] V1,120247382322970278,3,3,3,0,0,0,19,10
2026-08-15,120247488168300278,,,0,0,0,0,0,0,1,1
2026-08-15,120247488220950278,,,0,0,0,0,0,0,17,1
2026-08-15,120247488225850278,,,0,0,0,0,0,0,2,2
2026-08-15,120247488259350278,[AFS] [F3] [LUNGILE HADEBE] V1,120247488259330278,66,66,66,0,0,0,168,48
2026-08-15,120247488419540278,[AFS] [F3] [LUNGILE HADEBE] V6,120247488259330278,1,1,1,0,0,0,3,2
2026-08-15,120247488660110278,,,0,0,0,0,0,0,3,2
2026-08-15,120247488827940278,,,0,0,0,0,0,0,5,5
2026-08-15,120247488854820278,,,0,0,0,0,0,0,3,3
2026-08-15,120247488968980278,[AFS] [F3] [NOURBESE ACHEBE] V2,120247488930090278,6,6,6,0,0,0,15,8
2026-08-15,120247489010590278,,,0,0,0,0,0,0,1,1
2026-08-15,120247489113490278,,,0,0,0,0,0,0,2,2
2026-08-15,120247489137090278,,,0,0,0,0,0,0,5,2
2026-08-15,120247489160520278,,,0,0,0,0,0,0,5,3
2026-08-15,120247506249690278,[AFS] [F3] [BONGEKILE ZUNGU] V6,120247506168050278,1,1,1,0,0,0,0,0
2026-08-15,120247506530130278,,,0,0,0,0,0,0,1,1
2026-08-15,120247506542160278,[AFS] [F3] [MBALI BUTHELEZI] V3,120247506424170278,35,35,35,0,0,0,137,24
2026-08-15,120247753333380278,[AFS] [F3] [Siphesihle Cele] V2,120247753268510278,33,33,33,0,0,0,116,23
2026-08-15,120247753343390278,[AFS] [F3] [Siphesihle Cele] V4,120247753268510278,2,2,2,0,0,0,10,4
2026-08-15,120247753572160278,[AFS] [F3] [Khanyisa Zwane] V1,120247753572060278,2,2,2,0,0,0,5,4
2026-08-15,120247753631300278,[AFS] [F3] [Khanyisa Zwane] V2,120247753572060278,1,1,1,0,0,0,8,6
2026-08-15,120247753639190278,,,0,0,0,0,0,0,1,1
2026-08-15,120247753647720278,[AFS] [F3] [Khanyisa Zwane] V4,120247753572060278,70,70,70,0,0,0,287,57
2026-08-15,120247753656710278,[AFS] [F3] [Khanyisa Zwane] V5,120247753572060278,1,1,1,0,0,0,0,0
2026-08-15,120247753677620278,,,0,0,0,0,0,0,2,2
2026-08-15,120247753784310278,[AFS] [F3] [Yonela Mnguni] V2,120247753719120278,2,2,2,0,0,0,4,3
2026-08-15,120247753808800278,[AFS] [F3] [Yonela Mnguni] V5,120247753719120278,1,1,1,0,0,0,0,0
2026-08-15,120247753859960278,[AFS] [F3] [Khanyisile Nxumalo] V2,120247753837740278,65,65,65,0,0,0,218,59
2026-08-15,120247768350600278,,,0,0,0,0,0,0,1,1
2026-08-15,120247768444270278,,,0,0,0,0,0,0,1,1
2026-08-15,120247768559710278,,,0,0,0,0,0,0,9,1
2026-08-15,120247768668500278,,,0,0,0,0,0,0,1,1
2026-08-15,120247768731050278,,,0,0,0,0,0,0,1,1
2026-08-15,120247768743240278,,,0,0,0,0,0,0,10,2
2026-08-15,120247768802800278,,,0,0,0,0,0,0,4,1
2026-08-15,120247820656040278,,,0,0,0,0,0,0,7,1
2026-08-15,120247821966990278,,,0,0,0,0,0,0,1,1
2026-08-15,120247822285260278,,,0,0,0,0,0,0,1,1
2026-08-15,120247852344760278,,,0,0,0,0,0,0,2,1
2026-08-15,120247852377810278,,,0,0,0,0,0,0,4,2
2026-08-15,120247856014920278,,,0,0,0,0,0,0,1,1
2026-08-15,120247856129530278,,,0,0,0,0,0,0,2,1
2026-08-15,120247856386010278,,,0,0,0,0,0,0,1,1
2026-08-15,120247856608070278,,,0,0,0,0,0,0,1,1
2026-08-15,120247856752040278,,,0,0,0,0,0,0,1,1
2026-08-15,120247856774430278,,,0,0,0,0,0,0,5,1
2026-08-15,120247856781020278,,,0,0,0,0,0,0,2,1
2026-08-15,120248013980050278,[AFS] [F3] [Khanyisile Nxumalo] V8,120247753837740278,32,32,32,0,0,0,81,22
2026-08-15,120248013986740278,[AFS] [F3] [Khanyisile Nxumalo] V9,120247753837740278,20,20,20,0,0,0,43,14
2026-08-15,120248013993110278,,,0,0,0,0,0,0,1,1
2026-08-15,120248014002370278,,,0,0,0,0,0,0,8,3
2026-08-15,120248014007790278,[AFS] [F3] [Khanyisile Nxumalo] V13,120247753837740278,1,1,1,0,0,0,1,1
2026-08-15,120248014016860278,[AFS] [F3] [Khanyisile Nxumalo] V14,120247753837740278,1,1,1,0,0,0,3,3
2026-08-15,120248014026550278,,,0,0,0,0,0,0,1,1
2026-08-15,120248014031360278,[AFS] [F3] [Khanyisile Nxumalo] V16,120247753837740278,46,46,46,0,0,0,162,29
2026-08-15,120248014298520278,[AFS] [F3] [Khanyisa Zwane] V7,120247753572060278,1,1,1,0,0,0,3,2
2026-08-15,120248014304990278,[AFS] [F3] [Khanyisa Zwane] V8,120247753572060278,41,41,41,0,0,0,103,37
2026-08-15,120248014307330278,[AFS] [F3] [Khanyisa Zwane] V9,120247753572060278,2,2,2,0,0,0,3,2
2026-08-15,120248014312900278,[AFS] [F3] [Khanyisa Zwane] V10,120247753572060278,2,2,2,0,0,0,12,6
2026-08-15,120248014331980278,[AFS] [F3] [Khanyisa Zwane] V11,120247753572060278,55,55,55,0,0,0,147,41
2026-08-15,120248014338390278,[AFS] [F3] [Khanyisa Zwane] V12,120247753572060278,16,16,16,0,0,0,51,13
2026-08-15,120248014354790278,[AFS] [F3] [Khanyisa Zwane] V14,120247753572060278,32,32,32,0,0,0,63,20
2026-08-15,120248014361180278,,,0,0,0,0,0,0,1,1
2026-08-15,120248014806030278,,,0,0,0,0,0,0,4,1
2026-08-15,120248014943290278,,,0,0,0,0,0,0,1,1
2026-08-15,120248014983880278,,,0,0,0,0,0,0,4,4
2026-08-15,120248014989930278,,,0,0,0,0,0,0,4,3
2026-08-15,120248015021780278,[AFS] [F3] [Siphesihle Cele] V14,120247753268510278,32,32,32,0,0,0,63,18
2026-08-15,120248015027340278,[AFS] [F3] [Siphesihle Cele] V15,120247753268510278,33,33,33,0,0,0,129,30
2026-08-15,120248015032800278,[AFS] [F3] [Siphesihle Cele] V16,120247753268510278,3,3,3,0,0,0,30,8
2026-08-15,120248015539040278,[AFS] [F3] [Yonela Mnguni] V7,120247753719120278,17,17,17,0,0,0,48,15
2026-08-15,120248015573900278,,,0,0,0,0,0,0,1,1
2026-08-15,120248015583870278,,,0,0,0,0,0,0,1,1
2026-08-15,120248015591980278,[AFS] [F3] [Yonela Mnguni] V10,120247753719120278,23,23,23,0,0,0,40,14
2026-08-15,120248015608410278,,,0,0,0,0,0,0,2,2
2026-08-15,120248015705310278,[AFS] [F3] [Yonela Mnguni] V13,120247753719120278,2,2,2,0,0,0,12,3
2026-08-15,120248015743610278,[AFS] [F3] [Yonela Mnguni] V14,120247753719120278,1,1,1,0,0,0,1,1
2026-08-15,120248015758600278,[AFS] [F3] [Yonela Mnguni] V15,120247753719120278,1,1,1,0,0,0,1,1
2026-08-15,120248015775920278,,,0,0,0,0,0,0,1,1
2026-08-15,120248015919380278,,,0,0,0,0,0,0,1,1
2026-08-15,120248015964290278,,,0,0,0,0,0,0,3,3
2026-08-15,120248015969120278,,,0,0,0,0,0,0,1,1
2026-08-15,120248015975280278,,,0,0,0,0,0,0,1,1
2026-08-15,120248015981890278,,,0,0,0,0,0,0,1,1
2026-08-15,120248015988990278,[AFS] [F3] [Luyanda Mbatha] V12,120247852291590278,1,1,1,0,0,0,2,2
2026-08-15,120248016000090278,,,0,0,0,0,0,0,2,2
2026-08-15,120248016028140278,[AFS] [F3] [Luyanda Mbatha] V15,120247852291590278,1,1,1,0,0,0,4,3
2026-08-15,120248016058110278,,,0,0,0,0,0,0,1,1
2026-08-15,120248037146600278,[AFS] [F3] [NOURBESE ACHEBE] V8,120247488930090278,64,64,64,0,0,0,136,36
2026-08-15,120248037148270278,[AFS] [F3] [NOURBESE ACHEBE] V9,120247488930090278,19,19,19,0,0,0,46,13
2026-08-15,120248037149900278,[AFS] [F3] [NOURBESE ACHEBE] V10,120247488930090278,33,33,33,0,0,0,114,24
2026-08-15,120248037151710278,[AFS] [F3] [NOURBESE ACHEBE] V11,120247488930090278,36,36,36,0,0,0,125,21
2026-08-15,120248037236070278,[AFS] [F3] [LUNGILE HADEBE] V8,120247488259330278,1,1,1,0,0,0,6,3
2026-08-15,120248037242460278,[AFS] [F3] [LUNGILE HADEBE] V9,120247488259330278,24,24,24,0,0,0,65,19
2026-08-15,120248037248010278,,,0,0,0,0,0,0,1,1
2026-08-15,120248037252070278,,,0,0,0,0,0,0,1,1
2026-08-15,120248037256010278,,,0,0,0,0,0,0,4,1
2026-08-15,120248037259710278,[AFS] [F3] [LUNGILE HADEBE] V13,120247488259330278,51,51,51,0,0,0,156,33
2026-08-15,120248037267250278,[AFS] [F3] [LUNGILE HADEBE] V14,120247488259330278,35,35,35,0,0,0,49,19
2026-08-15,120248037325860278,[AFS] [F3] [CHIPO MOYO]  V7,120247360141370278,1,1,1,0,0,0,1,1
2026-08-15,120248037354900278,[AFS] [F3] [CHIPO MOYO]  V9,120247360141370278,1,1,1,0,0,0,0,0
2026-08-15,120248037373890278,[AFS] [F3] [CHIPO MOYO]  V10,120247360141370278,1,1,1,0,0,0,0,0
2026-08-15,120248037378470278,[AFS] [F3] [CHIPO MOYO]  V11,120247360141370278,30,30,30,0,0,0,88,24
2026-08-15,120248037384100278,,,0,0,0,0,0,0,6,1
2026-08-15,120248037418040278,,,0,0,0,0,0,0,2,2
2026-08-15,120248037462010278,,,0,0,0,0,0,0,4,3
2026-08-15,120248037469760278,[AFS] [F3] [AMINATA DIALLO] V8,120247358419970278,1,1,1,0,0,0,0,0
2026-08-15,120248037484310278,[AFS] [F3] [AMINATA DIALLO] V9,120247358419970278,4,4,4,0,0,0,8,3
2026-08-15,120248037487480278,[AFS] [F3] [AMINATA DIALLO] V10,120247358419970278,36,36,36,0,0,0,93,24
2026-08-15,120248037496400278,[AFS] [F3] [AMINATA DIALLO] V12,120247358419970278,1,1,1,0,0,0,5,4
2026-08-15,120248037498990278,[AFS] [F3] [AMINATA DIALLO] V13,120247358419970278,22,22,22,0,0,0,47,12
2026-08-15,120248037551200278,[AFS] [F3] [AMARA OKAFOR] V7,120247357080990278,15,15,15,0,0,0,47,12
2026-08-15,120248037563320278,[AFS] [F3] [AMARA OKAFOR] V8,120247357080990278,1,1,1,0,0,0,0,0
2026-08-15,120248037567290278,[AFS] [F3] [AMARA OKAFOR] V9,120247357080990278,21,21,21,0,0,0,47,13
2026-08-15,120248037571270278,[AFS] [F3] [AMARA OKAFOR] V10,120247357080990278,2,2,2,0,0,0,5,3
2026-08-15,120248037576340278,[AFS] [F3] [AMARA OKAFOR] V12,120247357080990278,1,1,1,0,0,0,8,2
2026-08-15,120248037581340278,[AFS] [F3] [AMARA OKAFOR] V13,120247357080990278,26,26,26,0,0,0,73,13
2026-08-15,120248037598010278,[AFS] [F3] [AMARA OKAFOR] V14,120247357080990278,32,32,32,0,0,0,77,22
2026-08-15,120248037736060278,,,0,0,0,0,0,0,2,1
2026-08-15,120248037741040278,[AFS] [F3] [NOMVULA MOKOENA] V10,120247359464690278,10,10,10,0,0,0,27,8
2026-08-15,120248037745600278,[AFS] [F3] [NOMVULA MOKOENA] V11,120247359464690278,35,35,35,0,0,0,93,27
2026-08-15,120248037747540278,[AFS] [F3] [NOMVULA MOKOENA] V12,120247359464690278,1,1,1,0,0,0,5,1
2026-08-15,120248037755210278,[AFS] [F3] [NOMVULA MOKOENA] V13,120247359464690278,1,1,1,0,0,0,0,0
2026-08-15,120248037841630278,[AFS] [F3] [BONGEKILE ZUNGU] V7,120247506168050278,35,35,35,0,0,0,81,19
2026-08-15,120248037864920278,[AFS] [F3] [BONGEKILE ZUNGU] V8,120247506168050278,1,1,1,0,0,0,2,2
2026-08-15,120248037871170278,[AFS] [F3] [BONGEKILE ZUNGU] V9,120247506168050278,2,2,2,0,0,0,9,1
2026-08-15,120248037889530278,[AFS] [F3] [BONGEKILE ZUNGU] V12,120247506168050278,29,29,29,0,0,0,86,16
2026-08-15,120248037901600278,[AFS] [F3] [BONGEKILE ZUNGU] V13,120247506168050278,8,8,8,0,0,0,25,6
2026-08-15,120248037907790278,[AFS] [F3] [BONGEKILE ZUNGU] V14,120247506168050278,28,28,28,0,0,0,67,15
2026-08-15,120248037951360278,[AFS] [F3] [MBALI BUTHELEZI] V7,120247506424170278,70,70,70,0,0,0,184,51
2026-08-15,120248037968460278,[AFS] [F3] [MBALI BUTHELEZI] V8,120247506424170278,1,1,1,0,0,0,7,1
2026-08-15,120248037978210278,[AFS] [F3] [MBALI BUTHELEZI] V9,120247506424170278,41,41,41,0,0,0,115,28
2026-08-15,120248037983800278,[AFS] [F3] [MBALI BUTHELEZI] V10,120247506424170278,50,50,50,0,0,0,93,25
2026-08-15,120248037988730278,,,0,0,0,0,0,0,5,2
2026-08-15,120248038023970278,[AFS] [F3] [WANGARI KAMAU] V7,120247382322970278,30,30,30,0,0,0,115,24
2026-08-15,120248038047290278,[AFS] [F3] [WANGARI KAMAU] V8,120247382322970278,28,28,28,0,0,0,126,20
2026-08-15,120248038050550278,[AFS] [F3] [WANGARI KAMAU] V9,120247382322970278,2,2,2,0,0,0,11,5
2026-08-15,120248038053810278,[AFS] [F3] [WANGARI KAMAU] V10,120247382322970278,38,38,38,0,0,0,159,25
2026-08-15,120253101303050281,,,0,0,0,0,0,0,2,1
2026-08-15,120253101321190281,,,0,0,0,0,0,0,6,1
2026-08-15,120253101322290281,,,0,0,0,0,0,0,1,1
2026-08-15,120253101330930281,,,0,0,0,0,0,0,2,1
2026-08-15,120253138745550281,,,0,0,0,0,0,0,5,1
2026-08-15,120253141945370281,,,0,0,0,0,0,0,1,1
2026-08-15,120253142290360281,,,0,0,0,0,0,0,4,1
2026-08-15,120253224542190281,,,0,0,0,0,0,0,1,1
2026-08-15,120253225795580281,,,0,0,0,0,0,0,6,3
2026-08-15,120253226001460281,,,0,0,0,0,0,0,1,1
2026-08-15,120253304752230281,,,0,0,0,0,0,0,1,1
2026-08-15,120253406659640281,,,0,0,0,0,0,0,8,2
2026-08-15,120253406822870281,,,0,0,0,0,0,0,2,1
2026-08-15,120253407039770281,,,0,0,0,0,0,0,1,1
2026-08-15,120253407333460281,,,0,0,0,0,0,0,2,1
2026-08-15,120253407402570281,,,0,0,0,0,0,0,2,1
2026-08-15,120253407409760281,,,0,0,0,0,0,0,2,2
2026-08-15,120253407759380281,,,0,0,0,0,0,0,2,1
2026-08-15,120253409927790281,,,0,0,0,0,0,0,3,1
2026-08-15,120253411910950281,,,0,0,0,0,0,0,1,1
2026-08-15,120253411937390281,,,0,0,0,0,0,0,3,2
2026-08-15,120253415538610281,,,0,0,0,0,0,0,3,2
2026-08-15,120253422896760281,,,0,0,0,0,0,0,4,2
2026-08-15,120253422902890281,,,0,0,0,0,0,0,1,1
2026-08-15,120253423000780281,,,0,0,0,0,0,0,2,2
2026-08-15,120253423294450281,,,0,0,0,0,0,0,1,1
2026-08-15,120253423618130281,,,0,0,0,0,0,0,1,1
2026-08-15,120253428778770281,,,0,0,0,0,0,0,7,1
2026-08-15,120253428866700281,,,0,0,0,0,0,0,1,1
2026-08-15,120253464442800281,,,0,0,0,0,0,0,1,1
2026-08-15,120253665873690281,,,0,0,0,0,0,0,3,3
2026-08-15,120253665881380281,[AFS] [F3] [Noluthando Makhanya] V4,120253665771940281,251,251,251,0,0,0,786,196
2026-08-15,120253665893600281,[AFS] [F3] [Noluthando Makhanya] V5,120253665771940281,58,58,58,0,0,0,134,40
2026-08-15,120253665904310281,[AFS] [F3] [Noluthando Makhanya] V7,120253665771940281,72,72,72,0,0,0,256,62
2026-08-15,120253665910190281,,,0,0,0,0,0,0,8,8
2026-08-15,120253665946580281,[AFS] [F3] [Noluthando Makhanya] V10,120253665771940281,154,154,154,0,0,0,533,126
2026-08-15,120253666333460281,[AFS] [F3] [Sinethemba Mthembu] V1,120253666333490281,105,105,105,0,0,0,334,87
2026-08-15,120253666506120281,[AFS] [F3] [Sinethemba Mthembu] V2,120253666333490281,1,1,1,0,0,0,0,0
2026-08-15,120253666527630281,[AFS] [F3] [Sinethemba Mthembu] V5,120253666333490281,167,167,167,0,0,0,429,120
2026-08-15,120253666532760281,[AFS] [F3] [Sinethemba Mthembu] V6,120253666333490281,335,335,335,0,0,0,894,219
2026-08-15,120253666628200281,,,0,0,0,0,0,0,1,1
2026-08-15,120253666666590281,,,0,0,0,0,0,0,1,1
2026-08-15,120253666680770281,,,0,0,0,0,0,0,1,1
2026-08-15,120253667302470281,,,0,0,0,0,0,0,2,2
2026-08-15,120253667360680281,[AFS] [F3] [Nqobile Mkhwanazi] V2,120253667302360281,1,1,1,0,0,0,14,2
2026-08-15,120253667384950281,[AFS] [F3] [Nqobile Mkhwanazi] V3,120253667302360281,27,27,27,0,0,0,76,17
2026-08-15,120253667457200281,,,0,0,0,0,0,0,5,4
2026-08-15,120253667485200281,[AFS] [F3] [Nqobile Mkhwanazi] V5,120253667302360281,15,15,15,0,0,0,51,17
2026-08-15,120253667505210281,[AFS] [F3] [Nqobile Mkhwanazi] V6,120253667302360281,1,1,1,0,0,0,4,4
2026-08-15,120253667521110281,[AFS] [F3] [Nqobile Mkhwanazi] V7,120253667302360281,40,40,40,0,0,0,132,37
2026-08-15,120253667533570281,,,0,0,0,0,0,0,3,3
2026-08-15,120253667542940281,,,0,0,0,0,0,0,1,1
2026-08-15,120253667551140281,[AFS] [F3] [Nqobile Mkhwanazi] V10,120253667302360281,2,2,2,0,0,0,3,2
2026-08-15,120253667622250281,,,0,0,0,0,0,0,1,1
2026-08-15,120253667639650281,[AFS] [F3] [Zandile Hlatshwayo] V3,120253667581330281,1,1,1,0,0,0,8,4
2026-08-15,120253667644420281,[AFS] [F3] [Zandile Hlatshwayo] V4,120253667581330281,2,2,2,0,0,0,12,3
2026-08-15,120253667649010281,[AFS] [F3] [Zandile Hlatshwayo] V5,120253667581330281,18,18,18,0,0,0,42,16
2026-08-15,120253667663120281,[AFS] [F3] [Zandile Hlatshwayo] V6,120253667581330281,1,1,1,0,0,0,1,1
2026-08-15,120253667668650281,[AFS] [F3] [Zandile Hlatshwayo] V7,120253667581330281,54,54,54,0,0,0,221,46
2026-08-15,120253667678500281,[AFS] [F3] [Zandile Hlatshwayo] V8,120253667581330281,39,39,39,0,0,0,135,28
2026-08-15,120253667683750281,[AFS] [F3] [Zandile Hlatshwayo] V9,120253667581330281,25,25,25,0,0,0,103,23
2026-08-15,120253667705850281,,,0,0,0,0,0,0,4,3
2026-08-15,120253701667190281,,,0,0,0,0,0,0,8,4
2026-08-15,120253703504330281,,,0,0,0,0,0,0,3,2
2026-08-15,120253703606030281,[AFS] [F3] [Karabo Mokoatle] V2,120253703504250281,4,4,4,0,0,0,6,2
2026-08-15,120253703628360281,,,0,0,0,0,0,0,1,1
2026-08-15,120253703640280281,,,0,0,0,0,0,0,2,2
2026-08-15,120253703648580281,[AFS] [F3] [Karabo Mokoatle] V6,120253703504250281,1,1,1,0,0,0,0,0
2026-08-15,120253703653020281,[AFS] [F3] [Karabo Mokoatle] V7,120253703504250281,2,2,2,0,0,0,0,0
2026-08-15,120253703658800281,[AFS] [F3] [Karabo Mokoatle] V8,120253703504250281,604,604,604,0,0,0,1767,407
2026-08-15,120253703696820281,,,0,0,0,0,0,0,1,1
2026-08-15,120253703724550281,[AFS] [F3] [Zethembiso Motaung] V1,120253703724520281,1,1,1,0,0,0,3,1
2026-08-15,120253703765330281,[AFS] [F3] [Zethembiso Motaung] V2,120253703724520281,1,1,1,0,0,0,3,2
2026-08-15,120253703768810281,[AFS] [F3] [Zethembiso Motaung] V3,120253703724520281,1,1,1,0,0,0,0,0
2026-08-15,120253703780420281,[AFS] [F3] [Zethembiso Motaung] V4,120253703724520281,26,26,26,0,0,0,117,23
2026-08-15,120253703796370281,[AFS] [F3] [Zethembiso Motaung] V5,120253703724520281,38,38,38,0,0,0,145,25
2026-08-15,120253703813950281,[AFS] [F3] [Zethembiso Motaung] V6,120253703724520281,54,54,54,0,0,0,156,36
2026-08-15,120253703815990281,[AFS] [F3] [Zethembiso Motaung] V7,120253703724520281,44,44,44,0,0,0,91,23
2026-08-15,120253703818060281,[AFS] [F3] [Zethembiso Motaung] V8,120253703724520281,1,1,1,0,0,0,1,1
2026-08-15,120253703821200281,[AFS] [F3] [Zethembiso Motaung] V9,120253703724520281,22,22,22,0,0,0,63,20
2026-08-15,120253703824100281,[AFS] [F3] [Zethembiso Motaung] V10,120253703724520281,66,66,66,0,0,0,224,42
2026-08-15,120253703898950281,[AFS] [F3] [Sibongakonke Masebe] V3,120253703839970281,2,2,2,0,0,0,15,6
2026-08-15,120253703910260281,,,0,0,0,0,0,0,2,1
2026-08-15,120253703920400281,[AFS] [F3] [Sibongakonke Masebe] V5,120253703839970281,21,21,21,0,0,0,44,20
2026-08-15,120253703928840281,,,0,0,0,0,0,0,1,1
2026-08-15,120253703937850281,[AFS] [F3] [Sibongakonke Masebe] V7,120253703839970281,45,45,45,0,0,0,137,27
2026-08-15,120253703947150281,[AFS] [F3] [Sibongakonke Masebe] V8,120253703839970281,1,1,1,0,0,0,0,0
2026-08-15,120253703952900281,[AFS] [F3] [Sibongakonke Masebe] V9,120253703839970281,2,2,2,0,0,0,0,0
2026-08-15,120253703958890281,[AFS] [F3] [Sibongakonke Masebe] V10,120253703839970281,1,1,1,0,0,0,4,4
2026-08-15,120253703989530281,[AFS] [F3] [Hlompho Masilela] V1,120253703989720281,1,1,1,0,0,0,9,4
2026-08-15,120253704028180281,[AFS] [F3] [Hlompho Masilela] V2,120253703989720281,40,40,40,0,0,0,119,25
2026-08-15,120253704038100281,[AFS] [F3] [Hlompho Masilela] V3,120253703989720281,63,63,63,0,0,0,163,45
2026-08-15,120253704062640281,[AFS] [F3] [Hlompho Masilela] V6,120253703989720281,22,22,22,0,0,0,102,24
2026-08-15,120253704070820281,,,0,0,0,0,0,0,5,3
2026-08-15,120253704081240281,[AFS] [F3] [Hlompho Masilela] V8,120253703989720281,23,23,23,0,0,0,42,11
2026-08-15,120253704087580281,[AFS] [F3] [Hlompho Masilela] V9,120253703989720281,47,47,47,0,0,0,110,30
2026-08-15,120253704091080281,[AFS] [F3] [Hlompho Masilela] V10,120253703989720281,21,21,21,0,0,0,42,12
2026-08-15,120253761401900281,[AFS] [F3] [Kholeka Maphanga] V1,120253761401760281,15,15,15,0,0,0,62,10
2026-08-15,120253761442800281,[AFS] [F3] [Kholeka Maphanga] V2,120253761401760281,33,33,33,0,0,0,60,20
2026-08-15,120253761448600281,[AFS] [F3] [Kholeka Maphanga] V3,120253761401760281,12,12,12,0,0,0,26,5
2026-08-15,120253761454530281,[AFS] [F3] [Kholeka Maphanga] V4,120253761401760281,10,10,10,0,0,0,16,6
2026-08-15,120253761460060281,[AFS] [F3] [Kholeka Maphanga] V5,120253761401760281,34,34,34,0,0,0,122,21
2026-08-15,120253761463910281,[AFS] [F3] [Kholeka Maphanga] V6,120253761401760281,23,23,23,0,0,0,82,16
2026-08-15,120253761469260281,[AFS] [F3] [Kholeka Maphanga] V7,120253761401760281,29,29,29,0,0,0,82,21
2026-08-15,120253761473540281,[AFS] [F3] [Kholeka Maphanga] V8,120253761401760281,24,24,24,0,0,0,82,19
2026-08-15,120253761476630281,[AFS] [F3] [Kholeka Maphanga] V9,120253761401760281,23,23,23,0,0,0,50,13
2026-08-15,120253761479690281,[AFS] [F3] [Kholeka Maphanga] V10,120253761401760281,22,22,22,0,0,0,74,13
2026-08-15,120253761546640281,[AFS] [F3] [Nomusa Mzizi] V1,120253761546630281,32,32,32,0,0,0,71,16
2026-08-15,120253761585560281,[AFS] [F3] [Nomusa Mzizi] V2,120253761546630281,19,19,19,0,0,0,63,12
2026-08-15,120253761590460281,[AFS] [F3] [Nomusa Mzizi] V3,120253761546630281,19,19,19,0,0,0,35,12
2026-08-15,120253761596160281,[AFS] [F3] [Nomusa Mzizi] V4,120253761546630281,10,10,10,0,0,0,52,9
2026-08-15,120253761602770281,[AFS] [F3] [Nomusa Mzizi] V5,120253761546630281,27,27,27,0,0,0,78,18
2026-08-15,120253761609070281,[AFS] [F3] [Nomusa Mzizi] V6,120253761546630281,5,5,5,0,0,0,37,8
2026-08-15,120253761614690281,[AFS] [F3] [Nomusa Mzizi] V7,120253761546630281,36,36,36,0,0,0,90,20
2026-08-15,120253761619860281,[AFS] [F3] [Nomusa Mzizi] V8,120253761546630281,12,12,12,0,0,0,54,12
2026-08-15,120253761623700281,[AFS] [F3] [Nomusa Mzizi] V9,120253761546630281,37,37,37,0,0,0,102,21
2026-08-15,120253761627390281,[AFS] [F3] [Nomusa Mzizi] V10,120253761546630281,39,39,39,0,0,0,97,17
2026-08-16,120247357080980278,[AFS] [F3] [AMARA OKAFOR] V5,120247357080990278,3,3,3,0,0,0,0,0
2026-08-16,120247357081010278,[AFS] [F3] [AMARA OKAFOR] V6,120247357080990278,53,53,53,0,0,0,173,43
2026-08-16,120247357081030278,[AFS] [F3] [AMARA OKAFOR] V3,120247357080990278,1,1,1,0,0,0,14,1
2026-08-16,120247357081040278,,,0,0,0,0,0,0,11,3
2026-08-16,120247357081050278,,,0,0,0,0,0,0,10,2
2026-08-16,120247357457050278,,,0,0,0,0,0,0,1,1
2026-08-16,120247357457070278,,,0,0,0,0,0,0,1,1
2026-08-16,120247357457080278,,,0,0,0,0,0,0,3,1
2026-08-16,120247357457090278,,,0,0,0,0,0,0,2,2
2026-08-16,120247358420040278,[AFS] [F3] [AMINATA DIALLO] V6,120247358419970278,2,2,2,0,0,0,15,3
2026-08-16,120247358420060278,,,0,0,0,0,0,0,2,1
2026-08-16,120247358420070278,[AFS] [F3] [AMINATA DIALLO] V3,120247358419970278,1,1,1,0,0,0,10,3
2026-08-16,120247359464720278,[AFS] [F3] [NOMVULA MOKOENA] V6,120247359464690278,50,50,50,0,0,0,164,38
2026-08-16,120247359464810278,,,0,0,0,0,0,0,11,1
2026-08-16,120247360141400278,,,0,0,0,0,0,0,1,1
2026-08-16,120247360141410278,[AFS] [F3] [CHIPO MOYO]  V6,120247360141370278,70,70,70,0,0,0,211,65
2026-08-16,120247360141470278,,,0,0,0,0,0,0,1,1
2026-08-16,120247360141480278,[AFS] [F3] [CHIPO MOYO]  V4,120247360141370278,2,2,2,0,0,0,3,2
2026-08-16,120247360141490278,[AFS] [F3] [CHIPO MOYO]  V2,120247360141370278,37,37,37,0,0,0,150,36
2026-08-16,120247360356770278,,,0,0,0,0,0,0,4,2
2026-08-16,120247360356790278,,,0,0,0,0,0,0,1,1
2026-08-16,120247360356830278,,,0,0,0,0,0,0,6,4
2026-08-16,120247360531120278,,,0,0,0,0,0,0,9,1
2026-08-16,120247360531140278,,,0,0,0,0,0,0,3,2
2026-08-16,120247382249540278,,,0,0,0,0,0,0,1,1
2026-08-16,120247382249550278,[AFS_RELA_EN_BOT_0001] [NOURBESE] V6,120247382249440278,1,1,1,0,0,0,9,1
2026-08-16,120247382323040278,[AFS] [F3] [WANGARI KAMAU] V4,120247382322970278,40,40,40,0,0,0,154,33
2026-08-16,120247382323050278,[AFS] [F3] [WANGARI KAMAU] V6,120247382322970278,47,47,47,0,0,0,173,34
2026-08-16,120247382323060278,[AFS] [F3] [WANGARI KAMAU] V5,120247382322970278,51,51,51,0,0,0,195,45
2026-08-16,120247382323070278,[AFS] [F3] [WANGARI KAMAU] V2,120247382322970278,4,4,4,0,0,0,10,7
2026-08-16,120247382323080278,[AFS] [F3] [WANGARI KAMAU] V3,120247382322970278,53,53,53,0,0,0,134,33
2026-08-16,120247382323090278,[AFS] [F3] [WANGARI KAMAU] V1,120247382322970278,3,3,3,0,0,0,7,4
2026-08-16,120247488168300278,,,0,0,0,0,0,0,1,1
2026-08-16,120247488215910278,,,0,0,0,0,0,0,3,2
2026-08-16,120247488225850278,,,0,0,0,0,0,0,12,4
2026-08-16,120247488230320278,,,0,0,0,0,0,0,5,1
2026-08-16,120247488259350278,[AFS] [F3] [LUNGILE HADEBE] V1,120247488259330278,68,68,68,0,0,0,152,51
2026-08-16,120247488419540278,,,0,0,0,0,0,0,1,1
2026-08-16,120247488474100278,,,0,0,0,0,0,0,7,3
2026-08-16,120247488660110278,,,0,0,0,0,0,0,17,3
2026-08-16,120247488793560278,,,0,0,0,0,0,0,18,2
2026-08-16,120247488827940278,,,0,0,0,0,0,0,2,2
2026-08-16,120247488854820278,,,0,0,0,0,0,0,1,1
2026-08-16,120247488968980278,[AFS] [F3] [NOURBESE ACHEBE] V2,120247488930090278,4,4,4,0,0,0,10,3
2026-08-16,120247489010590278,[AFS] [F3] [NOURBESE ACHEBE] V4,120247488930090278,1,1,1,0,0,0,2,1
2026-08-16,120247489033080278,,,0,0,0,0,0,0,1,1
2026-08-16,120247489160520278,,,0,0,0,0,0,0,4,3
2026-08-16,120247506424250278,,,0,0,0,0,0,0,2,2
2026-08-16,120247506542160278,[AFS] [F3] [MBALI BUTHELEZI] V3,120247506424170278,31,31,31,0,0,0,87,24
2026-08-16,120247566640090278,,,0,0,0,0,0,0,4,1
2026-08-16,120247753268600278,,,0,0,0,0,0,0,12,2
2026-08-16,120247753333380278,[AFS] [F3] [Siphesihle Cele] V2,120247753268510278,39,39,39,0,0,0,89,30
2026-08-16,120247753339060278,[AFS] [F3] [Siphesihle Cele] V3,120247753268510278,1,1,1,0,0,0,1,1
2026-08-16,120247753343390278,[AFS] [F3] [Siphesihle Cele] V4,120247753268510278,2,2,2,0,0,0,5,2
2026-08-16,120247753348540278,,,0,0,0,0,0,0,14,1
2026-08-16,120247753359010278,[AFS] [F3] [Siphesihle Cele] V6,120247753268510278,1,1,1,0,0,0,0,0
2026-08-16,120247753572160278,,,0,0,0,0,0,0,1,1
2026-08-16,120247753631300278,,,0,0,0,0,0,0,7,2
2026-08-16,120247753639190278,[AFS] [F3] [Khanyisa Zwane] V3,120247753572060278,1,1,1,0,0,0,0,0
2026-08-16,120247753647720278,[AFS] [F3] [Khanyisa Zwane] V4,120247753572060278,64,64,64,0,0,0,298,52
2026-08-16,120247753719190278,[AFS] [F3] [Yonela Mnguni] V1,120247753719120278,1,1,1,0,0,0,0,0
2026-08-16,120247753784310278,[AFS] [F3] [Yonela Mnguni] V2,120247753719120278,2,2,2,0,0,0,3,3
2026-08-16,120247753859960278,[AFS] [F3] [Khanyisile Nxumalo] V2,120247753837740278,94,94,94,0,0,0,349,68
2026-08-16,120247768559710278,,,0,0,0,0,0,0,1,1
2026-08-16,120247768743240278,,,0,0,0,0,0,0,1,1
2026-08-16,120247768802800278,,,0,0,0,0,0,0,2,1
2026-08-16,120247768808810278,,,0,0,0,0,0,0,1,1
2026-08-16,120247796573020278,,,0,0,0,0,0,0,1,1
2026-08-16,120247796580280278,,,0,0,0,0,0,0,2,1
2026-08-16,120247822019620278,,,0,0,0,0,0,0,1,1
2026-08-16,120247822100450278,,,0,0,0,0,0,0,2,1
2026-08-16,120247855943690278,,,0,0,0,0,0,0,1,1
2026-08-16,120247856009420278,,,0,0,0,0,0,0,2,1
2026-08-16,120247856660550278,,,0,0,0,0,0,0,6,1
2026-08-16,120248013951830278,[AFS] [F3] [Khanyisile Nxumalo] V7,120247753837740278,1,1,1,0,0,0,2,1
2026-08-16,120248013980050278,[AFS] [F3] [Khanyisile Nxumalo] V8,120247753837740278,37,37,37,0,0,0,91,23
2026-08-16,120248013986740278,[AFS] [F3] [Khanyisile Nxumalo] V9,120247753837740278,3,3,3,0,0,0,14,9
2026-08-16,120248014002370278,,,0,0,0,0,0,0,2,2
2026-08-16,120248014031360278,[AFS] [F3] [Khanyisile Nxumalo] V16,120247753837740278,37,37,37,0,0,0,93,29
2026-08-16,120248014298520278,[AFS] [F3] [Khanyisa Zwane] V7,120247753572060278,2,2,2,0,0,0,0,0
2026-08-16,120248014304990278,[AFS] [F3] [Khanyisa Zwane] V8,120247753572060278,12,12,12,0,0,0,49,23
2026-08-16,120248014307330278,[AFS] [F3] [Khanyisa Zwane] V9,120247753572060278,1,1,1,0,0,0,1,1
2026-08-16,120248014312900278,,,0,0,0,0,0,0,2,1
2026-08-16,120248014331980278,[AFS] [F3] [Khanyisa Zwane] V11,120247753572060278,82,82,82,0,0,0,206,57
2026-08-16,120248014338390278,[AFS] [F3] [Khanyisa Zwane] V12,120247753572060278,3,3,3,0,0,0,23,9
2026-08-16,120248014354790278,[AFS] [F3] [Khanyisa Zwane] V14,120247753572060278,47,47,47,0,0,0,90,27
2026-08-16,120248014806030278,,,0,0,0,0,0,0,3,2
2026-08-16,120248014851080278,[AFS] [F3] [Siphesihle Cele] V8,120247753268510278,1,1,1,0,0,0,0,0
2026-08-16,120248014983880278,,,0,0,0,0,0,0,3,2
2026-08-16,120248015000030278,[AFS] [F3] [Siphesihle Cele] V12,120247753268510278,1,1,1,0,0,0,0,0
2026-08-16,120248015021780278,[AFS] [F3] [Siphesihle Cele] V14,120247753268510278,41,41,41,0,0,0,158,36
2026-08-16,120248015027340278,[AFS] [F3] [Siphesihle Cele] V15,120247753268510278,49,49,49,0,0,0,98,24
2026-08-16,120248015032800278,[AFS] [F3] [Siphesihle Cele] V16,120247753268510278,1,1,1,0,0,0,10,2
2026-08-16,120248015539040278,[AFS] [F3] [Yonela Mnguni] V7,120247753719120278,2,2,2,0,0,0,8,3
2026-08-16,120248015583870278,,,0,0,0,0,0,0,1,1
2026-08-16,120248015604620278,,,0,0,0,0,0,0,1,1
2026-08-16,120248015964290278,,,0,0,0,0,0,0,2,2
2026-08-16,120248015969120278,,,0,0,0,0,0,0,1,1
2026-08-16,120248015975280278,[AFS] [F3] [Luyanda Mbatha] V10,120247852291590278,1,1,1,0,0,0,0,0
2026-08-16,120248015981890278,,,0,0,0,0,0,0,1,1
2026-08-16,120248016000090278,,,0,0,0,0,0,0,1,1
2026-08-16,120248016028140278,[AFS] [F3] [Luyanda Mbatha] V15,120247852291590278,1,1,1,0,0,0,1,1
2026-08-16,120248016058110278,,,0,0,0,0,0,0,1,1
2026-08-16,120248037140500278,[AFS] [F3] [NOURBESE ACHEBE] V7,120247488930090278,1,1,1,0,0,0,0,0
2026-08-16,120248037146600278,[AFS] [F3] [NOURBESE ACHEBE] V8,120247488930090278,60,60,60,0,0,0,169,45
2026-08-16,120248037148270278,[AFS] [F3] [NOURBESE ACHEBE] V9,120247488930090278,2,2,2,0,0,0,15,9
2026-08-16,120248037149900278,[AFS] [F3] [NOURBESE ACHEBE] V10,120247488930090278,47,47,47,0,0,0,132,32
2026-08-16,120248037151710278,[AFS] [F3] [NOURBESE ACHEBE] V11,120247488930090278,30,30,30,0,0,0,81,22
2026-08-16,120248037236070278,,,0,0,0,0,0,0,8,2
2026-08-16,120248037242460278,[AFS] [F3] [LUNGILE HADEBE] V9,120247488259330278,32,32,32,0,0,0,138,20
2026-08-16,120248037248010278,,,0,0,0,0,0,0,1,1
2026-08-16,120248037252070278,,,0,0,0,0,0,0,2,1
2026-08-16,120248037259710278,[AFS] [F3] [LUNGILE HADEBE] V13,120247488259330278,55,55,55,0,0,0,164,42
2026-08-16,120248037267250278,[AFS] [F3] [LUNGILE HADEBE] V14,120247488259330278,2,2,2,0,0,0,7,6
2026-08-16,120248037325860278,,,0,0,0,0,0,0,1,1
2026-08-16,120248037354900278,[AFS] [F3] [CHIPO MOYO]  V9,120247360141370278,2,2,2,0,0,0,3,1
2026-08-16,120248037378470278,[AFS] [F3] [CHIPO MOYO]  V11,120247360141370278,44,44,44,0,0,0,103,26
2026-08-16,120248037484310278,[AFS] [F3] [AMINATA DIALLO] V9,120247358419970278,2,2,2,0,0,0,10,4
2026-08-16,120248037487480278,[AFS] [F3] [AMINATA DIALLO] V10,120247358419970278,53,53,53,0,0,0,176,35
2026-08-16,120248037496400278,[AFS] [F3] [AMINATA DIALLO] V12,120247358419970278,2,2,2,0,0,0,1,1
2026-08-16,120248037498990278,[AFS] [F3] [AMINATA DIALLO] V13,120247358419970278,34,34,34,0,0,0,133,27
2026-08-16,120248037551200278,,,0,0,0,0,0,0,2,2
2026-08-16,120248037567290278,[AFS] [F3] [AMARA OKAFOR] V9,120247357080990278,6,6,6,0,0,0,19,8
2026-08-16,120248037571270278,,,0,0,0,0,0,0,16,5
2026-08-16,120248037581340278,[AFS] [F3] [AMARA OKAFOR] V13,120247357080990278,32,32,32,0,0,0,73,19
2026-08-16,120248037598010278,[AFS] [F3] [AMARA OKAFOR] V14,120247357080990278,3,3,3,0,0,0,28,12
2026-08-16,120248037741040278,[AFS] [F3] [NOMVULA MOKOENA] V10,120247359464690278,3,3,3,0,0,0,16,7
2026-08-16,120248037745600278,[AFS] [F3] [NOMVULA MOKOENA] V11,120247359464690278,35,35,35,0,0,0,45,21
2026-08-16,120248037841630278,[AFS] [F3] [BONGEKILE ZUNGU] V7,120247506168050278,44,44,44,0,0,0,163,28
2026-08-16,120248037864920278,,,0,0,0,0,0,0,1,1
2026-08-16,120248037871170278,,,0,0,0,0,0,0,3,2
2026-08-16,120248037889530278,[AFS] [F3] [BONGEKILE ZUNGU] V12,120247506168050278,34,34,34,0,0,0,103,20
2026-08-16,120248037901600278,,,0,0,0,0,0,0,3,3
2026-08-16,120248037907790278,[AFS] [F3] [BONGEKILE ZUNGU] V14,120247506168050278,47,47,47,0,0,0,181,27
2026-08-16,120248037951360278,[AFS] [F3] [MBALI BUTHELEZI] V7,120247506424170278,62,62,62,0,0,0,188,51
2026-08-16,120248037978210278,[AFS] [F3] [MBALI BUTHELEZI] V9,120247506424170278,52,52,52,0,0,0,139,39
2026-08-16,120248037983800278,[AFS] [F3] [MBALI BUTHELEZI] V10,120247506424170278,41,41,41,0,0,0,59,19
2026-08-16,120248037988730278,,,0,0,0,0,0,0,2,1
2026-08-16,120248038023970278,[AFS] [F3] [WANGARI KAMAU] V7,120247382322970278,27,27,27,0,0,0,55,19
2026-08-16,120248038047290278,[AFS] [F3] [WANGARI KAMAU] V8,120247382322970278,48,48,48,0,0,0,186,33
2026-08-16,120248038050550278,[AFS] [F3] [WANGARI KAMAU] V9,120247382322970278,1,1,1,0,0,0,10,2
2026-08-16,120248038053810278,[AFS] [F3] [WANGARI KAMAU] V10,120247382322970278,30,30,30,0,0,0,85,28
2026-08-16,120253101284450281,,,0,0,0,0,0,0,1,1
2026-08-16,120253138933900281,,,0,0,0,0,0,0,6,2
2026-08-16,120253141941400281,,,0,0,0,0,0,0,1,1
2026-08-16,120253142290360281,,,0,0,0,0,0,0,1,1
2026-08-16,120253167657030281,,,0,0,0,0,0,0,1,1
2026-08-16,120253168397070281,,,0,0,0,0,0,0,2,1
2026-08-16,120253225501180281,,,0,0,0,0,0,0,7,2
2026-08-16,120253406659640281,,,0,0,0,0,0,0,4,2
2026-08-16,120253406811390281,,,0,0,0,0,0,0,2,1
2026-08-16,120253406891930281,,,0,0,0,0,0,0,1,1
2026-08-16,120253407402570281,,,0,0,0,0,0,0,3,2
2026-08-16,120253407556650281,,,0,0,0,0,0,0,3,1
2026-08-16,120253409983580281,,,0,0,0,0,0,0,3,1
2026-08-16,120253423000780281,,,0,0,0,0,0,0,2,1
2026-08-16,120253423248640281,,,0,0,0,0,0,0,27,1
2026-08-16,120253423590130281,,,0,0,0,0,0,0,4,1
2026-08-16,120253423624560281,,,0,0,0,0,0,0,2,1
2026-08-16,120253428747820281,,,0,0,0,0,0,0,3,2
2026-08-16,120253428778770281,,,0,0,0,0,0,0,1,1
2026-08-16,120253665881380281,[AFS] [F3] [Noluthando Makhanya] V4,120253665771940281,422,422,422,0,0,0,1702,345
2026-08-16,120253665893600281,[AFS] [F3] [Noluthando Makhanya] V5,120253665771940281,6,6,6,0,0,0,37,15
2026-08-16,120253665904310281,[AFS] [F3] [Noluthando Makhanya] V7,120253665771940281,92,92,92,0,0,0,429,82
2026-08-16,120253665910190281,[AFS] [F3] [Noluthando Makhanya] V8,120253665771940281,3,3,3,0,0,0,9,2
2026-08-16,120253665946580281,[AFS] [F3] [Noluthando Makhanya] V10,120253665771940281,171,171,171,0,0,0,573,136
2026-08-16,120253666333460281,[AFS] [F3] [Sinethemba Mthembu] V1,120253666333490281,162,162,162,0,0,0,440,119
2026-08-16,120253666506120281,[AFS] [F3] [Sinethemba Mthembu] V2,120253666333490281,1,1,1,0,0,0,9,1
2026-08-16,120253666527630281,[AFS] [F3] [Sinethemba Mthembu] V5,120253666333490281,176,176,176,0,0,0,450,115
2026-08-16,120253666532760281,[AFS] [F3] [Sinethemba Mthembu] V6,120253666333490281,335,335,335,0,0,0,922,229
2026-08-16,120253667360680281,[AFS] [F3] [Nqobile Mkhwanazi] V2,120253667302360281,1,1,1,0,0,0,1,1
2026-08-16,120253667384950281,[AFS] [F3] [Nqobile Mkhwanazi] V3,120253667302360281,1,1,1,0,0,0,17,9
2026-08-16,120253667485200281,,,0,0,0,0,0,0,2,2
2026-08-16,120253667505210281,[AFS] [F3] [Nqobile Mkhwanazi] V6,120253667302360281,1,1,1,0,0,0,1,1
2026-08-16,120253667521110281,[AFS] [F3] [Nqobile Mkhwanazi] V7,120253667302360281,42,42,42,0,0,0,132,34
2026-08-16,120253667533570281,[AFS] [F3] [Nqobile Mkhwanazi] V8,120253667302360281,1,1,1,0,0,0,4,2
2026-08-16,120253667542940281,,,0,0,0,0,0,0,1,1
2026-08-16,120253667551140281,,,0,0,0,0,0,0,2,1
2026-08-16,120253667639650281,,,0,0,0,0,0,0,4,1
2026-08-16,120253667644420281,[AFS] [F3] [Zandile Hlatshwayo] V4,120253667581330281,1,1,1,0,0,0,2,2
2026-08-16,120253667649010281,[AFS] [F3] [Zandile Hlatshwayo] V5,120253667581330281,1,1,1,0,0,0,4,4
2026-08-16,120253667668650281,[AFS] [F3] [Zandile Hlatshwayo] V7,120253667581330281,60,60,60,0,0,0,197,48
2026-08-16,120253667678500281,[AFS] [F3] [Zandile Hlatshwayo] V8,120253667581330281,38,38,38,0,0,0,189,41
2026-08-16,120253667683750281,[AFS] [F3] [Zandile Hlatshwayo] V9,120253667581330281,3,3,3,0,0,0,16,10
2026-08-16,120253701667190281,,,0,0,0,0,0,0,4,2
2026-08-16,120253703504330281,[AFS] [F3] [Karabo Mokoatle] V1,120253703504250281,1,1,1,0,0,0,2,1
2026-08-16,120253703606030281,[AFS] [F3] [Karabo Mokoatle] V2,120253703504250281,3,3,3,0,0,0,3,3
2026-08-16,120253703658800281,[AFS] [F3] [Karabo Mokoatle] V8,120253703504250281,710,710,710,0,0,0,2102,522
2026-08-16,120253703768810281,,,0,0,0,0,0,0,6,2
2026-08-16,120253703780420281,[AFS] [F3] [Zethembiso Motaung] V4,120253703724520281,29,29,29,0,0,0,136,24
2026-08-16,120253703796370281,[AFS] [F3] [Zethembiso Motaung] V5,120253703724520281,49,49,49,0,0,0,152,32
2026-08-16,120253703813950281,[AFS] [F3] [Zethembiso Motaung] V6,120253703724520281,58,58,58,0,0,0,180,42
2026-08-16,120253703815990281,[AFS] [F3] [Zethembiso Motaung] V7,120253703724520281,60,60,60,0,0,0,196,44
2026-08-16,120253703821200281,[AFS] [F3] [Zethembiso Motaung] V9,120253703724520281,2,2,2,0,0,0,12,5
2026-08-16,120253703824100281,[AFS] [F3] [Zethembiso Motaung] V10,120253703724520281,67,67,67,0,0,0,200,47
2026-08-16,120253703887140281,[AFS] [F3] [Sibongakonke Masebe] V2,120253703839970281,1,1,1,0,0,0,4,2
2026-08-16,120253703920400281,,,0,0,0,0,0,0,6,4
2026-08-16,120253703937850281,[AFS] [F3] [Sibongakonke Masebe] V7,120253703839970281,58,58,58,0,0,0,119,35
2026-08-16,120253703958890281,,,0,0,0,0,0,0,2,2
2026-08-16,120253703989530281,[AFS] [F3] [Hlompho Masilela] V1,120253703989720281,2,2,2,0,0,0,3,2
2026-08-16,120253704028180281,[AFS] [F3] [Hlompho Masilela] V2,120253703989720281,38,38,38,0,0,0,85,21
2026-08-16,120253704038100281,[AFS] [F3] [Hlompho Masilela] V3,120253703989720281,72,72,72,0,0,0,175,47
2026-08-16,120253704062640281,[AFS] [F3] [Hlompho Masilela] V6,120253703989720281,3,3,3,0,0,0,41,13
2026-08-16,120253704070820281,[AFS] [F3] [Hlompho Masilela] V7,120253703989720281,1,1,1,0,0,0,8,4
2026-08-16,120253704081240281,[AFS] [F3] [Hlompho Masilela] V8,120253703989720281,1,1,1,0,0,0,0,0
2026-08-16,120253704087580281,[AFS] [F3] [Hlompho Masilela] V9,120253703989720281,49,49,49,0,0,0,163,34
2026-08-16,120253704091080281,,,0,0,0,0,0,0,5,4
2026-08-16,120253761401900281,,,0,0,0,0,0,0,1,1
2026-08-16,120253761442800281,[AFS] [F3] [Kholeka Maphanga] V2,120253761401760281,1,1,1,0,0,0,3,3
2026-08-16,120253761448600281,[AFS] [F3] [Kholeka Maphanga] V3,120253761401760281,1,1,1,0,0,0,0,0
2026-08-16,120253761454530281,[AFS] [F3] [Kholeka Maphanga] V4,120253761401760281,2,2,2,0,0,0,3,1
2026-08-16,120253761460060281,[AFS] [F3] [Kholeka Maphanga] V5,120253761401760281,38,38,38,0,0,0,133,34
2026-08-16,120253761463910281,[AFS] [F3] [Kholeka Maphanga] V6,120253761401760281,14,14,14,0,0,0,15,6
2026-08-16,120253761469260281,[AFS] [F3] [Kholeka Maphanga] V7,120253761401760281,6,6,6,0,0,0,21,4
2026-08-16,120253761473540281,[AFS] [F3] [Kholeka Maphanga] V8,120253761401760281,1,1,1,0,0,0,11,7
2026-08-16,120253761476630281,[AFS] [F3] [Kholeka Maphanga] V9,120253761401760281,1,1,1,0,0,0,10,6
2026-08-16,120253761479690281,[AFS] [F3] [Kholeka Maphanga] V10,120253761401760281,16,16,16,0,0,0,45,8
2026-08-16,120253761546640281,[AFS] [F3] [Nomusa Mzizi] V1,120253761546630281,34,34,34,0,0,0,61,21
2026-08-16,120253761585560281,[AFS] [F3] [Nomusa Mzizi] V2,120253761546630281,1,1,1,0,0,0,2,2
2026-08-16,120253761590460281,[AFS] [F3] [Nomusa Mzizi] V3,120253761546630281,1,1,1,0,0,0,16,8
2026-08-16,120253761596160281,,,0,0,0,0,0,0,4,4
2026-08-16,120253761602770281,[AFS] [F3] [Nomusa Mzizi] V5,120253761546630281,39,39,39,0,0,0,100,19
2026-08-16,120253761609070281,[AFS] [F3] [Nomusa Mzizi] V6,120253761546630281,1,1,1,0,0,0,9,6
2026-08-16,120253761614690281,[AFS] [F3] [Nomusa Mzizi] V7,120253761546630281,46,46,46,0,0,0,187,32
2026-08-16,120253761619860281,[AFS] [F3] [Nomusa Mzizi] V8,120253761546630281,1,1,1,0,0,0,17,5
2026-08-16,120253761623700281,[AFS] [F3] [Nomusa Mzizi] V9,120253761546630281,33,33,33,0,0,0,80,25
2026-08-16,120253761627390281,[AFS] [F3] [Nomusa Mzizi] V10,120253761546630281,1,1,1,0,0,0,11,9
2026-08-17,120247357080980278,[AFS] [F3] [AMARA OKAFOR] V5,120247357080990278,1,1,1,0,0,0,2,1
2026-08-17,120247357081010278,[AFS] [F3] [AMARA OKAFOR] V6,120247357080990278,49,49,49,0,0,0,127,39
2026-08-17,120247357081030278,[AFS] [F3] [AMARA OKAFOR] V3,120247357080990278,3,3,3,0,0,0,2,1
2026-08-17,120247357081040278,[AFS] [F3] [AMARA OKAFOR] V2,120247357080990278,1,1,1,0,0,0,2,1
2026-08-17,120247357081050278,[AFS] [F3] [AMARA OKAFOR] V4,120247357080990278,2,2,2,0,0,0,5,1
2026-08-17,120247357457050278,,,0,0,0,0,0,0,5,3
2026-08-17,120247357457070278,,,0,0,0,0,0,0,29,4
2026-08-17,120247357457080278,,,0,0,0,0,0,0,9,3
2026-08-17,120247357457090278,,,0,0,0,0,0,0,3,2
2026-08-17,120247357457100278,,,0,0,0,0,0,0,3,1
2026-08-17,120247358420040278,[AFS] [F3] [AMINATA DIALLO] V6,120247358419970278,1,1,1,0,0,0,0,0
2026-08-17,120247358420050278,,,0,0,0,0,0,0,1,1
2026-08-17,120247358420060278,[AFS] [F3] [AMINATA DIALLO] V5,120247358419970278,1,1,1,0,0,0,0,0
2026-08-17,120247358420070278,[AFS] [F3] [AMINATA DIALLO] V3,120247358419970278,2,2,2,0,0,0,9,2
2026-08-17,120247358420080278,[AFS] [F3] [AMINATA DIALLO] V2,120247358419970278,1,1,1,0,0,0,10,1
2026-08-17,120247358791290278,,,0,0,0,0,0,0,1,1
2026-08-17,120247359464720278,[AFS] [F3] [NOMVULA MOKOENA] V6,120247359464690278,39,39,39,0,0,0,91,28
2026-08-17,120247359464770278,,,0,0,0,0,0,0,20,1
2026-08-17,120247360141400278,[AFS] [F3] [CHIPO MOYO]  V1,120247360141370278,1,1,1,0,0,0,2,1
2026-08-17,120247360141410278,[AFS] [F3] [CHIPO MOYO]  V6,120247360141370278,89,89,89,0,0,0,359,72
2026-08-17,120247360141480278,[AFS] [F3] [CHIPO MOYO]  V4,120247360141370278,1,1,1,0,0,0,18,5
2026-08-17,120247360141490278,[AFS] [F3] [CHIPO MOYO]  V2,120247360141370278,61,61,61,0,0,0,144,35
2026-08-17,120247360356770278,,,0,0,0,0,0,0,8,3
2026-08-17,120247360356790278,,,0,0,0,0,0,0,9,3
2026-08-17,120247360356830278,,,0,0,0,0,0,0,2,1
2026-08-17,120247360531130278,,,0,0,0,0,0,0,1,1
2026-08-17,120247360531140278,,,0,0,0,0,0,0,4,2
2026-08-17,120247382249560278,[AFS_RELA_EN_BOT_0001] [NOURBESE] V4,120247382249440278,1,1,1,0,0,0,0,0
2026-08-17,120247382323040278,[AFS] [F3] [WANGARI KAMAU] V4,120247382322970278,64,64,64,0,0,0,150,42
2026-08-17,120247382323050278,[AFS] [F3] [WANGARI KAMAU] V6,120247382322970278,57,57,57,0,0,0,153,30
2026-08-17,120247382323060278,[AFS] [F3] [WANGARI KAMAU] V5,120247382322970278,69,69,69,0,0,0,211,52
2026-08-17,120247382323070278,[AFS] [F3] [WANGARI KAMAU] V2,120247382322970278,6,6,6,0,0,0,25,4
2026-08-17,120247382323080278,[AFS] [F3] [WANGARI KAMAU] V3,120247382322970278,56,56,56,0,0,0,203,37
2026-08-17,120247382323090278,[AFS] [F3] [WANGARI KAMAU] V1,120247382322970278,4,4,4,0,0,0,20,7
2026-08-17,120247488215910278,,,0,0,0,0,0,0,3,1
2026-08-17,120247488220950278,,,0,0,0,0,0,0,1,1
2026-08-17,120247488225850278,,,0,0,0,0,0,0,3,1
2026-08-17,120247488259350278,[AFS] [F3] [LUNGILE HADEBE] V1,120247488259330278,96,96,96,0,0,0,288,69
2026-08-17,120247488354910278,[AFS] [F3] [LUNGILE HADEBE] V2,120247488259330278,1,1,1,0,0,0,4,2
2026-08-17,120247488419540278,[AFS] [F3] [LUNGILE HADEBE] V6,120247488259330278,2,2,2,0,0,0,2,1
2026-08-17,120247488474100278,,,0,0,0,0,0,0,4,1
2026-08-17,120247488660110278,,,0,0,0,0,0,0,9,1
2026-08-17,120247488793560278,,,0,0,0,0,0,0,2,2
2026-08-17,120247488827940278,,,0,0,0,0,0,0,7,4
2026-08-17,120247488968980278,[AFS] [F3] [NOURBESE ACHEBE] V2,120247488930090278,2,2,2,0,0,0,8,4
2026-08-17,120247489016960278,,,0,0,0,0,0,0,1,1
2026-08-17,120247489033080278,[AFS] [F3] [NOURBESE ACHEBE] V6,120247488930090278,1,1,1,0,0,0,0,0
2026-08-17,120247506168140278,,,0,0,0,0,0,0,4,1
2026-08-17,120247506542160278,[AFS] [F3] [MBALI BUTHELEZI] V3,120247506424170278,33,33,33,0,0,0,111,26
2026-08-17,120247506560570278,,,0,0,0,0,0,0,2,1
2026-08-17,120247566505120278,,,0,0,0,0,0,0,3,1
2026-08-17,120247566567050278,,,0,0,0,0,0,0,8,1
2026-08-17,120247566626120278,,,0,0,0,0,0,0,6,1
2026-08-17,120247753333380278,[AFS] [F3] [Siphesihle Cele] V2,120247753268510278,46,46,46,0,0,0,162,25
2026-08-17,120247753339060278,,,0,0,0,0,0,0,3,2
2026-08-17,120247753343390278,[AFS] [F3] [Siphesihle Cele] V4,120247753268510278,1,1,1,0,0,0,3,1
2026-08-17,120247753348540278,,,0,0,0,0,0,0,3,1
2026-08-17,120247753359010278,,,0,0,0,0,0,0,1,1
2026-08-17,120247753572160278,,,0,0,0,0,0,0,1,1
2026-08-17,120247753639190278,[AFS] [F3] [Khanyisa Zwane] V3,120247753572060278,1,1,1,0,0,0,1,1
2026-08-17,120247753647720278,[AFS] [F3] [Khanyisa Zwane] V4,120247753572060278,82,82,82,0,0,0,330,65
2026-08-17,120247753784310278,[AFS] [F3] [Yonela Mnguni] V2,120247753719120278,1,1,1,0,0,0,8,2
2026-08-17,120247753859960278,[AFS] [F3] [Khanyisile Nxumalo] V2,120247753837740278,110,110,110,0,0,0,405,90
2026-08-17,120247753880980278,,,0,0,0,0,0,0,4,1
2026-08-17,120247753901780278,,,0,0,0,0,0,0,5,1
2026-08-17,120247768350600278,,,0,0,0,0,0,0,1,1
2026-08-17,120247768572330278,,,0,0,0,0,0,0,1,1
2026-08-17,120247768668500278,,,0,0,0,0,0,0,1,1
2026-08-17,120247796879110278,,,0,0,0,0,0,0,2,1
2026-08-17,120247820863330278,,,0,0,0,0,0,0,17,1
2026-08-17,120247821940850278,,,0,0,0,0,0,0,1,1
2026-08-17,120247852291670278,,,0,0,0,0,0,0,2,1
2026-08-17,120247852377810278,[AFS] [F3] [Luyanda Mbatha] V5,120247852291590278,2,2,2,0,0,0,1,1
2026-08-17,120247852565710278,,,0,0,0,0,0,0,5,1
2026-08-17,120247855943690278,,,0,0,0,0,0,0,1,1
2026-08-17,120247856009420278,,,0,0,0,0,0,0,9,1
2026-08-17,120247856660550278,,,0,0,0,0,0,0,4,3
2026-08-17,120248013980050278,[AFS] [F3] [Khanyisile Nxumalo] V8,120247753837740278,42,42,42,0,0,0,164,31
2026-08-17,120248013986740278,[AFS] [F3] [Khanyisile Nxumalo] V9,120247753837740278,3,3,3,0,0,0,6,3
2026-08-17,120248014002370278,[AFS] [F3] [Khanyisile Nxumalo] V12,120247753837740278,1,1,1,0,0,0,0,0
2026-08-17,120248014031360278,[AFS] [F3] [Khanyisile Nxumalo] V16,120247753837740278,54,54,54,0,0,0,151,38
2026-08-17,120248014304990278,[AFS] [F3] [Khanyisa Zwane] V8,120247753572060278,3,3,3,0,0,0,10,7
2026-08-17,120248014307330278,,,0,0,0,0,0,0,6,3
2026-08-17,120248014331980278,[AFS] [F3] [Khanyisa Zwane] V11,120247753572060278,91,91,91,0,0,0,289,69
2026-08-17,120248014338390278,[AFS] [F3] [Khanyisa Zwane] V12,120247753572060278,1,1,1,0,0,0,5,3
2026-08-17,120248014354790278,[AFS] [F3] [Khanyisa Zwane] V14,120247753572060278,50,50,50,0,0,0,177,34
2026-08-17,120248014357340278,[AFS] [F3] [Khanyisa Zwane] V15,120247753572060278,1,1,1,0,0,0,0,0
2026-08-17,120248014806030278,[AFS] [F3] [Siphesihle Cele] V7,120247753268510278,1,1,1,0,0,0,4,1
2026-08-17,120248014983880278,[AFS] [F3] [Siphesihle Cele] V10,120247753268510278,1,1,1,0,0,0,0,0
2026-08-17,120248014989930278,[AFS] [F3] [Siphesihle Cele] V11,120247753268510278,1,1,1,0,0,0,2,1
2026-08-17,120248015000030278,[AFS] [F3] [Siphesihle Cele] V12,120247753268510278,1,1,1,0,0,0,6,1
2026-08-17,120248015007660278,,,0,0,0,0,0,0,2,1
2026-08-17,120248015021780278,[AFS] [F3] [Siphesihle Cele] V14,120247753268510278,71,71,71,0,0,0,232,51
2026-08-17,120248015027340278,[AFS] [F3] [Siphesihle Cele] V15,120247753268510278,74,74,74,0,0,0,243,50
2026-08-17,120248015032800278,,,0,0,0,0,0,0,1,1
2026-08-17,120248015539040278,[AFS] [F3] [Yonela Mnguni] V7,120247753719120278,1,1,1,0,0,0,8,3
2026-08-17,120248015591980278,[AFS] [F3] [Yonela Mnguni] V10,120247753719120278,1,1,1,0,0,0,6,4
2026-08-17,120248015604620278,,,0,0,0,0,0,0,1,1
2026-08-17,120248015608410278,,,0,0,0,0,0,0,1,1
2026-08-17,120248015743610278,,,0,0,0,0,0,0,3,1
2026-08-17,120248015919380278,,,0,0,0,0,0,0,5,1
2026-08-17,120248015964290278,[AFS] [F3] [Luyanda Mbatha] V8,120247852291590278,1,1,1,0,0,0,1,1
2026-08-17,120248015969120278,,,0,0,0,0,0,0,1,1
2026-08-17,120248016028140278,[AFS] [F3] [Luyanda Mbatha] V15,120247852291590278,2,2,2,0,0,0,5,2
2026-08-17,120248037146600278,[AFS] [F3] [NOURBESE ACHEBE] V8,120247488930090278,82,82,82,0,0,0,184,47
2026-08-17,120248037148270278,,,0,0,0,0,0,0,1,1
2026-08-17,120248037149900278,[AFS] [F3] [NOURBESE ACHEBE] V10,120247488930090278,73,73,73,0,0,0,203,50
2026-08-17,120248037151710278,[AFS] [F3] [NOURBESE ACHEBE] V11,120247488930090278,40,40,40,0,0,0,76,19
2026-08-17,120248037236070278,[AFS] [F3] [LUNGILE HADEBE] V8,120247488259330278,1,1,1,0,0,0,0,0
2026-08-17,120248037242460278,[AFS] [F3] [LUNGILE HADEBE] V9,120247488259330278,34,34,34,0,0,0,89,25
2026-08-17,120248037256010278,,,0,0,0,0,0,0,1,1
2026-08-17,120248037259710278,[AFS] [F3] [LUNGILE HADEBE] V13,120247488259330278,71,71,71,0,0,0,274,52
2026-08-17,120248037267250278,[AFS] [F3] [LUNGILE HADEBE] V14,120247488259330278,1,1,1,0,0,0,6,4
2026-08-17,120248037354900278,,,0,0,0,0,0,0,2,1
2026-08-17,120248037378470278,[AFS] [F3] [CHIPO MOYO]  V11,120247360141370278,44,44,44,0,0,0,105,26
2026-08-17,120248037402540278,,,0,0,0,0,0,0,3,1
2026-08-17,120248037484310278,[AFS] [F3] [AMINATA DIALLO] V9,120247358419970278,1,1,1,0,0,0,10,4
2026-08-17,120248037487480278,[AFS] [F3] [AMINATA DIALLO] V10,120247358419970278,38,38,38,0,0,0,96,24
2026-08-17,120248037496400278,[AFS] [F3] [AMINATA DIALLO] V12,120247358419970278,2,2,2,0,0,0,3,2
2026-08-17,120248037498990278,[AFS] [F3] [AMINATA DIALLO] V13,120247358419970278,47,47,47,0,0,0,213,38
2026-08-17,120248037551200278,[AFS] [F3] [AMARA OKAFOR] V7,120247357080990278,1,1,1,0,0,0,8,1
2026-08-17,120248037567290278,[AFS] [F3] [AMARA OKAFOR] V9,120247357080990278,3,3,3,0,0,0,1,1
2026-08-17,120248037571270278,[AFS] [F3] [AMARA OKAFOR] V10,120247357080990278,1,1,1,0,0,0,1,1
2026-08-17,120248037581340278,[AFS] [F3] [AMARA OKAFOR] V13,120247357080990278,44,44,44,0,0,0,136,29
2026-08-17,120248037598010278,[AFS] [F3] [AMARA OKAFOR] V14,120247357080990278,2,2,2,0,0,0,7,5
2026-08-17,120248037736060278,,,0,0,0,0,0,0,5,2
2026-08-17,120248037741040278,[AFS] [F3] [NOMVULA MOKOENA] V10,120247359464690278,4,4,4,0,0,0,31,3
2026-08-17,120248037745600278,[AFS] [F3] [NOMVULA MOKOENA] V11,120247359464690278,65,65,65,0,0,0,187,43
2026-08-17,120248037755210278,[AFS] [F3] [NOMVULA MOKOENA] V13,120247359464690278,1,1,1,0,0,0,19,1
2026-08-17,120248037841630278,[AFS] [F3] [BONGEKILE ZUNGU] V7,120247506168050278,46,46,46,0,0,0,96,27
2026-08-17,120248037871170278,[AFS] [F3] [BONGEKILE ZUNGU] V9,120247506168050278,1,1,1,0,0,0,11,2
2026-08-17,120248037889530278,[AFS] [F3] [BONGEKILE ZUNGU] V12,120247506168050278,45,45,45,0,0,0,184,34
2026-08-17,120248037901600278,,,0,0,0,0,0,0,3,3
2026-08-17,120248037907790278,[AFS] [F3] [BONGEKILE ZUNGU] V14,120247506168050278,60,60,60,0,0,0,191,32
2026-08-17,120248037951360278,[AFS] [F3] [MBALI BUTHELEZI] V7,120247506424170278,74,74,74,0,0,0,262,63
2026-08-17,120248037978210278,[AFS] [F3] [MBALI BUTHELEZI] V9,120247506424170278,64,64,64,0,0,0,192,46
2026-08-17,120248037983800278,[AFS] [F3] [MBALI BUTHELEZI] V10,120247506424170278,58,58,58,0,0,0,159,37
2026-08-17,120248037988730278,[AFS] [F3] [MBALI BUTHELEZI] V11,120247506424170278,2,2,2,0,0,0,3,2
2026-08-17,120248038023970278,[AFS] [F3] [WANGARI KAMAU] V7,120247382322970278,44,44,44,0,0,0,197,30
2026-08-17,120248038047290278,[AFS] [F3] [WANGARI KAMAU] V8,120247382322970278,43,43,43,0,0,0,157,36
2026-08-17,120248038050550278,[AFS] [F3] [WANGARI KAMAU] V9,120247382322970278,2,2,2,0,0,0,18,2
2026-08-17,120248038053810278,[AFS] [F3] [WANGARI KAMAU] V10,120247382322970278,42,42,42,0,0,0,159,28
2026-08-17,120253101288330281,,,0,0,0,0,0,0,1,1
2026-08-17,120253101303050281,,,0,0,0,0,0,0,1,1
2026-08-17,120253136864150281,,,0,0,0,0,0,0,5,1
2026-08-17,120253138733630281,,,0,0,0,0,0,0,2,1
2026-08-17,120253138745550281,,,0,0,0,0,0,0,4,1
2026-08-17,120253141501720281,,,0,0,0,0,0,0,4,1
2026-08-17,120253141937270281,,,0,0,0,0,0,0,1,1
2026-08-17,120253142290360281,,,0,0,0,0,0,0,3,1
2026-08-17,120253142297110281,,,0,0,0,0,0,0,4,1
2026-08-17,120253225035240281,,,0,0,0,0,0,0,1,1
2026-08-17,120253225638960281,,,0,0,0,0,0,0,4,1
2026-08-17,120253225795580281,,,0,0,0,0,0,0,2,1
2026-08-17,120253225880820281,,,0,0,0,0,0,0,5,1
2026-08-17,120253226001460281,,,0,0,0,0,0,0,23,1
2026-08-17,120253302500270281,,,0,0,0,0,0,0,1,1
2026-08-17,120253406891930281,,,0,0,0,0,0,0,2,1
2026-08-17,120253406998850281,,,0,0,0,0,0,0,6,1
2026-08-17,120253407402570281,,,0,0,0,0,0,0,5,2
2026-08-17,120253407409760281,,,0,0,0,0,0,0,1,1
2026-08-17,120253411974320281,,,0,0,0,0,0,0,2,1
2026-08-17,120253415684090281,,,0,0,0,0,0,0,3,2
2026-08-17,120253415718880281,,,0,0,0,0,0,0,7,1
2026-08-17,120253415721250281,,,0,0,0,0,0,0,2,1
2026-08-17,120253422902890281,,,0,0,0,0,0,0,2,1
2026-08-17,120253422910030281,,,0,0,0,0,0,0,1,1
2026-08-17,120253423000780281,,,0,0,0,0,0,0,1,1
2026-08-17,120253423013640281,,,0,0,0,0,0,0,1,1
2026-08-17,120253423035590281,,,0,0,0,0,0,0,1,1
2026-08-17,120253423590130281,,,0,0,0,0,0,0,2,1
2026-08-17,120253428777030281,,,0,0,0,0,0,0,1,1
2026-08-17,120253428858230281,,,0,0,0,0,0,0,1,1
2026-08-17,120253428925220281,,,0,0,0,0,0,0,4,1
2026-08-17,120253464315370281,,,0,0,0,0,0,0,1,1
2026-08-17,120253464442800281,,,0,0,0,0,0,0,4,1
2026-08-17,120253665881380281,[AFS] [F3] [Noluthando Makhanya] V4,120253665771940281,611,611,611,0,0,0,2424,491
2026-08-17,120253665893600281,[AFS] [F3] [Noluthando Makhanya] V5,120253665771940281,1,1,1,0,0,0,11,8
2026-08-17,120253665904310281,[AFS] [F3] [Noluthando Makhanya] V7,120253665771940281,78,78,78,0,0,0,303,65
2026-08-17,120253665946580281,[AFS] [F3] [Noluthando Makhanya] V10,120253665771940281,134,134,134,0,0,0,562,122
2026-08-17,120253666333460281,[AFS] [F3] [Sinethemba Mthembu] V1,120253666333490281,205,205,205,0,0,0,629,136
2026-08-17,120253666527630281,[AFS] [F3] [Sinethemba Mthembu] V5,120253666333490281,95,95,95,0,0,0,280,89
2026-08-17,120253666532760281,[AFS] [F3] [Sinethemba Mthembu] V6,120253666333490281,350,350,350,0,0,0,904,241
2026-08-17,120253666628200281,[AFS] [F3] [Sinethemba Mthembu] V7,120253666333490281,1,1,1,0,0,0,2,1
2026-08-17,120253666666590281,[AFS] [F3] [Sinethemba Mthembu] V9,120253666333490281,1,1,1,0,0,0,0,0
2026-08-17,120253667384950281,,,0,0,0,0,0,0,2,2
2026-08-17,120253667485200281,,,0,0,0,0,0,0,2,2
2026-08-17,120253667505210281,,,0,0,0,0,0,0,1,1
2026-08-17,120253667521110281,[AFS] [F3] [Nqobile Mkhwanazi] V7,120253667302360281,43,43,43,0,0,0,150,30
2026-08-17,120253667551140281,[AFS] [F3] [Nqobile Mkhwanazi] V10,120253667302360281,1,1,1,0,0,0,2,1
2026-08-17,120253667622250281,,,0,0,0,0,0,0,1,1
2026-08-17,120253667644420281,,,0,0,0,0,0,0,1,1
2026-08-17,120253667649010281,[AFS] [F3] [Zandile Hlatshwayo] V5,120253667581330281,3,3,3,0,0,0,10,5
2026-08-17,120253667668650281,[AFS] [F3] [Zandile Hlatshwayo] V7,120253667581330281,64,64,64,0,0,0,194,44
2026-08-17,120253667678500281,[AFS] [F3] [Zandile Hlatshwayo] V8,120253667581330281,32,32,32,0,0,0,97,27
2026-08-17,120253667683750281,,,0,0,0,0,0,0,4,2
2026-08-17,120253667705850281,[AFS] [F3] [Zandile Hlatshwayo] V10,120253667581330281,1,1,1,0,0,0,1,1
2026-08-17,120253701667190281,,,0,0,0,0,0,0,4,2
2026-08-17,120253703188410281,,,0,0,0,0,0,0,2,1
2026-08-17,120253703504330281,[AFS] [F3] [Karabo Mokoatle] V1,120253703504250281,1,1,1,0,0,0,0,0
2026-08-17,120253703606030281,[AFS] [F3] [Karabo Mokoatle] V2,120253703504250281,1,1,1,0,0,0,2,2
2026-08-17,120253703640280281,[AFS] [F3] [Karabo Mokoatle] V5,120253703504250281,1,1,1,0,0,0,0,0
2026-08-17,120253703648580281,[AFS] [F3] [Karabo Mokoatle] V6,120253703504250281,1,1,1,0,0,0,0,0
2026-08-17,120253703658800281,[AFS] [F3] [Karabo Mokoatle] V8,120253703504250281,720,720,720,0,0,0,1920,507
2026-08-17,120253703768810281,[AFS] [F3] [Zethembiso Motaung] V3,120253703724520281,1,1,1,0,0,0,4,2
2026-08-17,120253703780420281,[AFS] [F3] [Zethembiso Motaung] V4,120253703724520281,44,44,44,0,0,0,108,30
2026-08-17,120253703796370281,[AFS] [F3] [Zethembiso Motaung] V5,120253703724520281,52,52,52,0,0,0,205,37
2026-08-17,120253703813950281,[AFS] [F3] [Zethembiso Motaung] V6,120253703724520281,58,58,58,0,0,0,172,42
2026-08-17,120253703815990281,[AFS] [F3] [Zethembiso Motaung] V7,120253703724520281,45,45,45,0,0,0,164,36
2026-08-17,120253703821200281,[AFS] [F3] [Zethembiso Motaung] V9,120253703724520281,1,1,1,0,0,0,2,1
2026-08-17,120253703824100281,[AFS] [F3] [Zethembiso Motaung] V10,120253703724520281,79,79,79,0,0,0,361,65
2026-08-17,120253703898950281,[AFS] [F3] [Sibongakonke Masebe] V3,120253703839970281,1,1,1,0,0,0,4,3
2026-08-17,120253703920400281,[AFS] [F3] [Sibongakonke Masebe] V5,120253703839970281,5,5,5,0,0,0,21,6
2026-08-17,120253703928840281,[AFS] [F3] [Sibongakonke Masebe] V6,120253703839970281,1,1,1,0,0,0,2,1
2026-08-17,120253703937850281,[AFS] [F3] [Sibongakonke Masebe] V7,120253703839970281,71,71,71,0,0,0,206,47
2026-08-17,120253703947150281,[AFS] [F3] [Sibongakonke Masebe] V8,120253703839970281,1,1,1,0,0,0,2,1
2026-08-17,120253703958890281,,,0,0,0,0,0,0,1,1
2026-08-17,120253703989530281,[AFS] [F3] [Hlompho Masilela] V1,120253703989720281,1,1,1,0,0,0,6,2
2026-08-17,120253704028180281,[AFS] [F3] [Hlompho Masilela] V2,120253703989720281,42,42,42,0,0,0,114,25
2026-08-17,120253704038100281,[AFS] [F3] [Hlompho Masilela] V3,120253703989720281,85,85,85,0,0,0,268,66
2026-08-17,120253704062640281,[AFS] [F3] [Hlompho Masilela] V6,120253703989720281,1,1,1,0,0,0,15,6
2026-08-17,120253704070820281,[AFS] [F3] [Hlompho Masilela] V7,120253703989720281,1,1,1,0,0,0,7,5
2026-08-17,120253704081240281,,,0,0,0,0,0,0,1,1
2026-08-17,120253704087580281,[AFS] [F3] [Hlompho Masilela] V9,120253703989720281,38,38,38,0,0,0,135,34
2026-08-17,120253761401900281,,,0,0,0,0,0,0,1,1
2026-08-17,120253761442800281,,,0,0,0,0,0,0,5,2
2026-08-17,120253761460060281,[AFS] [F3] [Kholeka Maphanga] V5,120253761401760281,38,38,38,0,0,0,78,25
2026-08-17,120253761463910281,,,0,0,0,0,0,0,1,1
2026-08-17,120253761469260281,[AFS] [F3] [Kholeka Maphanga] V7,120253761401760281,2,2,2,0,0,0,3,2
2026-08-17,120253761473540281,[AFS] [F3] [Kholeka Maphanga] V8,120253761401760281,1,1,1,0,0,0,5,3
2026-08-17,120253761476630281,[AFS] [F3] [Kholeka Maphanga] V9,120253761401760281,1,1,1,0,0,0,0,0
2026-08-17,120253761479690281,,,0,0,0,0,0,0,1,1
2026-08-17,120253761546640281,[AFS] [F3] [Nomusa Mzizi] V1,120253761546630281,32,32,32,0,0,0,93,23
2026-08-17,120253761585560281,,,0,0,0,0,0,0,1,1
2026-08-17,120253761590460281,,,0,0,0,0,0,0,1,1
2026-08-17,120253761596160281,[AFS] [F3] [Nomusa Mzizi] V4,120253761546630281,2,2,2,0,0,0,11,3
2026-08-17,120253761602770281,[AFS] [F3] [Nomusa Mzizi] V5,120253761546630281,42,42,42,0,0,0,130,28
2026-08-17,120253761609070281,,,0,0,0,0,0,0,2,1
2026-08-17,120253761614690281,[AFS] [F3] [Nomusa Mzizi] V7,120253761546630281,49,49,49,0,0,0,154,37
2026-08-17,120253761619860281,,,0,0,0,0,0,0,4,3
2026-08-17,120253761623700281,[AFS] [F3] [Nomusa Mzizi] V9,120253761546630281,38,38,38,0,0,0,111,25
2026-08-17,120253761627390281,,,0,0,0,0,0,0,1,1
2026-08-18,120247357080930278,,,0,0,0,0,0,0,2,1
2026-08-18,120247357080980278,[AFS] [F3] [AMARA OKAFOR] V5,120247357080990278,1,1,1,0,0,0,2,1
2026-08-18,120247357081010278,[AFS] [F3] [AMARA OKAFOR] V6,120247357080990278,40,40,40,0,0,0,121,31
2026-08-18,120247357081030278,[AFS] [F3] [AMARA OKAFOR] V3,120247357080990278,1,1,1,0,0,0,4,1
2026-08-18,120247357081040278,,,0,0,0,0,0,0,5,3
2026-08-18,120247357081050278,[AFS] [F3] [AMARA OKAFOR] V4,120247357080990278,2,2,2,0,0,0,14,1
2026-08-18,120247357457050278,,,0,0,0,0,0,0,3,2
2026-08-18,120247357457070278,,,0,0,0,0,0,0,3,2
2026-08-18,120247358420060278,,,0,0,0,0,0,0,2,1
2026-08-18,120247358420070278,[AFS] [F3] [AMINATA DIALLO] V3,120247358419970278,2,2,2,0,0,0,2,2
2026-08-18,120247358420080278,[AFS] [F3] [AMINATA DIALLO] V2,120247358419970278,1,1,1,0,0,0,22,2
2026-08-18,120247358791360278,,,0,0,0,0,0,0,8,1
2026-08-18,120247359464720278,[AFS] [F3] [NOMVULA MOKOENA] V6,120247359464690278,13,13,13,0,0,0,77,14
2026-08-18,120247360141410278,[AFS] [F3] [CHIPO MOYO]  V6,120247360141370278,48,48,48,0,0,0,168,50
2026-08-18,120247360141480278,[AFS] [F3] [CHIPO MOYO]  V4,120247360141370278,1,1,1,0,0,0,5,4
2026-08-18,120247360141490278,[AFS] [F3] [CHIPO MOYO]  V2,120247360141370278,32,32,32,0,0,0,104,27
2026-08-18,120247360356790278,,,0,0,0,0,0,0,1,1
2026-08-18,120247360356830278,,,0,0,0,0,0,0,3,2
2026-08-18,120247360531130278,,,0,0,0,0,0,0,6,2
2026-08-18,120247360531140278,,,0,0,0,0,0,0,5,2
2026-08-18,120247360531160278,,,0,0,0,0,0,0,1,1
2026-08-18,120247382249520278,,,0,0,0,0,0,0,2,1
2026-08-18,120247382249530278,[AFS_RELA_EN_BOT_0001] [NOURBESE] V2,120247382249440278,1,1,1,0,0,0,11,1
2026-08-18,120247382249560278,,,0,0,0,0,0,0,1,1
2026-08-18,120247382323040278,[AFS] [F3] [WANGARI KAMAU] V4,120247382322970278,30,30,30,0,0,0,110,20
2026-08-18,120247382323050278,[AFS] [F3] [WANGARI KAMAU] V6,120247382322970278,26,26,26,0,0,0,90,23
2026-08-18,120247382323060278,[AFS] [F3] [WANGARI KAMAU] V5,120247382322970278,32,32,32,0,0,0,51,20
2026-08-18,120247382323070278,[AFS] [F3] [WANGARI KAMAU] V2,120247382322970278,2,2,2,0,0,0,26,8
2026-08-18,120247382323080278,[AFS] [F3] [WANGARI KAMAU] V3,120247382322970278,35,35,35,0,0,0,142,29
2026-08-18,120247382323090278,[AFS] [F3] [WANGARI KAMAU] V1,120247382322970278,4,4,4,0,0,0,10,6
2026-08-18,120247488168300278,,,0,0,0,0,0,0,4,1
2026-08-18,120247488220950278,,,0,0,0,0,0,0,1,1
2026-08-18,120247488225850278,,,0,0,0,0,0,0,1,1
2026-08-18,120247488230320278,,,0,0,0,0,0,0,6,2
2026-08-18,120247488259350278,[AFS] [F3] [LUNGILE HADEBE] V1,120247488259330278,55,55,55,0,0,0,170,43
2026-08-18,120247488354910278,[AFS] [F3] [LUNGILE HADEBE] V2,120247488259330278,1,1,1,0,0,0,0,0
2026-08-18,120247488419540278,,,0,0,0,0,0,0,4,2
2026-08-18,120247488474100278,,,0,0,0,0,0,0,1,1
2026-08-18,120247488660110278,,,0,0,0,0,0,0,1,1
2026-08-18,120247488793560278,,,0,0,0,0,0,0,3,1
2026-08-18,120247488827940278,,,0,0,0,0,0,0,2,2
2026-08-18,120247488968980278,[AFS] [F3] [NOURBESE ACHEBE] V2,120247488930090278,3,3,3,0,0,0,34,5
2026-08-18,120247489016960278,,,0,0,0,0,0,0,2,2
2026-08-18,120247489160520278,,,0,0,0,0,0,0,2,1
2026-08-18,120247506203840278,,,0,0,0,0,0,0,2,1
2026-08-18,120247506249690278,,,0,0,0,0,0,0,3,3
2026-08-18,120247506530130278,,,0,0,0,0,0,0,1,1
2026-08-18,120247506542160278,[AFS] [F3] [MBALI BUTHELEZI] V3,120247506424170278,26,26,26,0,0,0,59,15
2026-08-18,120247506567820278,[AFS] [F3] [MBALI BUTHELEZI] V6,120247506424170278,1,1,1,0,0,0,0,0
2026-08-18,120247753333380278,[AFS] [F3] [Siphesihle Cele] V2,120247753268510278,23,23,23,0,0,0,61,19
2026-08-18,120247753348540278,,,0,0,0,0,0,0,1,1
2026-08-18,120247753647720278,[AFS] [F3] [Khanyisa Zwane] V4,120247753572060278,50,50,50,0,0,0,230,50
2026-08-18,120247753719190278,,,0,0,0,0,0,0,1,1
2026-08-18,120247753784310278,,,0,0,0,0,0,0,6,1
2026-08-18,120247753837730278,,,0,0,0,0,0,0,1,1
2026-08-18,120247753859960278,[AFS] [F3] [Khanyisile Nxumalo] V2,120247753837740278,56,56,56,0,0,0,281,60
2026-08-18,120247753880980278,[AFS] [F3] [Khanyisile Nxumalo] V4,120247753837740278,1,1,1,0,0,0,3,1
2026-08-18,120247753901780278,,,0,0,0,0,0,0,1,1
2026-08-18,120247794376690278,,,0,0,0,0,0,0,1,1
2026-08-18,120247820879080278,,,0,0,0,0,0,0,5,1
2026-08-18,120247822019620278,,,0,0,0,0,0,0,1,1
2026-08-18,120247822285260278,,,0,0,0,0,0,0,1,1
2026-08-18,120247822296620278,,,0,0,0,0,0,0,3,1
2026-08-18,120247852194640278,,,0,0,0,0,0,0,8,1
2026-08-18,120247852344760278,,,0,0,0,0,0,0,2,1
2026-08-18,120247852359280278,,,0,0,0,0,0,0,1,1
2026-08-18,120247852377810278,,,0,0,0,0,0,0,2,2
2026-08-18,120247856009420278,,,0,0,0,0,0,0,1,1
2026-08-18,120247856764540278,,,0,0,0,0,0,0,1,1
2026-08-18,120247856781020278,,,0,0,0,0,0,0,1,1
2026-08-18,120248013951830278,[AFS] [F3] [Khanyisile Nxumalo] V7,120247753837740278,1,1,1,0,0,0,0,0
2026-08-18,120248013980050278,[AFS] [F3] [Khanyisile Nxumalo] V8,120247753837740278,24,24,24,0,0,0,103,19
2026-08-18,120248013986740278,,,0,0,0,0,0,0,3,2
2026-08-18,120248014002370278,[AFS] [F3] [Khanyisile Nxumalo] V12,120247753837740278,1,1,1,0,0,0,0,0
2026-08-18,120248014007790278,,,0,0,0,0,0,0,1,1
2026-08-18,120248014016860278,,,0,0,0,0,0,0,4,1
2026-08-18,120248014031360278,[AFS] [F3] [Khanyisile Nxumalo] V16,120247753837740278,43,43,43,0,0,0,141,38
2026-08-18,120248014304990278,[AFS] [F3] [Khanyisa Zwane] V8,120247753572060278,3,3,3,0,0,0,6,5
2026-08-18,120248014331980278,[AFS] [F3] [Khanyisa Zwane] V11,120247753572060278,46,46,46,0,0,0,164,41
2026-08-18,120248014349350278,[AFS] [F3] [Khanyisa Zwane] V13,120247753572060278,1,1,1,0,0,0,2,1
2026-08-18,120248014354790278,[AFS] [F3] [Khanyisa Zwane] V14,120247753572060278,28,28,28,0,0,0,67,20
2026-08-18,120248014357340278,,,0,0,0,0,0,0,1,1
2026-08-18,120248014983880278,,,0,0,0,0,0,0,2,1
2026-08-18,120248015021780278,[AFS] [F3] [Siphesihle Cele] V14,120247753268510278,21,21,21,0,0,0,120,29
2026-08-18,120248015027340278,[AFS] [F3] [Siphesihle Cele] V15,120247753268510278,22,22,22,0,0,0,82,18
2026-08-18,120248015583870278,,,0,0,0,0,0,0,1,1
2026-08-18,120248015591980278,[AFS] [F3] [Yonela Mnguni] V10,120247753719120278,2,2,2,0,0,0,3,1
2026-08-18,120248015919380278,,,0,0,0,0,0,0,1,1
2026-08-18,120248015964290278,[AFS] [F3] [Luyanda Mbatha] V8,120247852291590278,1,1,1,0,0,0,4,3
2026-08-18,120248015975280278,[AFS] [F3] [Luyanda Mbatha] V10,120247852291590278,1,1,1,0,0,0,6,2
2026-08-18,120248015981890278,,,0,0,0,0,0,0,6,2
2026-08-18,120248037140500278,,,0,0,0,0,0,0,1,1
2026-08-18,120248037146600278,[AFS] [F3] [NOURBESE ACHEBE] V8,120247488930090278,44,44,44,0,0,0,195,38
2026-08-18,120248037149900278,[AFS] [F3] [NOURBESE ACHEBE] V10,120247488930090278,40,40,40,0,0,0,180,34
2026-08-18,120248037151710278,[AFS] [F3] [NOURBESE ACHEBE] V11,120247488930090278,20,20,20,0,0,0,55,17
2026-08-18,120248037227310278,[AFS] [F3] [LUNGILE HADEBE] V7,120247488259330278,1,1,1,0,0,0,0,0
2026-08-18,120248037242460278,[AFS] [F3] [LUNGILE HADEBE] V9,120247488259330278,16,16,16,0,0,0,31,11
2026-08-18,120248037256010278,,,0,0,0,0,0,0,1,1
2026-08-18,120248037259710278,[AFS] [F3] [LUNGILE HADEBE] V13,120247488259330278,39,39,39,0,0,0,123,35
2026-08-18,120248037267250278,[AFS] [F3] [LUNGILE HADEBE] V14,120247488259330278,1,1,1,0,0,0,4,2
2026-08-18,120248037325860278,,,0,0,0,0,0,0,4,2
2026-08-18,120248037346630278,[AFS] [F3] [CHIPO MOYO]  V8,120247360141370278,1,1,1,0,0,0,23,1
2026-08-18,120248037373890278,[AFS] [F3] [CHIPO MOYO]  V10,120247360141370278,1,1,1,0,0,0,0,0
2026-08-18,120248037378470278,[AFS] [F3] [CHIPO MOYO]  V11,120247360141370278,28,28,28,0,0,0,91,25
2026-08-18,120248037418040278,,,0,0,0,0,0,0,2,2
2026-08-18,120248037469760278,,,0,0,0,0,0,0,5,1
2026-08-18,120248037484310278,,,0,0,0,0,0,0,1,1
2026-08-18,120248037487480278,[AFS] [F3] [AMINATA DIALLO] V10,120247358419970278,20,20,20,0,0,0,46,22
2026-08-18,120248037496400278,[AFS] [F3] [AMINATA DIALLO] V12,120247358419970278,1,1,1,0,0,0,7,4
2026-08-18,120248037498990278,[AFS] [F3] [AMINATA DIALLO] V13,120247358419970278,27,27,27,0,0,0,71,24
2026-08-18,120248037501970278,,,0,0,0,0,0,0,1,1
2026-08-18,120248037551200278,[AFS] [F3] [AMARA OKAFOR] V7,120247357080990278,1,1,1,0,0,0,3,1
2026-08-18,120248037567290278,[AFS] [F3] [AMARA OKAFOR] V9,120247357080990278,2,2,2,0,0,0,3,2
2026-08-18,120248037576340278,[AFS] [F3] [AMARA OKAFOR] V12,120247357080990278,1,1,1,0,0,0,2,1
2026-08-18,120248037581340278,[AFS] [F3] [AMARA OKAFOR] V13,120247357080990278,26,26,26,0,0,0,41,16
2026-08-18,120248037598010278,[AFS] [F3] [AMARA OKAFOR] V14,120247357080990278,1,1,1,0,0,0,2,1
2026-08-18,120248037736060278,[AFS] [F3] [NOMVULA MOKOENA] V8,120247359464690278,1,1,1,0,0,0,8,1
2026-08-18,120248037741040278,[AFS] [F3] [NOMVULA MOKOENA] V10,120247359464690278,3,3,3,0,0,0,5,2
2026-08-18,120248037745600278,[AFS] [F3] [NOMVULA MOKOENA] V11,120247359464690278,19,19,19,0,0,0,71,20
2026-08-18,120248037747540278,,,0,0,0,0,0,0,3,1
2026-08-18,120248037841630278,[AFS] [F3] [BONGEKILE ZUNGU] V7,120247506168050278,30,30,30,0,0,0,72,23
2026-08-18,120248037884290278,,,0,0,0,0,0,0,1,1
2026-08-18,120248037889530278,[AFS] [F3] [BONGEKILE ZUNGU] V12,120247506168050278,18,18,18,0,0,0,75,19
2026-08-18,120248037901600278,,,0,0,0,0,0,0,3,2
2026-08-18,120248037907790278,[AFS] [F3] [BONGEKILE ZUNGU] V14,120247506168050278,18,18,18,0,0,0,33,11
2026-08-18,120248037951360278,[AFS] [F3] [MBALI BUTHELEZI] V7,120247506424170278,37,37,37,0,0,0,98,28
2026-08-18,120248037978210278,[AFS] [F3] [MBALI BUTHELEZI] V9,120247506424170278,50,50,50,0,0,0,254,53
2026-08-18,120248037983800278,[AFS] [F3] [MBALI BUTHELEZI] V10,120247506424170278,32,32,32,0,0,0,109,17
2026-08-18,120248037988730278,,,0,0,0,0,0,0,1,1
2026-08-18,120248038023970278,[AFS] [F3] [WANGARI KAMAU] V7,120247382322970278,23,23,23,0,0,0,138,24
2026-08-18,120248038047290278,[AFS] [F3] [WANGARI KAMAU] V8,120247382322970278,18,18,18,0,0,0,106,20
2026-08-18,120248038050550278,[AFS] [F3] [WANGARI KAMAU] V9,120247382322970278,1,1,1,0,0,0,0,0
2026-08-18,120248038053810278,[AFS] [F3] [WANGARI KAMAU] V10,120247382322970278,26,26,26,0,0,0,43,14
2026-08-18,120248166670760278,[AFS] [F3] [Thandoluhle Mabuza] V2,120248166599060278,55,55,55,0,0,0,0,0
2026-08-18,120248166681390278,[AFS] [F3] [Thandoluhle Mabuza] V3,120248166599060278,26,26,26,0,0,0,4,2
2026-08-18,120248166697070278,[AFS] [F3] [Thandoluhle Mabuza] V4,120248166599060278,6,6,6,0,0,0,0,0
2026-08-18,120248166761950278,[AFS] [F3] [Thandoluhle Mabuza] V5,120248166599060278,1,1,1,0,0,0,0,0
2026-08-18,120248166770820278,[AFS] [F3] [Thandoluhle Mabuza] V6,120248166599060278,16,16,16,0,0,0,1,1
2026-08-18,120248166773940278,[AFS] [F3] [Thandoluhle Mabuza] V7,120248166599060278,4,4,4,0,0,0,3,1
2026-08-18,120248166776700278,[AFS] [F3] [Thandoluhle Mabuza] V8,120248166599060278,2,2,2,0,0,0,0,0
2026-08-18,120248166780740278,[AFS] [F3] [Thandoluhle Mabuza] V9,120248166599060278,4,4,4,0,0,0,0,0
2026-08-18,120248166825390278,[AFS] [F3] [Noluthando Mbhele] V2,120248166804780278,198,198,198,0,0,0,605,114
2026-08-18,120248166829070278,[AFS] [F3] [Noluthando Mbhele] V3,120248166804780278,55,55,55,0,0,0,113,28
2026-08-18,120248166833800278,[AFS] [F3] [Noluthando Mbhele] V4,120248166804780278,47,47,47,0,0,0,65,24
2026-08-18,120248166837790278,[AFS] [F3] [Noluthando Mbhele] V5,120248166804780278,2,2,2,0,0,0,9,1
2026-08-18,120248166842190278,[AFS] [F3] [Noluthando Mbhele] V6,120248166804780278,9,9,9,0,0,0,20,5
2026-08-18,120248166847040278,[AFS] [F3] [Noluthando Mbhele] V7,120248166804780278,10,10,10,0,0,0,26,5
2026-08-18,120248166849750278,[AFS] [F3] [Noluthando Mbhele] V8,120248166804780278,18,18,18,0,0,0,35,6
2026-08-18,120248166856720278,[AFS] [F3] [Noluthando Mbhele] V10,120248166804780278,5,5,5,0,0,0,12,3
2026-08-18,120248166866690278,[AFS] [F3] [Thembisile Mkhonto ] V1,120248166866480278,4,4,4,0,0,0,4,2
2026-08-18,120248166879840278,[AFS] [F3] [Thembisile Mkhonto ] V2,120248166866480278,5,5,5,0,0,0,3,1
2026-08-18,120248166883820278,[AFS] [F3] [Thembisile Mkhonto ] V3,120248166866480278,6,6,6,0,0,0,6,3
2026-08-18,120248166888580278,[AFS] [F3] [Thembisile Mkhonto ] V4,120248166866480278,25,25,25,0,0,0,89,13
2026-08-18,120248166893280278,[AFS] [F3] [Thembisile Mkhonto ] V5,120248166866480278,131,131,131,0,0,0,262,60
2026-08-18,120248166899900278,[AFS] [F3] [Thembisile Mkhonto ] V6,120248166866480278,7,7,7,0,0,0,3,2
2026-08-18,120248166905440278,[AFS] [F3] [Thembisile Mkhonto ] V7,120248166866480278,63,63,63,0,0,0,135,28
2026-08-18,120248166910740278,[AFS] [F3] [Thembisile Mkhonto ] V8,120248166866480278,12,12,12,0,0,0,23,7
2026-08-18,120248166916950278,[AFS] [F3] [Thembisile Mkhonto ] V9,120248166866480278,83,83,83,0,0,0,176,38
2026-08-18,120248166921880278,[AFS] [F3] [Thembisile Mkhonto ] V10,120248166866480278,11,11,11,0,0,0,14,7
2026-08-18,120248166938060278,[AFS] [F3] [Thandolwethu Mzolo] V1,120248166938070278,480,480,480,0,0,0,1622,291
2026-08-18,120248166951260278,[AFS] [F3] [Thandolwethu Mzolo] V2,120248166938070278,6,6,6,0,0,0,22,4
2026-08-18,120248166953920278,[AFS] [F3] [Thandolwethu Mzolo] V3,120248166938070278,2,2,2,0,0,0,5,2
2026-08-18,120248166957800278,[AFS] [F3] [Thandolwethu Mzolo] V4,120248166938070278,67,67,67,0,0,0,169,29
2026-08-18,120248166960220278,[AFS] [F3] [Thandolwethu Mzolo] V5,120248166938070278,3,3,3,0,0,0,14,2
2026-08-18,120248166964680278,[AFS] [F3] [Thandolwethu Mzolo] V7,120248166938070278,7,7,7,0,0,0,27,4
2026-08-18,120248166967020278,[AFS] [F3] [Thandolwethu Mzolo] V8,120248166938070278,1,1,1,0,0,0,0,0
2026-08-18,120248166969750278,[AFS] [F3] [Thandolwethu Mzolo] V9,120248166938070278,1,1,1,0,0,0,0,0
2026-08-18,120248166974680278,[AFS] [F3] [Thandolwethu Mzolo] V10,120248166938070278,10,10,10,0,0,0,4,1
2026-08-18,120253101322290281,,,0,0,0,0,0,0,3,1
2026-08-18,120253138878630281,,,0,0,0,0,0,0,1,1
2026-08-18,120253141945370281,,,0,0,0,0,0,0,2,1
2026-08-18,120253142290360281,,,0,0,0,0,0,0,1,1
2026-08-18,120253168488310281,,,0,0,0,0,0,0,1,1
2026-08-18,120253225035240281,,,0,0,0,0,0,0,1,1
2026-08-18,120253226001460281,,,0,0,0,0,0,0,4,1
2026-08-18,120253303642850281,,,0,0,0,0,0,0,1,1
2026-08-18,120253406822870281,,,0,0,0,0,0,0,1,1
2026-08-18,120253406891930281,,,0,0,0,0,0,0,1,1
2026-08-18,120253406978040281,,,0,0,0,0,0,0,2,1
2026-08-18,120253407003410281,,,0,0,0,0,0,0,4,1
2026-08-18,120253407409760281,,,0,0,0,0,0,0,1,1
2026-08-18,120253407553070281,,,0,0,0,0,0,0,1,1
2026-08-18,120253411974320281,,,0,0,0,0,0,0,1,1
2026-08-18,120253415593700281,,,0,0,0,0,0,0,1,1
2026-08-18,120253415685920281,,,0,0,0,0,0,0,1,1
2026-08-18,120253415721250281,,,0,0,0,0,0,0,2,1
2026-08-18,120253422900530281,,,0,0,0,0,0,0,1,1
2026-08-18,120253423000780281,,,0,0,0,0,0,0,1,1
2026-08-18,120253423035590281,,,0,0,0,0,0,0,1,1
2026-08-18,120253423248640281,,,0,0,0,0,0,0,3,1
2026-08-18,120253423686830281,,,0,0,0,0,0,0,1,1
2026-08-18,120253428726940281,,,0,0,0,0,0,0,2,1
2026-08-18,120253428925220281,,,0,0,0,0,0,0,5,1
2026-08-18,120253464442800281,,,0,0,0,0,0,0,4,1
2026-08-18,120253665873690281,,,0,0,0,0,0,0,3,1
2026-08-18,120253665881380281,[AFS] [F3] [Noluthando Makhanya] V4,120253665771940281,467,467,467,0,0,0,1927,410
2026-08-18,120253665893600281,[AFS] [F3] [Noluthando Makhanya] V5,120253665771940281,3,3,3,0,0,0,9,5
2026-08-18,120253665904310281,[AFS] [F3] [Noluthando Makhanya] V7,120253665771940281,39,39,39,0,0,0,140,35
2026-08-18,120253665910190281,,,0,0,0,0,0,0,3,1
2026-08-18,120253665946580281,[AFS] [F3] [Noluthando Makhanya] V10,120253665771940281,66,66,66,0,0,0,204,57
2026-08-18,120253666333460281,[AFS] [F3] [Sinethemba Mthembu] V1,120253666333490281,221,221,221,0,0,0,750,152
2026-08-18,120253666527630281,[AFS] [F3] [Sinethemba Mthembu] V5,120253666333490281,73,73,73,0,0,0,293,56
2026-08-18,120253666532760281,[AFS] [F3] [Sinethemba Mthembu] V6,120253666333490281,265,265,265,0,0,0,824,201
2026-08-18,120253666628200281,[AFS] [F3] [Sinethemba Mthembu] V7,120253666333490281,1,1,1,0,0,0,5,1
2026-08-18,120253667302470281,[AFS] [F3] [Nqobile Mkhwanazi] V1,120253667302360281,1,1,1,0,0,0,1,1
2026-08-18,120253667360680281,[AFS] [F3] [Nqobile Mkhwanazi] V2,120253667302360281,1,1,1,0,0,0,0,0
2026-08-18,120253667384950281,,,0,0,0,0,0,0,4,2
2026-08-18,120253667485200281,,,0,0,0,0,0,0,3,3
2026-08-18,120253667505210281,[AFS] [F3] [Nqobile Mkhwanazi] V6,120253667302360281,1,1,1,0,0,0,2,2
2026-08-18,120253667521110281,[AFS] [F3] [Nqobile Mkhwanazi] V7,120253667302360281,41,41,41,0,0,0,156,37
2026-08-18,120253667533570281,[AFS] [F3] [Nqobile Mkhwanazi] V8,120253667302360281,1,1,1,0,0,0,2,1
2026-08-18,120253667542940281,,,0,0,0,0,0,0,1,1
2026-08-18,120253667639650281,,,0,0,0,0,0,0,2,1
2026-08-18,120253667644420281,,,0,0,0,0,0,0,4,1
2026-08-18,120253667649010281,[AFS] [F3] [Zandile Hlatshwayo] V5,120253667581330281,2,2,2,0,0,0,8,3
2026-08-18,120253667668650281,[AFS] [F3] [Zandile Hlatshwayo] V7,120253667581330281,47,47,47,0,0,0,198,45
2026-08-18,120253667678500281,[AFS] [F3] [Zandile Hlatshwayo] V8,120253667581330281,41,41,41,0,0,0,129,29
2026-08-18,120253667683750281,,,0,0,0,0,0,0,6,2
2026-08-18,120253667705850281,,,0,0,0,0,0,0,2,2
2026-08-18,120253701667190281,,,0,0,0,0,0,0,1,1
2026-08-18,120253703640280281,[AFS] [F3] [Karabo Mokoatle] V5,120253703504250281,1,1,1,0,0,0,8,1
2026-08-18,120253703653020281,[AFS] [F3] [Karabo Mokoatle] V7,120253703504250281,1,1,1,0,0,0,2,1
2026-08-18,120253703658800281,[AFS] [F3] [Karabo Mokoatle] V8,120253703504250281,479,479,479,0,0,0,1578,370
2026-08-18,120253703724550281,[AFS] [F3] [Zethembiso Motaung] V1,120253703724520281,1,1,1,0,0,0,9,2
2026-08-18,120253703768810281,,,0,0,0,0,0,0,2,1
2026-08-18,120253703780420281,[AFS] [F3] [Zethembiso Motaung] V4,120253703724520281,31,31,31,0,0,0,107,23
2026-08-18,120253703796370281,[AFS] [F3] [Zethembiso Motaung] V5,120253703724520281,27,27,27,0,0,0,100,22
2026-08-18,120253703813950281,[AFS] [F3] [Zethembiso Motaung] V6,120253703724520281,35,35,35,0,0,0,103,30
2026-08-18,120253703815990281,[AFS] [F3] [Zethembiso Motaung] V7,120253703724520281,36,36,36,0,0,0,104,24
2026-08-18,120253703818060281,,,0,0,0,0,0,0,1,1
2026-08-18,120253703821200281,[AFS] [F3] [Zethembiso Motaung] V9,120253703724520281,1,1,1,0,0,0,0,0
2026-08-18,120253703824100281,[AFS] [F3] [Zethembiso Motaung] V10,120253703724520281,38,38,38,0,0,0,127,29
2026-08-18,120253703910260281,,,0,0,0,0,0,0,8,1
2026-08-18,120253703920400281,,,0,0,0,0,0,0,1,1
2026-08-18,120253703937850281,[AFS] [F3] [Sibongakonke Masebe] V7,120253703839970281,40,40,40,0,0,0,91,25
2026-08-18,120253703947150281,[AFS] [F3] [Sibongakonke Masebe] V8,120253703839970281,1,1,1,0,0,0,1,1
2026-08-18,120253703958890281,,,0,0,0,0,0,0,1,1
2026-08-18,120253703989530281,[AFS] [F3] [Hlompho Masilela] V1,120253703989720281,1,1,1,0,0,0,1,1
2026-08-18,120253704028180281,[AFS] [F3] [Hlompho Masilela] V2,120253703989720281,39,39,39,0,0,0,123,23
2026-08-18,120253704038100281,[AFS] [F3] [Hlompho Masilela] V3,120253703989720281,57,57,57,0,0,0,92,39
2026-08-18,120253704053390281,[AFS] [F3] [Hlompho Masilela] V5,120253703989720281,1,1,1,0,0,0,8,1
2026-08-18,120253704062640281,[AFS] [F3] [Hlompho Masilela] V6,120253703989720281,1,1,1,0,0,0,9,4
2026-08-18,120253704081240281,[AFS] [F3] [Hlompho Masilela] V8,120253703989720281,1,1,1,0,0,0,2,2
2026-08-18,120253704087580281,[AFS] [F3] [Hlompho Masilela] V9,120253703989720281,24,24,24,0,0,0,84,18
2026-08-18,120253761401900281,[AFS] [F3] [Kholeka Maphanga] V1,120253761401760281,1,1,1,0,0,0,0,0
2026-08-18,120253761442800281,[AFS] [F3] [Kholeka Maphanga] V2,120253761401760281,2,2,2,0,0,0,14,2
2026-08-18,120253761460060281,[AFS] [F3] [Kholeka Maphanga] V5,120253761401760281,28,28,28,0,0,0,107,24
2026-08-18,120253761463910281,,,0,0,0,0,0,0,2,1
2026-08-18,120253761469260281,[AFS] [F3] [Kholeka Maphanga] V7,120253761401760281,2,2,2,0,0,0,1,1
2026-08-18,120253761473540281,,,0,0,0,0,0,0,1,1
2026-08-18,120253761476630281,[AFS] [F3] [Kholeka Maphanga] V9,120253761401760281,1,1,1,0,0,0,1,1
2026-08-18,120253761479690281,,,0,0,0,0,0,0,8,3
2026-08-18,120253761546640281,[AFS] [F3] [Nomusa Mzizi] V1,120253761546630281,33,33,33,0,0,0,98,16
2026-08-18,120253761596160281,,,0,0,0,0,0,0,1,1
2026-08-18,120253761602770281,[AFS] [F3] [Nomusa Mzizi] V5,120253761546630281,25,25,25,0,0,0,86,12
2026-08-18,120253761609070281,[AFS] [F3] [Nomusa Mzizi] V6,120253761546630281,1,1,1,0,0,0,0,0
2026-08-18,120253761614690281,[AFS] [F3] [Nomusa Mzizi] V7,120253761546630281,29,29,29,0,0,0,74,22
2026-08-18,120253761623700281,[AFS] [F3] [Nomusa Mzizi] V9,120253761546630281,23,23,23,0,0,0,56,13
2026-08-19,120247357081010278,[AFS] [F3] [AMARA OKAFOR] V6,120247357080990278,39,39,39,0,0,0,112,28
2026-08-19,120247357081030278,[AFS] [F3] [AMARA OKAFOR] V3,120247357080990278,1,1,1,0,0,0,6,2
2026-08-19,120247357081050278,[AFS] [F3] [AMARA OKAFOR] V4,120247357080990278,1,1,1,0,0,0,3,2
2026-08-19,120247357457050278,,,0,0,0,0,0,0,9,4
2026-08-19,120247357457100278,,,0,0,0,0,0,0,6,1
2026-08-19,120247358420040278,[AFS] [F3] [AMINATA DIALLO] V6,120247358419970278,1,1,1,0,0,0,0,0
2026-08-19,120247358420060278,[AFS] [F3] [AMINATA DIALLO] V5,120247358419970278,1,1,1,0,0,0,1,1
2026-08-19,120247358420070278,[AFS] [F3] [AMINATA DIALLO] V3,120247358419970278,2,2,2,0,0,0,13,3
2026-08-19,120247358420080278,[AFS] [F3] [AMINATA DIALLO] V2,120247358419970278,1,1,1,0,0,0,0,0
2026-08-19,120247358420090278,,,0,0,0,0,0,0,6,1
2026-08-19,120247359464720278,[AFS] [F3] [NOMVULA MOKOENA] V6,120247359464690278,18,18,18,0,0,0,41,15
2026-08-19,120247360141410278,[AFS] [F3] [CHIPO MOYO]  V6,120247360141370278,48,48,48,0,0,0,123,29
2026-08-19,120247360141480278,,,0,0,0,0,0,0,2,1
2026-08-19,120247360141490278,[AFS] [F3] [CHIPO MOYO]  V2,120247360141370278,30,30,30,0,0,0,100,25
2026-08-19,120247360356770278,,,0,0,0,0,0,0,1,1
2026-08-19,120247360356830278,,,0,0,0,0,0,0,5,2
2026-08-19,120247360531040278,,,0,0,0,0,0,0,1,1
2026-08-19,120247360531140278,,,0,0,0,0,0,0,4,3
2026-08-19,120247382249560278,[AFS_RELA_EN_BOT_0001] [NOURBESE] V4,120247382249440278,1,1,1,0,0,0,3,1
2026-08-19,120247382323040278,[AFS] [F3] [WANGARI KAMAU] V4,120247382322970278,24,24,24,0,0,0,62,17
2026-08-19,120247382323050278,[AFS] [F3] [WANGARI KAMAU] V6,120247382322970278,22,22,22,0,0,0,83,24
2026-08-19,120247382323060278,[AFS] [F3] [WANGARI KAMAU] V5,120247382322970278,27,27,27,0,0,0,83,20
2026-08-19,120247382323070278,[AFS] [F3] [WANGARI KAMAU] V2,120247382322970278,1,1,1,0,0,0,8,3
2026-08-19,120247382323080278,[AFS] [F3] [WANGARI KAMAU] V3,120247382322970278,39,39,39,0,0,0,192,40
2026-08-19,120247382323090278,,,0,0,0,0,0,0,7,3
2026-08-19,120247488215910278,,,0,0,0,0,0,0,2,1
2026-08-19,120247488220950278,,,0,0,0,0,0,0,5,1
2026-08-19,120247488225850278,,,0,0,0,0,0,0,2,1
2026-08-19,120247488230320278,,,0,0,0,0,0,0,1,1
2026-08-19,120247488259350278,[AFS] [F3] [LUNGILE HADEBE] V1,120247488259330278,46,46,46,0,0,0,153,43
2026-08-19,120247488354910278,,,0,0,0,0,0,0,1,1
2026-08-19,120247488793560278,,,0,0,0,0,0,0,1,1
2026-08-19,120247488827940278,,,0,0,0,0,0,0,4,3
2026-08-19,120247488854820278,,,0,0,0,0,0,0,2,1
2026-08-19,120247488968980278,[AFS] [F3] [NOURBESE ACHEBE] V2,120247488930090278,2,2,2,0,0,0,1,1
2026-08-19,120247489016960278,[AFS] [F3] [NOURBESE ACHEBE] V5,120247488930090278,1,1,1,0,0,0,8,1
2026-08-19,120247489160520278,,,0,0,0,0,0,0,9,1
2026-08-19,120247506197150278,[AFS] [F3] [BONGEKILE ZUNGU] V2,120247506168050278,1,1,1,0,0,0,3,1
2026-08-19,120247506424250278,,,0,0,0,0,0,0,8,2
2026-08-19,120247506542160278,[AFS] [F3] [MBALI BUTHELEZI] V3,120247506424170278,4,4,4,0,0,0,16,11
2026-08-19,120247753268600278,[AFS] [F3] [Siphesihle Cele] V1,120247753268510278,1,1,1,0,0,0,8,2
2026-08-19,120247753333380278,[AFS] [F3] [Siphesihle Cele] V2,120247753268510278,12,12,12,0,0,0,54,16
2026-08-19,120247753343390278,[AFS] [F3] [Siphesihle Cele] V4,120247753268510278,1,1,1,0,0,0,6,3
2026-08-19,120247753631300278,,,0,0,0,0,0,0,1,1
2026-08-19,120247753647720278,[AFS] [F3] [Khanyisa Zwane] V4,120247753572060278,33,33,33,0,0,0,95,30
2026-08-19,120247753656710278,,,0,0,0,0,0,0,1,1
2026-08-19,120247753784310278,,,0,0,0,0,0,0,2,2
2026-08-19,120247753808800278,,,0,0,0,0,0,0,4,2
2026-08-19,120247753859960278,[AFS] [F3] [Khanyisile Nxumalo] V2,120247753837740278,48,48,48,0,0,0,228,48
2026-08-19,120247753880980278,[AFS] [F3] [Khanyisile Nxumalo] V4,120247753837740278,1,1,1,0,0,0,5,1
2026-08-19,120247753888530278,[AFS] [F3] [Khanyisile Nxumalo] V5,120247753837740278,1,1,1,0,0,0,0,0
2026-08-19,120247768754730278,,,0,0,0,0,0,0,2,1
2026-08-19,120247768808810278,,,0,0,0,0,0,0,1,1
2026-08-19,120247796573020278,,,0,0,0,0,0,0,1,1
2026-08-19,120247797138580278,,,0,0,0,0,0,0,1,1
2026-08-19,120247820656040278,,,0,0,0,0,0,0,3,1
2026-08-19,120247821940850278,,,0,0,0,0,0,0,1,1
2026-08-19,120247856009420278,,,0,0,0,0,0,0,1,1
2026-08-19,120247856129530278,,,0,0,0,0,0,0,1,1
2026-08-19,120247856757990278,,,0,0,0,0,0,0,2,1
2026-08-19,120247856774430278,,,0,0,0,0,0,0,4,2
2026-08-19,120248013980050278,[AFS] [F3] [Khanyisile Nxumalo] V8,120247753837740278,18,18,18,0,0,0,85,17
2026-08-19,120248013986740278,[AFS] [F3] [Khanyisile Nxumalo] V9,120247753837740278,1,1,1,0,0,0,3,3
2026-08-19,120248014002370278,,,0,0,0,0,0,0,1,1
2026-08-19,120248014016860278,,,0,0,0,0,0,0,8,2
2026-08-19,120248014031360278,[AFS] [F3] [Khanyisile Nxumalo] V16,120247753837740278,29,29,29,0,0,0,147,28
2026-08-19,120248014304990278,[AFS] [F3] [Khanyisa Zwane] V8,120247753572060278,2,2,2,0,0,0,15,4
2026-08-19,120248014307330278,,,0,0,0,0,0,0,1,1
2026-08-19,120248014312900278,[AFS] [F3] [Khanyisa Zwane] V10,120247753572060278,1,1,1,0,0,0,2,1
2026-08-19,120248014331980278,[AFS] [F3] [Khanyisa Zwane] V11,120247753572060278,44,44,44,0,0,0,174,44
2026-08-19,120248014338390278,,,0,0,0,0,0,0,1,1
2026-08-19,120248014349350278,,,0,0,0,0,0,0,13,1
2026-08-19,120248014354790278,[AFS] [F3] [Khanyisa Zwane] V14,120247753572060278,30,30,30,0,0,0,80,22
2026-08-19,120248014357340278,[AFS] [F3] [Khanyisa Zwane] V15,120247753572060278,1,1,1,0,0,0,2,1
2026-08-19,120248014361180278,[AFS] [F3] [Khanyisa Zwane] V16,120247753572060278,1,1,1,0,0,0,3,1
2026-08-19,120248014989930278,[AFS] [F3] [Siphesihle Cele] V11,120247753268510278,1,1,1,0,0,0,0,0
2026-08-19,120248015000030278,[AFS] [F3] [Siphesihle Cele] V12,120247753268510278,1,1,1,0,0,0,2,1
2026-08-19,120248015021780278,[AFS] [F3] [Siphesihle Cele] V14,120247753268510278,22,22,22,0,0,0,99,26
2026-08-19,120248015027340278,[AFS] [F3] [Siphesihle Cele] V15,120247753268510278,25,25,25,0,0,0,75,21
2026-08-19,120248015032800278,,,0,0,0,0,0,0,3,2
2026-08-19,120248015539040278,,,0,0,0,0,0,0,3,2
2026-08-19,120248015573900278,,,0,0,0,0,0,0,1,1
2026-08-19,120248015591980278,,,0,0,0,0,0,0,1,1
2026-08-19,120248015758600278,,,0,0,0,0,0,0,1,1
2026-08-19,120248015775920278,[AFS] [F3] [Yonela Mnguni] V16,120247753719120278,1,1,1,0,0,0,0,0
2026-08-19,120248015964290278,,,0,0,0,0,0,0,1,1
2026-08-19,120248015981890278,[AFS] [F3] [Luyanda Mbatha] V11,120247852291590278,1,1,1,0,0,0,0,0
2026-08-19,120248037146600278,[AFS] [F3] [NOURBESE ACHEBE] V8,120247488930090278,33,33,33,0,0,0,130,32
2026-08-19,120248037149900278,[AFS] [F3] [NOURBESE ACHEBE] V10,120247488930090278,35,35,35,0,0,0,117,23
2026-08-19,120248037151710278,[AFS] [F3] [NOURBESE ACHEBE] V11,120247488930090278,5,5,5,0,0,0,13,8
2026-08-19,120248037227310278,[AFS] [F3] [LUNGILE HADEBE] V7,120247488259330278,1,1,1,0,0,0,0,0
2026-08-19,120248037242460278,[AFS] [F3] [LUNGILE HADEBE] V9,120247488259330278,4,4,4,0,0,0,18,6
2026-08-19,120248037248010278,[AFS] [F3] [LUNGILE HADEBE] V10,120247488259330278,1,1,1,0,0,0,3,1
2026-08-19,120248037259710278,[AFS] [F3] [LUNGILE HADEBE] V13,120247488259330278,42,42,42,0,0,0,141,40
2026-08-19,120248037325860278,,,0,0,0,0,0,0,2,2
2026-08-19,120248037346630278,,,0,0,0,0,0,0,2,1
2026-08-19,120248037378470278,[AFS] [F3] [CHIPO MOYO]  V11,120247360141370278,22,22,22,0,0,0,86,17
2026-08-19,120248037469760278,,,0,0,0,0,0,0,1,1
2026-08-19,120248037484310278,,,0,0,0,0,0,0,8,1
2026-08-19,120248037487480278,[AFS] [F3] [AMINATA DIALLO] V10,120247358419970278,25,25,25,0,0,0,127,23
2026-08-19,120248037496400278,,,0,0,0,0,0,0,2,1
2026-08-19,120248037498990278,[AFS] [F3] [AMINATA DIALLO] V13,120247358419970278,12,12,12,0,0,0,41,11
2026-08-19,120248037567290278,[AFS] [F3] [AMARA OKAFOR] V9,120247357080990278,3,3,3,0,0,0,4,3
2026-08-19,120248037571270278,,,0,0,0,0,0,0,8,1
2026-08-19,120248037576340278,,,0,0,0,0,0,0,1,1
2026-08-19,120248037581340278,[AFS] [F3] [AMARA OKAFOR] V13,120247357080990278,23,23,23,0,0,0,72,22
2026-08-19,120248037736060278,,,0,0,0,0,0,0,1,1
2026-08-19,120248037741040278,,,0,0,0,0,0,0,1,1
2026-08-19,120248037745600278,[AFS] [F3] [NOMVULA MOKOENA] V11,120247359464690278,9,9,9,0,0,0,11,9
2026-08-19,120248037747540278,[AFS] [F3] [NOMVULA MOKOENA] V12,120247359464690278,1,1,1,0,0,0,5,2
2026-08-19,120248037841630278,[AFS] [F3] [BONGEKILE ZUNGU] V7,120247506168050278,27,27,27,0,0,0,73,22
2026-08-19,120248037864920278,,,0,0,0,0,0,0,1,1
2026-08-19,120248037889530278,[AFS] [F3] [BONGEKILE ZUNGU] V12,120247506168050278,11,11,11,0,0,0,38,7
2026-08-19,120248037907790278,[AFS] [F3] [BONGEKILE ZUNGU] V14,120247506168050278,19,19,19,0,0,0,41,20
2026-08-19,120248037951360278,[AFS] [F3] [MBALI BUTHELEZI] V7,120247506424170278,37,37,37,0,0,0,113,32
2026-08-19,120248037978210278,[AFS] [F3] [MBALI BUTHELEZI] V9,120247506424170278,35,35,35,0,0,0,102,35
2026-08-19,120248037983800278,[AFS] [F3] [MBALI BUTHELEZI] V10,120247506424170278,29,29,29,0,0,0,109,22
2026-08-19,120248037988730278,,,0,0,0,0,0,0,1,1
2026-08-19,120248038023970278,[AFS] [F3] [WANGARI KAMAU] V7,120247382322970278,21,21,21,0,0,0,53,18
2026-08-19,120248038047290278,[AFS] [F3] [WANGARI KAMAU] V8,120247382322970278,25,25,25,0,0,0,97,21
2026-08-19,120248038053810278,[AFS] [F3] [WANGARI KAMAU] V10,120247382322970278,11,11,11,0,0,0,24,12
2026-08-19,120248166670760278,,,0,0,0,0,0,0,3,1
2026-08-19,120248166681390278,[AFS] [F3] [Thandoluhle Mabuza] V3,120248166599060278,1,1,1,0,0,0,3,1
2026-08-19,120248166770820278,[AFS] [F3] [Thandoluhle Mabuza] V6,120248166599060278,1,1,1,0,0,0,1,1
2026-08-19,120248166773940278,,,0,0,0,0,0,0,2,1
2026-08-19,120248166780740278,[AFS] [F3] [Thandoluhle Mabuza] V9,120248166599060278,1,1,1,0,0,0,0,0
2026-08-19,120248166825390278,[AFS] [F3] [Noluthando Mbhele] V2,120248166804780278,96,96,96,0,0,0,297,72
2026-08-19,120248166829070278,[AFS] [F3] [Noluthando Mbhele] V3,120248166804780278,63,63,63,0,0,0,251,52
2026-08-19,120248166833800278,[AFS] [F3] [Noluthando Mbhele] V4,120248166804780278,143,143,143,0,0,0,263,67
2026-08-19,120248166847040278,[AFS] [F3] [Noluthando Mbhele] V7,120248166804780278,10,10,10,0,0,0,11,4
2026-08-19,120248166849750278,[AFS] [F3] [Noluthando Mbhele] V8,120248166804780278,5,5,5,0,0,0,5,2
2026-08-19,120248166854160278,[AFS] [F3] [Noluthando Mbhele] V9,120248166804780278,2,2,2,0,0,0,5,2
2026-08-19,120248166879840278,[AFS] [F3] [Thembisile Mkhonto ] V2,120248166866480278,2,2,2,0,0,0,1,1
2026-08-19,120248166883820278,,,0,0,0,0,0,0,10,2
2026-08-19,120248166888580278,[AFS] [F3] [Thembisile Mkhonto ] V4,120248166866480278,12,12,12,0,0,0,9,4
2026-08-19,120248166893280278,[AFS] [F3] [Thembisile Mkhonto ] V5,120248166866480278,121,121,121,0,0,0,250,63
2026-08-19,120248166899900278,[AFS] [F3] [Thembisile Mkhonto ] V6,120248166866480278,5,5,5,0,0,0,4,1
2026-08-19,120248166905440278,[AFS] [F3] [Thembisile Mkhonto ] V7,120248166866480278,48,48,48,0,0,0,223,41
2026-08-19,120248166910740278,[AFS] [F3] [Thembisile Mkhonto ] V8,120248166866480278,3,3,3,0,0,0,13,2
2026-08-19,120248166916950278,[AFS] [F3] [Thembisile Mkhonto ] V9,120248166866480278,102,102,102,0,0,0,218,65
2026-08-19,120248166921880278,[AFS] [F3] [Thembisile Mkhonto ] V10,120248166866480278,4,4,4,0,0,0,9,2
2026-08-19,120248166938060278,[AFS] [F3] [Thandolwethu Mzolo] V1,120248166938070278,369,369,369,0,0,0,1320,279
2026-08-19,120248166951260278,[AFS] [F3] [Thandolwethu Mzolo] V2,120248166938070278,3,3,3,0,0,0,1,1
2026-08-19,120248166953920278,[AFS] [F3] [Thandolwethu Mzolo] V3,120248166938070278,3,3,3,0,0,0,4,2
2026-08-19,120248166957800278,[AFS] [F3] [Thandolwethu Mzolo] V4,120248166938070278,84,84,84,0,0,0,221,56
2026-08-19,120248166960220278,[AFS] [F3] [Thandolwethu Mzolo] V5,120248166938070278,1,1,1,0,0,0,0,0
2026-08-19,120248166962060278,[AFS] [F3] [Thandolwethu Mzolo] V6,120248166938070278,1,1,1,0,0,0,0,0
2026-08-19,120248166964680278,,,0,0,0,0,0,0,1,1
2026-08-19,120248166974680278,[AFS] [F3] [Thandolwethu Mzolo] V10,120248166938070278,1,1,1,0,0,0,1,1
2026-08-19,120248194706920278,[AFS] [F3] [Noluthando Mthembu] V1,120248194706870278,15,15,15,0,0,0,34,9
2026-08-19,120248194739500278,[AFS] [F3] [Noluthando Mthembu] V2,120248194706870278,48,48,48,0,0,0,108,23
2026-08-19,120248194745270278,[AFS] [F3] [Noluthando Mthembu] V3,120248194706870278,91,91,91,0,0,0,237,49
2026-08-19,120248194756580278,[AFS] [F3] [Noluthando Mthembu] V4,120248194706870278,2,2,2,0,0,0,2,1
2026-08-19,120248194761320278,[AFS] [F3] [Noluthando Mthembu] V5,120248194706870278,123,123,123,0,0,0,301,53
2026-08-19,120248194763740278,[AFS] [F3] [Noluthando Mthembu] V6,120248194706870278,6,6,6,0,0,0,12,4
2026-08-19,120248194767240278,[AFS] [F3] [Noluthando Mthembu] V7,120248194706870278,44,44,44,0,0,0,94,23
2026-08-19,120248194771070278,[AFS] [F3] [Noluthando Mthembu] V8,120248194706870278,2,2,2,0,0,0,2,1
2026-08-19,120248194773590278,[AFS] [F3] [Noluthando Mthembu] V9,120248194706870278,6,6,6,0,0,0,14,4
2026-08-19,120248194776310278,[AFS] [F3] [Noluthando Mthembu] V10,120248194706870278,1,1,1,0,0,0,31,1
2026-08-19,120248194807000278,[AFS] [F3] [Nolwazi Msimang] V1,120248194806880278,1,1,1,0,0,0,0,0
2026-08-19,120248194839940278,[AFS] [F3] [Nolwazi Msimang] V3,120248194806880278,113,113,113,0,0,0,260,58
2026-08-19,120248194843970278,[AFS] [F3] [Nolwazi Msimang] V4,120248194806880278,34,34,34,0,0,0,92,21
2026-08-19,120248194848660278,[AFS] [F3] [Nolwazi Msimang] V5,120248194806880278,2,2,2,0,0,0,1,1
2026-08-19,120248194855950278,[AFS] [F3] [Nolwazi Msimang] V6,120248194806880278,131,131,131,0,0,0,317,71
2026-08-19,120248194860260278,[AFS] [F3] [Nolwazi Msimang] V7,120248194806880278,15,15,15,0,0,0,24,5
2026-08-19,120248194870530278,[AFS] [F3] [Nolwazi Msimang] V9,120248194806880278,34,34,34,0,0,0,108,20
2026-08-19,120248194877530278,[AFS] [F3] [Nolwazi Msimang] V10,120248194806880278,20,20,20,0,0,0,31,10
2026-08-19,120248194936950278,[AFS] [F3] [Nqobileka Mshengu] V1,120248194936940278,5,5,5,0,0,0,0,0
2026-08-19,120248194966120278,[AFS] [F3] [Nqobileka Mshengu] V2,120248194936940278,115,115,115,0,0,0,259,60
2026-08-19,120248194967740278,[AFS] [F3] [Nqobileka Mshengu] V3,120248194936940278,46,46,46,0,0,0,125,25
2026-08-19,120248194972070278,[AFS] [F3] [Nqobileka Mshengu] V4,120248194936940278,7,7,7,0,0,0,6,3
2026-08-19,120248195093810278,[AFS] [F3] [Nqobileka Mshengu] V5,120248194936940278,96,96,96,0,0,0,244,54
2026-08-19,120248195103230278,[AFS] [F3] [Nqobileka Mshengu] V6,120248194936940278,27,27,27,0,0,0,96,21
2026-08-19,120248195118160278,[AFS] [F3] [Nqobileka Mshengu] V8,120248194936940278,24,24,24,0,0,0,59,13
2026-08-19,120248195123120278,[AFS] [F3] [Nqobileka Mshengu] V9,120248194936940278,3,3,3,0,0,0,6,2
2026-08-19,120248195154290278,[AFS] [F3] [Zimasa Mhlongo] V1,120248195154280278,1,1,1,0,0,0,1,1
2026-08-19,120248195176820278,[AFS] [F3] [Zimasa Mhlongo] V2,120248195154280278,7,7,7,0,0,0,7,4
2026-08-19,120248195180860278,[AFS] [F3] [Zimasa Mhlongo] V3,120248195154280278,10,10,10,0,0,0,22,6
2026-08-19,120248195197960278,[AFS] [F3] [Zimasa Mhlongo] V4,120248195154280278,269,269,269,0,0,0,696,140
2026-08-19,120248195199510278,[AFS] [F3] [Zimasa Mhlongo] V5,120248195154280278,17,17,17,0,0,0,13,4
2026-08-19,120248195204360278,[AFS] [F3] [Zimasa Mhlongo] V7,120248195154280278,6,6,6,0,0,0,24,2
2026-08-19,120248195205910278,[AFS] [F3] [Zimasa Mhlongo] V8,120248195154280278,9,9,9,0,0,0,6,1
2026-08-19,120248195210880278,[AFS] [F3] [Zimasa Mhlongo] V9,120248195154280278,2,2,2,0,0,0,0,0
2026-08-19,120248195213230278,[AFS] [F3] [Zimasa Mhlongo] V10,120248195154280278,3,3,3,0,0,0,1,1
2026-08-19,120253079044420281,,,0,0,0,0,0,0,1,1
2026-08-19,120253138745550281,,,0,0,0,0,0,0,4,1
2026-08-19,120253141780200281,,,0,0,0,0,0,0,1,1
2026-08-19,120253141941400281,,,0,0,0,0,0,0,1,1
2026-08-19,120253142290360281,,,0,0,0,0,0,0,5,1
2026-08-19,120253167657030281,,,0,0,0,0,0,0,5,1
2026-08-19,120253168399990281,,,0,0,0,0,0,0,3,1
2026-08-19,120253225026480281,,,0,0,0,0,0,0,1,1
2026-08-19,120253225638960281,,,0,0,0,0,0,0,1,1
2026-08-19,120253303657180281,,,0,0,0,0,0,0,1,1
2026-08-19,120253303916230281,,,0,0,0,0,0,0,12,1
2026-08-19,120253406659640281,,,0,0,0,0,0,0,1,1
2026-08-19,120253406694290281,,,0,0,0,0,0,0,1,1
2026-08-19,120253407003410281,,,0,0,0,0,0,0,2,1
2026-08-19,120253407759380281,,,0,0,0,0,0,0,4,2
2026-08-19,120253415654240281,,,0,0,0,0,0,0,3,1
2026-08-19,120253415685920281,,,0,0,0,0,0,0,1,1
2026-08-19,120253422900530281,,,0,0,0,0,0,0,3,1
2026-08-19,120253423000780281,,,0,0,0,0,0,0,3,1
2026-08-19,120253423005460281,,,0,0,0,0,0,0,4,1
2026-08-19,120253423013640281,,,0,0,0,0,0,0,2,1
2026-08-19,120253423035590281,,,0,0,0,0,0,0,1,1
2026-08-19,120253428739300281,,,0,0,0,0,0,0,2,1
2026-08-19,120253428755700281,,,0,0,0,0,0,0,2,1
2026-08-19,120253463585430281,,,0,0,0,0,0,0,2,1
2026-08-19,120253665881380281,[AFS] [F3] [Noluthando Makhanya] V4,120253665771940281,404,404,404,0,0,0,1711,396
2026-08-19,120253665893600281,[AFS] [F3] [Noluthando Makhanya] V5,120253665771940281,1,1,1,0,0,0,0,0
2026-08-19,120253665904310281,[AFS] [F3] [Noluthando Makhanya] V7,120253665771940281,17,17,17,0,0,0,54,19
2026-08-19,120253665910190281,,,0,0,0,0,0,0,1,1
2026-08-19,120253665946580281,[AFS] [F3] [Noluthando Makhanya] V10,120253665771940281,52,52,52,0,0,0,179,54
2026-08-19,120253666333460281,[AFS] [F3] [Sinethemba Mthembu] V1,120253666333490281,150,150,150,0,0,0,498,136
2026-08-19,120253666527630281,[AFS] [F3] [Sinethemba Mthembu] V5,120253666333490281,89,89,89,0,0,0,204,61
2026-08-19,120253666532760281,[AFS] [F3] [Sinethemba Mthembu] V6,120253666333490281,201,201,201,0,0,0,674,187
2026-08-19,120253666628200281,[AFS] [F3] [Sinethemba Mthembu] V7,120253666333490281,1,1,1,0,0,0,0,0
2026-08-19,120253667384950281,,,0,0,0,0,0,0,8,1
2026-08-19,120253667485200281,[AFS] [F3] [Nqobile Mkhwanazi] V5,120253667302360281,1,1,1,0,0,0,33,2
2026-08-19,120253667521110281,[AFS] [F3] [Nqobile Mkhwanazi] V7,120253667302360281,19,19,19,0,0,0,50,15
2026-08-19,120253667533570281,,,0,0,0,0,0,0,1,1
2026-08-19,120253667542940281,[AFS] [F3] [Nqobile Mkhwanazi] V9,120253667302360281,1,1,1,0,0,0,10,2
2026-08-19,120253667644420281,,,0,0,0,0,0,0,4,1
2026-08-19,120253667649010281,,,0,0,0,0,0,0,3,3
2026-08-19,120253667663120281,[AFS] [F3] [Zandile Hlatshwayo] V6,120253667581330281,1,1,1,0,0,0,2,1
2026-08-19,120253667668650281,[AFS] [F3] [Zandile Hlatshwayo] V7,120253667581330281,15,15,15,0,0,0,39,17
2026-08-19,120253667678500281,[AFS] [F3] [Zandile Hlatshwayo] V8,120253667581330281,24,24,24,0,0,0,94,28
2026-08-19,120253667683750281,,,0,0,0,0,0,0,3,3
2026-08-19,120253701667190281,,,0,0,0,0,0,0,2,2
2026-08-19,120253703504330281,[AFS] [F3] [Karabo Mokoatle] V1,120253703504250281,1,1,1,0,0,0,0,0
2026-08-19,120253703606030281,[AFS] [F3] [Karabo Mokoatle] V2,120253703504250281,1,1,1,0,0,0,1,1
2026-08-19,120253703658800281,[AFS] [F3] [Karabo Mokoatle] V8,120253703504250281,427,427,427,0,0,0,1152,352
2026-08-19,120253703696820281,[AFS] [F3] [Karabo Mokoatle] V10,120253703504250281,2,2,2,0,0,0,0,0
2026-08-19,120253703724550281,,,0,0,0,0,0,0,1,1
2026-08-19,120253703768810281,,,0,0,0,0,0,0,3,1
2026-08-19,120253703780420281,[AFS] [F3] [Zethembiso Motaung] V4,120253703724520281,19,19,19,0,0,0,101,15
2026-08-19,120253703796370281,[AFS] [F3] [Zethembiso Motaung] V5,120253703724520281,24,24,24,0,0,0,116,19
2026-08-19,120253703813950281,[AFS] [F3] [Zethembiso Motaung] V6,120253703724520281,41,41,41,0,0,0,120,30
2026-08-19,120253703815990281,[AFS] [F3] [Zethembiso Motaung] V7,120253703724520281,20,20,20,0,0,0,62,20
2026-08-19,120253703818060281,[AFS] [F3] [Zethembiso Motaung] V8,120253703724520281,1,1,1,0,0,0,7,1
2026-08-19,120253703821200281,[AFS] [F3] [Zethembiso Motaung] V9,120253703724520281,1,1,1,0,0,0,8,5
2026-08-19,120253703824100281,[AFS] [F3] [Zethembiso Motaung] V10,120253703724520281,24,24,24,0,0,0,81,22
2026-08-19,120253703920400281,[AFS] [F3] [Sibongakonke Masebe] V5,120253703839970281,2,2,2,0,0,0,13,4
2026-08-19,120253703937850281,[AFS] [F3] [Sibongakonke Masebe] V7,120253703839970281,33,33,33,0,0,0,98,31
2026-08-19,120253703958890281,[AFS] [F3] [Sibongakonke Masebe] V10,120253703839970281,2,2,2,0,0,0,5,2
2026-08-19,120253703989530281,[AFS] [F3] [Hlompho Masilela] V1,120253703989720281,1,1,1,0,0,0,1,1
2026-08-19,120253704028180281,[AFS] [F3] [Hlompho Masilela] V2,120253703989720281,14,14,14,0,0,0,43,15
2026-08-19,120253704038100281,[AFS] [F3] [Hlompho Masilela] V3,120253703989720281,53,53,53,0,0,0,127,41
2026-08-19,120253704062640281,,,0,0,0,0,0,0,6,5
2026-08-19,120253704070820281,[AFS] [F3] [Hlompho Masilela] V7,120253703989720281,1,1,1,0,0,0,10,1
2026-08-19,120253704081240281,,,0,0,0,0,0,0,1,1
2026-08-19,120253704087580281,[AFS] [F3] [Hlompho Masilela] V9,120253703989720281,7,7,7,0,0,0,30,12
2026-08-19,120253761401900281,[AFS] [F3] [Kholeka Maphanga] V1,120253761401760281,1,1,1,0,0,0,5,2
2026-08-19,120253761442800281,[AFS] [F3] [Kholeka Maphanga] V2,120253761401760281,1,1,1,0,0,0,2,1
2026-08-19,120253761454530281,[AFS] [F3] [Kholeka Maphanga] V4,120253761401760281,1,1,1,0,0,0,5,2
2026-08-19,120253761460060281,[AFS] [F3] [Kholeka Maphanga] V5,120253761401760281,11,11,11,0,0,0,24,13
2026-08-19,120253761463910281,[AFS] [F3] [Kholeka Maphanga] V6,120253761401760281,1,1,1,0,0,0,9,3
2026-08-19,120253761476630281,,,0,0,0,0,0,0,1,1
2026-08-19,120253761546640281,[AFS] [F3] [Nomusa Mzizi] V1,120253761546630281,26,26,26,0,0,0,86,19
2026-08-19,120253761590460281,[AFS] [F3] [Nomusa Mzizi] V3,120253761546630281,1,1,1,0,0,0,1,1
2026-08-19,120253761602770281,[AFS] [F3] [Nomusa Mzizi] V5,120253761546630281,18,18,18,0,0,0,69,17
2026-08-19,120253761609070281,,,0,0,0,0,0,0,3,3
2026-08-19,120253761614690281,[AFS] [F3] [Nomusa Mzizi] V7,120253761546630281,25,25,25,0,0,0,78,21
2026-08-19,120253761619860281,[AFS] [F3] [Nomusa Mzizi] V8,120253761546630281,1,1,1,0,0,0,7,3
2026-08-19,120253761623700281,[AFS] [F3] [Nomusa Mzizi] V9,120253761546630281,29,29,29,0,0,0,127,24
2026-08-19,120253761627390281,,,0,0,0,0,0,0,1,1
2026-08-20,120247357080980278,,,0,0,0,0,0,0,3,1
2026-08-20,120247357081010278,[AFS] [F3] [AMARA OKAFOR] V6,120247357080990278,40,40,40,0,0,0,114,30
2026-08-20,120247357081050278,[AFS] [F3] [AMARA OKAFOR] V4,120247357080990278,1,1,1,0,0,0,2,2
2026-08-20,120247357457050278,,,0,0,0,0,0,0,1,1
2026-08-20,120247357457070278,,,0,0,0,0,0,0,4,3
2026-08-20,120247357457100278,,,0,0,0,0,0,0,2,1
2026-08-20,120247358420060278,,,0,0,0,0,0,0,2,2
2026-08-20,120247358420070278,,,0,0,0,0,0,0,2,2
2026-08-20,120247359464720278,[AFS] [F3] [NOMVULA MOKOENA] V6,120247359464690278,2,2,2,0,0,0,3,2
2026-08-20,120247360141410278,[AFS] [F3] [CHIPO MOYO]  V6,120247360141370278,42,42,42,0,0,0,101,38
2026-08-20,120247360141470278,[AFS] [F3] [CHIPO MOYO]  V5,120247360141370278,1,1,1,0,0,0,4,1
2026-08-20,120247360141480278,[AFS] [F3] [CHIPO MOYO]  V4,120247360141370278,1,1,1,0,0,0,3,1
2026-08-20,120247360141490278,[AFS] [F3] [CHIPO MOYO]  V2,120247360141370278,38,38,38,0,0,0,143,34
2026-08-20,120247360356790278,,,0,0,0,0,0,0,3,1
2026-08-20,120247360356820278,,,0,0,0,0,0,0,1,1
2026-08-20,120247360356830278,,,0,0,0,0,0,0,1,1
2026-08-20,120247360531040278,,,0,0,0,0,0,0,6,2
2026-08-20,120247360531120278,,,0,0,0,0,0,0,3,1
2026-08-20,120247360531140278,,,0,0,0,0,0,0,5,3
2026-08-20,120247382323040278,[AFS] [F3] [WANGARI KAMAU] V4,120247382322970278,33,33,33,0,0,0,113,26
2026-08-20,120247382323050278,[AFS] [F3] [WANGARI KAMAU] V6,120247382322970278,3,3,3,0,0,0,18,8
2026-08-20,120247382323060278,[AFS] [F3] [WANGARI KAMAU] V5,120247382322970278,29,29,29,0,0,0,57,20
2026-08-20,120247382323070278,,,0,0,0,0,0,0,2,2
2026-08-20,120247382323080278,[AFS] [F3] [WANGARI KAMAU] V3,120247382322970278,31,31,31,0,0,0,52,18
2026-08-20,120247382323090278,[AFS] [F3] [WANGARI KAMAU] V1,120247382322970278,2,2,2,0,0,0,14,5
2026-08-20,120247488168300278,,,0,0,0,0,0,0,2,1
2026-08-20,120247488215910278,,,0,0,0,0,0,0,1,1
2026-08-20,120247488220950278,,,0,0,0,0,0,0,1,1
2026-08-20,120247488230320278,,,0,0,0,0,0,0,29,3
2026-08-20,120247488259350278,[AFS] [F3] [LUNGILE HADEBE] V1,120247488259330278,61,61,61,0,0,0,172,39
2026-08-20,120247488474100278,,,0,0,0,0,0,0,7,2
2026-08-20,120247488660110278,,,0,0,0,0,0,0,3,2
2026-08-20,120247488793560278,,,0,0,0,0,0,0,1,1
2026-08-20,120247488827940278,,,0,0,0,0,0,0,4,3
2026-08-20,120247488968980278,[AFS] [F3] [NOURBESE ACHEBE] V2,120247488930090278,3,3,3,0,0,0,7,2
2026-08-20,120247489010590278,[AFS] [F3] [NOURBESE ACHEBE] V4,120247488930090278,1,1,1,0,0,0,2,1
2026-08-20,120247506197150278,,,0,0,0,0,0,0,1,1
2026-08-20,120247506249690278,,,0,0,0,0,0,0,2,1
2026-08-20,120247506424250278,,,0,0,0,0,0,0,1,1
2026-08-20,120247506542160278,,,0,0,0,0,0,0,5,3
2026-08-20,120247506560570278,,,0,0,0,0,0,0,2,1
2026-08-20,120247566362420278,,,0,0,0,0,0,0,1,1
2026-08-20,120247566558640278,,,0,0,0,0,0,0,1,1
2026-08-20,120247753268600278,[AFS] [F3] [Siphesihle Cele] V1,120247753268510278,1,1,1,0,0,0,0,0
2026-08-20,120247753333380278,[AFS] [F3] [Siphesihle Cele] V2,120247753268510278,27,27,27,0,0,0,55,17
2026-08-20,120247753343390278,[AFS] [F3] [Siphesihle Cele] V4,120247753268510278,1,1,1,0,0,0,7,2
2026-08-20,120247753359010278,,,0,0,0,0,0,0,1,1
2026-08-20,120247753631300278,,,0,0,0,0,0,0,1,1
2026-08-20,120247753639190278,,,0,0,0,0,0,0,2,1
2026-08-20,120247753647720278,[AFS] [F3] [Khanyisa Zwane] V4,120247753572060278,38,38,38,0,0,0,127,37
2026-08-20,120247753859960278,[AFS] [F3] [Khanyisile Nxumalo] V2,120247753837740278,44,44,44,0,0,0,189,46
2026-08-20,120247753901780278,[AFS] [F3] [Khanyisile Nxumalo] V6,120247753837740278,1,1,1,0,0,0,0,0
2026-08-20,120247768363360278,,,0,0,0,0,0,0,1,1
2026-08-20,120247794228160278,,,0,0,0,0,0,0,2,1
2026-08-20,120247797143890278,,,0,0,0,0,0,0,1,1
2026-08-20,120247822219180278,,,0,0,0,0,0,0,19,1
2026-08-20,120247822275040278,,,0,0,0,0,0,0,1,1
2026-08-20,120247852377810278,,,0,0,0,0,0,0,3,1
2026-08-20,120247852565710278,,,0,0,0,0,0,0,2,1
2026-08-20,120247856005940278,,,0,0,0,0,0,0,1,1
2026-08-20,120247856009420278,,,0,0,0,0,0,0,2,1
2026-08-20,120247856141810278,,,0,0,0,0,0,0,1,1
2026-08-20,120247856415450278,,,0,0,0,0,0,0,1,1
2026-08-20,120247856660550278,,,0,0,0,0,0,0,4,1
2026-08-20,120248013980050278,[AFS] [F3] [Khanyisile Nxumalo] V8,120247753837740278,16,16,16,0,0,0,50,16
2026-08-20,120248013986740278,,,0,0,0,0,0,0,11,1
2026-08-20,120248014002370278,[AFS] [F3] [Khanyisile Nxumalo] V12,120247753837740278,1,1,1,0,0,0,3,1
2026-08-20,120248014007790278,,,0,0,0,0,0,0,2,1
2026-08-20,120248014016860278,,,0,0,0,0,0,0,7,2
2026-08-20,120248014031360278,[AFS] [F3] [Khanyisile Nxumalo] V16,120247753837740278,38,38,38,0,0,0,135,31
2026-08-20,120248014304990278,[AFS] [F3] [Khanyisa Zwane] V8,120247753572060278,2,2,2,0,0,0,9,3
2026-08-20,120248014331980278,[AFS] [F3] [Khanyisa Zwane] V11,120247753572060278,31,31,31,0,0,0,70,24
2026-08-20,120248014354790278,[AFS] [F3] [Khanyisa Zwane] V14,120247753572060278,28,28,28,0,0,0,83,23
2026-08-20,120248014357340278,,,0,0,0,0,0,0,2,1
2026-08-20,120248014851080278,[AFS] [F3] [Siphesihle Cele] V8,120247753268510278,1,1,1,0,0,0,0,0
2026-08-20,120248014943290278,,,0,0,0,0,0,0,2,2
2026-08-20,120248014983880278,,,0,0,0,0,0,0,2,1
2026-08-20,120248014989930278,,,0,0,0,0,0,0,3,2
2026-08-20,120248015021780278,[AFS] [F3] [Siphesihle Cele] V14,120247753268510278,32,32,32,0,0,0,64,22
2026-08-20,120248015027340278,[AFS] [F3] [Siphesihle Cele] V15,120247753268510278,38,38,38,0,0,0,157,27
2026-08-20,120248015032800278,,,0,0,0,0,0,0,1,1
2026-08-20,120248015539040278,[AFS] [F3] [Yonela Mnguni] V7,120247753719120278,1,1,1,0,0,0,5,2
2026-08-20,120248015591980278,[AFS] [F3] [Yonela Mnguni] V10,120247753719120278,1,1,1,0,0,0,0,0
2026-08-20,120248015964290278,[AFS] [F3] [Luyanda Mbatha] V8,120247852291590278,1,1,1,0,0,0,2,2
2026-08-20,120248015981890278,,,0,0,0,0,0,0,6,2
2026-08-20,120248016058110278,,,0,0,0,0,0,0,1,1
2026-08-20,120248037146600278,[AFS] [F3] [NOURBESE ACHEBE] V8,120247488930090278,19,19,19,0,0,0,47,18
2026-08-20,120248037148270278,[AFS] [F3] [NOURBESE ACHEBE] V9,120247488930090278,1,1,1,0,0,0,0,0
2026-08-20,120248037149900278,[AFS] [F3] [NOURBESE ACHEBE] V10,120247488930090278,29,29,29,0,0,0,86,23
2026-08-20,120248037151710278,[AFS] [F3] [NOURBESE ACHEBE] V11,120247488930090278,2,2,2,0,0,0,2,2
2026-08-20,120248037242460278,,,0,0,0,0,0,0,6,4
2026-08-20,120248037259710278,[AFS] [F3] [LUNGILE HADEBE] V13,120247488259330278,28,28,28,0,0,0,85,27
2026-08-20,120248037378470278,[AFS] [F3] [CHIPO MOYO]  V11,120247360141370278,26,26,26,0,0,0,113,16
2026-08-20,120248037384100278,,,0,0,0,0,0,0,2,1
2026-08-20,120248037402540278,,,0,0,0,0,0,0,1,1
2026-08-20,120248037418040278,,,0,0,0,0,0,0,1,1
2026-08-20,120248037484310278,[AFS] [F3] [AMINATA DIALLO] V9,120247358419970278,1,1,1,0,0,0,5,1
2026-08-20,120248037487480278,[AFS] [F3] [AMINATA DIALLO] V10,120247358419970278,16,16,16,0,0,0,28,14
2026-08-20,120248037496400278,,,0,0,0,0,0,0,2,2
2026-08-20,120248037498990278,[AFS] [F3] [AMINATA DIALLO] V13,120247358419970278,22,22,22,0,0,0,42,13
2026-08-20,120248037551200278,[AFS] [F3] [AMARA OKAFOR] V7,120247357080990278,1,1,1,0,0,0,6,2
2026-08-20,120248037567290278,[AFS] [F3] [AMARA OKAFOR] V9,120247357080990278,1,1,1,0,0,0,0,0
2026-08-20,120248037581340278,[AFS] [F3] [AMARA OKAFOR] V13,120247357080990278,35,35,35,0,0,0,92,25
2026-08-20,120248037598010278,,,0,0,0,0,0,0,1,1
2026-08-20,120248037736060278,,,0,0,0,0,0,0,3,2
2026-08-20,120248037745600278,[AFS] [F3] [NOMVULA MOKOENA] V11,120247359464690278,4,4,4,0,0,0,23,6
2026-08-20,120248037755210278,,,0,0,0,0,0,0,1,1
2026-08-20,120248037841630278,[AFS] [F3] [BONGEKILE ZUNGU] V7,120247506168050278,30,30,30,0,0,0,60,20
2026-08-20,120248037871170278,,,0,0,0,0,0,0,3,1
2026-08-20,120248037889530278,[AFS] [F3] [BONGEKILE ZUNGU] V12,120247506168050278,20,20,20,0,0,0,84,17
2026-08-20,120248037907790278,[AFS] [F3] [BONGEKILE ZUNGU] V14,120247506168050278,27,27,27,0,0,0,83,22
2026-08-20,120248037951360278,[AFS] [F3] [MBALI BUTHELEZI] V7,120247506424170278,45,45,45,0,0,0,182,35
2026-08-20,120248037968460278,[AFS] [F3] [MBALI BUTHELEZI] V8,120247506424170278,1,1,1,0,0,0,2,1
2026-08-20,120248037978210278,[AFS] [F3] [MBALI BUTHELEZI] V9,120247506424170278,41,41,41,0,0,0,120,34
2026-08-20,120248037983800278,[AFS] [F3] [MBALI BUTHELEZI] V10,120247506424170278,31,31,31,0,0,0,84,17
2026-08-20,120248037988730278,[AFS] [F3] [MBALI BUTHELEZI] V11,120247506424170278,1,1,1,0,0,0,1,1
2026-08-20,120248038023970278,[AFS] [F3] [WANGARI KAMAU] V7,120247382322970278,27,27,27,0,0,0,105,22
2026-08-20,120248038047290278,[AFS] [F3] [WANGARI KAMAU] V8,120247382322970278,28,28,28,0,0,0,57,16
2026-08-20,120248038053810278,[AFS] [F3] [WANGARI KAMAU] V10,120247382322970278,4,4,4,0,0,0,25,7
2026-08-20,120248166681390278,,,0,0,0,0,0,0,2,1
2026-08-20,120248166770820278,[AFS] [F3] [Thandoluhle Mabuza] V6,120248166599060278,1,1,1,0,0,0,0,0
2026-08-20,120248166804580278,[AFS] [F3] [Noluthando Mbhele] V1,120248166804780278,1,1,1,0,0,0,3,1
2026-08-20,120248166825390278,[AFS] [F3] [Noluthando Mbhele] V2,120248166804780278,171,171,171,0,0,0,524,120
2026-08-20,120248166829070278,[AFS] [F3] [Noluthando Mbhele] V3,120248166804780278,85,85,85,0,0,0,206,60
2026-08-20,120248166833800278,[AFS] [F3] [Noluthando Mbhele] V4,120248166804780278,143,143,143,0,0,0,329,100
2026-08-20,120248166842190278,[AFS] [F3] [Noluthando Mbhele] V6,120248166804780278,1,1,1,0,0,0,0,0
2026-08-20,120248166847040278,[AFS] [F3] [Noluthando Mbhele] V7,120248166804780278,5,5,5,0,0,0,3,2
2026-08-20,120248166849750278,[AFS] [F3] [Noluthando Mbhele] V8,120248166804780278,3,3,3,0,0,0,3,1
2026-08-20,120248166883820278,[AFS] [F3] [Thembisile Mkhonto ] V3,120248166866480278,1,1,1,0,0,0,2,1
2026-08-20,120248166888580278,[AFS] [F3] [Thembisile Mkhonto ] V4,120248166866480278,8,8,8,0,0,0,15,6
2026-08-20,120248166893280278,[AFS] [F3] [Thembisile Mkhonto ] V5,120248166866480278,47,47,47,0,0,0,150,38
2026-08-20,120248166905440278,[AFS] [F3] [Thembisile Mkhonto ] V7,120248166866480278,37,37,37,0,0,0,99,26
2026-08-20,120248166916950278,[AFS] [F3] [Thembisile Mkhonto ] V9,120248166866480278,259,259,259,0,0,0,589,142
2026-08-20,120248166921880278,[AFS] [F3] [Thembisile Mkhonto ] V10,120248166866480278,4,4,4,0,0,0,13,3
2026-08-20,120248166938060278,[AFS] [F3] [Thandolwethu Mzolo] V1,120248166938070278,372,372,372,0,0,0,1203,273
2026-08-20,120248166951260278,[AFS] [F3] [Thandolwethu Mzolo] V2,120248166938070278,3,3,3,0,0,0,15,1
2026-08-20,120248166957800278,[AFS] [F3] [Thandolwethu Mzolo] V4,120248166938070278,151,151,151,0,0,0,458,105
2026-08-20,120248166974680278,[AFS] [F3] [Thandolwethu Mzolo] V10,120248166938070278,1,1,1,0,0,0,3,2
2026-08-20,120248194361080278,[AFS] [F3] [Siyamthanda Khumalo] V1,120248194360980278,1,1,1,0,0,0,0,0
2026-08-20,120248194706920278,[AFS] [F3] [Noluthando Mthembu] V1,120248194706870278,14,14,14,0,0,0,24,7
2026-08-20,120248194739500278,[AFS] [F3] [Noluthando Mthembu] V2,120248194706870278,23,23,23,0,0,0,86,15
2026-08-20,120248194745270278,[AFS] [F3] [Noluthando Mthembu] V3,120248194706870278,97,97,97,0,0,0,258,50
2026-08-20,120248194756580278,[AFS] [F3] [Noluthando Mthembu] V4,120248194706870278,3,3,3,0,0,0,0,0
2026-08-20,120248194761320278,[AFS] [F3] [Noluthando Mthembu] V5,120248194706870278,122,122,122,0,0,0,251,73
2026-08-20,120248194763740278,[AFS] [F3] [Noluthando Mthembu] V6,120248194706870278,4,4,4,0,0,0,3,1
2026-08-20,120248194767240278,[AFS] [F3] [Noluthando Mthembu] V7,120248194706870278,23,23,23,0,0,0,43,20
2026-08-20,120248194773590278,[AFS] [F3] [Noluthando Mthembu] V9,120248194706870278,4,4,4,0,0,0,12,6
2026-08-20,120248194836970278,[AFS] [F3] [Nolwazi Msimang] V2,120248194806880278,1,1,1,0,0,0,1,1
2026-08-20,120248194839940278,[AFS] [F3] [Nolwazi Msimang] V3,120248194806880278,14,14,14,0,0,0,49,17
2026-08-20,120248194843970278,[AFS] [F3] [Nolwazi Msimang] V4,120248194806880278,55,55,55,0,0,0,146,31
2026-08-20,120248194848660278,[AFS] [F3] [Nolwazi Msimang] V5,120248194806880278,5,5,5,0,0,0,6,1
2026-08-20,120248194855950278,[AFS] [F3] [Nolwazi Msimang] V6,120248194806880278,144,144,144,0,0,0,436,93
2026-08-20,120248194860260278,[AFS] [F3] [Nolwazi Msimang] V7,120248194806880278,15,15,15,0,0,0,46,11
2026-08-20,120248194870530278,[AFS] [F3] [Nolwazi Msimang] V9,120248194806880278,41,41,41,0,0,0,76,20
2026-08-20,120248194877530278,[AFS] [F3] [Nolwazi Msimang] V10,120248194806880278,25,25,25,0,0,0,64,18
2026-08-20,120248194966120278,[AFS] [F3] [Nqobileka Mshengu] V2,120248194936940278,86,86,86,0,0,0,229,53
2026-08-20,120248194967740278,[AFS] [F3] [Nqobileka Mshengu] V3,120248194936940278,13,13,13,0,0,0,45,13
2026-08-20,120248194972070278,[AFS] [F3] [Nqobileka Mshengu] V4,120248194936940278,5,5,5,0,0,0,24,8
2026-08-20,120248195093810278,[AFS] [F3] [Nqobileka Mshengu] V5,120248194936940278,82,82,82,0,0,0,186,45
2026-08-20,120248195103230278,[AFS] [F3] [Nqobileka Mshengu] V6,120248194936940278,16,16,16,0,0,0,73,14
2026-08-20,120248195118160278,[AFS] [F3] [Nqobileka Mshengu] V8,120248194936940278,35,35,35,0,0,0,74,19
2026-08-20,120248195123120278,[AFS] [F3] [Nqobileka Mshengu] V9,120248194936940278,8,8,8,0,0,0,35,6
2026-08-20,120248195176820278,[AFS] [F3] [Zimasa Mhlongo] V2,120248195154280278,6,6,6,0,0,0,20,4
2026-08-20,120248195180860278,[AFS] [F3] [Zimasa Mhlongo] V3,120248195154280278,6,6,6,0,0,0,20,5
2026-08-20,120248195197960278,[AFS] [F3] [Zimasa Mhlongo] V4,120248195154280278,178,178,178,0,0,0,365,111
2026-08-20,120248195199510278,[AFS] [F3] [Zimasa Mhlongo] V5,120248195154280278,12,12,12,0,0,0,20,6
2026-08-20,120248195204360278,[AFS] [F3] [Zimasa Mhlongo] V7,120248195154280278,10,10,10,0,0,0,9,3
2026-08-20,120248195205910278,[AFS] [F3] [Zimasa Mhlongo] V8,120248195154280278,8,8,8,0,0,0,2,1
2026-08-20,120248195210880278,[AFS] [F3] [Zimasa Mhlongo] V9,120248195154280278,6,6,6,0,0,0,7,4
2026-08-20,120248195213230278,[AFS] [F3] [Zimasa Mhlongo] V10,120248195154280278,2,2,2,0,0,0,4,1
2026-08-20,120248206576590278,[AFS] [F3] [Yanga Mhlabeni] V1,120248206576530278,45,45,45,0,0,0,67,23
2026-08-20,120248206626550278,[AFS] [F3] [Yanga Mhlabeni] V2,120248206576530278,329,329,329,0,0,0,1014,179
2026-08-20,120248206637910278,[AFS] [F3] [Yanga Mhlabeni] V4,120248206576530278,1,1,1,0,0,0,0,0
2026-08-20,120248206644020278,[AFS] [F3] [Yanga Mhlabeni] V5,120248206576530278,22,22,22,0,0,0,27,7
2026-08-20,120248206650770278,[AFS] [F3] [Yanga Mhlabeni] V7,120248206576530278,3,3,3,0,0,0,4,2
2026-08-20,120248206654960278,[AFS] [F3] [Yanga Mhlabeni] V8,120248206576530278,5,5,5,0,0,0,35,1
2026-08-20,120248206657430278,[AFS] [F3] [Yanga Mhlabeni] V9,120248206576530278,1,1,1,0,0,0,1,1
2026-08-20,120248206684060278,[AFS] [F3] [Lindiwe Gcaba] V1,120248206683980278,4,4,4,0,0,0,4,2
2026-08-20,120248206699660278,[AFS] [F3] [Lindiwe Gcaba] V2,120248206683980278,1,1,1,0,0,0,3,1
2026-08-20,120248206704810278,[AFS] [F3] [Lindiwe Gcaba] V3,120248206683980278,42,42,42,0,0,0,117,22
2026-08-20,120248206708180278,[AFS] [F3] [Lindiwe Gcaba] V4,120248206683980278,1,1,1,0,0,0,0,0
2026-08-20,120248206712470278,[AFS] [F3] [Lindiwe Gcaba] V5,120248206683980278,45,45,45,0,0,0,114,20
2026-08-20,120248206717980278,[AFS] [F3] [Lindiwe Gcaba] V6,120248206683980278,5,5,5,0,0,0,19,2
2026-08-20,120248206723170278,[AFS] [F3] [Lindiwe Gcaba] V7,120248206683980278,378,378,378,0,0,0,927,187
2026-08-20,120248206726560278,[AFS] [F3] [Lindiwe Gcaba] V8,120248206683980278,3,3,3,0,0,0,5,2
2026-08-20,120248206730280278,[AFS] [F3] [Lindiwe Gcaba] V9,120248206683980278,3,3,3,0,0,0,1,1
2026-08-20,120248206732090278,[AFS] [F3] [Siyamthanda Khumalo] V4,120248194360980278,25,25,25,0,0,0,1,1
2026-08-20,120248206742290278,[AFS] [F3] [Lindiwe Gcaba] V10,120248206683980278,13,13,13,0,0,0,16,5
2026-08-20,120248206743780278,[AFS] [F3] [Siyamthanda Khumalo] V5,120248194360980278,1,1,1,0,0,0,0,0
2026-08-20,120248206756460278,[AFS] [F3] [Siyamthanda Khumalo] V6,120248194360980278,2,2,2,0,0,0,0,0
2026-08-20,120248206761620278,[AFS] [F3] [Siyamthanda Khumalo] V7,120248194360980278,1,1,1,0,0,0,0,0
2026-08-20,120248206772930278,[AFS] [F3] [Siyamthanda Khumalo] V9,120248194360980278,4,4,4,0,0,0,0,0
2026-08-20,120248206776980278,[AFS] [F3] [Siyamthanda Khumalo] V10,120248194360980278,169,169,169,0,0,0,13,7
2026-08-20,120248206787300278,[AFS] [F3] [Bukhosi Mthembeni] V2,120248206765540278,16,16,16,0,0,0,32,6
2026-08-20,120248206804380278,[AFS] [F3] [Bukhosi Mthembeni] V4,120248206765540278,369,369,369,0,0,0,855,186
2026-08-20,120248206807210278,[AFS] [F3] [Bukhosi Mthembeni] V5,120248206765540278,7,7,7,0,0,0,5,3
2026-08-20,120248206811830278,[AFS] [F3] [Bukhosi Mthembeni] V6,120248206765540278,2,2,2,0,0,0,0,0
2026-08-20,120248206822400278,[AFS] [F3] [Bukhosi Mthembeni] V8,120248206765540278,133,133,133,0,0,0,355,78
2026-08-20,120248206827130278,[AFS] [F3] [Bukhosi Mthembeni] V9,120248206765540278,2,2,2,0,0,0,0,0
2026-08-20,120248206906090278,[AFS] [F3] [Nokwanda Zwane] V1,120248206906000278,90,90,90,0,0,0,234,49
2026-08-20,120248206923650278,[AFS] [F3] [Nokwanda Zwane] V2,120248206906000278,14,14,14,0,0,0,31,4
2026-08-20,120248206926730278,[AFS] [F3] [Nokwanda Zwane] V3,120248206906000278,31,31,31,0,0,0,74,16
2026-08-20,120248206930410278,[AFS] [F3] [Nokwanda Zwane] V4,120248206906000278,41,41,41,0,0,0,63,22
2026-08-20,120248206934590278,[AFS] [F3] [Nokwanda Zwane] V5,120248206906000278,3,3,3,0,0,0,1,1
2026-08-20,120248206939760278,[AFS] [F3] [Nokwanda Zwane] V6,120248206906000278,5,5,5,0,0,0,12,2
2026-08-20,120248206945940278,[AFS] [F3] [Nokwanda Zwane] V7,120248206906000278,8,8,8,0,0,0,8,3
2026-08-20,120248206948870278,[AFS] [F3] [Nokwanda Zwane] V8,120248206906000278,22,22,22,0,0,0,43,11
2026-08-20,120248206958060278,[AFS] [F3] [Nokwanda Zwane] V9,120248206906000278,3,3,3,0,0,0,2,1
2026-08-20,120248206973050278,[AFS] [F3] [Nondumiso Mdletshe] V1,120248206972940278,2,2,2,0,0,0,6,1
2026-08-20,120248206986380278,[AFS] [F3] [Nondumiso Mdletshe] V2,120248206972940278,7,7,7,0,0,0,1,1
2026-08-20,120248206988160278,[AFS] [F3] [Nondumiso Mdletshe] V3,120248206972940278,91,91,91,0,0,0,182,43
2026-08-20,120248206989900278,[AFS] [F3] [Nondumiso Mdletshe] V4,120248206972940278,11,11,11,0,0,0,25,5
2026-08-20,120248206991790278,[AFS] [F3] [Nondumiso Mdletshe] V5,120248206972940278,182,182,182,0,0,0,504,89
2026-08-20,120248206993670278,[AFS] [F3] [Nondumiso Mdletshe] V6,120248206972940278,5,5,5,0,0,0,4,1
2026-08-20,120248206996450278,[AFS] [F3] [Nondumiso Mdletshe] V7,120248206972940278,18,18,18,0,0,0,31,8
2026-08-20,120248207003410278,[AFS] [F3] [Nondumiso Mdletshe] V8,120248206972940278,5,5,5,0,0,0,4,2
2026-08-20,120248207012780278,[AFS] [F3] [Nondumiso Mdletshe] V9,120248206972940278,1,1,1,0,0,0,3,1
2026-08-20,120248207016390278,[AFS] [F3] [Nondumiso Mdletshe] V10,120248206972940278,1,1,1,0,0,0,1,1
2026-08-20,120248207047610278,[AFS] [F3] [Thandoluhle Mabuza ] V1,120248207047560278,31,31,31,0,0,0,82,15
2026-08-20,120248207143140278,[AFS] [F3] [Thandoluhle Mabuza ] V2,120248207047560278,12,12,12,0,0,0,25,6
2026-08-20,120248207152480278,[AFS] [F3] [Thandoluhle Mabuza ] V3,120248207047560278,3,3,3,0,0,0,14,2
2026-08-20,120248207155460278,[AFS] [F3] [Thandoluhle Mabuza ] V4,120248207047560278,1,1,1,0,0,0,5,1
2026-08-20,120248207159750278,[AFS] [F3] [Thandoluhle Mabuza ] V5,120248207047560278,2,2,2,0,0,0,2,1
2026-08-20,120248207162510278,[AFS] [F3] [Thandoluhle Mabuza ] V6,120248207047560278,13,13,13,0,0,0,47,9
2026-08-20,120248207165040278,[AFS] [F3] [Thandoluhle Mabuza ] V7,120248207047560278,1,1,1,0,0,0,4,1
2026-08-20,120248207169180278,[AFS] [F3] [Thandoluhle Mabuza ] V8,120248207047560278,232,232,232,0,0,0,429,104
2026-08-20,120248207174990278,[AFS] [F3] [Thandoluhle Mabuza ] V9,120248207047560278,5,5,5,0,0,0,14,4
2026-08-20,120248207180450278,[AFS] [F3] [Thandoluhle Mabuza ] V10,120248207047560278,7,7,7,0,0,0,4,2
2026-08-20,120248372080200330,[RECEITASMENU] [BR] [F1] [Ariana Machado] V1,120248372080210330,72,72,72,0,0,0,0,0
2026-08-20,120248372134110330,[RECEITASMENU] [BR] [F1] [Ariana Machado] V2,120248372080210330,43,43,43,0,0,0,0,0
2026-08-20,120248372136990330,[RECEITASMENU] [BR] [F1] [Ariana Machado] V3,120248372080210330,305,305,305,0,0,0,0,0
2026-08-20,120248372139410330,[RECEITASMENU] [BR] [F1] [Ariana Machado] V4,120248372080210330,40,40,40,0,0,0,0,0
2026-08-20,120248372140590330,[RECEITASMENU] [BR] [F1] [Ariana Machado] V5,120248372080210330,8,8,8,0,0,0,0,0
2026-08-20,120248372142860330,[RECEITASMENU] [BR] [F1] [Ariana Machado] V6,120248372080210330,154,154,154,0,0,0,0,0
2026-08-20,120248372145280330,[RECEITASMENU] [BR] [F1] [Ariana Machado] V7,120248372080210330,25,25,25,0,0,0,0,0
2026-08-20,120248372148190330,[RECEITASMENU] [BR] [F1] [Ariana Machado] V8,120248372080210330,34,34,34,0,0,0,0,0
2026-08-20,120248372152310330,[RECEITASMENU] [BR] [F1] [Ariana Machado] V9,120248372080210330,162,162,162,0,0,0,0,0
2026-08-20,120248372154590330,[RECEITASMENU] [BR] [F1] [Ariana Machado] V10,120248372080210330,15,15,15,0,0,0,0,0
2026-08-20,120248372299290330,[RECEITASMENU] [BR] [F1] [Franciele Cardoso] V9 — Cópia,120248372192250330,164,164,164,0,0,0,0,0
2026-08-20,120248372299390330,[RECEITASMENU] [BR] [F1] [Franciele Cardoso] V8 — Cópia,120248372192250330,11,11,11,0,0,0,0,0
2026-08-20,120248372299400330,[RECEITASMENU] [BR] [F1] [Franciele Cardoso] V2 — Cópia,120248372192250330,11,11,11,0,0,0,0,0
2026-08-20,120248372299410330,[RECEITASMENU] [BR] [F1] [Franciele Cardoso] V1 — Cópia,120248372192250330,33,33,33,0,0,0,0,0
2026-08-20,120248372299420330,[RECEITASMENU] [BR] [F1] [Franciele Cardoso] V3 — Cópia,120248372192250330,126,126,126,0,0,0,0,0
2026-08-20,120248372299430330,[RECEITASMENU] [BR] [F1] [Franciele Cardoso] V5 — Cópia,120248372192250330,30,30,30,0,0,0,0,0
2026-08-20,120248372299440330,[RECEITASMENU] [BR] [F1] [Franciele Cardoso] V4 — Cópia,120248372192250330,86,86,86,0,0,0,0,0
2026-08-20,120248372299450330,[RECEITASMENU] [BR] [F1] [Franciele Cardoso] V6 — Cópia,120248372192250330,71,71,71,0,0,0,0,0
2026-08-20,120248372299460330,[RECEITASMENU] [BR] [F1] [Franciele Cardoso] V7 — Cópia,120248372192250330,23,23,23,0,0,0,0,0
2026-08-20,120253079044420281,,,0,0,0,0,0,0,1,1
2026-08-20,120253138745550281,,,0,0,0,0,0,0,9,1
2026-08-20,120253141499830281,,,0,0,0,0,0,0,3,1
2026-08-20,120253141501720281,,,0,0,0,0,0,0,2,1
2026-08-20,120253141747920281,,,0,0,0,0,0,0,2,1
2026-08-20,120253141941400281,,,0,0,0,0,0,0,1,1
2026-08-20,120253142036410281,,,0,0,0,0,0,0,6,1
2026-08-20,120253142290360281,,,0,0,0,0,0,0,3,1
2026-08-20,120253142306480281,,,0,0,0,0,0,0,1,1
2026-08-20,120253224989840281,,,0,0,0,0,0,0,3,1
2026-08-20,120253225026480281,,,0,0,0,0,0,0,3,1
2026-08-20,120253225638960281,,,0,0,0,0,0,0,1,1
2026-08-20,120253406623060281,,,0,0,0,0,0,0,4,2
2026-08-20,120253406891930281,,,0,0,0,0,0,0,7,3
2026-08-20,120253407402570281,,,0,0,0,0,0,0,1,1
2026-08-20,120253407409760281,,,0,0,0,0,0,0,3,1
2026-08-20,120253409966970281,,,0,0,0,0,0,0,1,1
2026-08-20,120253415654240281,,,0,0,0,0,0,0,2,1
2026-08-20,120253415659550281,,,0,0,0,0,0,0,1,1
2026-08-20,120253423000780281,,,0,0,0,0,0,0,1,1
2026-08-20,120253428739300281,,,0,0,0,0,0,0,1,1
2026-08-20,120253428863400281,,,0,0,0,0,0,0,8,2
2026-08-20,120253464203130281,,,0,0,0,0,0,0,4,1
2026-08-20,120253665881380281,[AFS] [F3] [Noluthando Makhanya] V4,120253665771940281,428,428,428,0,0,0,1625,377
2026-08-20,120253665893600281,,,0,0,0,0,0,0,1,1
2026-08-20,120253665904310281,[AFS] [F3] [Noluthando Makhanya] V7,120253665771940281,12,12,12,0,0,0,32,13
2026-08-20,120253665910190281,,,0,0,0,0,0,0,1,1
2026-08-20,120253665946580281,[AFS] [F3] [Noluthando Makhanya] V10,120253665771940281,39,39,39,0,0,0,135,42
2026-08-20,120253666333460281,[AFS] [F3] [Sinethemba Mthembu] V1,120253666333490281,121,121,121,0,0,0,429,102
2026-08-20,120253666527630281,[AFS] [F3] [Sinethemba Mthembu] V5,120253666333490281,93,93,93,0,0,0,218,68
2026-08-20,120253666532760281,[AFS] [F3] [Sinethemba Mthembu] V6,120253666333490281,192,192,192,0,0,0,476,132
2026-08-20,120253667384950281,[AFS] [F3] [Nqobile Mkhwanazi] V3,120253667302360281,1,1,1,0,0,0,7,2
2026-08-20,120253667521110281,[AFS] [F3] [Nqobile Mkhwanazi] V7,120253667302360281,3,3,3,0,0,0,22,3
2026-08-20,120253667533570281,[AFS] [F3] [Nqobile Mkhwanazi] V8,120253667302360281,1,1,1,0,0,0,4,1
2026-08-20,120253667622250281,[AFS] [F3] [Zandile Hlatshwayo] V2,120253667581330281,1,1,1,0,0,0,1,1
2026-08-20,120253667649010281,,,0,0,0,0,0,0,1,1
2026-08-20,120253667668650281,[AFS] [F3] [Zandile Hlatshwayo] V7,120253667581330281,2,2,2,0,0,0,19,8
2026-08-20,120253667678500281,[AFS] [F3] [Zandile Hlatshwayo] V8,120253667581330281,21,21,21,0,0,0,57,13
2026-08-20,120253667683750281,[AFS] [F3] [Zandile Hlatshwayo] V9,120253667581330281,2,2,2,0,0,0,2,1
2026-08-20,120253701667190281,,,0,0,0,0,0,0,8,2
2026-08-20,120253703504330281,,,0,0,0,0,0,0,2,1
2026-08-20,120253703606030281,[AFS] [F3] [Karabo Mokoatle] V2,120253703504250281,1,1,1,0,0,0,22,3
2026-08-20,120253703628360281,[AFS] [F3] [Karabo Mokoatle] V4,120253703504250281,1,1,1,0,0,0,0,0
2026-08-20,120253703640280281,,,0,0,0,0,0,0,1,1
2026-08-20,120253703653020281,,,0,0,0,0,0,0,1,1
2026-08-20,120253703658800281,[AFS] [F3] [Karabo Mokoatle] V8,120253703504250281,428,428,428,0,0,0,1296,316
2026-08-20,120253703780420281,[AFS] [F3] [Zethembiso Motaung] V4,120253703724520281,16,16,16,0,0,0,52,15
2026-08-20,120253703796370281,[AFS] [F3] [Zethembiso Motaung] V5,120253703724520281,15,15,15,0,0,0,55,11
2026-08-20,120253703813950281,[AFS] [F3] [Zethembiso Motaung] V6,120253703724520281,29,29,29,0,0,0,119,24
2026-08-20,120253703815990281,[AFS] [F3] [Zethembiso Motaung] V7,120253703724520281,32,32,32,0,0,0,85,21
2026-08-20,120253703821200281,[AFS] [F3] [Zethembiso Motaung] V9,120253703724520281,1,1,1,0,0,0,3,2
2026-08-20,120253703824100281,[AFS] [F3] [Zethembiso Motaung] V10,120253703724520281,2,2,2,0,0,0,42,4
2026-08-20,120253703898950281,,,0,0,0,0,0,0,4,1
2026-08-20,120253703920400281,[AFS] [F3] [Sibongakonke Masebe] V5,120253703839970281,2,2,2,0,0,0,0,0
2026-08-20,120253703937850281,[AFS] [F3] [Sibongakonke Masebe] V7,120253703839970281,34,34,34,0,0,0,123,25
2026-08-20,120253703958890281,[AFS] [F3] [Sibongakonke Masebe] V10,120253703839970281,1,1,1,0,0,0,1,1
2026-08-20,120253703989530281,,,0,0,0,0,0,0,6,3
2026-08-20,120253704028180281,[AFS] [F3] [Hlompho Masilela] V2,120253703989720281,1,1,1,0,0,0,9,6
2026-08-20,120253704038100281,[AFS] [F3] [Hlompho Masilela] V3,120253703989720281,74,74,74,0,0,0,218,47
2026-08-20,120253704062640281,[AFS] [F3] [Hlompho Masilela] V6,120253703989720281,3,3,3,0,0,0,0,0
2026-08-20,120253704087580281,[AFS] [F3] [Hlompho Masilela] V9,120253703989720281,1,1,1,0,0,0,6,5
2026-08-20,120253704091080281,,,0,0,0,0,0,0,2,1
2026-08-20,120253761442800281,,,0,0,0,0,0,0,1,1
2026-08-20,120253761454530281,[AFS] [F3] [Kholeka Maphanga] V4,120253761401760281,1,1,1,0,0,0,0,0
2026-08-20,120253761460060281,,,0,0,0,0,0,0,3,3
2026-08-20,120253761469260281,,,0,0,0,0,0,0,3,1
2026-08-20,120253761473540281,,,0,0,0,0,0,0,3,1
2026-08-20,120253761476630281,,,0,0,0,0,0,0,6,1
2026-08-20,120253761479690281,,,0,0,0,0,0,0,2,1
2026-08-20,120253761546640281,[AFS] [F3] [Nomusa Mzizi] V1,120253761546630281,19,19,19,0,0,0,50,12
2026-08-20,120253761602770281,[AFS] [F3] [Nomusa Mzizi] V5,120253761546630281,11,11,11,0,0,0,40,9
2026-08-20,120253761614690281,[AFS] [F3] [Nomusa Mzizi] V7,120253761546630281,22,22,22,0,0,0,39,12
2026-08-20,120253761623700281,[AFS] [F3] [Nomusa Mzizi] V9,120253761546630281,22,22,22,0,0,0,50,13
2026-08-20,120253761627390281,,,0,0,0,0,0,0,3,2
2026-08-21,120247357081010278,[AFS] [F3] [AMARA OKAFOR] V6,120247357080990278,30,30,30,0,0,0,84,18
2026-08-21,120247357081040278,[AFS] [F3] [AMARA OKAFOR] V2,120247357080990278,1,1,1,0,0,0,1,1
2026-08-21,120247357081050278,[AFS] [F3] [AMARA OKAFOR] V4,120247357080990278,1,1,1,0,0,0,2,1
2026-08-21,120247357457050278,,,0,0,0,0,0,0,4,2
2026-08-21,120247357457070278,,,0,0,0,0,0,0,4,3
2026-08-21,120247357457080278,,,0,0,0,0,0,0,6,3
2026-08-21,120247357457090278,,,0,0,0,0,0,0,11,2
2026-08-21,120247357457100278,,,0,0,0,0,0,0,5,1
2026-08-21,120247358420040278,[AFS] [F3] [AMINATA DIALLO] V6,120247358419970278,2,2,2,0,0,0,1,1
2026-08-21,120247358420060278,,,0,0,0,0,0,0,7,2
2026-08-21,120247359464720278,,,0,0,0,0,0,0,3,1
2026-08-21,120247360141410278,[AFS] [F3] [CHIPO MOYO]  V6,120247360141370278,36,36,36,0,0,0,126,29
2026-08-21,120247360141470278,,,0,0,0,0,0,0,15,2
2026-08-21,120247360141480278,[AFS] [F3] [CHIPO MOYO]  V4,120247360141370278,3,3,3,0,0,0,2,2
2026-08-21,120247360141490278,[AFS] [F3] [CHIPO MOYO]  V2,120247360141370278,27,27,27,0,0,0,77,21
2026-08-21,120247360356810278,,,0,0,0,0,0,0,1,1
2026-08-21,120247360356820278,,,0,0,0,0,0,0,5,2
2026-08-21,120247360356830278,,,0,0,0,0,0,0,11,2
2026-08-21,120247360531130278,,,0,0,0,0,0,0,6,2
2026-08-21,120247360531140278,,,0,0,0,0,0,0,3,1
2026-08-21,120247382249520278,,,0,0,0,0,0,0,1,1
2026-08-21,120247382323040278,[AFS] [F3] [WANGARI KAMAU] V4,120247382322970278,25,25,25,0,0,0,64,11
2026-08-21,120247382323050278,[AFS] [F3] [WANGARI KAMAU] V6,120247382322970278,2,2,2,0,0,0,12,4
2026-08-21,120247382323060278,[AFS] [F3] [WANGARI KAMAU] V5,120247382322970278,16,16,16,0,0,0,42,13
2026-08-21,120247382323070278,[AFS] [F3] [WANGARI KAMAU] V2,120247382322970278,1,1,1,0,0,0,0,0
2026-08-21,120247382323080278,[AFS] [F3] [WANGARI KAMAU] V3,120247382322970278,20,20,20,0,0,0,87,16
2026-08-21,120247382323090278,,,0,0,0,0,0,0,4,3
2026-08-21,120247488215910278,,,0,0,0,0,0,0,1,1
2026-08-21,120247488225850278,,,0,0,0,0,0,0,2,2
2026-08-21,120247488230320278,,,0,0,0,0,0,0,7,3
2026-08-21,120247488259350278,[AFS] [F3] [LUNGILE HADEBE] V1,120247488259330278,33,33,33,0,0,0,138,33
2026-08-21,120247488474100278,,,0,0,0,0,0,0,10,4
2026-08-21,120247488660110278,,,0,0,0,0,0,0,1,1
2026-08-21,120247488793560278,,,0,0,0,0,0,0,4,1
2026-08-21,120247488827940278,,,0,0,0,0,0,0,1,1
2026-08-21,120247488968980278,[AFS] [F3] [NOURBESE ACHEBE] V2,120247488930090278,1,1,1,0,0,0,1,1
2026-08-21,120247489033080278,,,0,0,0,0,0,0,3,1
2026-08-21,120247489160520278,,,0,0,0,0,0,0,2,1
2026-08-21,120247506424250278,,,0,0,0,0,0,0,1,1
2026-08-21,120247506530130278,,,0,0,0,0,0,0,1,1
2026-08-21,120247506542160278,,,0,0,0,0,0,0,4,2
2026-08-21,120247566626120278,,,0,0,0,0,0,0,1,1
2026-08-21,120247753268600278,,,0,0,0,0,0,0,1,1
2026-08-21,120247753333380278,[AFS] [F3] [Siphesihle Cele] V2,120247753268510278,27,27,27,0,0,0,120,25
2026-08-21,120247753343390278,,,0,0,0,0,0,0,1,1
2026-08-21,120247753359010278,[AFS] [F3] [Siphesihle Cele] V6,120247753268510278,1,1,1,0,0,0,0,0
2026-08-21,120247753572160278,[AFS] [F3] [Khanyisa Zwane] V1,120247753572060278,1,1,1,0,0,0,0,0
2026-08-21,120247753631300278,,,0,0,0,0,0,0,2,1
2026-08-21,120247753647720278,[AFS] [F3] [Khanyisa Zwane] V4,120247753572060278,57,57,57,0,0,0,134,36
2026-08-21,120247753719190278,,,0,0,0,0,0,0,1,1
2026-08-21,120247753784310278,[AFS] [F3] [Yonela Mnguni] V2,120247753719120278,2,2,2,0,0,0,1,1
2026-08-21,120247753859960278,[AFS] [F3] [Khanyisile Nxumalo] V2,120247753837740278,45,45,45,0,0,0,208,38
2026-08-21,120247768743240278,,,0,0,0,0,0,0,1,1
2026-08-21,120247797128170278,,,0,0,0,0,0,0,4,2
2026-08-21,120247797507310278,,,0,0,0,0,0,0,1,1
2026-08-21,120247820571850278,,,0,0,0,0,0,0,3,1
2026-08-21,120247820863330278,,,0,0,0,0,0,0,4,1
2026-08-21,120247822285260278,,,0,0,0,0,0,0,2,1
2026-08-21,120248013980050278,[AFS] [F3] [Khanyisile Nxumalo] V8,120247753837740278,21,21,21,0,0,0,35,11
2026-08-21,120248013986740278,[AFS] [F3] [Khanyisile Nxumalo] V9,120247753837740278,1,1,1,0,0,0,2,1
2026-08-21,120248014031360278,[AFS] [F3] [Khanyisile Nxumalo] V16,120247753837740278,29,29,29,0,0,0,47,15
2026-08-21,120248014298520278,,,0,0,0,0,0,0,1,1
2026-08-21,120248014304990278,[AFS] [F3] [Khanyisa Zwane] V8,120247753572060278,1,1,1,0,0,0,0,0
2026-08-21,120248014312900278,,,0,0,0,0,0,0,1,1
2026-08-21,120248014331980278,[AFS] [F3] [Khanyisa Zwane] V11,120247753572060278,50,50,50,0,0,0,125,35
2026-08-21,120248014354790278,[AFS] [F3] [Khanyisa Zwane] V14,120247753572060278,33,33,33,0,0,0,38,16
2026-08-21,120248014361180278,,,0,0,0,0,0,0,4,1
2026-08-21,120248014989930278,[AFS] [F3] [Siphesihle Cele] V11,120247753268510278,1,1,1,0,0,0,7,1
2026-08-21,120248015021780278,[AFS] [F3] [Siphesihle Cele] V14,120247753268510278,31,31,31,0,0,0,106,19
2026-08-21,120248015027340278,[AFS] [F3] [Siphesihle Cele] V15,120247753268510278,32,32,32,0,0,0,100,25
2026-08-21,120248015032800278,[AFS] [F3] [Siphesihle Cele] V16,120247753268510278,1,1,1,0,0,0,0,0
2026-08-21,120248015591980278,[AFS] [F3] [Yonela Mnguni] V10,120247753719120278,1,1,1,0,0,0,0,0
2026-08-21,120248015705310278,,,0,0,0,0,0,0,1,1
2026-08-21,120248015743610278,,,0,0,0,0,0,0,1,1
2026-08-21,120248015964290278,,,0,0,0,0,0,0,1,1
2026-08-21,120248037146600278,[AFS] [F3] [NOURBESE ACHEBE] V8,120247488930090278,25,25,25,0,0,0,65,17
2026-08-21,120248037148270278,,,0,0,0,0,0,0,7,1
2026-08-21,120248037149900278,[AFS] [F3] [NOURBESE ACHEBE] V10,120247488930090278,17,17,17,0,0,0,45,15
2026-08-21,120248037252070278,,,0,0,0,0,0,0,1,1
2026-08-21,120248037256010278,,,0,0,0,0,0,0,3,1
2026-08-21,120248037259710278,[AFS] [F3] [LUNGILE HADEBE] V13,120247488259330278,42,42,42,0,0,0,150,35
2026-08-21,120248037267250278,,,0,0,0,0,0,0,2,1
2026-08-21,120248037325860278,,,0,0,0,0,0,0,4,1
2026-08-21,120248037378470278,[AFS] [F3] [CHIPO MOYO]  V11,120247360141370278,24,24,24,0,0,0,51,14
2026-08-21,120248037418040278,,,0,0,0,0,0,0,1,1
2026-08-21,120248037484310278,[AFS] [F3] [AMINATA DIALLO] V9,120247358419970278,1,1,1,0,0,0,0,0
2026-08-21,120248037487480278,[AFS] [F3] [AMINATA DIALLO] V10,120247358419970278,17,17,17,0,0,0,66,11
2026-08-21,120248037498990278,[AFS] [F3] [AMINATA DIALLO] V13,120247358419970278,12,12,12,0,0,0,29,10
2026-08-21,120248037571270278,,,0,0,0,0,0,0,3,1
2026-08-21,120248037581340278,[AFS] [F3] [AMARA OKAFOR] V13,120247357080990278,14,14,14,0,0,0,62,12
2026-08-21,120248037598010278,,,0,0,0,0,0,0,1,1
2026-08-21,120248037736060278,,,0,0,0,0,0,0,1,1
2026-08-21,120248037745600278,,,0,0,0,0,0,0,11,2
2026-08-21,120248037760680278,,,0,0,0,0,0,0,1,1
2026-08-21,120248037841630278,[AFS] [F3] [BONGEKILE ZUNGU] V7,120247506168050278,43,43,43,0,0,0,135,31
2026-08-21,120248037889530278,[AFS] [F3] [BONGEKILE ZUNGU] V12,120247506168050278,11,11,11,0,0,0,21,9
2026-08-21,120248037901600278,[AFS] [F3] [BONGEKILE ZUNGU] V13,120247506168050278,1,1,1,0,0,0,1,1
2026-08-21,120248037907790278,[AFS] [F3] [BONGEKILE ZUNGU] V14,120247506168050278,29,29,29,0,0,0,55,20
2026-08-21,120248037951360278,[AFS] [F3] [MBALI BUTHELEZI] V7,120247506424170278,36,36,36,0,0,0,117,33
2026-08-21,120248037978210278,[AFS] [F3] [MBALI BUTHELEZI] V9,120247506424170278,30,30,30,0,0,0,60,24
2026-08-21,120248037983800278,[AFS] [F3] [MBALI BUTHELEZI] V10,120247506424170278,24,24,24,0,0,0,45,13
2026-08-21,120248038023970278,[AFS] [F3] [WANGARI KAMAU] V7,120247382322970278,19,19,19,0,0,0,57,11
2026-08-21,120248038047290278,[AFS] [F3] [WANGARI KAMAU] V8,120247382322970278,17,17,17,0,0,0,49,11
2026-08-21,120248038053810278,[AFS] [F3] [WANGARI KAMAU] V10,120247382322970278,1,1,1,0,0,0,3,1
2026-08-21,120248166780740278,[AFS] [F3] [Thandoluhle Mabuza] V9,120248166599060278,1,1,1,0,0,0,0,0
2026-08-21,120248166825390278,[AFS] [F3] [Noluthando Mbhele] V2,120248166804780278,342,342,342,0,0,0,890,209
2026-08-21,120248166829070278,[AFS] [F3] [Noluthando Mbhele] V3,120248166804780278,44,44,44,0,0,0,155,36
2026-08-21,120248166833800278,[AFS] [F3] [Noluthando Mbhele] V4,120248166804780278,14,14,14,0,0,0,20,15
2026-08-21,120248166842190278,[AFS] [F3] [Noluthando Mbhele] V6,120248166804780278,1,1,1,0,0,0,2,1
2026-08-21,120248166847040278,[AFS] [F3] [Noluthando Mbhele] V7,120248166804780278,1,1,1,0,0,0,3,1
2026-08-21,120248166849750278,[AFS] [F3] [Noluthando Mbhele] V8,120248166804780278,2,2,2,0,0,0,0,0
2026-08-21,120248166883820278,,,0,0,0,0,0,0,3,1
2026-08-21,120248166888580278,[AFS] [F3] [Thembisile Mkhonto ] V4,120248166866480278,4,4,4,0,0,0,17,4
2026-08-21,120248166893280278,[AFS] [F3] [Thembisile Mkhonto ] V5,120248166866480278,9,9,9,0,0,0,24,9
2026-08-21,120248166899900278,,,0,0,0,0,0,0,2,1
2026-08-21,120248166905440278,[AFS] [F3] [Thembisile Mkhonto ] V7,120248166866480278,12,12,12,0,0,0,39,11
2026-08-21,120248166916950278,[AFS] [F3] [Thembisile Mkhonto ] V9,120248166866480278,418,418,418,0,0,0,1003,246
2026-08-21,120248166938060278,[AFS] [F3] [Thandolwethu Mzolo] V1,120248166938070278,201,201,201,0,0,0,717,185
2026-08-21,120248166957800278,[AFS] [F3] [Thandolwethu Mzolo] V4,120248166938070278,266,266,266,0,0,0,798,163
2026-08-21,120248194706920278,[AFS] [F3] [Noluthando Mthembu] V1,120248194706870278,10,10,10,0,0,0,13,5
2026-08-21,120248194739500278,[AFS] [F3] [Noluthando Mthembu] V2,120248194706870278,11,11,11,0,0,0,9,4
2026-08-21,120248194745270278,[AFS] [F3] [Noluthando Mthembu] V3,120248194706870278,206,206,206,0,0,0,525,120
2026-08-21,120248194756580278,[AFS] [F3] [Noluthando Mthembu] V4,120248194706870278,6,6,6,0,0,0,6,3
2026-08-21,120248194761320278,[AFS] [F3] [Noluthando Mthembu] V5,120248194706870278,59,59,59,0,0,0,152,40
2026-08-21,120248194763740278,[AFS] [F3] [Noluthando Mthembu] V6,120248194706870278,3,3,3,0,0,0,1,1
2026-08-21,120248194767240278,[AFS] [F3] [Noluthando Mthembu] V7,120248194706870278,11,11,11,0,0,0,25,9
2026-08-21,120248194771070278,[AFS] [F3] [Noluthando Mthembu] V8,120248194706870278,1,1,1,0,0,0,0,0
2026-08-21,120248194773590278,[AFS] [F3] [Noluthando Mthembu] V9,120248194706870278,2,2,2,0,0,0,7,1
2026-08-21,120248194839940278,[AFS] [F3] [Nolwazi Msimang] V3,120248194806880278,3,3,3,0,0,0,20,5
2026-08-21,120248194843970278,[AFS] [F3] [Nolwazi Msimang] V4,120248194806880278,36,36,36,0,0,0,41,16
2026-08-21,120248194848660278,[AFS] [F3] [Nolwazi Msimang] V5,120248194806880278,22,22,22,0,0,0,24,10
2026-08-21,120248194855950278,[AFS] [F3] [Nolwazi Msimang] V6,120248194806880278,70,70,70,0,0,0,147,44
2026-08-21,120248194860260278,[AFS] [F3] [Nolwazi Msimang] V7,120248194806880278,10,10,10,0,0,0,19,7
2026-08-21,120248194870530278,[AFS] [F3] [Nolwazi Msimang] V9,120248194806880278,116,116,116,0,0,0,318,71
2026-08-21,120248194877530278,[AFS] [F3] [Nolwazi Msimang] V10,120248194806880278,51,51,51,0,0,0,105,23
2026-08-21,120248194936950278,[AFS] [F3] [Nqobileka Mshengu] V1,120248194936940278,5,5,5,0,0,0,3,3
2026-08-21,120248194966120278,[AFS] [F3] [Nqobileka Mshengu] V2,120248194936940278,165,165,165,0,0,0,394,76
2026-08-21,120248194967740278,[AFS] [F3] [Nqobileka Mshengu] V3,120248194936940278,16,16,16,0,0,0,39,10
2026-08-21,120248194972070278,[AFS] [F3] [Nqobileka Mshengu] V4,120248194936940278,1,1,1,0,0,0,2,1
2026-08-21,120248195093810278,[AFS] [F3] [Nqobileka Mshengu] V5,120248194936940278,34,34,34,0,0,0,103,21
2026-08-21,120248195103230278,[AFS] [F3] [Nqobileka Mshengu] V6,120248194936940278,11,11,11,0,0,0,24,7
2026-08-21,120248195118160278,[AFS] [F3] [Nqobileka Mshengu] V8,120248194936940278,42,42,42,0,0,0,67,15
2026-08-21,120248195123120278,[AFS] [F3] [Nqobileka Mshengu] V9,120248194936940278,1,1,1,0,0,0,0,0
2026-08-21,120248195176820278,[AFS] [F3] [Zimasa Mhlongo] V2,120248195154280278,5,5,5,0,0,0,4,1
2026-08-21,120248195180860278,[AFS] [F3] [Zimasa Mhlongo] V3,120248195154280278,14,14,14,0,0,0,5,4
2026-08-21,120248195197960278,[AFS] [F3] [Zimasa Mhlongo] V4,120248195154280278,154,154,154,0,0,0,349,91
2026-08-21,120248195199510278,[AFS] [F3] [Zimasa Mhlongo] V5,120248195154280278,10,10,10,0,0,0,18,3
2026-08-21,120248195204360278,[AFS] [F3] [Zimasa Mhlongo] V7,120248195154280278,24,24,24,0,0,0,35,10
2026-08-21,120248195205910278,[AFS] [F3] [Zimasa Mhlongo] V8,120248195154280278,4,4,4,0,0,0,2,2
2026-08-21,120248195210880278,[AFS] [F3] [Zimasa Mhlongo] V9,120248195154280278,38,38,38,0,0,0,78,15
2026-08-21,120248195213230278,[AFS] [F3] [Zimasa Mhlongo] V10,120248195154280278,3,3,3,0,0,0,4,1
2026-08-21,120248206576590278,[AFS] [F3] [Yanga Mhlabeni] V1,120248206576530278,45,45,45,0,0,0,72,25
2026-08-21,120248206626550278,[AFS] [F3] [Yanga Mhlabeni] V2,120248206576530278,325,325,325,0,0,0,1048,239
2026-08-21,120248206637910278,[AFS] [F3] [Yanga Mhlabeni] V4,120248206576530278,1,1,1,0,0,0,0,0
2026-08-21,120248206644020278,[AFS] [F3] [Yanga Mhlabeni] V5,120248206576530278,10,10,10,0,0,0,18,5
2026-08-21,120248206650770278,[AFS] [F3] [Yanga Mhlabeni] V7,120248206576530278,1,1,1,0,0,0,0,0
2026-08-21,120248206654960278,[AFS] [F3] [Yanga Mhlabeni] V8,120248206576530278,2,2,2,0,0,0,0,0
2026-08-21,120248206704810278,[AFS] [F3] [Lindiwe Gcaba] V3,120248206683980278,18,18,18,0,0,0,24,6
2026-08-21,120248206712470278,[AFS] [F3] [Lindiwe Gcaba] V5,120248206683980278,16,16,16,0,0,0,26,10
2026-08-21,120248206717980278,[AFS] [F3] [Lindiwe Gcaba] V6,120248206683980278,1,1,1,0,0,0,2,1
2026-08-21,120248206723170278,[AFS] [F3] [Lindiwe Gcaba] V7,120248206683980278,500,500,500,0,0,0,1213,278
2026-08-21,120248206730280278,[AFS] [F3] [Lindiwe Gcaba] V9,120248206683980278,3,3,3,0,0,0,7,3
2026-08-21,120248206742290278,[AFS] [F3] [Lindiwe Gcaba] V10,120248206683980278,4,4,4,0,0,0,17,4
2026-08-21,120248206772930278,,,0,0,0,0,0,0,2,1
2026-08-21,120248206776980278,[AFS] [F3] [Siyamthanda Khumalo] V10,120248194360980278,5,5,5,0,0,0,6,2
2026-08-21,120248206787300278,[AFS] [F3] [Bukhosi Mthembeni] V2,120248206765540278,5,5,5,0,0,0,21,4
2026-08-21,120248206804380278,[AFS] [F3] [Bukhosi Mthembeni] V4,120248206765540278,401,401,401,0,0,0,1125,281
2026-08-21,120248206807210278,[AFS] [F3] [Bukhosi Mthembeni] V5,120248206765540278,29,29,29,0,0,0,68,17
2026-08-21,120248206811830278,[AFS] [F3] [Bukhosi Mthembeni] V6,120248206765540278,1,1,1,0,0,0,0,0
2026-08-21,120248206822400278,[AFS] [F3] [Bukhosi Mthembeni] V8,120248206765540278,8,8,8,0,0,0,59,12
2026-08-21,120248206906090278,[AFS] [F3] [Nokwanda Zwane] V1,120248206906000278,113,113,113,0,0,0,368,80
2026-08-21,120248206923650278,[AFS] [F3] [Nokwanda Zwane] V2,120248206906000278,31,31,31,0,0,0,69,15
2026-08-21,120248206926730278,[AFS] [F3] [Nokwanda Zwane] V3,120248206906000278,36,36,36,0,0,0,75,22
2026-08-21,120248206930410278,[AFS] [F3] [Nokwanda Zwane] V4,120248206906000278,20,20,20,0,0,0,17,9
2026-08-21,120248206934590278,[AFS] [F3] [Nokwanda Zwane] V5,120248206906000278,1,1,1,0,0,0,3,2
2026-08-21,120248206939760278,[AFS] [F3] [Nokwanda Zwane] V6,120248206906000278,2,2,2,0,0,0,0,0
2026-08-21,120248206945940278,[AFS] [F3] [Nokwanda Zwane] V7,120248206906000278,2,2,2,0,0,0,3,1
2026-08-21,120248206948870278,[AFS] [F3] [Nokwanda Zwane] V8,120248206906000278,43,43,43,0,0,0,124,25
2026-08-21,120248206986380278,[AFS] [F3] [Nondumiso Mdletshe] V2,120248206972940278,1,1,1,0,0,0,5,3
2026-08-21,120248206988160278,[AFS] [F3] [Nondumiso Mdletshe] V3,120248206972940278,75,75,75,0,0,0,184,48
2026-08-21,120248206989900278,[AFS] [F3] [Nondumiso Mdletshe] V4,120248206972940278,28,28,28,0,0,0,71,14
2026-08-21,120248206991790278,[AFS] [F3] [Nondumiso Mdletshe] V5,120248206972940278,308,308,308,0,0,0,833,192
2026-08-21,120248206993670278,,,0,0,0,0,0,0,1,1
2026-08-21,120248206996450278,[AFS] [F3] [Nondumiso Mdletshe] V7,120248206972940278,6,6,6,0,0,0,11,3
2026-08-21,120248207003410278,[AFS] [F3] [Nondumiso Mdletshe] V8,120248206972940278,1,1,1,0,0,0,0,0
2026-08-21,120248207016390278,,,0,0,0,0,0,0,1,1
2026-08-21,120248207047610278,[AFS] [F3] [Thandoluhle Mabuza ] V1,120248207047560278,39,39,39,0,0,0,110,25
2026-08-21,120248207143140278,[AFS] [F3] [Thandoluhle Mabuza ] V2,120248207047560278,79,79,79,0,0,0,157,43
2026-08-21,120248207152480278,[AFS] [F3] [Thandoluhle Mabuza ] V3,120248207047560278,1,1,1,0,0,0,0,0
2026-08-21,120248207155460278,,,0,0,0,0,0,0,1,1
2026-08-21,120248207159750278,[AFS] [F3] [Thandoluhle Mabuza ] V5,120248207047560278,2,2,2,0,0,0,3,1
2026-08-21,120248207162510278,[AFS] [F3] [Thandoluhle Mabuza ] V6,120248207047560278,3,3,3,0,0,0,10,2
2026-08-21,120248207169180278,[AFS] [F3] [Thandoluhle Mabuza ] V8,120248207047560278,201,201,201,0,0,0,515,116
2026-08-21,120248207174990278,[AFS] [F3] [Thandoluhle Mabuza ] V9,120248207047560278,7,7,7,0,0,0,8,3
2026-08-21,120248372080200330,[RECEITASMENU] [BR] [F1] [Ariana Machado] V1,120248372080210330,69,69,69,0,0,0,0,0
2026-08-21,120248372134110330,[RECEITASMENU] [BR] [F1] [Ariana Machado] V2,120248372080210330,92,92,92,0,0,0,0,0
2026-08-21,120248372136990330,[RECEITASMENU] [BR] [F1] [Ariana Machado] V3,120248372080210330,526,526,526,0,0,0,0,0
2026-08-21,120248372139410330,[RECEITASMENU] [BR] [F1] [Ariana Machado] V4,120248372080210330,122,122,122,0,0,0,0,0
2026-08-21,120248372140590330,[RECEITASMENU] [BR] [F1] [Ariana Machado] V5,120248372080210330,6,6,6,0,0,0,0,0
2026-08-21,120248372142860330,[RECEITASMENU] [BR] [F1] [Ariana Machado] V6,120248372080210330,235,235,235,0,0,0,0,0
2026-08-21,120248372145280330,[RECEITASMENU] [BR] [F1] [Ariana Machado] V7,120248372080210330,18,18,18,0,0,0,0,0
2026-08-21,120248372148190330,[RECEITASMENU] [BR] [F1] [Ariana Machado] V8,120248372080210330,13,13,13,0,0,0,0,0
2026-08-21,120248372152310330,[RECEITASMENU] [BR] [F1] [Ariana Machado] V9,120248372080210330,401,401,401,0,0,0,0,0
2026-08-21,120248372154590330,[RECEITASMENU] [BR] [F1] [Ariana Machado] V10,120248372080210330,19,19,19,0,0,0,0,0
2026-08-21,120248372299290330,[RECEITASMENU] [BR] [F1] [Franciele Cardoso] V9 — Cópia,120248372192250330,87,87,87,0,0,0,0,0
2026-08-21,120248372299390330,[RECEITASMENU] [BR] [F1] [Franciele Cardoso] V8 — Cópia,120248372192250330,5,5,5,0,0,0,0,0
2026-08-21,120248372299400330,[RECEITASMENU] [BR] [F1] [Franciele Cardoso] V2 — Cópia,120248372192250330,9,9,9,0,0,0,0,0
2026-08-21,120248372299410330,[RECEITASMENU] [BR] [F1] [Franciele Cardoso] V1 — Cópia,120248372192250330,31,31,31,0,0,0,0,0
2026-08-21,120248372299420330,[RECEITASMENU] [BR] [F1] [Franciele Cardoso] V3 — Cópia,120248372192250330,663,663,663,0,0,0,0,0
2026-08-21,120248372299430330,[RECEITASMENU] [BR] [F1] [Franciele Cardoso] V5 — Cópia,120248372192250330,57,57,57,0,0,0,0,0
2026-08-21,120248372299440330,[RECEITASMENU] [BR] [F1] [Franciele Cardoso] V4 — Cópia,120248372192250330,98,98,98,0,0,0,0,0
2026-08-21,120248372299450330,[RECEITASMENU] [BR] [F1] [Franciele Cardoso] V6 — Cópia,120248372192250330,97,97,97,0,0,0,0,0
2026-08-21,120248372299460330,[RECEITASMENU] [BR] [F1] [Franciele Cardoso] V7 — Cópia,120248372192250330,87,87,87,0,0,0,0,0
2026-08-21,120253079132510281,,,0,0,0,0,0,0,3,1
2026-08-21,120253101303050281,,,0,0,0,0,0,0,1,1
2026-08-21,120253138733630281,,,0,0,0,0,0,0,2,1
2026-08-21,120253138745550281,,,0,0,0,0,0,0,5,1
2026-08-21,120253138906100281,,,0,0,0,0,0,0,1,1
2026-08-21,120253141780200281,,,0,0,0,0,0,0,1,1
2026-08-21,120253141937270281,,,0,0,0,0,0,0,2,1
2026-08-21,120253141941400281,,,0,0,0,0,0,0,4,1
2026-08-21,120253141950760281,,,0,0,0,0,0,0,1,1
2026-08-21,120253142290360281,,,0,0,0,0,0,0,5,1
2026-08-21,120253167383880281,,,0,0,0,0,0,0,1,1
2026-08-21,120253167947120281,,,0,0,0,0,0,0,4,1
2026-08-21,120253168276010281,,,0,0,0,0,0,0,1,1
2026-08-21,120253225795580281,,,0,0,0,0,0,0,5,1
2026-08-21,120253302500340281,,,0,0,0,0,0,0,6,1
2026-08-21,120253406774810281,,,0,0,0,0,0,0,2,1
2026-08-21,120253406815340281,,,0,0,0,0,0,0,2,1
2026-08-21,120253415545930281,,,0,0,0,0,0,0,4,1
2026-08-21,120253415663260281,,,0,0,0,0,0,0,2,1
2026-08-21,120253415685920281,,,0,0,0,0,0,0,2,1
2026-08-21,120253422905970281,,,0,0,0,0,0,0,1,1
2026-08-21,120253423000780281,,,0,0,0,0,0,0,1,1
2026-08-21,120253423005460281,,,0,0,0,0,0,0,1,1
2026-08-21,120253423013640281,,,0,0,0,0,0,0,1,1
2026-08-21,120253423634010281,,,0,0,0,0,0,0,2,1
2026-08-21,120253428755700281,,,0,0,0,0,0,0,1,1
2026-08-21,120253428817070281,,,0,0,0,0,0,0,1,1
2026-08-21,120253428863400281,,,0,0,0,0,0,0,2,1
2026-08-21,120253464056810281,,,0,0,0,0,0,0,1,1
2026-08-21,120253665881380281,[AFS] [F3] [Noluthando Makhanya] V4,120253665771940281,350,350,350,0,0,0,1232,288
2026-08-21,120253665904310281,[AFS] [F3] [Noluthando Makhanya] V7,120253665771940281,26,26,26,0,0,0,92,18
2026-08-21,120253665910190281,,,0,0,0,0,0,0,1,1
2026-08-21,120253665946580281,[AFS] [F3] [Noluthando Makhanya] V10,120253665771940281,59,59,59,0,0,0,144,41
2026-08-21,120253666333460281,[AFS] [F3] [Sinethemba Mthembu] V1,120253666333490281,97,97,97,0,0,0,284,66
2026-08-21,120253666527630281,[AFS] [F3] [Sinethemba Mthembu] V5,120253666333490281,103,103,103,0,0,0,213,63
2026-08-21,120253666532760281,[AFS] [F3] [Sinethemba Mthembu] V6,120253666333490281,183,183,183,0,0,0,505,121
2026-08-21,120253667485200281,[AFS] [F3] [Nqobile Mkhwanazi] V5,120253667302360281,1,1,1,0,0,0,2,1
2026-08-21,120253667533570281,[AFS] [F3] [Nqobile Mkhwanazi] V8,120253667302360281,1,1,1,0,0,0,0,0
2026-08-21,120253667542940281,,,0,0,0,0,0,0,1,1
2026-08-21,120253667649010281,[AFS] [F3] [Zandile Hlatshwayo] V5,120253667581330281,1,1,1,0,0,0,1,1
2026-08-21,120253667668650281,[AFS] [F3] [Zandile Hlatshwayo] V7,120253667581330281,1,1,1,0,0,0,1,1
2026-08-21,120253667678500281,[AFS] [F3] [Zandile Hlatshwayo] V8,120253667581330281,21,21,21,0,0,0,38,13
2026-08-21,120253701667190281,,,0,0,0,0,0,0,1,1
2026-08-21,120253703606030281,[AFS] [F3] [Karabo Mokoatle] V2,120253703504250281,1,1,1,0,0,0,0,0
2026-08-21,120253703658800281,[AFS] [F3] [Karabo Mokoatle] V8,120253703504250281,481,481,481,0,0,0,1359,331
2026-08-21,120253703724550281,,,0,0,0,0,0,0,4,2
2026-08-21,120253703768810281,[AFS] [F3] [Zethembiso Motaung] V3,120253703724520281,1,1,1,0,0,0,0,0
2026-08-21,120253703780420281,[AFS] [F3] [Zethembiso Motaung] V4,120253703724520281,22,22,22,0,0,0,51,12
2026-08-21,120253703796370281,[AFS] [F3] [Zethembiso Motaung] V5,120253703724520281,26,26,26,0,0,0,132,13
2026-08-21,120253703813950281,[AFS] [F3] [Zethembiso Motaung] V6,120253703724520281,36,36,36,0,0,0,110,22
2026-08-21,120253703815990281,[AFS] [F3] [Zethembiso Motaung] V7,120253703724520281,15,15,15,0,0,0,26,13
2026-08-21,120253703821200281,,,0,0,0,0,0,0,1,1
2026-08-21,120253703824100281,[AFS] [F3] [Zethembiso Motaung] V10,120253703724520281,2,2,2,0,0,0,5,4
2026-08-21,120253703937850281,[AFS] [F3] [Sibongakonke Masebe] V7,120253703839970281,38,38,38,0,0,0,103,25
2026-08-21,120253703989530281,,,0,0,0,0,0,0,1,1
2026-08-21,120253704028180281,[AFS] [F3] [Hlompho Masilela] V2,120253703989720281,1,1,1,0,0,0,2,2
2026-08-21,120253704038100281,[AFS] [F3] [Hlompho Masilela] V3,120253703989720281,89,89,89,0,0,0,221,60
2026-08-21,120253704062640281,,,0,0,0,0,0,0,16,2
2026-08-21,120253704070820281,[AFS] [F3] [Hlompho Masilela] V7,120253703989720281,1,1,1,0,0,0,5,2
2026-08-21,120253704081240281,,,0,0,0,0,0,0,1,1
2026-08-21,120253704087580281,,,0,0,0,0,0,0,12,4
2026-08-21,120253761442800281,,,0,0,0,0,0,0,3,1
2026-08-21,120253761460060281,[AFS] [F3] [Kholeka Maphanga] V5,120253761401760281,2,2,2,0,0,0,0,0
2026-08-21,120253761469260281,[AFS] [F3] [Kholeka Maphanga] V7,120253761401760281,2,2,2,0,0,0,10,3
2026-08-21,120253761546640281,[AFS] [F3] [Nomusa Mzizi] V1,120253761546630281,17,17,17,0,0,0,27,10
2026-08-21,120253761590460281,,,0,0,0,0,0,0,4,2
2026-08-21,120253761602770281,[AFS] [F3] [Nomusa Mzizi] V5,120253761546630281,12,12,12,0,0,0,45,6
2026-08-21,120253761614690281,[AFS] [F3] [Nomusa Mzizi] V7,120253761546630281,23,23,23,0,0,0,32,15
2026-08-21,120253761623700281,[AFS] [F3] [Nomusa Mzizi] V9,120253761546630281,25,25,25,0,0,0,61,17
2026-08-22,120247357080980278,,,0,0,0,0,0,0,1,1
2026-08-22,120247357081010278,[AFS] [F3] [AMARA OKAFOR] V6,120247357080990278,40,40,40,0,0,0,116,25
2026-08-22,120247357081030278,,,0,0,0,0,0,0,1,1
2026-08-22,120247357081040278,[AFS] [F3] [AMARA OKAFOR] V2,120247357080990278,2,2,2,0,0,0,0,0
2026-08-22,120247357081050278,,,0,0,0,0,0,0,5,3
2026-08-22,120247357457070278,,,0,0,0,0,0,0,6,2
2026-08-22,120247357457080278,,,0,0,0,0,0,0,1,1
2026-08-22,120247357457090278,,,0,0,0,0,0,0,8,2
2026-08-22,120247358420070278,[AFS] [F3] [AMINATA DIALLO] V3,120247358419970278,1,1,1,0,0,0,1,1
2026-08-22,120247358791350278,,,0,0,0,0,0,0,13,1
2026-08-22,120247359464720278,[AFS] [F3] [NOMVULA MOKOENA] V6,120247359464690278,1,1,1,0,0,0,1,1
2026-08-22,120247359464790278,,,0,0,0,0,0,0,3,1
2026-08-22,120247360141400278,,,0,0,0,0,0,0,2,1
2026-08-22,120247360141410278,[AFS] [F3] [CHIPO MOYO]  V6,120247360141370278,39,39,39,0,0,0,101,27
2026-08-22,120247360141470278,,,0,0,0,0,0,0,7,1
2026-08-22,120247360141480278,[AFS] [F3] [CHIPO MOYO]  V4,120247360141370278,1,1,1,0,0,0,1,1
2026-08-22,120247360141490278,[AFS] [F3] [CHIPO MOYO]  V2,120247360141370278,27,27,27,0,0,0,51,19
2026-08-22,120247360356790278,,,0,0,0,0,0,0,2,1
2026-08-22,120247360356820278,,,0,0,0,0,0,0,2,2
2026-08-22,120247360356830278,,,0,0,0,0,0,0,1,1
2026-08-22,120247360531120278,,,0,0,0,0,0,0,1,1
2026-08-22,120247382249540278,[AFS_RELA_EN_BOT_0001] [NOURBESE] V5,120247382249440278,1,1,1,0,0,0,2,1
2026-08-22,120247382323040278,[AFS] [F3] [WANGARI KAMAU] V4,120247382322970278,31,31,31,0,0,0,51,21
2026-08-22,120247382323050278,[AFS] [F3] [WANGARI KAMAU] V6,120247382322970278,3,3,3,0,0,0,5,2
2026-08-22,120247382323060278,[AFS] [F3] [WANGARI KAMAU] V5,120247382322970278,31,31,31,0,0,0,92,25
2026-08-22,120247382323070278,,,0,0,0,0,0,0,4,2
2026-08-22,120247382323080278,[AFS] [F3] [WANGARI KAMAU] V3,120247382322970278,32,32,32,0,0,0,108,20
2026-08-22,120247382323090278,[AFS] [F3] [WANGARI KAMAU] V1,120247382322970278,1,1,1,0,0,0,0,0
2026-08-22,120247488168300278,,,0,0,0,0,0,0,5,2
2026-08-22,120247488220950278,,,0,0,0,0,0,0,6,3
2026-08-22,120247488225850278,,,0,0,0,0,0,0,2,1
2026-08-22,120247488259350278,[AFS] [F3] [LUNGILE HADEBE] V1,120247488259330278,41,41,41,0,0,0,113,32
2026-08-22,120247488419540278,,,0,0,0,0,0,0,1,1
2026-08-22,120247488474100278,,,0,0,0,0,0,0,3,2
2026-08-22,120247488660110278,,,0,0,0,0,0,0,6,3
2026-08-22,120247488827940278,,,0,0,0,0,0,0,6,1
2026-08-22,120247488968980278,[AFS] [F3] [NOURBESE ACHEBE] V2,120247488930090278,1,1,1,0,0,0,6,4
2026-08-22,120247489160520278,,,0,0,0,0,0,0,6,3
2026-08-22,120247506216350278,[AFS] [F3] [BONGEKILE ZUNGU] V4,120247506168050278,1,1,1,0,0,0,0,0
2026-08-22,120247506424250278,,,0,0,0,0,0,0,1,1
2026-08-22,120247506530130278,,,0,0,0,0,0,0,2,1
2026-08-22,120247506542160278,,,0,0,0,0,0,0,4,3
2026-08-22,120247506560570278,,,0,0,0,0,0,0,1,1
2026-08-22,120247639363010278,,,0,0,0,0,0,0,2,1
2026-08-22,120247753333380278,[AFS] [F3] [Siphesihle Cele] V2,120247753268510278,30,30,30,0,0,0,85,15
2026-08-22,120247753339060278,,,0,0,0,0,0,0,1,1
2026-08-22,120247753343390278,,,0,0,0,0,0,0,4,1
2026-08-22,120247753572160278,,,0,0,0,0,0,0,7,1
2026-08-22,120247753631300278,,,0,0,0,0,0,0,5,2
2026-08-22,120247753647720278,[AFS] [F3] [Khanyisa Zwane] V4,120247753572060278,47,47,47,0,0,0,204,43
2026-08-22,120247753719190278,,,0,0,0,0,0,0,1,1
2026-08-22,120247753808800278,,,0,0,0,0,0,0,2,1
2026-08-22,120247753859960278,[AFS] [F3] [Khanyisile Nxumalo] V2,120247753837740278,62,62,62,0,0,0,199,50
2026-08-22,120247753870250278,,,0,0,0,0,0,0,3,1
2026-08-22,120247768559710278,,,0,0,0,0,0,0,4,1
2026-08-22,120247768754730278,,,0,0,0,0,0,0,2,1
2026-08-22,120247796879110278,,,0,0,0,0,0,0,1,1
2026-08-22,120247797138580278,,,0,0,0,0,0,0,3,1
2026-08-22,120247852377810278,,,0,0,0,0,0,0,1,1
2026-08-22,120247856660550278,,,0,0,0,0,0,0,5,1
2026-08-22,120247856774430278,,,0,0,0,0,0,0,1,1
2026-08-22,120247856781020278,,,0,0,0,0,0,0,1,1
2026-08-22,120248013980050278,[AFS] [F3] [Khanyisile Nxumalo] V8,120247753837740278,24,24,24,0,0,0,72,16
2026-08-22,120248014002370278,,,0,0,0,0,0,0,2,1
2026-08-22,120248014031360278,[AFS] [F3] [Khanyisile Nxumalo] V16,120247753837740278,35,35,35,0,0,0,131,37
2026-08-22,120248014304990278,[AFS] [F3] [Khanyisa Zwane] V8,120247753572060278,5,5,5,0,0,0,13,3
2026-08-22,120248014307330278,,,0,0,0,0,0,0,1,1
2026-08-22,120248014331980278,[AFS] [F3] [Khanyisa Zwane] V11,120247753572060278,66,66,66,0,0,0,206,42
2026-08-22,120248014354790278,[AFS] [F3] [Khanyisa Zwane] V14,120247753572060278,40,40,40,0,0,0,75,31
2026-08-22,120248014357340278,,,0,0,0,0,0,0,13,1
2026-08-22,120248014989930278,,,0,0,0,0,0,0,1,1
2026-08-22,120248015021780278,[AFS] [F3] [Siphesihle Cele] V14,120247753268510278,22,22,22,0,0,0,52,15
2026-08-22,120248015027340278,[AFS] [F3] [Siphesihle Cele] V15,120247753268510278,40,40,40,0,0,0,131,35
2026-08-22,120248015539040278,,,0,0,0,0,0,0,3,1
2026-08-22,120248015758600278,[AFS] [F3] [Yonela Mnguni] V15,120247753719120278,1,1,1,0,0,0,0,0
2026-08-22,120248016028140278,,,0,0,0,0,0,0,2,1
2026-08-22,120248037146600278,[AFS] [F3] [NOURBESE ACHEBE] V8,120247488930090278,46,46,46,0,0,0,145,34
2026-08-22,120248037149900278,[AFS] [F3] [NOURBESE ACHEBE] V10,120247488930090278,30,30,30,0,0,0,52,18
2026-08-22,120248037259710278,[AFS] [F3] [LUNGILE HADEBE] V13,120247488259330278,36,36,36,0,0,0,69,23
2026-08-22,120248037267250278,[AFS] [F3] [LUNGILE HADEBE] V14,120247488259330278,1,1,1,0,0,0,5,2
2026-08-22,120248037378470278,[AFS] [F3] [CHIPO MOYO]  V11,120247360141370278,20,20,20,0,0,0,37,15
2026-08-22,120248037484310278,,,0,0,0,0,0,0,1,1
2026-08-22,120248037487480278,[AFS] [F3] [AMINATA DIALLO] V10,120247358419970278,16,16,16,0,0,0,23,9
2026-08-22,120248037498990278,[AFS] [F3] [AMINATA DIALLO] V13,120247358419970278,15,15,15,0,0,0,38,12
2026-08-22,120248037551200278,[AFS] [F3] [AMARA OKAFOR] V7,120247357080990278,1,1,1,0,0,0,5,1
2026-08-22,120248037581340278,[AFS] [F3] [AMARA OKAFOR] V13,120247357080990278,18,18,18,0,0,0,51,17
2026-08-22,120248037598010278,[AFS] [F3] [AMARA OKAFOR] V14,120247357080990278,1,1,1,0,0,0,0,0
2026-08-22,120248037736060278,,,0,0,0,0,0,0,1,1
2026-08-22,120248037741040278,,,0,0,0,0,0,0,1,1
2026-08-22,120248037841630278,[AFS] [F3] [BONGEKILE ZUNGU] V7,120247506168050278,33,33,33,0,0,0,59,23
2026-08-22,120248037864920278,[AFS] [F3] [BONGEKILE ZUNGU] V8,120247506168050278,1,1,1,0,0,0,3,1
2026-08-22,120248037889530278,[AFS] [F3] [BONGEKILE ZUNGU] V12,120247506168050278,18,18,18,0,0,0,32,12
2026-08-22,120248037907790278,[AFS] [F3] [BONGEKILE ZUNGU] V14,120247506168050278,31,31,31,0,0,0,86,17
2026-08-22,120248037951360278,[AFS] [F3] [MBALI BUTHELEZI] V7,120247506424170278,36,36,36,0,0,0,136,31
2026-08-22,120248037978210278,[AFS] [F3] [MBALI BUTHELEZI] V9,120247506424170278,28,28,28,0,0,0,106,35
2026-08-22,120248037983800278,[AFS] [F3] [MBALI BUTHELEZI] V10,120247506424170278,34,34,34,0,0,0,152,24
2026-08-22,120248038023970278,[AFS] [F3] [WANGARI KAMAU] V7,120247382322970278,29,29,29,0,0,0,58,14
2026-08-22,120248038047290278,[AFS] [F3] [WANGARI KAMAU] V8,120247382322970278,18,18,18,0,0,0,50,18
2026-08-22,120248038053810278,[AFS] [F3] [WANGARI KAMAU] V10,120247382322970278,1,1,1,0,0,0,5,3
2026-08-22,120248166670760278,[AFS] [F3] [Thandoluhle Mabuza] V2,120248166599060278,1,1,1,0,0,0,0,0
2026-08-22,120248166825390278,[AFS] [F3] [Noluthando Mbhele] V2,120248166804780278,251,251,251,0,0,0,731,201
2026-08-22,120248166829070278,[AFS] [F3] [Noluthando Mbhele] V3,120248166804780278,184,184,184,0,0,0,352,95
2026-08-22,120248166833800278,[AFS] [F3] [Noluthando Mbhele] V4,120248166804780278,14,14,14,0,0,0,32,12
2026-08-22,120248166888580278,,,0,0,0,0,0,0,1,1
2026-08-22,120248166893280278,[AFS] [F3] [Thembisile Mkhonto ] V5,120248166866480278,6,6,6,0,0,0,8,7
2026-08-22,120248166905440278,[AFS] [F3] [Thembisile Mkhonto ] V7,120248166866480278,25,25,25,0,0,0,59,20
2026-08-22,120248166916950278,[AFS] [F3] [Thembisile Mkhonto ] V9,120248166866480278,380,380,380,0,0,0,992,253
2026-08-22,120248166938060278,[AFS] [F3] [Thandolwethu Mzolo] V1,120248166938070278,285,285,285,0,0,0,986,227
2026-08-22,120248166951260278,,,0,0,0,0,0,0,1,1
2026-08-22,120248166957800278,[AFS] [F3] [Thandolwethu Mzolo] V4,120248166938070278,293,293,293,0,0,0,1051,218
2026-08-22,120248166969750278,[AFS] [F3] [Thandolwethu Mzolo] V9,120248166938070278,1,1,1,0,0,0,0,0
2026-08-22,120248194706920278,[AFS] [F3] [Noluthando Mthembu] V1,120248194706870278,13,13,13,0,0,0,12,5
2026-08-22,120248194739500278,[AFS] [F3] [Noluthando Mthembu] V2,120248194706870278,9,9,9,0,0,0,29,4
2026-08-22,120248194745270278,[AFS] [F3] [Noluthando Mthembu] V3,120248194706870278,298,298,298,0,0,0,829,194
2026-08-22,120248194756580278,[AFS] [F3] [Noluthando Mthembu] V4,120248194706870278,1,1,1,0,0,0,0,0
2026-08-22,120248194761320278,[AFS] [F3] [Noluthando Mthembu] V5,120248194706870278,16,16,16,0,0,0,67,20
2026-08-22,120248194763740278,[AFS] [F3] [Noluthando Mthembu] V6,120248194706870278,1,1,1,0,0,0,2,1
2026-08-22,120248194767240278,[AFS] [F3] [Noluthando Mthembu] V7,120248194706870278,7,7,7,0,0,0,13,7
2026-08-22,120248194773590278,[AFS] [F3] [Noluthando Mthembu] V9,120248194706870278,1,1,1,0,0,0,0,0
2026-08-22,120248194807000278,[AFS] [F3] [Nolwazi Msimang] V1,120248194806880278,1,1,1,0,0,0,1,1
2026-08-22,120248194839940278,[AFS] [F3] [Nolwazi Msimang] V3,120248194806880278,3,3,3,0,0,0,8,4
2026-08-22,120248194843970278,[AFS] [F3] [Nolwazi Msimang] V4,120248194806880278,12,12,12,0,0,0,60,17
2026-08-22,120248194848660278,[AFS] [F3] [Nolwazi Msimang] V5,120248194806880278,10,10,10,0,0,0,44,12
2026-08-22,120248194855950278,[AFS] [F3] [Nolwazi Msimang] V6,120248194806880278,121,121,121,0,0,0,249,61
2026-08-22,120248194860260278,[AFS] [F3] [Nolwazi Msimang] V7,120248194806880278,46,46,46,0,0,0,113,25
2026-08-22,120248194870530278,[AFS] [F3] [Nolwazi Msimang] V9,120248194806880278,62,62,62,0,0,0,215,41
2026-08-22,120248194877530278,[AFS] [F3] [Nolwazi Msimang] V10,120248194806880278,22,22,22,0,0,0,59,15
2026-08-22,120248194936950278,[AFS] [F3] [Nqobileka Mshengu] V1,120248194936940278,4,4,4,0,0,0,2,1
2026-08-22,120248194966120278,[AFS] [F3] [Nqobileka Mshengu] V2,120248194936940278,150,150,150,0,0,0,327,86
2026-08-22,120248194967740278,[AFS] [F3] [Nqobileka Mshengu] V3,120248194936940278,20,20,20,0,0,0,25,12
2026-08-22,120248194972070278,[AFS] [F3] [Nqobileka Mshengu] V4,120248194936940278,2,2,2,0,0,0,7,1
2026-08-22,120248195093810278,[AFS] [F3] [Nqobileka Mshengu] V5,120248194936940278,29,29,29,0,0,0,81,20
2026-08-22,120248195103230278,[AFS] [F3] [Nqobileka Mshengu] V6,120248194936940278,11,11,11,0,0,0,34,9
2026-08-22,120248195118160278,[AFS] [F3] [Nqobileka Mshengu] V8,120248194936940278,66,66,66,0,0,0,178,43
2026-08-22,120248195123120278,[AFS] [F3] [Nqobileka Mshengu] V9,120248194936940278,1,1,1,0,0,0,0,0
2026-08-22,120248195176820278,[AFS] [F3] [Zimasa Mhlongo] V2,120248195154280278,13,13,13,0,0,0,5,4
2026-08-22,120248195180860278,[AFS] [F3] [Zimasa Mhlongo] V3,120248195154280278,34,34,34,0,0,0,60,15
2026-08-22,120248195197960278,[AFS] [F3] [Zimasa Mhlongo] V4,120248195154280278,16,16,16,0,0,0,102,46
2026-08-22,120248195199510278,[AFS] [F3] [Zimasa Mhlongo] V5,120248195154280278,37,37,37,0,0,0,106,19
2026-08-22,120248195204360278,[AFS] [F3] [Zimasa Mhlongo] V7,120248195154280278,131,131,131,0,0,0,217,61
2026-08-22,120248195205910278,[AFS] [F3] [Zimasa Mhlongo] V8,120248195154280278,6,6,6,0,0,0,14,2
2026-08-22,120248195210880278,[AFS] [F3] [Zimasa Mhlongo] V9,120248195154280278,103,103,103,0,0,0,215,54
2026-08-22,120248195213230278,[AFS] [F3] [Zimasa Mhlongo] V10,120248195154280278,12,12,12,0,0,0,44,8
2026-08-22,120248206576590278,[AFS] [F3] [Yanga Mhlabeni] V1,120248206576530278,23,23,23,0,0,0,59,18
2026-08-22,120248206626550278,[AFS] [F3] [Yanga Mhlabeni] V2,120248206576530278,472,472,472,0,0,0,1450,339
2026-08-22,120248206644020278,[AFS] [F3] [Yanga Mhlabeni] V5,120248206576530278,8,8,8,0,0,0,14,5
2026-08-22,120248206657430278,[AFS] [F3] [Yanga Mhlabeni] V9,120248206576530278,1,1,1,0,0,0,0,0
2026-08-22,120248206704810278,[AFS] [F3] [Lindiwe Gcaba] V3,120248206683980278,51,51,51,0,0,0,113,29
2026-08-22,120248206712470278,[AFS] [F3] [Lindiwe Gcaba] V5,120248206683980278,4,4,4,0,0,0,20,5
2026-08-22,120248206723170278,[AFS] [F3] [Lindiwe Gcaba] V7,120248206683980278,399,399,399,0,0,0,912,240
2026-08-22,120248206730280278,[AFS] [F3] [Lindiwe Gcaba] V9,120248206683980278,2,2,2,0,0,0,3,2
2026-08-22,120248206742290278,[AFS] [F3] [Lindiwe Gcaba] V10,120248206683980278,1,1,1,0,0,0,3,1
2026-08-22,120248206772930278,[AFS] [F3] [Siyamthanda Khumalo] V9,120248194360980278,1,1,1,0,0,0,2,1
2026-08-22,120248206776980278,[AFS] [F3] [Siyamthanda Khumalo] V10,120248194360980278,2,2,2,0,0,0,2,1
2026-08-22,120248206787300278,[AFS] [F3] [Bukhosi Mthembeni] V2,120248206765540278,2,2,2,0,0,0,4,2
2026-08-22,120248206804380278,[AFS] [F3] [Bukhosi Mthembeni] V4,120248206765540278,591,591,591,0,0,0,1528,390
2026-08-22,120248206807210278,[AFS] [F3] [Bukhosi Mthembeni] V5,120248206765540278,41,41,41,0,0,0,86,26
2026-08-22,120248206822400278,[AFS] [F3] [Bukhosi Mthembeni] V8,120248206765540278,4,4,4,0,0,0,30,12
2026-08-22,120248206906090278,[AFS] [F3] [Nokwanda Zwane] V1,120248206906000278,72,72,72,0,0,0,177,55
2026-08-22,120248206923650278,[AFS] [F3] [Nokwanda Zwane] V2,120248206906000278,32,32,32,0,0,0,119,28
2026-08-22,120248206926730278,[AFS] [F3] [Nokwanda Zwane] V3,120248206906000278,4,4,4,0,0,0,13,6
2026-08-22,120248206930410278,[AFS] [F3] [Nokwanda Zwane] V4,120248206906000278,11,11,11,0,0,0,23,3
2026-08-22,120248206934590278,[AFS] [F3] [Nokwanda Zwane] V5,120248206906000278,3,3,3,0,0,0,9,3
2026-08-22,120248206939760278,[AFS] [F3] [Nokwanda Zwane] V6,120248206906000278,1,1,1,0,0,0,0,0
2026-08-22,120248206945940278,,,0,0,0,0,0,0,1,1
2026-08-22,120248206948870278,[AFS] [F3] [Nokwanda Zwane] V8,120248206906000278,26,26,26,0,0,0,70,16
2026-08-22,120248206958060278,[AFS] [F3] [Nokwanda Zwane] V9,120248206906000278,1,1,1,0,0,0,1,1
2026-08-22,120248206988160278,[AFS] [F3] [Nondumiso Mdletshe] V3,120248206972940278,17,17,17,0,0,0,32,15
2026-08-22,120248206989900278,[AFS] [F3] [Nondumiso Mdletshe] V4,120248206972940278,6,6,6,0,0,0,19,10
2026-08-22,120248206991790278,[AFS] [F3] [Nondumiso Mdletshe] V5,120248206972940278,399,399,399,0,0,0,1208,263
2026-08-22,120248206993670278,,,0,0,0,0,0,0,1,1
2026-08-22,120248206996450278,[AFS] [F3] [Nondumiso Mdletshe] V7,120248206972940278,1,1,1,0,0,0,4,3
2026-08-22,120248207003410278,[AFS] [F3] [Nondumiso Mdletshe] V8,120248206972940278,1,1,1,0,0,0,1,1
2026-08-22,120248207047610278,[AFS] [F3] [Thandoluhle Mabuza ] V1,120248207047560278,66,66,66,0,0,0,130,40
2026-08-22,120248207143140278,[AFS] [F3] [Thandoluhle Mabuza ] V2,120248207047560278,41,41,41,0,0,0,57,22
2026-08-22,120248207152480278,[AFS] [F3] [Thandoluhle Mabuza ] V3,120248207047560278,2,2,2,0,0,0,1,1
2026-08-22,120248207159750278,[AFS] [F3] [Thandoluhle Mabuza ] V5,120248207047560278,2,2,2,0,0,0,3,1
2026-08-22,120248207162510278,[AFS] [F3] [Thandoluhle Mabuza ] V6,120248207047560278,3,3,3,0,0,0,5,4
2026-08-22,120248207169180278,[AFS] [F3] [Thandoluhle Mabuza ] V8,120248207047560278,132,132,132,0,0,0,312,95
2026-08-22,120248207174990278,[AFS] [F3] [Thandoluhle Mabuza ] V9,120248207047560278,1,1,1,0,0,0,13,2
2026-08-22,120248372080200330,[RECEITASMENU] [BR] [F1] [Ariana Machado] V1,120248372080210330,61,61,61,0,0,0,0,0
2026-08-22,120248372134110330,[RECEITASMENU] [BR] [F1] [Ariana Machado] V2,120248372080210330,57,57,57,0,0,0,0,0
2026-08-22,120248372136990330,[RECEITASMENU] [BR] [F1] [Ariana Machado] V3,120248372080210330,130,130,130,0,0,0,0,0
2026-08-22,120248372139410330,[RECEITASMENU] [BR] [F1] [Ariana Machado] V4,120248372080210330,280,280,280,0,0,0,0,0
2026-08-22,120248372142860330,[RECEITASMENU] [BR] [F1] [Ariana Machado] V6,120248372080210330,54,54,54,0,0,0,0,0
2026-08-22,120248372145280330,[RECEITASMENU] [BR] [F1] [Ariana Machado] V7,120248372080210330,6,6,6,0,0,0,0,0
2026-08-22,120248372152310330,[RECEITASMENU] [BR] [F1] [Ariana Machado] V9,120248372080210330,52,52,52,0,0,0,0,0
2026-08-22,120248372299290330,[RECEITASMENU] [BR] [F1] [Franciele Cardoso] V9 — Cópia,120248372192250330,222,222,222,0,0,0,0,0
2026-08-22,120248372299400330,[RECEITASMENU] [BR] [F1] [Franciele Cardoso] V2 — Cópia,120248372192250330,19,19,19,0,0,0,0,0
2026-08-22,120248372299410330,[RECEITASMENU] [BR] [F1] [Franciele Cardoso] V1 — Cópia,120248372192250330,4,4,4,0,0,0,0,0
2026-08-22,120248372299420330,[RECEITASMENU] [BR] [F1] [Franciele Cardoso] V3 — Cópia,120248372192250330,230,230,230,0,0,0,0,0
2026-08-22,120248372299430330,[RECEITASMENU] [BR] [F1] [Franciele Cardoso] V5 — Cópia,120248372192250330,11,11,11,0,0,0,0,0
2026-08-22,120248372299440330,[RECEITASMENU] [BR] [F1] [Franciele Cardoso] V4 — Cópia,120248372192250330,16,16,16,0,0,0,0,0
2026-08-22,120248372299450330,[RECEITASMENU] [BR] [F1] [Franciele Cardoso] V6 — Cópia,120248372192250330,16,16,16,0,0,0,0,0
2026-08-22,120248372299460330,[RECEITASMENU] [BR] [F1] [Franciele Cardoso] V7 — Cópia,120248372192250330,25,25,25,0,0,0,0,0
2026-08-22,120253101288330281,,,0,0,0,0,0,0,1,1
2026-08-22,120253138584190281,,,0,0,0,0,0,0,1,1
2026-08-22,120253138745550281,,,0,0,0,0,0,0,1,1
2026-08-22,120253141780200281,,,0,0,0,0,0,0,1,1
2026-08-22,120253141945370281,,,0,0,0,0,0,0,2,1
2026-08-22,120253225795580281,,,0,0,0,0,0,0,1,1
2026-08-22,120253406535550281,,,0,0,0,0,0,0,3,1
2026-08-22,120253406774810281,,,0,0,0,0,0,0,4,2
2026-08-22,120253406891930281,,,0,0,0,0,0,0,3,2
2026-08-22,120253407333460281,,,0,0,0,0,0,0,5,2
2026-08-22,120253407409760281,,,0,0,0,0,0,0,3,1
2026-08-22,120253409966970281,,,0,0,0,0,0,0,2,1
2026-08-22,120253415724350281,,,0,0,0,0,0,0,1,1
2026-08-22,120253422905970281,,,0,0,0,0,0,0,6,2
2026-08-22,120253423000780281,,,0,0,0,0,0,0,2,1
2026-08-22,120253423013640281,,,0,0,0,0,0,0,1,1
2026-08-22,120253423035590281,,,0,0,0,0,0,0,2,1
2026-08-22,120253428739300281,,,0,0,0,0,0,0,3,1
2026-08-22,120253428775060281,,,0,0,0,0,0,0,1,1
2026-08-22,120253665881380281,[AFS] [F3] [Noluthando Makhanya] V4,120253665771940281,393,393,393,0,0,0,1381,330
2026-08-22,120253665893600281,[AFS] [F3] [Noluthando Makhanya] V5,120253665771940281,1,1,1,0,0,0,10,3
2026-08-22,120253665904310281,[AFS] [F3] [Noluthando Makhanya] V7,120253665771940281,44,44,44,0,0,0,139,28
2026-08-22,120253665910190281,[AFS] [F3] [Noluthando Makhanya] V8,120253665771940281,1,1,1,0,0,0,2,1
2026-08-22,120253665946580281,[AFS] [F3] [Noluthando Makhanya] V10,120253665771940281,76,76,76,0,0,0,215,55
2026-08-22,120253666333460281,[AFS] [F3] [Sinethemba Mthembu] V1,120253666333490281,126,126,126,0,0,0,395,100
2026-08-22,120253666527630281,[AFS] [F3] [Sinethemba Mthembu] V5,120253666333490281,112,112,112,0,0,0,297,78
2026-08-22,120253666532760281,[AFS] [F3] [Sinethemba Mthembu] V6,120253666333490281,229,229,229,0,0,0,603,160
2026-08-22,120253666628200281,,,0,0,0,0,0,0,1,1
2026-08-22,120253667485200281,[AFS] [F3] [Nqobile Mkhwanazi] V5,120253667302360281,2,2,2,0,0,0,5,1
2026-08-22,120253667521110281,[AFS] [F3] [Nqobile Mkhwanazi] V7,120253667302360281,1,1,1,0,0,0,9,3
2026-08-22,120253667668650281,,,0,0,0,0,0,0,2,2
2026-08-22,120253667678500281,[AFS] [F3] [Zandile Hlatshwayo] V8,120253667581330281,27,27,27,0,0,0,74,19
2026-08-22,120253701667190281,,,0,0,0,0,0,0,7,2
2026-08-22,120253703504330281,,,0,0,0,0,0,0,1,1
2026-08-22,120253703606030281,,,0,0,0,0,0,0,4,2
2026-08-22,120253703640280281,,,0,0,0,0,0,0,1,1
2026-08-22,120253703658800281,[AFS] [F3] [Karabo Mokoatle] V8,120253703504250281,468,468,468,0,0,0,1363,365
2026-08-22,120253703780420281,[AFS] [F3] [Zethembiso Motaung] V4,120253703724520281,34,34,34,0,0,0,94,21
2026-08-22,120253703796370281,[AFS] [F3] [Zethembiso Motaung] V5,120253703724520281,28,28,28,0,0,0,81,20
2026-08-22,120253703813950281,[AFS] [F3] [Zethembiso Motaung] V6,120253703724520281,39,39,39,0,0,0,149,31
2026-08-22,120253703815990281,[AFS] [F3] [Zethembiso Motaung] V7,120253703724520281,27,27,27,0,0,0,39,15
2026-08-22,120253703824100281,,,0,0,0,0,0,0,7,4
2026-08-22,120253703887140281,,,0,0,0,0,0,0,6,1
2026-08-22,120253703910260281,[AFS] [F3] [Sibongakonke Masebe] V4,120253703839970281,1,1,1,0,0,0,0,0
2026-08-22,120253703937850281,[AFS] [F3] [Sibongakonke Masebe] V7,120253703839970281,19,19,19,0,0,0,63,17
2026-08-22,120253704028180281,[AFS] [F3] [Hlompho Masilela] V2,120253703989720281,1,1,1,0,0,0,2,2
2026-08-22,120253704038100281,[AFS] [F3] [Hlompho Masilela] V3,120253703989720281,66,66,66,0,0,0,180,45
2026-08-22,120253704087580281,,,0,0,0,0,0,0,8,3
2026-08-22,120253704091080281,,,0,0,0,0,0,0,1,1
2026-08-22,120253761460060281,[AFS] [F3] [Kholeka Maphanga] V5,120253761401760281,1,1,1,0,0,0,3,3
2026-08-22,120253761469260281,,,0,0,0,0,0,0,2,1
2026-08-22,120253761479690281,,,0,0,0,0,0,0,1,1
2026-08-22,120253761546640281,[AFS] [F3] [Nomusa Mzizi] V1,120253761546630281,11,11,11,0,0,0,14,5
2026-08-22,120253761590460281,,,0,0,0,0,0,0,1,1
2026-08-22,120253761602770281,[AFS] [F3] [Nomusa Mzizi] V5,120253761546630281,7,7,7,0,0,0,19,9
2026-08-22,120253761609070281,,,0,0,0,0,0,0,4,1
2026-08-22,120253761614690281,[AFS] [F3] [Nomusa Mzizi] V7,120253761546630281,10,10,10,0,0,0,26,8
2026-08-22,120253761623700281,[AFS] [F3] [Nomusa Mzizi] V9,120253761546630281,15,15,15,0,0,0,50,13
2026-08-22,120253761627390281,[AFS] [F3] [Nomusa Mzizi] V10,120253761546630281,1,1,1,0,0,0,5,1
2026-08-23,120247357081010278,[AFS] [F3] [AMARA OKAFOR] V6,120247357080990278,22,22,22,0,0,0,95,20
2026-08-23,120247357081030278,,,0,0,0,0,0,0,1,1
2026-08-23,120247357081050278,,,0,0,0,0,0,0,4,3
2026-08-23,120247357457050278,,,0,0,0,0,0,0,7,1
2026-08-23,120247357457070278,,,0,0,0,0,0,0,3,1
2026-08-23,120247357457080278,,,0,0,0,0,0,0,2,1
2026-08-23,120247357457090278,,,0,0,0,0,0,0,7,2
2026-08-23,120247357457100278,,,0,0,0,0,0,0,19,2
2026-08-23,120247358420070278,[AFS] [F3] [AMINATA DIALLO] V3,120247358419970278,2,2,2,0,0,0,8,2
2026-08-23,120247359464720278,[AFS] [F3] [NOMVULA MOKOENA] V6,120247359464690278,2,2,2,0,0,0,2,1
2026-08-23,120247359464800278,,,0,0,0,0,0,0,2,1
2026-08-23,120247360141410278,[AFS] [F3] [CHIPO MOYO]  V6,120247360141370278,31,31,31,0,0,0,101,20
2026-08-23,120247360141470278,,,0,0,0,0,0,0,2,1
2026-08-23,120247360141490278,[AFS] [F3] [CHIPO MOYO]  V2,120247360141370278,17,17,17,0,0,0,40,12
2026-08-23,120247360356830278,,,0,0,0,0,0,0,2,2
2026-08-23,120247360531120278,,,0,0,0,0,0,0,2,1
2026-08-23,120247360531130278,,,0,0,0,0,0,0,2,1
2026-08-23,120247382323040278,[AFS] [F3] [WANGARI KAMAU] V4,120247382322970278,13,13,13,0,0,0,38,10
2026-08-23,120247382323050278,[AFS] [F3] [WANGARI KAMAU] V6,120247382322970278,2,2,2,0,0,0,1,1
2026-08-23,120247382323060278,[AFS] [F3] [WANGARI KAMAU] V5,120247382322970278,13,13,13,0,0,0,25,9
2026-08-23,120247382323070278,[AFS] [F3] [WANGARI KAMAU] V2,120247382322970278,1,1,1,0,0,0,2,1
2026-08-23,120247382323080278,[AFS] [F3] [WANGARI KAMAU] V3,120247382322970278,17,17,17,0,0,0,19,8
2026-08-23,120247382323090278,[AFS] [F3] [WANGARI KAMAU] V1,120247382322970278,1,1,1,0,0,0,5,2
2026-08-23,120247488215910278,,,0,0,0,0,0,0,1,1
2026-08-23,120247488259350278,[AFS] [F3] [LUNGILE HADEBE] V1,120247488259330278,30,30,30,0,0,0,90,20
2026-08-23,120247488419540278,[AFS] [F3] [LUNGILE HADEBE] V6,120247488259330278,1,1,1,0,0,0,1,1
2026-08-23,120247488474100278,,,0,0,0,0,0,0,7,2
2026-08-23,120247488660110278,,,0,0,0,0,0,0,4,2
2026-08-23,120247488854820278,,,0,0,0,0,0,0,4,1
2026-08-23,120247489160520278,,,0,0,0,0,0,0,8,1
2026-08-23,120247506203840278,,,0,0,0,0,0,0,6,1
2026-08-23,120247506542160278,,,0,0,0,0,0,0,1,1
2026-08-23,120247566460400278,,,0,0,0,0,0,0,1,1
2026-08-23,120247753333380278,[AFS] [F3] [Siphesihle Cele] V2,120247753268510278,17,17,17,0,0,0,40,14
2026-08-23,120247753343390278,[AFS] [F3] [Siphesihle Cele] V4,120247753268510278,1,1,1,0,0,0,0,0
2026-08-23,120247753359010278,,,0,0,0,0,0,0,4,1
2026-08-23,120247753572160278,[AFS] [F3] [Khanyisa Zwane] V1,120247753572060278,1,1,1,0,0,0,0,0
2026-08-23,120247753647720278,[AFS] [F3] [Khanyisa Zwane] V4,120247753572060278,21,21,21,0,0,0,76,18
2026-08-23,120247753784310278,,,0,0,0,0,0,0,2,1
2026-08-23,120247753859960278,[AFS] [F3] [Khanyisile Nxumalo] V2,120247753837740278,37,37,37,0,0,0,130,37
2026-08-23,120247753901780278,,,0,0,0,0,0,0,2,1
2026-08-23,120247797327560278,,,0,0,0,0,0,0,4,1
2026-08-23,120247856415450278,,,0,0,0,0,0,0,1,1
2026-08-23,120247856608070278,,,0,0,0,0,0,0,2,1
2026-08-23,120247856752040278,,,0,0,0,0,0,0,2,2
2026-08-23,120248013951830278,,,0,0,0,0,0,0,1,1
2026-08-23,120248013980050278,[AFS] [F3] [Khanyisile Nxumalo] V8,120247753837740278,12,12,12,0,0,0,23,5
2026-08-23,120248013993110278,[AFS] [F3] [Khanyisile Nxumalo] V11,120247753837740278,1,1,1,0,0,0,0,0
2026-08-23,120248014002370278,,,0,0,0,0,0,0,4,2
2026-08-23,120248014031360278,[AFS] [F3] [Khanyisile Nxumalo] V16,120247753837740278,22,22,22,0,0,0,65,13
2026-08-23,120248014304990278,,,0,0,0,0,0,0,6,2
2026-08-23,120248014331980278,[AFS] [F3] [Khanyisa Zwane] V11,120247753572060278,40,40,40,0,0,0,190,42
2026-08-23,120248014338390278,,,0,0,0,0,0,0,1,1
2026-08-23,120248014354790278,[AFS] [F3] [Khanyisa Zwane] V14,120247753572060278,17,17,17,0,0,0,37,10
2026-08-23,120248014361180278,,,0,0,0,0,0,0,1,1
2026-08-23,120248015021780278,[AFS] [F3] [Siphesihle Cele] V14,120247753268510278,18,18,18,0,0,0,34,12
2026-08-23,120248015027340278,[AFS] [F3] [Siphesihle Cele] V15,120247753268510278,29,29,29,0,0,0,58,20
2026-08-23,120248015705310278,,,0,0,0,0,0,0,2,1
2026-08-23,120248015743610278,[AFS] [F3] [Yonela Mnguni] V14,120247753719120278,1,1,1,0,0,0,3,1
2026-08-23,120248037146600278,[AFS] [F3] [NOURBESE ACHEBE] V8,120247488930090278,19,19,19,0,0,0,61,16
2026-08-23,120248037148270278,[AFS] [F3] [NOURBESE ACHEBE] V9,120247488930090278,1,1,1,0,0,0,0,0
2026-08-23,120248037149900278,[AFS] [F3] [NOURBESE ACHEBE] V10,120247488930090278,14,14,14,0,0,0,40,10
2026-08-23,120248037242460278,[AFS] [F3] [LUNGILE HADEBE] V9,120247488259330278,1,1,1,0,0,0,3,3
2026-08-23,120248037259710278,[AFS] [F3] [LUNGILE HADEBE] V13,120247488259330278,41,41,41,0,0,0,34,18
2026-08-23,120248037267250278,,,0,0,0,0,0,0,16,1
2026-08-23,120248037378470278,[AFS] [F3] [CHIPO MOYO]  V11,120247360141370278,10,10,10,0,0,0,24,7
2026-08-23,120248037487480278,[AFS] [F3] [AMINATA DIALLO] V10,120247358419970278,1,1,1,0,0,0,4,3
2026-08-23,120248037496400278,,,0,0,0,0,0,0,1,1
2026-08-23,120248037498990278,[AFS] [F3] [AMINATA DIALLO] V13,120247358419970278,1,1,1,0,0,0,6,4
2026-08-23,120248037581340278,[AFS] [F3] [AMARA OKAFOR] V13,120247357080990278,16,16,16,0,0,0,66,13
2026-08-23,120248037745600278,[AFS] [F3] [NOMVULA MOKOENA] V11,120247359464690278,2,2,2,0,0,0,5,2
2026-08-23,120248037841630278,[AFS] [F3] [BONGEKILE ZUNGU] V7,120247506168050278,41,41,41,0,0,0,95,26
2026-08-23,120248037889530278,[AFS] [F3] [BONGEKILE ZUNGU] V12,120247506168050278,21,21,21,0,0,0,67,12
2026-08-23,120248037907790278,[AFS] [F3] [BONGEKILE ZUNGU] V14,120247506168050278,13,13,13,0,0,0,31,10
2026-08-23,120248037951360278,[AFS] [F3] [MBALI BUTHELEZI] V7,120247506424170278,24,24,24,0,0,0,100,21
2026-08-23,120248037978210278,[AFS] [F3] [MBALI BUTHELEZI] V9,120247506424170278,25,25,25,0,0,0,92,20
2026-08-23,120248037983800278,[AFS] [F3] [MBALI BUTHELEZI] V10,120247506424170278,21,21,21,0,0,0,47,15
2026-08-23,120248038023970278,[AFS] [F3] [WANGARI KAMAU] V7,120247382322970278,14,14,14,0,0,0,68,14
2026-08-23,120248038047290278,[AFS] [F3] [WANGARI KAMAU] V8,120247382322970278,11,11,11,0,0,0,46,10
2026-08-23,120248038053810278,[AFS] [F3] [WANGARI KAMAU] V10,120247382322970278,1,1,1,0,0,0,2,2
2026-08-23,120248166670760278,,,0,0,0,0,0,0,1,1
2026-08-23,120248166825390278,[AFS] [F3] [Noluthando Mbhele] V2,120248166804780278,26,26,26,0,0,0,109,35
2026-08-23,120248166829070278,[AFS] [F3] [Noluthando Mbhele] V3,120248166804780278,375,375,375,0,0,0,1008,236
2026-08-23,120248166833800278,[AFS] [F3] [Noluthando Mbhele] V4,120248166804780278,4,4,4,0,0,0,11,7
2026-08-23,120248166847040278,[AFS] [F3] [Noluthando Mbhele] V7,120248166804780278,1,1,1,0,0,0,0,0
2026-08-23,120248166893280278,[AFS] [F3] [Thembisile Mkhonto ] V5,120248166866480278,4,4,4,0,0,0,6,3
2026-08-23,120248166905440278,[AFS] [F3] [Thembisile Mkhonto ] V7,120248166866480278,5,5,5,0,0,0,13,5
2026-08-23,120248166916950278,[AFS] [F3] [Thembisile Mkhonto ] V9,120248166866480278,386,386,386,0,0,0,958,248
2026-08-23,120248166938060278,[AFS] [F3] [Thandolwethu Mzolo] V1,120248166938070278,223,223,223,0,0,0,714,172
2026-08-23,120248166957800278,[AFS] [F3] [Thandolwethu Mzolo] V4,120248166938070278,276,276,276,0,0,0,864,201
2026-08-23,120248166962060278,[AFS] [F3] [Thandolwethu Mzolo] V6,120248166938070278,1,1,1,0,0,0,1,1
2026-08-23,120248166964680278,[AFS] [F3] [Thandolwethu Mzolo] V7,120248166938070278,1,1,1,0,0,0,0,0
2026-08-23,120248194706920278,[AFS] [F3] [Noluthando Mthembu] V1,120248194706870278,1,1,1,0,0,0,3,2
2026-08-23,120248194739500278,[AFS] [F3] [Noluthando Mthembu] V2,120248194706870278,1,1,1,0,0,0,3,1
2026-08-23,120248194745270278,[AFS] [F3] [Noluthando Mthembu] V3,120248194706870278,407,407,407,0,0,0,923,256
2026-08-23,120248194761320278,[AFS] [F3] [Noluthando Mthembu] V5,120248194706870278,2,2,2,0,0,0,9,3
2026-08-23,120248194763740278,[AFS] [F3] [Noluthando Mthembu] V6,120248194706870278,1,1,1,0,0,0,3,1
2026-08-23,120248194767240278,[AFS] [F3] [Noluthando Mthembu] V7,120248194706870278,1,1,1,0,0,0,0,0
2026-08-23,120248194848660278,[AFS] [F3] [Nolwazi Msimang] V5,120248194806880278,2,2,2,0,0,0,11,2
2026-08-23,120248194855950278,[AFS] [F3] [Nolwazi Msimang] V6,120248194806880278,249,249,249,0,0,0,600,148
2026-08-23,120248194860260278,[AFS] [F3] [Nolwazi Msimang] V7,120248194806880278,44,44,44,0,0,0,153,31
2026-08-23,120248194870530278,[AFS] [F3] [Nolwazi Msimang] V9,120248194806880278,2,2,2,0,0,0,9,6
2026-08-23,120248194877530278,,,0,0,0,0,0,0,1,1
2026-08-23,120248194936950278,[AFS] [F3] [Nqobileka Mshengu] V1,120248194936940278,4,4,4,0,0,0,6,1
2026-08-23,120248194966120278,[AFS] [F3] [Nqobileka Mshengu] V2,120248194936940278,175,175,175,0,0,0,405,90
2026-08-23,120248194967740278,[AFS] [F3] [Nqobileka Mshengu] V3,120248194936940278,11,11,11,0,0,0,19,6
2026-08-23,120248194972070278,[AFS] [F3] [Nqobileka Mshengu] V4,120248194936940278,9,9,9,0,0,0,17,6
2026-08-23,120248195093810278,[AFS] [F3] [Nqobileka Mshengu] V5,120248194936940278,24,24,24,0,0,0,96,24
2026-08-23,120248195103230278,[AFS] [F3] [Nqobileka Mshengu] V6,120248194936940278,10,10,10,0,0,0,23,6
2026-08-23,120248195118160278,[AFS] [F3] [Nqobileka Mshengu] V8,120248194936940278,54,54,54,0,0,0,134,37
2026-08-23,120248195123120278,,,0,0,0,0,0,0,1,1
2026-08-23,120248195176820278,[AFS] [F3] [Zimasa Mhlongo] V2,120248195154280278,9,9,9,0,0,0,22,7
2026-08-23,120248195180860278,[AFS] [F3] [Zimasa Mhlongo] V3,120248195154280278,3,3,3,0,0,0,18,4
2026-08-23,120248195197960278,[AFS] [F3] [Zimasa Mhlongo] V4,120248195154280278,7,7,7,0,0,0,24,10
2026-08-23,120248195199510278,[AFS] [F3] [Zimasa Mhlongo] V5,120248195154280278,16,16,16,0,0,0,38,10
2026-08-23,120248195204360278,[AFS] [F3] [Zimasa Mhlongo] V7,120248195154280278,215,215,215,0,0,0,432,104
2026-08-23,120248195205910278,[AFS] [F3] [Zimasa Mhlongo] V8,120248195154280278,5,5,5,0,0,0,13,6
2026-08-23,120248195210880278,[AFS] [F3] [Zimasa Mhlongo] V9,120248195154280278,72,72,72,0,0,0,123,41
2026-08-23,120248195213230278,[AFS] [F3] [Zimasa Mhlongo] V10,120248195154280278,11,11,11,0,0,0,30,8
2026-08-23,120248206576590278,[AFS] [F3] [Yanga Mhlabeni] V1,120248206576530278,14,14,14,0,0,0,29,9
2026-08-23,120248206626550278,[AFS] [F3] [Yanga Mhlabeni] V2,120248206576530278,435,435,435,0,0,0,1336,331
2026-08-23,120248206644020278,[AFS] [F3] [Yanga Mhlabeni] V5,120248206576530278,3,3,3,0,0,0,14,2
2026-08-23,120248206704810278,[AFS] [F3] [Lindiwe Gcaba] V3,120248206683980278,5,5,5,0,0,0,9,6
2026-08-23,120248206712470278,,,0,0,0,0,0,0,1,1
2026-08-23,120248206717980278,,,0,0,0,0,0,0,1,1
2026-08-23,120248206723170278,[AFS] [F3] [Lindiwe Gcaba] V7,120248206683980278,422,422,422,0,0,0,1097,238
2026-08-23,120248206776980278,[AFS] [F3] [Siyamthanda Khumalo] V10,120248194360980278,1,1,1,0,0,0,0,0
2026-08-23,120248206787300278,[AFS] [F3] [Bukhosi Mthembeni] V2,120248206765540278,1,1,1,0,0,0,4,2
2026-08-23,120248206804380278,[AFS] [F3] [Bukhosi Mthembeni] V4,120248206765540278,416,416,416,0,0,0,1092,279
2026-08-23,120248206807210278,[AFS] [F3] [Bukhosi Mthembeni] V5,120248206765540278,59,59,59,0,0,0,170,39
2026-08-23,120248206822400278,[AFS] [F3] [Bukhosi Mthembeni] V8,120248206765540278,2,2,2,0,0,0,5,2
2026-08-23,120248206827130278,[AFS] [F3] [Bukhosi Mthembeni] V9,120248206765540278,1,1,1,0,0,0,0,0
2026-08-23,120248206906090278,[AFS] [F3] [Nokwanda Zwane] V1,120248206906000278,2,2,2,0,0,0,4,2
2026-08-23,120248206923650278,[AFS] [F3] [Nokwanda Zwane] V2,120248206906000278,1,1,1,0,0,0,11,3
2026-08-23,120248206926730278,,,0,0,0,0,0,0,1,1
2026-08-23,120248206930410278,,,0,0,0,0,0,0,5,2
2026-08-23,120248206948870278,[AFS] [F3] [Nokwanda Zwane] V8,120248206906000278,2,2,2,0,0,0,2,1
2026-08-23,120248206988160278,[AFS] [F3] [Nondumiso Mdletshe] V3,120248206972940278,12,12,12,0,0,0,19,8
2026-08-23,120248206991790278,[AFS] [F3] [Nondumiso Mdletshe] V5,120248206972940278,343,343,343,0,0,0,1166,229
2026-08-23,120248206993670278,[AFS] [F3] [Nondumiso Mdletshe] V6,120248206972940278,1,1,1,0,0,0,4,1
2026-08-23,120248206996450278,[AFS] [F3] [Nondumiso Mdletshe] V7,120248206972940278,1,1,1,0,0,0,6,1
2026-08-23,120248207047610278,[AFS] [F3] [Thandoluhle Mabuza ] V1,120248207047560278,183,183,183,0,0,0,372,98
2026-08-23,120248207143140278,[AFS] [F3] [Thandoluhle Mabuza ] V2,120248207047560278,1,1,1,0,0,0,6,3
2026-08-23,120248207152480278,[AFS] [F3] [Thandoluhle Mabuza ] V3,120248207047560278,3,3,3,0,0,0,12,2
2026-08-23,120248207159750278,[AFS] [F3] [Thandoluhle Mabuza ] V5,120248207047560278,2,2,2,0,0,0,8,2
2026-08-23,120248207162510278,[AFS] [F3] [Thandoluhle Mabuza ] V6,120248207047560278,9,9,9,0,0,0,15,5
2026-08-23,120248207169180278,[AFS] [F3] [Thandoluhle Mabuza ] V8,120248207047560278,12,12,12,0,0,0,67,16
2026-08-23,120248207174990278,,,0,0,0,0,0,0,2,2
2026-08-23,120248207180450278,[AFS] [F3] [Thandoluhle Mabuza ] V10,120248207047560278,1,1,1,0,0,0,0,0
2026-08-23,120248372080200330,[RECEITASMENU] [BR] [F1] [Ariana Machado] V1,120248372080210330,238,238,238,0,0,0,0,0
2026-08-23,120248372134110330,[RECEITASMENU] [BR] [F1] [Ariana Machado] V2,120248372080210330,2,2,2,0,0,0,0,0
2026-08-23,120248372136990330,[RECEITASMENU] [BR] [F1] [Ariana Machado] V3,120248372080210330,1,1,1,0,0,0,0,0
2026-08-23,120248372139410330,[RECEITASMENU] [BR] [F1] [Ariana Machado] V4,120248372080210330,329,329,329,0,0,0,0,0
2026-08-23,120248372142860330,[RECEITASMENU] [BR] [F1] [Ariana Machado] V6,120248372080210330,3,3,3,0,0,0,0,0
2026-08-23,120248372145280330,[RECEITASMENU] [BR] [F1] [Ariana Machado] V7,120248372080210330,42,42,42,0,0,0,0,0
2026-08-23,120248372152310330,[RECEITASMENU] [BR] [F1] [Ariana Machado] V9,120248372080210330,3,3,3,0,0,0,0,0
2026-08-23,120248372299290330,[RECEITASMENU] [BR] [F1] [Franciele Cardoso] V9 — Cópia,120248372192250330,389,389,389,0,0,0,0,0
2026-08-23,120248372299400330,[RECEITASMENU] [BR] [F1] [Franciele Cardoso] V2 — Cópia,120248372192250330,83,83,83,0,0,0,0,0
2026-08-23,120248372299420330,[RECEITASMENU] [BR] [F1] [Franciele Cardoso] V3 — Cópia,120248372192250330,2,2,2,0,0,0,0,0
2026-08-23,120253138745550281,,,0,0,0,0,0,0,4,1
2026-08-23,120253138919620281,,,0,0,0,0,0,0,1,1
2026-08-23,120253141635530281,,,0,0,0,0,0,0,1,1
2026-08-23,120253141780200281,,,0,0,0,0,0,0,1,1
2026-08-23,120253141941400281,,,0,0,0,0,0,0,2,1
2026-08-23,120253141945370281,,,0,0,0,0,0,0,2,1
2026-08-23,120253142016080281,,,0,0,0,0,0,0,1,1
2026-08-23,120253142290360281,,,0,0,0,0,0,0,4,1
2026-08-23,120253167383880281,,,0,0,0,0,0,0,8,1
2026-08-23,120253168399990281,,,0,0,0,0,0,0,1,1
2026-08-23,120253225501180281,,,0,0,0,0,0,0,4,1
2026-08-23,120253226001460281,,,0,0,0,0,0,0,2,1
2026-08-23,120253406659640281,,,0,0,0,0,0,0,1,1
2026-08-23,120253411255640281,,,0,0,0,0,0,0,2,1
2026-08-23,120253415684090281,,,0,0,0,0,0,0,2,1
2026-08-23,120253415695320281,,,0,0,0,0,0,0,1,1
2026-08-23,120253422896760281,,,0,0,0,0,0,0,1,1
2026-08-23,120253422900530281,,,0,0,0,0,0,0,2,1
2026-08-23,120253423000780281,,,0,0,0,0,0,0,1,1
2026-08-23,120253423013640281,,,0,0,0,0,0,0,3,1
2026-08-23,120253428682050281,,,0,0,0,0,0,0,4,1
2026-08-23,120253665881380281,[AFS] [F3] [Noluthando Makhanya] V4,120253665771940281,291,291,291,0,0,0,1093,264
2026-08-23,120253665904310281,[AFS] [F3] [Noluthando Makhanya] V7,120253665771940281,31,31,31,0,0,0,90,27
2026-08-23,120253665946580281,[AFS] [F3] [Noluthando Makhanya] V10,120253665771940281,58,58,58,0,0,0,181,53
2026-08-23,120253666333460281,[AFS] [F3] [Sinethemba Mthembu] V1,120253666333490281,107,107,107,0,0,0,365,74
2026-08-23,120253666527630281,[AFS] [F3] [Sinethemba Mthembu] V5,120253666333490281,64,64,64,0,0,0,171,44
2026-08-23,120253666532760281,[AFS] [F3] [Sinethemba Mthembu] V6,120253666333490281,161,161,161,0,0,0,413,122
2026-08-23,120253667302470281,,,0,0,0,0,0,0,3,1
2026-08-23,120253667360680281,,,0,0,0,0,0,0,4,1
2026-08-23,120253667485200281,,,0,0,0,0,0,0,12,1
2026-08-23,120253667521110281,[AFS] [F3] [Nqobile Mkhwanazi] V7,120253667302360281,1,1,1,0,0,0,8,3
2026-08-23,120253667542940281,,,0,0,0,0,0,0,1,1
2026-08-23,120253667668650281,[AFS] [F3] [Zandile Hlatshwayo] V7,120253667581330281,1,1,1,0,0,0,8,3
2026-08-23,120253667678500281,[AFS] [F3] [Zandile Hlatshwayo] V8,120253667581330281,17,17,17,0,0,0,51,16
2026-08-23,120253667683750281,,,0,0,0,0,0,0,1,1
2026-08-23,120253703658800281,[AFS] [F3] [Karabo Mokoatle] V8,120253703504250281,360,360,360,0,0,0,983,257
2026-08-23,120253703768810281,,,0,0,0,0,0,0,10,1
2026-08-23,120253703780420281,[AFS] [F3] [Zethembiso Motaung] V4,120253703724520281,12,12,12,0,0,0,34,11
2026-08-23,120253703796370281,[AFS] [F3] [Zethembiso Motaung] V5,120253703724520281,21,21,21,0,0,0,78,16
2026-08-23,120253703813950281,[AFS] [F3] [Zethembiso Motaung] V6,120253703724520281,30,30,30,0,0,0,82,22
2026-08-23,120253703815990281,[AFS] [F3] [Zethembiso Motaung] V7,120253703724520281,26,26,26,0,0,0,50,16
2026-08-23,120253703824100281,[AFS] [F3] [Zethembiso Motaung] V10,120253703724520281,1,1,1,0,0,0,3,2
2026-08-23,120253703910260281,,,0,0,0,0,0,0,1,1
2026-08-23,120253703920400281,,,0,0,0,0,0,0,3,1
2026-08-23,120253703937850281,[AFS] [F3] [Sibongakonke Masebe] V7,120253703839970281,32,32,32,0,0,0,57,19
2026-08-23,120253704028180281,,,0,0,0,0,0,0,3,1
2026-08-23,120253704038100281,[AFS] [F3] [Hlompho Masilela] V3,120253703989720281,44,44,44,0,0,0,146,35
2026-08-23,120253704062640281,[AFS] [F3] [Hlompho Masilela] V6,120253703989720281,1,1,1,0,0,0,15,1
2026-08-23,120253704081240281,,,0,0,0,0,0,0,1,1
2026-08-23,120253704087580281,,,0,0,0,0,0,0,3,1
2026-08-23,120253761442800281,[AFS] [F3] [Kholeka Maphanga] V2,120253761401760281,1,1,1,0,0,0,2,1
2026-08-23,120253761454530281,[AFS] [F3] [Kholeka Maphanga] V4,120253761401760281,1,1,1,0,0,0,2,1
2026-08-23,120253761463910281,,,0,0,0,0,0,0,1,1
2026-08-23,120253761473540281,,,0,0,0,0,0,0,2,2
2026-08-23,120253761546640281,,,0,0,0,0,0,0,4,4
2026-08-23,120253761602770281,,,0,0,0,0,0,0,2,2
2026-08-23,120253761614690281,[AFS] [F3] [Nomusa Mzizi] V7,120253761546630281,1,1,1,0,0,0,1,1
2026-08-23,120253761623700281,[AFS] [F3] [Nomusa Mzizi] V9,120253761546630281,1,1,1,0,0,0,6,2
2026-08-23,120253761627390281,,,0,0,0,0,0,0,8,1
