data,adset_id,campaign_id,receita_gam_bruta,receita_gam_liquida,impressoes_gam,cliques_gam,ecpm_gam
2026-07-22,120247357080930278,120247357080990278,3.15,2.83,63,6,49.99
2026-07-22,120247357080980278,120247357080990278,5.81,5.23,104,19,55.91
2026-07-22,120247357081010278,120247357080990278,6.28,5.65,120,17,52.29
2026-07-22,120247357081030278,120247357080990278,13.3,11.97,150,21,88.69
2026-07-22,120247357081040278,120247357080990278,4.06,3.65,90,14,45.12
2026-07-22,120247357081050278,120247357080990278,12.81,11.53,109,22,117.57
2026-07-22,120247357457050278,120247357456980278,5.65,5.08,117,25,48.25
2026-07-22,120247357457060278,120247357456980278,4.27,3.84,95,15,44.96
2026-07-22,120247357457070278,120247357456980278,4.29,3.86,86,13,49.91
2026-07-22,120247357457080278,120247357456980278,12.78,11.5,137,20,93.25
2026-07-22,120247357457090278,120247357456980278,8.33,7.5,176,29,47.35
2026-07-22,120247357457100278,120247357456980278,5.98,5.38,126,25,47.43
2026-07-22,120247358420040278,120247358419970278,14.01,12.61,82,11,170.86
2026-07-22,120247358420050278,120247358419970278,1.18,1.06,27,2,43.6
2026-07-22,120247358420060278,120247358419970278,7.51,6.76,132,26,56.86
2026-07-22,120247358420070278,120247358419970278,7.02,6.31,106,14,66.18
2026-07-22,120247358420080278,120247358419970278,5.11,4.6,86,13,59.38
2026-07-22,120247358420090278,120247358419970278,5.28,4.76,84,20,62.9
2026-07-22,120247358791290278,120247358791270278,5.47,4.92,82,8,66.67
2026-07-22,120247358791350278,120247358791270278,1.93,1.74,46,3,42
2026-07-22,120247358791360278,120247358791270278,2.95,2.65,56,9,52.64
2026-07-22,120247358791370278,120247358791270278,3.21,2.89,45,5,71.33
2026-07-22,120247358791380278,120247358791270278,2.78,2.51,58,6,48
2026-07-22,120247358791390278,120247358791270278,4.27,3.85,58,9,73.69
2026-07-22,120247359464720278,120247359464690278,1.52,1.37,23,3,66.28
2026-07-22,120247359464770278,120247359464690278,7.22,6.5,108,20,66.84
2026-07-22,120247359464780278,120247359464690278,10.09,9.08,120,22,84.12
2026-07-22,120247359464790278,120247359464690278,1.34,1.21,28,4,47.9
2026-07-22,120247359464800278,120247359464690278,3.2,2.88,55,6,58.19
2026-07-22,120247359464810278,120247359464690278,1.83,1.64,30,8,60.89
2026-07-22,120247360141400278,120247360141370278,4.24,3.81,61,10,69.48
2026-07-22,120247360141410278,120247360141370278,7.48,6.73,117,20,63.94
2026-07-22,120247360141440278,120247360141370278,5.8,5.22,72,8,80.5
2026-07-22,120247360141470278,120247360141370278,8.16,7.35,105,22,77.74
2026-07-22,120247360141480278,120247360141370278,5.58,5.02,112,12,49.82
2026-07-22,120247360141490278,120247360141370278,7.3,6.57,103,18,70.84
2026-07-22,120247360356770278,120247360356710278,10.12,9.1,127,29,79.65
2026-07-22,120247360356790278,120247360356710278,6.48,5.83,85,17,76.19
2026-07-22,120247360356800278,120247360356710278,5.37,4.83,83,15,64.7
2026-07-22,120247360356810278,120247360356710278,5.11,4.6,63,11,81.1
2026-07-22,120247360356820278,120247360356710278,2.13,1.91,28,7,75.99
2026-07-22,120247360356830278,120247360356710278,11.76,10.58,151,23,77.86
2026-07-22,120247360531040278,120247360531070278,2.31,2.08,54,7,42.76
2026-07-22,120247360531120278,120247360531070278,4.2,3.78,55,7,76.35
2026-07-22,120247360531130278,120247360531070278,6.74,6.06,84,20,80.2
2026-07-22,120247360531140278,120247360531070278,14.01,12.61,278,47,50.38
2026-07-22,120247360531150278,120247360531070278,3.64,3.28,81,12,44.96
2026-07-22,120247360531160278,120247360531070278,8.94,8.05,124,21,72.13
2026-07-22,120247382249470278,120247382249440278,4.53,4.08,53,9,85.45
2026-07-22,120247382249520278,120247382249440278,7.29,6.56,46,9,158.54
2026-07-22,120247382249530278,120247382249440278,6.3,5.67,97,14,64.92
2026-07-22,120247382249540278,120247382249440278,12.76,11.48,190,27,67.14
2026-07-22,120247382249550278,120247382249440278,10.91,9.82,140,37,77.91
2026-07-22,120247382249560278,120247382249440278,2.02,1.81,38,5,53.03
2026-07-22,120247382323040278,120247382322970278,7.1,6.39,83,13,85.54
2026-07-22,120247382323050278,120247382322970278,10.34,9.31,89,19,116.21
2026-07-22,120247382323060278,120247382322970278,16,14.4,162,25,98.79
2026-07-22,120247382323070278,120247382322970278,4.47,4.02,86,4,51.99
2026-07-22,120247382323080278,120247382322970278,4.85,4.37,76,10,63.84
2026-07-22,120247382323090278,120247382322970278,7.76,6.98,90,16,86.18
2026-07-22,120247461971660278,120247461971670278,2.42,2.18,20,6,121.19
2026-07-22,120247462052200278,120247461971670278,0.33,0.29,11,2,29.62
2026-07-22,120247462054640278,120247461971670278,0,0,1,0,1.6
2026-07-22,120247462063520278,120247461971670278,0.63,0.57,14,3,45.14
2026-07-22,120247462073710278,120247461971670278,0.41,0.37,2,1,204.15
2026-07-22,120247462083520278,120247461971670278,0.52,0.46,10,2,51.5
2026-07-22,120247488168300278,120247488168210278,5.62,5.06,57,6,98.64
2026-07-22,120247488215910278,120247488168210278,7.63,6.87,89,11,85.72
2026-07-22,120247488220950278,120247488168210278,9.34,8.41,65,16,143.7
2026-07-22,120247488225850278,120247488168210278,5.58,5.03,92,23,60.69
2026-07-22,120247488230320278,120247488168210278,7.54,6.79,91,26,82.91
2026-07-22,120247488234950278,120247488168210278,2.22,2,32,10,69.47
2026-07-22,120247488259350278,120247488259330278,7.43,6.69,96,17,77.41
2026-07-22,120247488354910278,120247488259330278,9.28,8.35,55,15,168.65
2026-07-22,120247488362150278,120247488259330278,6.31,5.68,78,14,80.93
2026-07-22,120247488368490278,120247488259330278,4.46,4.01,57,11,78.25
2026-07-22,120247488373900278,120247488259330278,11.51,10.36,119,26,96.75
2026-07-22,120247488419540278,120247488259330278,4.15,3.74,102,16,40.71
2026-07-22,120247488474100278,120247488474000278,12.05,10.85,198,31,60.86
2026-07-22,120247488538970278,120247488474000278,4.28,3.85,63,18,67.96
2026-07-22,120247488660110278,120247488474000278,4.77,4.29,58,7,82.26
2026-07-22,120247488793560278,120247488474000278,8.26,7.43,68,13,121.46
2026-07-22,120247488827940278,120247488474000278,14.79,13.31,230,35,64.32
2026-07-22,120247488854820278,120247488474000278,8.4,7.56,124,22,67.73
2026-07-22,120247488930200278,120247488930090278,1.96,1.77,54,11,36.36
2026-07-22,120247488968980278,120247488930090278,5.54,4.99,77,17,71.98
2026-07-22,120247488989090278,120247488930090278,4.74,4.27,81,11,58.53
2026-07-22,120247489010590278,120247488930090278,0.69,0.62,20,4,34.28
2026-07-22,120247489016960278,120247488930090278,7.62,6.86,115,23,66.27
2026-07-22,120247489033080278,120247488930090278,3.91,3.52,64,19,61.06
2026-07-22,120247489048840278,120247489048850278,3.11,2.8,61,15,50.95
2026-07-22,120247489055990278,120247489056040278,2.69,2.42,68,14,39.53
2026-07-22,120247489113490278,120247489056040278,10.71,9.64,101,17,106.02
2026-07-22,120247489137090278,120247489056040278,2.96,2.67,46,10,64.44
2026-07-22,120247489142030278,120247489048850278,1.99,1.8,39,6,51.15
2026-07-22,120247489148840278,120247489048850278,4.39,3.95,66,17,66.58
2026-07-22,120247489149860278,120247489056040278,1.24,1.11,35,5,35.32
2026-07-22,120247489152530278,120247489048850278,1.9,1.71,22,2,86.55
2026-07-22,120247489155770278,120247489048850278,0.47,0.42,9,2,52.22
2026-07-22,120247489155880278,120247489056040278,5.34,4.8,99,15,53.93
2026-07-22,120247489160390278,120247489048850278,4.92,4.43,66,7,74.6
2026-07-22,120247489160520278,120247489056040278,13.63,12.26,210,38,64.89
2026-07-22,120247490558800278,120247490527990278,0.19,0.17,2,1,96.9
2026-07-22,120247490572030278,120247490527990278,0.09,0.08,10,0,8.89
2026-07-22,120247490575360278,120247490527990278,0.39,0.35,5,1,78.88
2026-07-22,120247490579700278,120247490527990278,0.27,0.24,7,0,38.76
2026-07-22,120247490584240278,120247490527990278,1.53,1.38,18,4,84.94
2026-07-22,120247490597970278,120247490598050278,0.15,0.13,8,1,18.15
2026-07-22,120247490618490278,120247490598050278,0.42,0.38,17,2,24.63
2026-07-22,120247490620890278,120247490598050278,1.27,1.14,25,5,50.76
2026-07-22,120247490623620278,120247490598050278,0.11,0.1,8,1,14.19
2026-07-22,120247490626940278,120247490598050278,0.52,0.47,5,1,103.56
2026-07-22,120247490631910278,120247490598050278,0.2,0.18,5,1,39.86
2026-07-22,120247490644830278,120247490644850278,0.24,0.21,8,0,29.46
2026-07-22,120247490686120278,120247490644850278,0.26,0.23,3,1,86.1
2026-07-22,120247490688600278,120247490644850278,0.31,0.28,4,0,76.75
2026-07-22,120247490699100278,120247490644850278,0.01,0.01,1,0,5.8
2026-07-22,120247490703500278,120247490644850278,0.41,0.37,7,2,58.9
2026-07-22,120247506168140278,120247506168050278,2.17,1.96,17,3,127.79
2026-07-22,120247506197150278,120247506168050278,1.17,1.06,29,4,40.5
2026-07-22,120247506203840278,120247506168050278,3.51,3.16,57,10,61.64
2026-07-22,120247506216350278,120247506168050278,0.28,0.25,8,2,35.21
2026-07-22,120247506238310278,120247506168050278,4.17,3.75,32,5,130.32
2026-07-22,120247506249690278,120247506168050278,1.96,1.76,21,2,93.39
2026-07-22,120247506424250278,120247506424170278,1.3,1.17,35,5,37.2
2026-07-22,120247506530130278,120247506424170278,2.07,1.86,25,4,82.76
2026-07-22,120247506542160278,120247506424170278,0.73,0.66,15,2,48.53
2026-07-22,120247506551600278,120247506424170278,0.04,0.04,4,0,10.05
2026-07-22,120247506560570278,120247506424170278,1.95,1.76,53,5,36.87
2026-07-22,120247506567820278,120247506424170278,0.21,0.19,5,1,42.66
2026-07-22,120247510472600278,120247510472480278,1.03,0.93,22,2,46.79
2026-07-22,120247511200720278,120247510472480278,3.2,2.88,35,4,91.47
2026-07-22,120247511268740278,120247510472480278,1.08,0.98,9,1,120.39
2026-07-22,120247511278660278,120247510472480278,0.14,0.13,2,0,70.05
2026-07-22,120247511285940278,120247510472480278,0,0,1,0,1.8
2026-07-22,120247511291500278,120247510472480278,0.28,0.26,9,2,31.51
2026-07-22,120247511324670278,120247511324690278,0.04,0.03,8,0,4.8
2026-07-22,120247511427740278,120247511324690278,0.86,0.78,12,1,71.82
2026-07-22,120247511436300278,120247511324690278,0.82,0.73,10,2,81.58
2026-07-22,120247511443330278,120247511324690278,1.56,1.4,44,8,35.43
2026-07-22,120247511457850278,120247511324690278,0.01,0.01,2,0,3.3
2026-07-22,120247511563030278,120247511492330278,1.34,1.21,9,0,148.93
2026-07-22,120247511574100278,120247511492330278,1.02,0.92,36,1,28.38
2026-07-22,120247511580070278,120247511492330278,0.18,0.16,6,1,29.75
2026-07-22,120247511592870278,120247511492330278,0.17,0.15,8,1,21.13
2026-07-22,120247511637820278,120247511492330278,0.05,0.04,2,0,24.65
2026-07-22,120253057249320281,120253057249230281,1.38,1.24,11,1,125.75
2026-07-22,120253057288510281,120253057249230281,3.91,3.52,51,10,76.67
2026-07-22,120253057293970281,120253057249230281,13.02,11.72,43,11,302.77
2026-07-22,120253057299420281,120253057249230281,3.58,3.22,52,13,68.91
2026-07-22,120253057306490281,120253057249230281,1.37,1.23,32,3,42.71
2026-07-22,120253057315290281,120253057249230281,1.25,1.13,30,8,41.8
2026-07-22,120253057385670281,120253057329110281,1.36,1.22,16,1,84.91
2026-07-22,120253057396940281,120253057329110281,1.63,1.46,29,4,56.09
2026-07-22,120253057400840281,120253057329110281,3.33,3,54,7,61.64
2026-07-22,120253057404980281,120253057329110281,9.39,8.46,60,10,156.58
2026-07-22,120253057408300281,120253057329110281,2.94,2.65,38,7,77.37
2026-07-22,120253057415450281,120253057415460281,2.12,1.91,35,4,60.59
2026-07-22,120253057444620281,120253057415460281,2.82,2.54,50,8,56.39
2026-07-22,120253057454260281,120253057415460281,6.1,5.49,62,15,98.39
2026-07-22,120253057457110281,120253057415460281,6.93,6.24,90,17,76.98
2026-07-22,120253057459930281,120253057415460281,5.45,4.9,83,13,65.66
2026-07-22,120253057464720281,120253057415460281,0.09,0.08,9,0,9.82
2026-07-22,120253057479010281,120253057478930281,0.27,0.24,17,1,15.66
2026-07-22,120253057510640281,120253057478930281,0.4,0.36,16,3,25.24
2026-07-22,120253057512790281,120253057478930281,1.77,1.59,23,3,76.87
2026-07-22,120253057515110281,120253057478930281,1.28,1.15,23,5,55.73
2026-07-22,120253057519430281,120253057478930281,0.3,0.27,5,0,60.96
2026-07-22,120253057522840281,120253057478930281,1.16,1.04,21,1,55.21
2026-07-22,120253079044420281,120253079044410281,2.99,2.69,41,6,72.98
2026-07-22,120253079114620281,120253079044410281,0.87,0.78,18,2,48.25
2026-07-22,120253079117950281,120253079044410281,1.64,1.48,40,7,41
2026-07-22,120253079128080281,120253079044410281,5.39,4.86,74,9,72.9
2026-07-22,120253079132510281,120253079044410281,1.21,1.09,26,8,46.37
2026-07-22,120253082530860281,120253082530810281,3.83,3.45,40,6,95.87
2026-07-22,120253082684680281,120253082530810281,5.38,4.85,34,4,158.36
2026-07-22,120253082723400281,120253082530810281,10.37,9.33,174,26,59.59
2026-07-22,120253082732550281,120253082530810281,1.63,1.47,36,2,45.22
2026-07-22,120253082737930281,120253082530810281,6.53,5.88,69,12,94.68
2026-07-22,120253082741790281,120253082530810281,14.76,13.28,156,29,94.59
2026-07-22,120253082817280281,120253082817170281,2.23,2.01,60,6,37.17
2026-07-22,120253082840560281,120253082817170281,7.03,6.32,62,15,113.33
2026-07-22,120253082846410281,120253082817170281,1,0.9,19,5,52.41
2026-07-22,120253082849840281,120253082817170281,5.28,4.75,61,17,86.6
2026-07-22,120253082852390281,120253082817170281,2.6,2.34,43,7,60.56
2026-07-22,120253082855810281,120253082817170281,1.42,1.28,46,7,30.91
2026-07-22,120253100996160281,120253100917260281,0,0,1,0,0.9
2026-07-22,120253101016690281,120253101016570281,4.8,4.32,104,18,46.17
2026-07-22,120253101032080281,120253101016570281,0.37,0.33,11,2,33.43
2026-07-22,120253101033490281,120253101016570281,0.41,0.37,8,0,51.24
2026-07-22,120253101035060281,120253101016570281,2.6,2.34,40,7,64.94
2026-07-22,120253101038430281,120253101016570281,1.33,1.2,18,4,73.82
2026-07-22,120253101044980281,120253101016570281,1.3,1.17,28,3,46.29
2026-07-22,120253101069070281,120253101068990281,2.79,2.51,28,5,99.8
2026-07-22,120253101091190281,120253101068990281,0.44,0.39,16,3,27.4
2026-07-22,120253101093050281,120253101068990281,0,0,1,0,3.5
2026-07-22,120253101094910281,120253101068990281,0.24,0.21,6,2,39.73
2026-07-22,120253101270940281,120253101270850281,3.27,2.95,81,7,40.41
2026-07-22,120253101284450281,120253101270850281,7.55,6.8,132,17,57.22
2026-07-22,120253101286320281,120253101270850281,1.34,1.2,18,3,74.33
2026-07-22,120253101288330281,120253101270850281,4.36,3.92,88,14,49.51
2026-07-22,120253101296180281,120253101270850281,1.55,1.4,25,3,62.2
2026-07-22,120253101303050281,120253101302970281,8.96,8.06,169,28,53.02
2026-07-22,120253101316180281,120253101302970281,9.18,8.26,78,22,117.7
2026-07-22,120253101319060281,120253101302970281,2.2,1.98,23,4,95.62
2026-07-22,120253101321190281,120253101302970281,3.11,2.8,83,11,37.42
2026-07-22,120253101322290281,120253101302970281,3.95,3.56,52,4,75.97
2026-07-22,120253101330930281,120253101330870281,7.2,6.48,92,16,78.26
2026-07-22,120253101343520281,120253101330870281,1.37,1.23,11,0,124.24
2026-07-22,120253101346700281,120253101330870281,7.32,6.59,105,18,69.71
2026-07-22,120253101348250281,120253101330870281,4.57,4.11,65,14,70.28
2026-07-22,120253101349160281,120253101330870281,3.92,3.53,62,9,63.25
2026-07-22,120253101349570281,120253101330870281,8.28,7.46,99,18,83.68
2026-07-22,120253136735850281,120253136735780281,1.67,1.5,19,3,87.89
2026-07-22,120253136853570281,120253136735780281,8.76,7.89,85,18,103.11
2026-07-22,120253136864150281,120253136735780281,0.29,0.26,8,3,35.75
2026-07-22,120253136874720281,120253136735780281,1.55,1.39,28,4,55.28
2026-07-22,120253136880620281,120253136735780281,0.91,0.82,21,5,43.12
2026-07-22,120253136890790281,120253136735780281,3.77,3.39,42,9,89.72
2026-07-22,120253137096490281,120253137096420281,1.15,1.03,13,3,88.45
2026-07-22,120253137141160281,120253137096420281,0.44,0.4,16,1,27.66
2026-07-22,120253137147810281,120253137096420281,4.9,4.41,71,19,68.98
2026-07-22,120253137153070281,120253137096420281,4.69,4.22,87,6,53.89
2026-07-22,120253137159570281,120253137096420281,4.66,4.2,70,14,66.64
2026-07-22,120253137172840281,120253137172780281,2.47,2.22,47,5,52.59
2026-07-22,120253137204850281,120253137172780281,9.65,8.68,151,27,63.9
2026-07-22,120253137209500281,120253137172780281,14.08,12.67,203,48,69.37
2026-07-22,120253137215430281,120253137172780281,1.28,1.15,47,1,27.23
2026-07-22,120253137221200281,120253137172780281,4.34,3.9,23,3,188.52
2026-07-22,120253137226520281,120253137172780281,6.18,5.56,77,13,80.21
2026-07-22,120253138463570281,120253138463510281,2.69,2.43,46,6,58.58
2026-07-22,120253138571220281,120253138463510281,8.13,7.32,112,17,72.6
2026-07-22,120253138575670281,120253138463510281,0.95,0.86,15,2,63.61
2026-07-22,120253138581950281,120253138463510281,2.23,2.01,37,5,60.25
2026-07-22,120253138584190281,120253138463510281,6.96,6.26,63,5,110.49
2026-07-22,120253138587130281,120253138463510281,2.11,1.9,29,5,72.76
2026-07-22,120253138672320281,120253138672250281,3.36,3.02,52,6,64.63
2026-07-22,120253138733630281,120253138672250281,2.35,2.11,64,4,36.71
2026-07-22,120253138736470281,120253138672250281,1.43,1.29,21,1,68.26
2026-07-22,120253138745550281,120253138672250281,3.66,3.3,34,8,107.74
2026-07-22,120253138749420281,120253138672250281,1.67,1.5,36,4,46.33
2026-07-22,120253138753460281,120253138672250281,2.72,2.45,40,5,68.1
2026-07-22,120253138766290281,120253138766230281,4.9,4.41,67,10,73.18
2026-07-22,120253138878630281,120253138766230281,1.3,1.17,19,2,68.66
2026-07-22,120253138906100281,120253138766230281,2.91,2.62,68,15,42.81
2026-07-22,120253138919620281,120253138766230281,4.57,4.11,60,6,76.19
2026-07-22,120253138933900281,120253138766230281,9.16,8.24,173,23,52.95
2026-07-22,120253138944340281,120253138766230281,2.41,2.17,27,3,89.44
2026-07-22,120253141376140281,120253141376060281,1.51,1.36,28,6,53.83
2026-07-22,120253141499830281,120253141376060281,12.94,11.65,157,28,82.43
2026-07-22,120253141501720281,120253141376060281,3.05,2.74,51,9,59.74
2026-07-22,120253141502670281,120253141376060281,8.5,7.65,147,32,57.8
2026-07-22,120253141504530281,120253141376060281,7.38,6.64,73,16,101.09
2026-07-22,120253141509190281,120253141376060281,4.4,3.96,75,10,58.65
2026-07-22,120253141635530281,120253141635460281,8.18,7.36,151,21,54.19
2026-07-22,120253141724210281,120253141635460281,2.2,1.98,22,3,100.19
2026-07-22,120253141733960281,120253141635460281,1.64,1.47,26,2,62.93
2026-07-22,120253141747920281,120253141635460281,11.99,10.79,175,26,68.54
2026-07-22,120253141780200281,120253141635460281,5.76,5.19,81,11,71.15
2026-07-22,120253141807020281,120253141635460281,1.83,1.65,60,3,30.52
2026-07-22,120253141863660281,120253141863550281,7.45,6.71,110,17,67.77
2026-07-22,120253141934410281,120253141863550281,5.14,4.63,76,17,67.63
2026-07-22,120253141937270281,120253141863550281,3.54,3.19,46,5,76.95
2026-07-22,120253141941400281,120253141863550281,2.7,2.43,52,10,51.85
2026-07-22,120253141945370281,120253141863550281,6.45,5.8,104,16,62
2026-07-22,120253141950760281,120253141863550281,9.39,8.45,90,12,104.33
2026-07-22,120253141970000281,120253141969930281,3.09,2.78,27,6,114.41
2026-07-22,120253142005590281,120253141969930281,0.44,0.39,10,2,43.86
2026-07-22,120253142011070281,120253141969930281,3.65,3.28,79,16,46.15
2026-07-22,120253142016080281,120253141969930281,2.46,2.21,32,7,76.74
2026-07-22,120253142027880281,120253141969930281,4.96,4.47,104,10,47.71
2026-07-22,120253142036410281,120253141969930281,1.63,1.47,35,4,46.68
2026-07-22,120253142123880281,120253142123820281,0.95,0.86,19,5,50.1
2026-07-22,120253142282790281,120253142123820281,3.98,3.59,44,7,90.54
2026-07-22,120253142290360281,120253142123820281,1.11,1,23,1,48.18
2026-07-22,120253142297110281,120253142123820281,5.47,4.92,59,11,92.74
2026-07-22,120253142301540281,120253142123820281,3.81,3.43,79,16,48.28
2026-07-22,120253142306480281,120253142123820281,2.06,1.85,38,6,54.08
2026-07-22,120253167383880281,120253167383820281,2.67,2.4,60,3,44.52
2026-07-22,120253167420410281,120253167383820281,2.4,2.16,29,6,82.66
2026-07-22,120253167424590281,120253167383820281,0.92,0.83,19,1,48.36
2026-07-22,120253167426990281,120253167383820281,3.81,3.42,74,8,51.42
2026-07-22,120253167433710281,120253167383820281,0.68,0.61,8,2,84.42
2026-07-22,120253167436950281,120253167383820281,1.12,1.01,15,4,74.67
2026-07-22,120253167453190281,120253167453110281,1.56,1.41,38,6,41.11
2026-07-22,120253167657030281,120253167453110281,2.68,2.41,71,8,37.73
2026-07-22,120253167666800281,120253167453110281,0.6,0.54,18,2,33.28
2026-07-22,120253167671240281,120253167453110281,1.02,0.91,15,1,67.71
2026-07-22,120253167676340281,120253167453110281,2.87,2.59,79,9,36.36
2026-07-22,120253167681590281,120253167453110281,1.86,1.67,35,2,53.17
2026-07-22,120253167773150281,120253167773160281,0,0,1,0,2.9
2026-07-22,120253167944440281,120253167773160281,4.64,4.18,48,10,96.74
2026-07-22,120253167947120281,120253167773160281,2.43,2.19,28,5,86.91
2026-07-22,120253167949790281,120253167773160281,2.98,2.69,40,9,74.6
2026-07-22,120253167954350281,120253167773160281,0,0,1,0,1.3
2026-07-22,120253167956510281,120253167773160281,2.01,1.81,14,3,143.86
2026-07-22,120253168223720281,120253168223660281,0.55,0.5,13,2,42.61
2026-07-22,120253168272260281,120253168223660281,0.19,0.17,10,1,18.85
2026-07-22,120253168276010281,120253168223660281,0.11,0.09,8,0,13.16
2026-07-22,120253168279700281,120253168223660281,1.74,1.57,20,2,87.07
2026-07-22,120253168282030281,120253168223660281,7.91,7.12,73,20,108.36
2026-07-22,120253168285770281,120253168223660281,3.32,2.99,63,11,52.72
2026-07-22,120253168354310281,120253168354220281,0.08,0.07,3,0,26.47
2026-07-22,120253168393840281,120253168354220281,1.89,1.7,17,3,111.28
2026-07-22,120253168397070281,120253168354220281,3.39,3.05,33,7,102.81
2026-07-22,120253168399990281,120253168354220281,1.84,1.66,66,4,27.92
2026-07-22,120253168402020281,120253168354220281,3.43,3.09,19,8,180.69
2026-07-22,120253168407870281,120253168354220281,0.55,0.49,10,1,54.54
2026-07-22,120253168447900281,120253168447820281,10.91,9.82,61,11,178.84
2026-07-22,120253168472750281,120253168447820281,0.61,0.55,11,3,55.71
2026-07-22,120253168474870281,120253168447820281,4.15,3.73,33,6,125.68
2026-07-22,120253168478000281,120253168447820281,0,0,1,0,2.2
2026-07-22,120253168484450281,120253168447820281,0.57,0.51,12,3,47.65
2026-07-22,120253168488310281,120253168447820281,2.33,2.1,16,4,145.85
2026-07-23,120247357080930278,120247357080990278,4.96,4.46,69,19,71.83
2026-07-23,120247357080980278,120247357080990278,4.24,3.81,45,5,94.16
2026-07-23,120247357081010278,120247357080990278,4.08,3.67,74,10,55.08
2026-07-23,120247357081030278,120247357080990278,2.78,2.5,27,7,102.89
2026-07-23,120247357081040278,120247357080990278,2.28,2.05,51,10,44.74
2026-07-23,120247357081050278,120247357080990278,2.02,1.82,17,6,118.98
2026-07-23,120247357457050278,120247357456980278,9.36,8.42,110,17,85.08
2026-07-23,120247357457060278,120247357456980278,4.4,3.96,54,12,81.49
2026-07-23,120247357457070278,120247357456980278,3.62,3.26,41,8,88.35
2026-07-23,120247357457080278,120247357456980278,2.37,2.14,34,5,69.83
2026-07-23,120247357457090278,120247357456980278,5.98,5.38,133,17,44.97
2026-07-23,120247357457100278,120247357456980278,5.28,4.75,62,10,85.12
2026-07-23,120247358420040278,120247358419970278,2.21,1.99,60,9,36.78
2026-07-23,120247358420050278,120247358419970278,1.4,1.26,24,2,58.38
2026-07-23,120247358420060278,120247358419970278,4.94,4.44,82,15,60.22
2026-07-23,120247358420070278,120247358419970278,0.95,0.85,26,4,36.41
2026-07-23,120247358420080278,120247358419970278,1.36,1.22,52,7,26.11
2026-07-23,120247358420090278,120247358419970278,1.66,1.49,35,3,47.34
2026-07-23,120247358791290278,120247358791270278,2.36,2.12,43,8,54.87
2026-07-23,120247358791350278,120247358791270278,2.66,2.39,51,8,52.17
2026-07-23,120247358791360278,120247358791270278,1.99,1.79,36,2,55.26
2026-07-23,120247358791370278,120247358791270278,0.62,0.56,16,2,38.72
2026-07-23,120247358791380278,120247358791270278,0.02,0.01,1,0,16
2026-07-23,120247358791390278,120247358791270278,0.42,0.38,20,5,21
2026-07-23,120247359464720278,120247359464690278,2.51,2.26,44,7,57.05
2026-07-23,120247359464770278,120247359464690278,2.27,2.04,50,9,45.44
2026-07-23,120247359464780278,120247359464690278,2.44,2.2,40,9,60.98
2026-07-23,120247359464790278,120247359464690278,2.82,2.54,46,4,61.38
2026-07-23,120247359464800278,120247359464690278,0.9,0.81,16,2,56.55
2026-07-23,120247359464810278,120247359464690278,0.1,0.09,6,1,16.4
2026-07-23,120247360141400278,120247360141370278,3.31,2.98,27,4,122.65
2026-07-23,120247360141410278,120247360141370278,7.22,6.49,102,29,70.75
2026-07-23,120247360141440278,120247360141370278,1.48,1.33,23,5,64.19
2026-07-23,120247360141470278,120247360141370278,1.1,0.99,24,4,45.96
2026-07-23,120247360141480278,120247360141370278,4.37,3.94,35,7,124.93
2026-07-23,120247360141490278,120247360141370278,3.5,3.15,40,10,87.6
2026-07-23,120247360356770278,120247360356710278,3.12,2.81,44,8,71.01
2026-07-23,120247360356790278,120247360356710278,3.98,3.58,66,5,60.33
2026-07-23,120247360356800278,120247360356710278,1.58,1.42,30,3,52.62
2026-07-23,120247360356810278,120247360356710278,6.06,5.45,89,17,68.05
2026-07-23,120247360356820278,120247360356710278,1.46,1.31,19,3,76.82
2026-07-23,120247360356830278,120247360356710278,1.54,1.39,37,5,41.64
2026-07-23,120247360531040278,120247360531070278,3.97,3.58,21,5,189.27
2026-07-23,120247360531120278,120247360531070278,8.87,7.98,113,27,78.47
2026-07-23,120247360531130278,120247360531070278,2.21,1.99,35,6,63.26
2026-07-23,120247360531140278,120247360531070278,4.67,4.2,110,15,42.47
2026-07-23,120247360531150278,120247360531070278,5.72,5.15,51,5,112.18
2026-07-23,120247360531160278,120247360531070278,2.71,2.44,27,7,100.33
2026-07-23,120247382249470278,120247382249440278,2.67,2.4,58,3,46.06
2026-07-23,120247382249520278,120247382249440278,0.6,0.54,17,3,35.48
2026-07-23,120247382249530278,120247382249440278,3.93,3.53,100,11,39.27
2026-07-23,120247382249540278,120247382249440278,5.98,5.38,118,12,50.66
2026-07-23,120247382249550278,120247382249440278,3.53,3.17,60,5,58.77
2026-07-23,120247382249560278,120247382249440278,1.42,1.27,35,5,40.44
2026-07-23,120247382323040278,120247382322970278,5.75,5.18,84,15,68.49
2026-07-23,120247382323050278,120247382322970278,5.73,5.15,85,14,67.37
2026-07-23,120247382323060278,120247382322970278,8.88,7.99,128,24,69.39
2026-07-23,120247382323070278,120247382322970278,3.43,3.09,56,5,61.32
2026-07-23,120247382323080278,120247382322970278,2.42,2.18,30,6,80.79
2026-07-23,120247382323090278,120247382322970278,7.53,6.78,118,31,63.85
2026-07-23,120247461971660278,120247461971670278,0.3,0.27,3,1,98.83
2026-07-23,120247462052200278,120247461971670278,2.16,1.94,22,5,98.21
2026-07-23,120247462054640278,120247461971670278,0.24,0.22,7,0,34.79
2026-07-23,120247462063520278,120247461971670278,0.2,0.18,10,0,19.58
2026-07-23,120247462073710278,120247461971670278,0.93,0.84,26,4,35.89
2026-07-23,120247462083520278,120247461971670278,0,0,1,0,2.2
2026-07-23,120247488168300278,120247488168210278,2.16,1.95,34,6,63.63
2026-07-23,120247488215910278,120247488168210278,4.89,4.4,33,9,148.29
2026-07-23,120247488220950278,120247488168210278,1.04,0.94,33,7,31.56
2026-07-23,120247488225850278,120247488168210278,0.76,0.68,32,3,23.76
2026-07-23,120247488230320278,120247488168210278,3.06,2.75,29,4,105.46
2026-07-23,120247488234950278,120247488168210278,0.35,0.31,6,2,57.6
2026-07-23,120247488259350278,120247488259330278,1.96,1.76,48,4,40.74
2026-07-23,120247488354910278,120247488259330278,2.43,2.18,42,5,57.8
2026-07-23,120247488362150278,120247488259330278,4.61,4.15,50,8,92.16
2026-07-23,120247488368490278,120247488259330278,2.02,1.82,34,2,59.34
2026-07-23,120247488373900278,120247488259330278,3.62,3.26,65,11,55.72
2026-07-23,120247488419540278,120247488259330278,3.72,3.35,84,15,44.31
2026-07-23,120247488474100278,120247488474000278,8.06,7.26,84,20,96.01
2026-07-23,120247488538970278,120247488474000278,0.73,0.66,17,3,42.89
2026-07-23,120247488660110278,120247488474000278,1.41,1.27,21,2,67.17
2026-07-23,120247488793560278,120247488474000278,1.71,1.54,28,2,61.09
2026-07-23,120247488827940278,120247488474000278,4.2,3.78,65,12,64.54
2026-07-23,120247488854820278,120247488474000278,3.54,3.19,42,6,84.31
2026-07-23,120247488930200278,120247488930090278,3.6,3.24,23,5,156.52
2026-07-23,120247488968980278,120247488930090278,2.19,1.97,45,11,48.56
2026-07-23,120247488989090278,120247488930090278,1.67,1.5,21,3,79.53
2026-07-23,120247489010590278,120247488930090278,2.8,2.52,33,8,84.78
2026-07-23,120247489016960278,120247488930090278,3.87,3.49,53,13,73.1
2026-07-23,120247489033080278,120247488930090278,0.83,0.75,28,3,29.58
2026-07-23,120247489048840278,120247489048850278,0.66,0.59,14,2,46.91
2026-07-23,120247489055990278,120247489056040278,1.94,1.75,39,6,49.78
2026-07-23,120247489113490278,120247489056040278,0.62,0.55,14,4,44.04
2026-07-23,120247489137090278,120247489056040278,1.6,1.44,22,4,72.75
2026-07-23,120247489142030278,120247489048850278,2.36,2.12,45,8,52.35
2026-07-23,120247489148840278,120247489048850278,1.99,1.79,45,3,44.13
2026-07-23,120247489149860278,120247489056040278,2.04,1.84,30,6,68.04
2026-07-23,120247489152530278,120247489048850278,2.03,1.83,19,6,107.08
2026-07-23,120247489155770278,120247489048850278,3.77,3.39,63,13,59.77
2026-07-23,120247489155880278,120247489056040278,0.8,0.72,12,2,66.35
2026-07-23,120247489160390278,120247489048850278,1.26,1.14,23,3,54.86
2026-07-23,120247489160520278,120247489056040278,3.38,3.05,95,15,35.62
2026-07-23,120247490572030278,120247490527990278,0.06,0.05,4,0,14.3
2026-07-23,120247490575360278,120247490527990278,0,0,3,0,1.1
2026-07-23,120247490597970278,120247490598050278,0.54,0.49,40,3,13.49
2026-07-23,120247490618490278,120247490598050278,2.64,2.37,31,9,85.05
2026-07-23,120247490620890278,120247490598050278,0.93,0.83,12,2,77.09
2026-07-23,120247490623620278,120247490598050278,3.69,3.32,33,8,111.75
2026-07-23,120247490626940278,120247490598050278,0.39,0.35,18,4,21.91
2026-07-23,120247490631910278,120247490598050278,0.57,0.51,12,1,47.13
2026-07-23,120247490644830278,120247490644850278,0.05,0.05,4,0,13.1
2026-07-23,120247490686120278,120247490644850278,0.95,0.85,17,1,55.85
2026-07-23,120247490688600278,120247490644850278,2.59,2.33,16,3,161.84
2026-07-23,120247490692330278,120247490644850278,0.03,0.03,2,0,14.3
2026-07-23,120247490703500278,120247490644850278,0.02,0.02,1,0,20.2
2026-07-23,120247506168140278,120247506168050278,0.71,0.64,18,2,39.69
2026-07-23,120247506197150278,120247506168050278,1.61,1.45,23,3,70.07
2026-07-23,120247506203840278,120247506168050278,0.21,0.19,7,0,29.69
2026-07-23,120247506216350278,120247506168050278,0.78,0.7,7,2,111.8
2026-07-23,120247506238310278,120247506168050278,0.01,0,2,0,2.5
2026-07-23,120247506249690278,120247506168050278,1.67,1.5,22,7,75.93
2026-07-23,120247506424250278,120247506424170278,1.57,1.41,26,5,60.44
2026-07-23,120247506530130278,120247506424170278,0.02,0.02,5,0,3.34
2026-07-23,120247506542160278,120247506424170278,2.42,2.18,47,6,51.58
2026-07-23,120247506551600278,120247506424170278,0.01,0.01,3,0,2
2026-07-23,120247506560570278,120247506424170278,0.37,0.33,15,0,24.53
2026-07-23,120247506567820278,120247506424170278,1.57,1.41,17,3,92.09
2026-07-23,120247510472600278,120247510472480278,2.75,2.47,36,4,76.27
2026-07-23,120247511200720278,120247510472480278,1.91,1.72,19,2,100.66
2026-07-23,120247511268740278,120247510472480278,0.06,0.05,9,1,6.3
2026-07-23,120247511278660278,120247510472480278,0.38,0.34,13,1,29.22
2026-07-23,120247511285940278,120247510472480278,2.22,2,10,2,222.48
2026-07-23,120247511291500278,120247510472480278,0.5,0.45,7,1,72.03
2026-07-23,120247511324670278,120247511324690278,0.95,0.85,28,2,33.84
2026-07-23,120247511421230278,120247511324690278,1.68,1.51,49,9,34.22
2026-07-23,120247511427740278,120247511324690278,0.41,0.37,8,2,51.48
2026-07-23,120247511443330278,120247511324690278,0.68,0.61,21,2,32.44
2026-07-23,120247511492340278,120247511492330278,0.07,0.06,2,0,34.4
2026-07-23,120247511563030278,120247511492330278,0.92,0.83,10,3,91.68
2026-07-23,120247511574100278,120247511492330278,0.5,0.45,6,3,83.88
2026-07-23,120247511580070278,120247511492330278,0.64,0.58,7,0,91.67
2026-07-23,120247511592870278,120247511492330278,0.48,0.43,17,1,28.31
2026-07-23,120253057249320281,120253057249230281,0.01,0.01,3,0,3.43
2026-07-23,120253057299420281,120253057249230281,0.14,0.12,4,1,34.02
2026-07-23,120253057385670281,120253057329110281,0.36,0.32,5,0,71.42
2026-07-23,120253057396940281,120253057329110281,0.02,0.02,3,0,6.87
2026-07-23,120253057454260281,120253057415460281,0.02,0.02,2,0,10.9
2026-07-23,120253057459930281,120253057415460281,0.17,0.15,3,1,56.53
2026-07-23,120253057479010281,120253057478930281,0.19,0.17,2,0,96.05
2026-07-23,120253057510640281,120253057478930281,0.17,0.15,6,1,27.63
2026-07-23,120253079044420281,120253079044410281,1.27,1.14,23,4,55.26
2026-07-23,120253079114620281,120253079044410281,0.28,0.25,6,1,45.85
2026-07-23,120253079117950281,120253079044410281,0.66,0.59,34,6,19.38
2026-07-23,120253079128080281,120253079044410281,0.02,0.01,3,0,5.23
2026-07-23,120253079132510281,120253079044410281,0.84,0.76,20,5,42.02
2026-07-23,120253082530860281,120253082530810281,1.45,1.3,19,4,76.07
2026-07-23,120253082684680281,120253082530810281,1.09,0.98,29,6,37.62
2026-07-23,120253082723400281,120253082530810281,1.41,1.27,24,1,58.63
2026-07-23,120253082732550281,120253082530810281,0.78,0.7,23,1,33.84
2026-07-23,120253082737930281,120253082530810281,2.81,2.53,72,13,39.04
2026-07-23,120253082741790281,120253082530810281,1.91,1.72,30,3,63.8
2026-07-23,120253082817280281,120253082817170281,7.09,6.38,60,10,118.14
2026-07-23,120253082840560281,120253082817170281,1.77,1.59,18,0,98.13
2026-07-23,120253082846410281,120253082817170281,0.82,0.74,13,3,63.13
2026-07-23,120253082849840281,120253082817170281,2.77,2.5,48,8,57.79
2026-07-23,120253082852390281,120253082817170281,0.98,0.88,16,1,61.31
2026-07-23,120253082855810281,120253082817170281,0.32,0.29,7,1,46.33
2026-07-23,120253101016690281,120253101016570281,0.14,0.12,4,0,34.13
2026-07-23,120253101033490281,120253101016570281,0,0,1,0,4.8
2026-07-23,120253101035060281,120253101016570281,0.01,0.01,2,0,3.7
2026-07-23,120253101069070281,120253101068990281,0.01,0.01,1,0,8.2
2026-07-23,120253101270940281,120253101270850281,0.79,0.71,29,2,27.38
2026-07-23,120253101284450281,120253101270850281,1.02,0.92,47,5,21.77
2026-07-23,120253101286320281,120253101270850281,0.45,0.4,18,1,24.97
2026-07-23,120253101288330281,120253101270850281,1.77,1.59,44,7,40.24
2026-07-23,120253101296180281,120253101270850281,1,0.9,13,4,76.79
2026-07-23,120253101303050281,120253101302970281,14.31,12.88,119,35,120.26
2026-07-23,120253101316180281,120253101302970281,1.96,1.76,22,2,89.07
2026-07-23,120253101319060281,120253101302970281,2.45,2.2,28,4,87.35
2026-07-23,120253101321190281,120253101302970281,4.73,4.26,74,8,63.98
2026-07-23,120253101322290281,120253101302970281,2.38,2.14,34,4,70.08
2026-07-23,120253101330930281,120253101330870281,6.05,5.44,90,13,67.19
2026-07-23,120253101343520281,120253101330870281,0.83,0.75,15,2,55.3
2026-07-23,120253101346700281,120253101330870281,2.87,2.58,56,10,51.26
2026-07-23,120253101348250281,120253101330870281,3.53,3.18,34,6,103.81
2026-07-23,120253101349160281,120253101330870281,0.48,0.43,16,6,29.99
2026-07-23,120253101349570281,120253101330870281,2.17,1.95,38,4,56.98
2026-07-23,120253136735850281,120253136735780281,2.06,1.85,35,3,58.78
2026-07-23,120253136853570281,120253136735780281,1.29,1.16,32,5,40.3
2026-07-23,120253136864150281,120253136735780281,2.88,2.59,53,6,54.39
2026-07-23,120253136874720281,120253136735780281,1.78,1.6,16,1,111
2026-07-23,120253136880620281,120253136735780281,1,0.9,41,3,24.31
2026-07-23,120253136890790281,120253136735780281,0.53,0.47,11,3,47.87
2026-07-23,120253137096490281,120253137096420281,1.47,1.33,16,2,92.16
2026-07-23,120253137141160281,120253137096420281,0.62,0.56,28,5,22.3
2026-07-23,120253137147810281,120253137096420281,0.48,0.44,16,0,30.22
2026-07-23,120253137153070281,120253137096420281,1.45,1.31,39,4,37.27
2026-07-23,120253137159570281,120253137096420281,1.01,0.91,14,1,72.24
2026-07-23,120253137172840281,120253137172780281,0.38,0.34,5,1,76.28
2026-07-23,120253137204850281,120253137172780281,5.01,4.51,108,10,46.38
2026-07-23,120253137209500281,120253137172780281,1.06,0.95,19,4,55.82
2026-07-23,120253137215430281,120253137172780281,1.35,1.21,18,2,74.85
2026-07-23,120253137221200281,120253137172780281,1.25,1.13,30,3,41.76
2026-07-23,120253137226520281,120253137172780281,4.2,3.78,84,17,50.03
2026-07-23,120253138463570281,120253138463510281,1.4,1.26,41,3,34.21
2026-07-23,120253138571220281,120253138463510281,1.58,1.42,29,3,54.53
2026-07-23,120253138575670281,120253138463510281,0.32,0.29,20,0,15.93
2026-07-23,120253138581950281,120253138463510281,2.11,1.9,26,1,81.11
2026-07-23,120253138584190281,120253138463510281,0.99,0.9,15,1,66.3
2026-07-23,120253138587130281,120253138463510281,0.7,0.63,13,5,53.96
2026-07-23,120253138672320281,120253138672250281,1.87,1.68,28,1,66.67
2026-07-23,120253138733630281,120253138672250281,1.9,1.71,48,6,39.68
2026-07-23,120253138736470281,120253138672250281,2.14,1.93,20,6,107.03
2026-07-23,120253138745550281,120253138672250281,0.18,0.16,11,1,15.96
2026-07-23,120253138749420281,120253138672250281,1.95,1.75,27,5,72.14
2026-07-23,120253138753460281,120253138672250281,0.74,0.66,21,3,35.17
2026-07-23,120253138766290281,120253138766230281,0.94,0.84,25,4,37.41
2026-07-23,120253138878630281,120253138766230281,0.51,0.46,15,2,34.01
2026-07-23,120253138906100281,120253138766230281,5.97,5.38,98,15,60.96
2026-07-23,120253138919620281,120253138766230281,0.67,0.6,23,2,28.98
2026-07-23,120253138933900281,120253138766230281,8.51,7.66,138,18,61.65
2026-07-23,120253138944340281,120253138766230281,0.49,0.44,12,2,40.44
2026-07-23,120253141376140281,120253141376060281,2.59,2.33,32,5,80.84
2026-07-23,120253141499830281,120253141376060281,4.27,3.84,62,10,68.87
2026-07-23,120253141501720281,120253141376060281,0.51,0.46,10,2,50.56
2026-07-23,120253141502670281,120253141376060281,1.85,1.67,33,6,56.09
2026-07-23,120253141504530281,120253141376060281,3.81,3.43,56,7,68.06
2026-07-23,120253141509190281,120253141376060281,2.06,1.85,31,8,66.37
2026-07-23,120253141635530281,120253141635460281,2.88,2.59,50,7,57.66
2026-07-23,120253141724210281,120253141635460281,0.78,0.7,24,4,32.3
2026-07-23,120253141733960281,120253141635460281,3.72,3.35,41,8,90.78
2026-07-23,120253141747920281,120253141635460281,6.49,5.84,95,18,68.3
2026-07-23,120253141780200281,120253141635460281,3.31,2.98,44,7,75.25
2026-07-23,120253141807020281,120253141635460281,1.6,1.44,21,4,76.23
2026-07-23,120253141863660281,120253141863550281,4.14,3.73,30,7,138.14
2026-07-23,120253141934410281,120253141863550281,7.25,6.53,117,27,61.98
2026-07-23,120253141937270281,120253141863550281,1.37,1.24,13,3,105.58
2026-07-23,120253141941400281,120253141863550281,3.77,3.39,64,14,58.86
2026-07-23,120253141945370281,120253141863550281,6.94,6.24,84,15,82.59
2026-07-23,120253141950760281,120253141863550281,0.32,0.29,30,3,10.58
2026-07-23,120253141970000281,120253141969930281,10.4,9.36,55,19,189.09
2026-07-23,120253142005590281,120253141969930281,0.93,0.84,8,3,116.1
2026-07-23,120253142011070281,120253141969930281,1.5,1.35,19,2,78.87
2026-07-23,120253142016080281,120253141969930281,2.09,1.88,32,4,65.39
2026-07-23,120253142027880281,120253141969930281,2.03,1.83,42,11,48.31
2026-07-23,120253142036410281,120253141969930281,4.71,4.24,59,13,79.88
2026-07-23,120253142282790281,120253142123820281,0.41,0.37,22,4,18.69
2026-07-23,120253142290360281,120253142123820281,5.36,4.82,130,8,41.2
2026-07-23,120253142297110281,120253142123820281,0.43,0.39,30,4,14.27
2026-07-23,120253142301540281,120253142123820281,6.13,5.52,49,7,125.09
2026-07-23,120253142306480281,120253142123820281,2.47,2.22,44,10,56.15
2026-07-23,120253167383880281,120253167383820281,4.16,3.74,61,11,68.13
2026-07-23,120253167420410281,120253167383820281,1.28,1.15,27,3,47.23
2026-07-23,120253167424590281,120253167383820281,2.03,1.83,22,2,92.42
2026-07-23,120253167426990281,120253167383820281,1.79,1.61,48,8,37.29
2026-07-23,120253167433710281,120253167383820281,1.23,1.11,25,3,49.24
2026-07-23,120253167436950281,120253167383820281,3.16,2.84,17,4,185.81
2026-07-23,120253167453190281,120253167453110281,2.32,2.08,23,5,100.66
2026-07-23,120253167657030281,120253167453110281,2.79,2.51,38,2,73.48
2026-07-23,120253167666800281,120253167453110281,2.82,2.53,29,6,97.1
2026-07-23,120253167671240281,120253167453110281,1.43,1.28,20,3,71.33
2026-07-23,120253167676340281,120253167453110281,1.62,1.46,34,3,47.77
2026-07-23,120253167681590281,120253167453110281,1.81,1.63,24,4,75.56
2026-07-23,120253167944440281,120253167773160281,6.29,5.67,100,9,62.95
2026-07-23,120253167947120281,120253167773160281,1.29,1.16,17,4,76.13
2026-07-23,120253167949790281,120253167773160281,0.49,0.44,7,0,70.2
2026-07-23,120253167954350281,120253167773160281,3.78,3.4,35,5,108.09
2026-07-23,120253167956510281,120253167773160281,3.09,2.78,21,6,146.94
2026-07-23,120253168223720281,120253168223660281,0.73,0.66,10,4,72.9
2026-07-23,120253168272260281,120253168223660281,1.39,1.25,10,2,138.52
2026-07-23,120253168276010281,120253168223660281,1.23,1.1,32,3,38.3
2026-07-23,120253168279700281,120253168223660281,5.44,4.9,57,12,95.51
2026-07-23,120253168282030281,120253168223660281,2.71,2.44,37,5,73.22
2026-07-23,120253168285770281,120253168223660281,2.28,2.05,47,5,48.41
2026-07-23,120253168354310281,120253168354220281,0.2,0.18,9,1,22.21
2026-07-23,120253168393840281,120253168354220281,0.56,0.51,7,1,80.33
2026-07-23,120253168397070281,120253168354220281,0.04,0.04,6,0,7.27
2026-07-23,120253168399990281,120253168354220281,4.63,4.17,90,8,51.45
2026-07-23,120253168402020281,120253168354220281,2.32,2.09,34,6,68.33
2026-07-23,120253168407870281,120253168354220281,1.33,1.2,18,4,74.08
2026-07-23,120253168447900281,120253168447820281,0.57,0.51,7,0,81.14
2026-07-23,120253168472750281,120253168447820281,2.51,2.26,24,7,104.55
2026-07-23,120253168474870281,120253168447820281,1.57,1.41,40,6,39.3
2026-07-23,120253168478000281,120253168447820281,0.07,0.06,8,0,8.4
2026-07-23,120253168484450281,120253168447820281,0.45,0.4,11,2,40.55
2026-07-23,120253168488310281,120253168447820281,0.51,0.46,7,1,72.37
2026-07-24,120247357080930278,120247357080990278,12.1,10.89,126,28,96.03
2026-07-24,120247357080980278,120247357080990278,8.36,7.53,118,22,70.87
2026-07-24,120247357081010278,120247357080990278,4.36,3.93,75,8,58.2
2026-07-24,120247357081030278,120247357080990278,7.21,6.49,178,27,40.5
2026-07-24,120247357081040278,120247357080990278,6.03,5.43,87,16,69.29
2026-07-24,120247357081050278,120247357080990278,3.02,2.72,49,10,61.68
2026-07-24,120247357457050278,120247357456980278,1.97,1.77,31,7,63.56
2026-07-24,120247357457060278,120247357456980278,4.41,3.97,93,16,47.42
2026-07-24,120247357457070278,120247357456980278,8.54,7.69,131,18,65.22
2026-07-24,120247357457080278,120247357456980278,4,3.6,108,15,37.01
2026-07-24,120247357457090278,120247357456980278,8.07,7.26,141,13,57.2
2026-07-24,120247357457100278,120247357456980278,3.96,3.56,56,15,70.72
2026-07-24,120247358420040278,120247358419970278,1.92,1.73,38,2,50.44
2026-07-24,120247358420050278,120247358419970278,4.7,4.23,54,8,87
2026-07-24,120247358420060278,120247358419970278,0.87,0.78,14,2,62.29
2026-07-24,120247358420070278,120247358419970278,14.45,13.01,136,29,106.28
2026-07-24,120247358420080278,120247358419970278,10.79,9.71,126,24,85.63
2026-07-24,120247358420090278,120247358419970278,4.98,4.49,88,14,56.64
2026-07-24,120247358791290278,120247358791270278,3.03,2.72,65,7,46.57
2026-07-24,120247358791350278,120247358791270278,2.35,2.11,40,6,58.63
2026-07-24,120247358791360278,120247358791270278,3.47,3.12,83,7,41.81
2026-07-24,120247358791370278,120247358791270278,1.96,1.76,15,5,130.69
2026-07-24,120247358791380278,120247358791270278,4.52,4.07,61,5,74.15
2026-07-24,120247358791390278,120247358791270278,2.05,1.85,26,3,78.92
2026-07-24,120247359464720278,120247359464690278,4.41,3.97,66,8,66.78
2026-07-24,120247359464770278,120247359464690278,4.99,4.49,53,11,94.06
2026-07-24,120247359464780278,120247359464690278,2.26,2.03,52,8,43.44
2026-07-24,120247359464790278,120247359464690278,2.09,1.88,46,9,45.45
2026-07-24,120247359464800278,120247359464690278,10.09,9.08,84,13,120.08
2026-07-24,120247359464810278,120247359464690278,1.46,1.32,25,4,58.58
2026-07-24,120247360141400278,120247360141370278,2.19,1.97,29,4,75.48
2026-07-24,120247360141410278,120247360141370278,9.32,8.39,153,27,60.93
2026-07-24,120247360141440278,120247360141370278,6.09,5.48,92,15,66.18
2026-07-24,120247360141470278,120247360141370278,9.39,8.45,49,11,191.64
2026-07-24,120247360141480278,120247360141370278,7.38,6.64,96,25,76.89
2026-07-24,120247360141490278,120247360141370278,8.43,7.59,126,23,66.89
2026-07-24,120247360356770278,120247360356710278,15.43,13.88,200,34,77.14
2026-07-24,120247360356790278,120247360356710278,9.35,8.41,95,8,98.39
2026-07-24,120247360356800278,120247360356710278,0.76,0.68,29,1,26.23
2026-07-24,120247360356810278,120247360356710278,4.52,4.07,48,12,94.15
2026-07-24,120247360356820278,120247360356710278,5.2,4.68,53,12,98.18
2026-07-24,120247360356830278,120247360356710278,5.2,4.68,94,8,55.27
2026-07-24,120247360531040278,120247360531070278,3,2.7,55,11,54.52
2026-07-24,120247360531120278,120247360531070278,13.68,12.31,115,23,118.93
2026-07-24,120247360531130278,120247360531070278,14.59,13.13,150,29,97.23
2026-07-24,120247360531140278,120247360531070278,13.91,12.52,159,28,87.51
2026-07-24,120247360531150278,120247360531070278,9.62,8.66,130,20,73.99
2026-07-24,120247360531160278,120247360531070278,7.71,6.94,68,8,113.4
2026-07-24,120247382249470278,120247382249440278,0.03,0.02,5,0,5.48
2026-07-24,120247382249520278,120247382249440278,0.94,0.85,11,2,85.64
2026-07-24,120247382249530278,120247382249440278,3.19,2.87,22,5,144.96
2026-07-24,120247382249540278,120247382249440278,4.71,4.24,63,10,74.8
2026-07-24,120247382249550278,120247382249440278,2.36,2.13,44,7,53.67
2026-07-24,120247382249560278,120247382249440278,1.41,1.26,25,2,56.2
2026-07-24,120247382323040278,120247382322970278,10.53,9.47,141,18,74.65
2026-07-24,120247382323050278,120247382322970278,10.41,9.37,139,25,74.9
2026-07-24,120247382323060278,120247382322970278,7.76,6.98,117,25,66.3
2026-07-24,120247382323070278,120247382322970278,6.02,5.42,92,9,65.41
2026-07-24,120247382323080278,120247382322970278,22.59,20.33,161,24,140.29
2026-07-24,120247382323090278,120247382322970278,8.71,7.84,87,13,100.08
2026-07-24,120247462052200278,120247461971670278,2.59,2.33,30,5,86.22
2026-07-24,120247462063520278,120247461971670278,0.01,0.01,3,0,2.1
2026-07-24,120247462073710278,120247461971670278,0.01,0.01,1,0,7.7
2026-07-24,120247488168300278,120247488168210278,3.09,2.78,72,13,42.87
2026-07-24,120247488215910278,120247488168210278,14.83,13.35,175,35,84.73
2026-07-24,120247488220950278,120247488168210278,17.98,16.18,115,26,156.33
2026-07-24,120247488225850278,120247488168210278,5.56,5,60,6,92.67
2026-07-24,120247488230320278,120247488168210278,7.7,6.93,97,14,79.43
2026-07-24,120247488234950278,120247488168210278,3.47,3.13,52,9,66.82
2026-07-24,120247488259350278,120247488259330278,12.56,11.31,162,33,77.56
2026-07-24,120247488354910278,120247488259330278,7.61,6.85,114,23,66.78
2026-07-24,120247488362150278,120247488259330278,7.91,7.12,107,21,73.95
2026-07-24,120247488368490278,120247488259330278,3.37,3.03,88,11,38.31
2026-07-24,120247488373900278,120247488259330278,4.09,3.68,85,10,48.13
2026-07-24,120247488419540278,120247488259330278,6.38,5.74,99,11,64.4
2026-07-24,120247488474100278,120247488474000278,19.13,17.22,210,49,91.1
2026-07-24,120247488538970278,120247488474000278,5.81,5.23,60,6,96.9
2026-07-24,120247488660110278,120247488474000278,7.02,6.32,74,14,94.85
2026-07-24,120247488793560278,120247488474000278,0.99,0.89,42,3,23.5
2026-07-24,120247488827940278,120247488474000278,11,9.9,163,19,67.48
2026-07-24,120247488854820278,120247488474000278,6.83,6.15,56,5,121.93
2026-07-24,120247488930200278,120247488930090278,3.89,3.5,54,11,72.03
2026-07-24,120247488968980278,120247488930090278,6.95,6.26,85,17,81.81
2026-07-24,120247488989090278,120247488930090278,2.63,2.36,73,11,35.98
2026-07-24,120247489010590278,120247488930090278,7.52,6.77,64,20,117.57
2026-07-24,120247489016960278,120247488930090278,4.36,3.93,84,9,51.95
2026-07-24,120247489033080278,120247488930090278,4.39,3.95,74,7,59.31
2026-07-24,120247489048840278,120247489048850278,4.68,4.22,73,12,64.17
2026-07-24,120247489055990278,120247489056040278,2.51,2.26,39,7,64.39
2026-07-24,120247489113490278,120247489056040278,2.3,2.07,41,7,56.04
2026-07-24,120247489137090278,120247489056040278,3.24,2.91,44,7,73.56
2026-07-24,120247489142030278,120247489048850278,9.31,8.38,116,27,80.29
2026-07-24,120247489148840278,120247489048850278,4.03,3.63,72,12,55.99
2026-07-24,120247489149860278,120247489056040278,3.63,3.26,61,15,59.45
2026-07-24,120247489152530278,120247489048850278,2.82,2.54,37,5,76.13
2026-07-24,120247489155770278,120247489048850278,2.71,2.44,30,4,90.43
2026-07-24,120247489155880278,120247489056040278,3.4,3.06,30,6,113.34
2026-07-24,120247489160390278,120247489048850278,4.02,3.62,106,18,37.91
2026-07-24,120247489160520278,120247489056040278,21.65,19.48,309,46,70.05
2026-07-24,120247490597970278,120247490598050278,2.55,2.3,33,4,77.29
2026-07-24,120247490618490278,120247490598050278,0.12,0.11,2,1,61.9
2026-07-24,120247490620890278,120247490598050278,2.81,2.53,53,6,53.1
2026-07-24,120247490623620278,120247490598050278,7.69,6.92,73,14,105.29
2026-07-24,120247490626940278,120247490598050278,5.42,4.88,70,10,77.43
2026-07-24,120247490631910278,120247490598050278,3.55,3.19,37,5,95.93
2026-07-24,120247490644830278,120247490644850278,5.17,4.65,56,5,92.35
2026-07-24,120247490686120278,120247490644850278,3.27,2.94,48,10,68.04
2026-07-24,120247490688600278,120247490644850278,5.53,4.98,68,12,81.31
2026-07-24,120247490692330278,120247490644850278,3.87,3.49,55,5,70.44
2026-07-24,120247490699100278,120247490644850278,3.5,3.15,46,7,76.04
2026-07-24,120247490703500278,120247490644850278,6.66,5.99,77,15,86.5
2026-07-24,120247506168140278,120247506168050278,3.47,3.12,29,4,119.64
2026-07-24,120247506197150278,120247506168050278,7.97,7.18,64,5,124.6
2026-07-24,120247506203840278,120247506168050278,1.85,1.66,37,2,49.87
2026-07-24,120247506216350278,120247506168050278,8.28,7.45,104,29,79.58
2026-07-24,120247506238310278,120247506168050278,1.22,1.1,16,5,76.38
2026-07-24,120247506249690278,120247506168050278,4.66,4.19,37,12,125.92
2026-07-24,120247506424250278,120247506424170278,4.12,3.7,59,7,69.76
2026-07-24,120247506530130278,120247506424170278,1.89,1.7,36,2,52.62
2026-07-24,120247506542160278,120247506424170278,1.3,1.17,28,1,46.58
2026-07-24,120247506551600278,120247506424170278,4.28,3.85,51,10,83.9
2026-07-24,120247506560570278,120247506424170278,3.68,3.31,51,10,72.21
2026-07-24,120247506567820278,120247506424170278,8.24,7.41,58,9,142
2026-07-24,120247510472600278,120247510472480278,1.76,1.59,29,5,60.8
2026-07-24,120247511200720278,120247510472480278,1.42,1.27,18,1,78.68
2026-07-24,120247511268740278,120247510472480278,7.55,6.8,77,21,98.12
2026-07-24,120247511278660278,120247510472480278,6.04,5.44,57,9,105.95
2026-07-24,120247511285940278,120247510472480278,1.13,1.02,24,2,47.29
2026-07-24,120247511291500278,120247510472480278,2.16,1.95,69,8,31.34
2026-07-24,120247511324670278,120247511324690278,4.22,3.8,77,9,54.76
2026-07-24,120247511421230278,120247511324690278,2.23,2.01,49,6,45.56
2026-07-24,120247511427740278,120247511324690278,0.72,0.65,11,0,65.66
2026-07-24,120247511436300278,120247511324690278,11,9.9,68,10,161.72
2026-07-24,120247511443330278,120247511324690278,5.24,4.71,59,11,88.78
2026-07-24,120247511457850278,120247511324690278,4.81,4.33,46,11,104.63
2026-07-24,120247511492340278,120247511492330278,1.48,1.33,23,3,64.43
2026-07-24,120247511563030278,120247511492330278,1.97,1.77,37,5,53.13
2026-07-24,120247511574100278,120247511492330278,1.84,1.65,24,4,76.59
2026-07-24,120247511580070278,120247511492330278,2.88,2.6,53,4,54.42
2026-07-24,120247511592870278,120247511492330278,0.96,0.87,11,2,87.67
2026-07-24,120247511637820278,120247511492330278,0.86,0.78,10,2,86.24
2026-07-24,120247565170940278,120247565170970278,0.15,0.13,9,1,16.57
2026-07-24,120247565218940278,120247565170970278,0.41,0.37,11,2,37.35
2026-07-24,120247565225410278,120247565170970278,0.17,0.15,3,1,57.3
2026-07-24,120247565236450278,120247565170970278,0,0,1,0,2.3
2026-07-24,120247565265520278,120247565170970278,0.56,0.5,11,2,50.87
2026-07-24,120247565319140278,120247565319070278,1.11,1,7,0,158.76
2026-07-24,120247566326940278,120247565319070278,0.01,0.01,3,0,3.53
2026-07-24,120247566362420278,120247565319070278,1.08,0.97,20,1,54.16
2026-07-24,120247566388550278,120247565319070278,0.32,0.29,4,2,80.85
2026-07-24,120247566440100278,120247565319070278,2.4,2.16,29,3,82.81
2026-07-24,120247566460400278,120247566460390278,4.9,4.41,26,5,188.43
2026-07-24,120247566493330278,120247566460390278,6.37,5.73,41,9,155.4
2026-07-24,120247566496630278,120247566460390278,1.44,1.3,20,4,72.1
2026-07-24,120247566505120278,120247566460390278,0.12,0.11,9,0,13.73
2026-07-24,120247566509570278,120247566460390278,0.26,0.23,6,0,42.53
2026-07-24,120247566544800278,120247566544730278,1.87,1.68,32,8,58.3
2026-07-24,120247566558640278,120247566544730278,0.2,0.18,5,0,39.28
2026-07-24,120247566563680278,120247566544730278,0.17,0.15,4,0,42.3
2026-07-24,120247566567050278,120247566544730278,4.37,3.93,39,7,112.11
2026-07-24,120247566568070278,120247566544730278,1,0.9,13,1,76.8
2026-07-24,120247566636330278,120247566626060278,0.9,0.81,6,3,149.85
2026-07-24,120247566637750278,120247566626060278,2,1.8,17,3,117.77
2026-07-24,120247566640090278,120247566626060278,0.21,0.19,8,0,26
2026-07-24,120247566642950278,120247566626060278,0.1,0.09,2,1,50.3
2026-07-24,120247566662340278,120247566662260278,0.34,0.31,7,0,48.9
2026-07-24,120247566694500278,120247566662260278,0.95,0.86,17,3,56
2026-07-24,120247566698490278,120247566662260278,0.56,0.51,9,2,62.59
2026-07-24,120247566701950278,120247566662260278,0.13,0.11,4,0,31.27
2026-07-24,120247566705080278,120247566662260278,1.23,1.1,11,2,111.49
2026-07-24,120247566708300278,120247566662260278,0.23,0.2,1,1,225.8
2026-07-24,120253079044420281,120253079044410281,9.21,8.29,98,24,94.03
2026-07-24,120253079114620281,120253079044410281,2.51,2.26,32,9,78.4
2026-07-24,120253079117950281,120253079044410281,5.14,4.63,41,7,125.42
2026-07-24,120253079128080281,120253079044410281,3.18,2.86,54,5,58.84
2026-07-24,120253079132510281,120253079044410281,0.5,0.45,8,1,62.58
2026-07-24,120253082530860281,120253082530810281,1.89,1.7,27,4,70.07
2026-07-24,120253082684680281,120253082530810281,3.45,3.11,75,10,46.07
2026-07-24,120253082723400281,120253082530810281,9.22,8.29,97,17,95.02
2026-07-24,120253082732550281,120253082530810281,1.93,1.74,34,5,56.88
2026-07-24,120253082737930281,120253082530810281,2.9,2.61,39,11,74.3
2026-07-24,120253082741790281,120253082530810281,4.6,4.14,90,9,51.07
2026-07-24,120253082817280281,120253082817170281,4.77,4.3,69,12,69.19
2026-07-24,120253082840560281,120253082817170281,4.38,3.94,58,9,75.48
2026-07-24,120253082846410281,120253082817170281,0.66,0.59,19,1,34.54
2026-07-24,120253082849840281,120253082817170281,1.65,1.48,20,4,82.46
2026-07-24,120253082852390281,120253082817170281,3.61,3.25,32,10,112.74
2026-07-24,120253082855810281,120253082817170281,5.02,4.52,48,7,104.57
2026-07-24,120253101270940281,120253101270850281,4.85,4.36,66,12,73.46
2026-07-24,120253101284450281,120253101270850281,3.6,3.24,92,10,39.1
2026-07-24,120253101286320281,120253101270850281,4.15,3.73,41,3,101.13
2026-07-24,120253101288330281,120253101270850281,7.16,6.45,85,8,84.28
2026-07-24,120253101296180281,120253101270850281,0.66,0.59,13,2,50.38
2026-07-24,120253101303050281,120253101302970281,12.35,11.11,94,25,131.35
2026-07-24,120253101316180281,120253101302970281,0.71,0.64,28,0,25.31
2026-07-24,120253101319060281,120253101302970281,0.13,0.12,7,1,18.34
2026-07-24,120253101321190281,120253101302970281,3.8,3.42,57,9,66.75
2026-07-24,120253101322290281,120253101302970281,2.78,2.51,47,9,59.24
2026-07-24,120253101330930281,120253101330870281,5.67,5.11,64,13,88.67
2026-07-24,120253101343520281,120253101330870281,1.93,1.74,37,4,52.18
2026-07-24,120253101346700281,120253101330870281,8.04,7.24,83,20,96.91
2026-07-24,120253101348250281,120253101330870281,3.66,3.29,55,10,66.5
2026-07-24,120253101349160281,120253101330870281,1.89,1.7,27,5,69.94
2026-07-24,120253101349570281,120253101330870281,2.17,1.95,25,7,86.76
2026-07-24,120253136735850281,120253136735780281,1.13,1.02,21,3,53.92
2026-07-24,120253136853570281,120253136735780281,3.72,3.34,48,5,77.41
2026-07-24,120253136864150281,120253136735780281,3.75,3.38,24,3,156.3
2026-07-24,120253136874720281,120253136735780281,3.71,3.34,52,4,71.42
2026-07-24,120253136880620281,120253136735780281,6.37,5.73,64,18,99.48
2026-07-24,120253136890790281,120253136735780281,0.42,0.38,14,1,30.2
2026-07-24,120253137096490281,120253137096420281,3.3,2.97,30,6,109.95
2026-07-24,120253137141160281,120253137096420281,4.9,4.41,62,10,79.01
2026-07-24,120253137147810281,120253137096420281,2.09,1.88,48,5,43.54
2026-07-24,120253137153070281,120253137096420281,0.98,0.88,20,3,49.01
2026-07-24,120253137172840281,120253137172780281,3.68,3.31,63,9,58.36
2026-07-24,120253137204850281,120253137172780281,11.54,10.38,136,13,84.84
2026-07-24,120253137209500281,120253137172780281,3.1,2.79,60,10,51.71
2026-07-24,120253137215430281,120253137172780281,2.77,2.49,36,5,76.82
2026-07-24,120253137221200281,120253137172780281,2.38,2.14,33,5,72.16
2026-07-24,120253137226520281,120253137172780281,5.84,5.26,67,13,87.21
2026-07-24,120253138463570281,120253138463510281,3.62,3.26,57,10,63.51
2026-07-24,120253138571220281,120253138463510281,8.03,7.23,112,23,71.74
2026-07-24,120253138575670281,120253138463510281,3.97,3.58,51,18,77.9
2026-07-24,120253138581950281,120253138463510281,3.55,3.19,99,13,35.84
2026-07-24,120253138584190281,120253138463510281,1.43,1.29,31,3,46.15
2026-07-24,120253138587130281,120253138463510281,4.78,4.3,77,16,62.05
2026-07-24,120253138672320281,120253138672250281,2.02,1.82,26,1,77.74
2026-07-24,120253138733630281,120253138672250281,27.25,24.52,68,10,400.72
2026-07-24,120253138736470281,120253138672250281,0.89,0.81,26,3,34.41
2026-07-24,120253138745550281,120253138672250281,5.98,5.38,63,7,94.88
2026-07-24,120253138749420281,120253138672250281,1.6,1.44,27,3,59.23
2026-07-24,120253138753460281,120253138672250281,0.56,0.5,11,2,50.46
2026-07-24,120253138766290281,120253138766230281,6.42,5.78,29,10,221.27
2026-07-24,120253138878630281,120253138766230281,1.73,1.56,26,2,66.55
2026-07-24,120253138906100281,120253138766230281,4.3,3.87,83,5,51.86
2026-07-24,120253138919620281,120253138766230281,6.07,5.46,112,16,54.18
2026-07-24,120253138933900281,120253138766230281,15.7,14.13,138,17,113.73
2026-07-24,120253138944340281,120253138766230281,4.72,4.25,58,11,81.39
2026-07-24,120253141376140281,120253141376060281,0.4,0.36,30,3,13.38
2026-07-24,120253141499830281,120253141376060281,15.88,14.29,124,28,128.03
2026-07-24,120253141501720281,120253141376060281,2.59,2.33,36,8,71.94
2026-07-24,120253141502670281,120253141376060281,5.03,4.53,98,15,51.34
2026-07-24,120253141504530281,120253141376060281,3.06,2.75,35,6,87.41
2026-07-24,120253141509190281,120253141376060281,1.59,1.43,23,5,68.98
2026-07-24,120253141635530281,120253141635460281,10.71,9.64,113,27,94.76
2026-07-24,120253141724210281,120253141635460281,0.32,0.29,13,1,24.95
2026-07-24,120253141733960281,120253141635460281,1.61,1.45,20,2,80.56
2026-07-24,120253141747920281,120253141635460281,5.18,4.67,127,16,40.82
2026-07-24,120253141780200281,120253141635460281,6.9,6.21,112,6,61.62
2026-07-24,120253141807020281,120253141635460281,5.31,4.78,56,8,94.85
2026-07-24,120253141863660281,120253141863550281,6.5,5.85,110,16,59.05
2026-07-24,120253141934410281,120253141863550281,4.58,4.12,103,14,44.48
2026-07-24,120253141937270281,120253141863550281,5.25,4.72,71,13,73.9
2026-07-24,120253141941400281,120253141863550281,4.26,3.83,52,5,81.84
2026-07-24,120253141945370281,120253141863550281,5.77,5.2,53,13,108.94
2026-07-24,120253141950760281,120253141863550281,3.65,3.28,25,6,145.91
2026-07-24,120253141970000281,120253141969930281,1.74,1.56,32,4,54.33
2026-07-24,120253142005590281,120253141969930281,5.21,4.69,60,19,86.83
2026-07-24,120253142011070281,120253141969930281,2.55,2.29,42,6,60.63
2026-07-24,120253142016080281,120253141969930281,2.67,2.4,46,5,58.02
2026-07-24,120253142027880281,120253141969930281,6.02,5.42,107,13,56.3
2026-07-24,120253142036410281,120253141969930281,4.1,3.69,59,14,69.43
2026-07-24,120253142282790281,120253142123820281,3.07,2.76,50,4,61.44
2026-07-24,120253142290360281,120253142123820281,3.42,3.08,30,7,114.09
2026-07-24,120253142297110281,120253142123820281,3.07,2.76,40,7,76.64
2026-07-24,120253142301540281,120253142123820281,10.18,9.16,84,15,121.17
2026-07-24,120253142306480281,120253142123820281,1.92,1.73,34,5,56.48
2026-07-24,120253167383880281,120253167383820281,15.84,14.25,167,29,94.82
2026-07-24,120253167420410281,120253167383820281,2.04,1.84,20,8,102.13
2026-07-24,120253167424590281,120253167383820281,2.27,2.04,31,3,73.25
2026-07-24,120253167426990281,120253167383820281,8.55,7.69,62,13,137.85
2026-07-24,120253167433710281,120253167383820281,1.55,1.39,25,5,61.94
2026-07-24,120253167436950281,120253167383820281,5.6,5.04,88,14,63.65
2026-07-24,120253167453190281,120253167453110281,0.74,0.67,13,1,57.27
2026-07-24,120253167657030281,120253167453110281,6.35,5.71,109,17,58.23
2026-07-24,120253167666800281,120253167453110281,3.4,3.06,39,9,87.26
2026-07-24,120253167671240281,120253167453110281,3.41,3.07,53,6,64.28
2026-07-24,120253167676340281,120253167453110281,2.53,2.27,58,11,43.58
2026-07-24,120253167681590281,120253167453110281,1.36,1.23,32,4,42.64
2026-07-24,120253167944440281,120253167773160281,11.03,9.93,122,23,90.4
2026-07-24,120253167947120281,120253167773160281,10.7,9.63,79,17,135.47
2026-07-24,120253167949790281,120253167773160281,3.59,3.23,63,8,57.02
2026-07-24,120253167954350281,120253167773160281,6.13,5.52,68,6,90.19
2026-07-24,120253167956510281,120253167773160281,1.65,1.49,25,2,66.03
2026-07-24,120253168223720281,120253168223660281,1.73,1.56,45,7,38.4
2026-07-24,120253168272260281,120253168223660281,2.47,2.23,34,5,72.75
2026-07-24,120253168276010281,120253168223660281,4.09,3.68,39,9,104.85
2026-07-24,120253168279700281,120253168223660281,4.39,3.95,45,13,97.65
2026-07-24,120253168282030281,120253168223660281,3.15,2.84,52,9,60.65
2026-07-24,120253168285770281,120253168223660281,3.7,3.33,49,7,75.43
2026-07-24,120253168354310281,120253168354220281,3,2.7,72,12,41.66
2026-07-24,120253168393840281,120253168354220281,3.28,2.95,55,7,59.66
2026-07-24,120253168397070281,120253168354220281,0.57,0.51,19,1,29.85
2026-07-24,120253168399990281,120253168354220281,1.56,1.41,24,3,65.07
2026-07-24,120253168402020281,120253168354220281,1.93,1.74,28,4,68.89
2026-07-24,120253168407870281,120253168354220281,1.42,1.28,31,5,45.9
2026-07-24,120253168447900281,120253168447820281,8.48,7.63,71,18,119.44
2026-07-24,120253168472750281,120253168447820281,0.65,0.59,11,2,59.33
2026-07-24,120253168474870281,120253168447820281,4.05,3.64,41,12,98.67
2026-07-24,120253168478000281,120253168447820281,4.92,4.42,54,14,91.02
2026-07-24,120253168484450281,120253168447820281,0.1,0.09,5,0,20.22
2026-07-24,120253168488310281,120253168447820281,4.77,4.29,61,12,78.21
2026-07-24,120253224542190281,120253224542110281,3.7,3.33,47,11,78.79
2026-07-24,120253224671810281,120253224542110281,0.01,0.01,2,0,7.3
2026-07-24,120253224676330281,120253224542110281,0,0,1,0,4.5
2026-07-24,120253224685120281,120253224542110281,0.02,0.02,1,0,17
2026-07-24,120253224723160281,120253224542110281,1.45,1.31,20,3,72.52
2026-07-24,120253224769150281,120253224769080281,1.64,1.48,40,4,41.01
2026-07-24,120253224960730281,120253224769080281,4.44,4,83,15,53.54
2026-07-24,120253224978560281,120253224769080281,0.61,0.55,11,1,55.63
2026-07-24,120253224985020281,120253224769080281,0.94,0.84,8,2,117.25
2026-07-24,120253224989840281,120253224769080281,3.32,2.99,27,6,123
2026-07-24,120253224997610281,120253224769080281,0.56,0.5,12,1,46.61
2026-07-24,120253225009820281,120253225009810281,0.67,0.6,10,0,66.73
2026-07-24,120253225026480281,120253225009810281,14.79,13.31,72,14,205.39
2026-07-24,120253225029450281,120253225009810281,2.84,2.56,38,5,74.76
2026-07-24,120253225032160281,120253225009810281,2.17,1.95,34,6,63.75
2026-07-24,120253225035240281,120253225009810281,3.07,2.77,16,3,192.16
2026-07-24,120253225038370281,120253225009810281,3.25,2.92,40,6,81.16
2026-07-24,120253225073690281,120253225073650281,1.36,1.22,6,2,226.8
2026-07-24,120253225087760281,120253225073650281,0.17,0.16,5,0,34.78
2026-07-24,120253225101570281,120253225073650281,0.98,0.88,13,2,75.45
2026-07-24,120253225111400281,120253225073650281,2.23,2.01,32,5,69.66
2026-07-24,120253225135180281,120253225073650281,0.67,0.6,13,2,51.32
2026-07-24,120253225169560281,120253225073650281,0.51,0.45,18,3,28.08
2026-07-24,120253225329900281,120253225329830281,0.43,0.39,15,1,28.91
2026-07-24,120253225450210281,120253225329830281,3.54,3.19,35,8,101.29
2026-07-24,120253225501180281,120253225329830281,1.21,1.09,32,2,37.72
2026-07-24,120253225541760281,120253225329830281,6.87,6.18,93,20,73.89
2026-07-24,120253225586410281,120253225329830281,8.36,7.53,69,18,121.2
2026-07-24,120253225638960281,120253225329830281,2.05,1.84,46,6,44.52
2026-07-24,120253225795580281,120253225795550281,11.04,9.94,145,25,76.15
2026-07-24,120253225872080281,120253225795550281,3.78,3.4,84,9,44.95
2026-07-24,120253225880820281,120253225795550281,2.22,2,48,7,46.22
2026-07-24,120253225889030281,120253225795550281,1.15,1.03,14,3,81.85
2026-07-24,120253225931950281,120253225795550281,5.44,4.9,54,11,100.72
2026-07-24,120253226001460281,120253225795550281,2.17,1.95,32,4,67.76
2026-07-25,120247357080930278,120247357080990278,8.79,7.91,90,22,97.7
2026-07-25,120247357080980278,120247357080990278,5.59,5.03,81,16,68.99
2026-07-25,120247357081010278,120247357080990278,16.97,15.27,199,30,85.26
2026-07-25,120247357081030278,120247357080990278,8.37,7.53,86,15,97.31
2026-07-25,120247357081040278,120247357080990278,6.56,5.9,96,19,68.34
2026-07-25,120247357081050278,120247357080990278,10.07,9.06,119,24,84.61
2026-07-25,120247357457050278,120247357456980278,9.21,8.28,100,11,92.05
2026-07-25,120247357457060278,120247357456980278,2.91,2.62,56,9,51.93
2026-07-25,120247357457070278,120247357456980278,8.22,7.4,140,28,58.74
2026-07-25,120247357457080278,120247357456980278,6.2,5.58,78,12,79.44
2026-07-25,120247357457090278,120247357456980278,7.33,6.6,135,23,54.33
2026-07-25,120247357457100278,120247357456980278,7.92,7.13,86,18,92.07
2026-07-25,120247358420040278,120247358419970278,7.15,6.44,124,20,57.69
2026-07-25,120247358420050278,120247358419970278,2.1,1.89,31,5,67.67
2026-07-25,120247358420060278,120247358419970278,10.56,9.51,156,23,67.7
2026-07-25,120247358420070278,120247358419970278,13.86,12.48,144,25,96.28
2026-07-25,120247358420080278,120247358419970278,6.27,5.65,85,17,73.79
2026-07-25,120247358420090278,120247358419970278,8.42,7.58,84,19,100.26
2026-07-25,120247358791290278,120247358791270278,2.71,2.44,25,6,108.46
2026-07-25,120247358791350278,120247358791270278,4.36,3.93,40,4,109.04
2026-07-25,120247358791360278,120247358791270278,6.55,5.89,70,12,93.55
2026-07-25,120247358791370278,120247358791270278,1.31,1.18,28,2,46.89
2026-07-25,120247358791380278,120247358791270278,3.76,3.38,64,10,58.73
2026-07-25,120247358791390278,120247358791270278,0.36,0.33,11,0,32.87
2026-07-25,120247359464720278,120247359464690278,8.78,7.9,97,16,90.54
2026-07-25,120247359464770278,120247359464690278,1.12,1.01,17,4,66.06
2026-07-25,120247359464780278,120247359464690278,0.48,0.44,18,2,26.94
2026-07-25,120247359464790278,120247359464690278,3.19,2.87,51,8,62.46
2026-07-25,120247359464800278,120247359464690278,4.79,4.31,96,10,49.86
2026-07-25,120247359464810278,120247359464690278,0.49,0.44,22,1,22.15
2026-07-25,120247360141400278,120247360141370278,1.57,1.41,14,3,112.09
2026-07-25,120247360141410278,120247360141370278,14.06,12.65,150,32,93.7
2026-07-25,120247360141440278,120247360141370278,4.11,3.69,43,7,95.47
2026-07-25,120247360141470278,120247360141370278,13.18,11.86,100,32,131.77
2026-07-25,120247360141480278,120247360141370278,5.03,4.53,67,14,75.12
2026-07-25,120247360141490278,120247360141370278,10.69,9.62,201,17,53.17
2026-07-25,120247360356770278,120247360356710278,6.9,6.21,119,18,57.96
2026-07-25,120247360356790278,120247360356710278,4.71,4.24,91,13,51.76
2026-07-25,120247360356800278,120247360356710278,1.78,1.6,22,3,80.97
2026-07-25,120247360356810278,120247360356710278,1.41,1.27,19,4,74.09
2026-07-25,120247360356820278,120247360356710278,6.13,5.52,67,8,91.47
2026-07-25,120247360356830278,120247360356710278,8.74,7.86,131,17,66.68
2026-07-25,120247360531040278,120247360531070278,5.39,4.85,73,13,73.82
2026-07-25,120247360531120278,120247360531070278,12.7,11.43,141,35,90.1
2026-07-25,120247360531130278,120247360531070278,8.21,7.39,104,18,78.98
2026-07-25,120247360531140278,120247360531070278,10.58,9.52,139,25,76.13
2026-07-25,120247360531150278,120247360531070278,1.98,1.78,40,5,49.58
2026-07-25,120247360531160278,120247360531070278,1.79,1.61,19,3,94.26
2026-07-25,120247382323040278,120247382322970278,12.36,11.12,138,21,89.54
2026-07-25,120247382323050278,120247382322970278,11.17,10.06,122,16,91.59
2026-07-25,120247382323060278,120247382322970278,13.62,12.25,145,16,93.9
2026-07-25,120247382323070278,120247382322970278,12.57,11.31,158,25,79.56
2026-07-25,120247382323080278,120247382322970278,9.36,8.42,144,19,64.97
2026-07-25,120247382323090278,120247382322970278,11.3,10.17,116,14,97.37
2026-07-25,120247488168300278,120247488168210278,10.48,9.43,120,20,87.33
2026-07-25,120247488215910278,120247488168210278,12.06,10.86,125,25,96.52
2026-07-25,120247488220950278,120247488168210278,9.1,8.19,96,10,94.79
2026-07-25,120247488225850278,120247488168210278,9.78,8.8,103,18,94.97
2026-07-25,120247488230320278,120247488168210278,12.77,11.49,137,26,93.21
2026-07-25,120247488234950278,120247488168210278,3.49,3.14,42,5,83.17
2026-07-25,120247488259350278,120247488259330278,16.83,15.15,223,42,75.47
2026-07-25,120247488354910278,120247488259330278,3.47,3.13,86,6,40.38
2026-07-25,120247488362150278,120247488259330278,3.47,3.12,42,12,82.5
2026-07-25,120247488368490278,120247488259330278,2.22,1.99,59,4,37.55
2026-07-25,120247488373900278,120247488259330278,3.74,3.37,47,8,79.56
2026-07-25,120247488419540278,120247488259330278,7.28,6.55,108,19,67.39
2026-07-25,120247488474100278,120247488474000278,4.63,4.17,72,14,64.36
2026-07-25,120247488538970278,120247488474000278,2.14,1.93,35,5,61.28
2026-07-25,120247488660110278,120247488474000278,10.5,9.45,138,19,76.07
2026-07-25,120247488793560278,120247488474000278,9.4,8.46,115,19,81.73
2026-07-25,120247488827940278,120247488474000278,20.02,18.01,249,37,80.38
2026-07-25,120247488854820278,120247488474000278,10.69,9.62,147,22,72.75
2026-07-25,120247488930200278,120247488930090278,3.22,2.9,38,4,84.85
2026-07-25,120247488968980278,120247488930090278,15.38,13.84,198,34,77.67
2026-07-25,120247488989090278,120247488930090278,13.4,12.06,126,16,106.36
2026-07-25,120247489010590278,120247488930090278,1.67,1.5,27,7,61.76
2026-07-25,120247489016960278,120247488930090278,20.05,18.04,274,42,73.17
2026-07-25,120247489033080278,120247488930090278,1.77,1.59,25,4,70.76
2026-07-25,120247489048840278,120247489048850278,2.88,2.59,45,7,64.02
2026-07-25,120247489055990278,120247489056040278,2.05,1.85,28,3,73.29
2026-07-25,120247489113490278,120247489056040278,7.41,6.67,77,13,96.24
2026-07-25,120247489137090278,120247489056040278,10.34,9.31,127,23,81.44
2026-07-25,120247489142030278,120247489048850278,2.67,2.41,70,5,38.21
2026-07-25,120247489148840278,120247489048850278,0.79,0.71,23,2,34.33
2026-07-25,120247489149860278,120247489056040278,6.99,6.29,86,17,81.32
2026-07-25,120247489152530278,120247489048850278,1.58,1.42,28,6,56.34
2026-07-25,120247489155770278,120247489048850278,9.55,8.59,117,19,81.59
2026-07-25,120247489155880278,120247489056040278,0.84,0.75,18,0,46.52
2026-07-25,120247489160390278,120247489048850278,5.89,5.3,123,19,47.86
2026-07-25,120247489160520278,120247489056040278,21.82,19.64,263,44,82.96
2026-07-25,120247490597970278,120247490598050278,0,0,1,0,4.8
2026-07-25,120247490618490278,120247490598050278,1.64,1.48,12,3,136.67
2026-07-25,120247490620890278,120247490598050278,0.01,0.01,2,0,4.3
2026-07-25,120247490623620278,120247490598050278,2.11,1.9,16,6,131.85
2026-07-25,120247490626940278,120247490598050278,3.06,2.76,21,5,145.9
2026-07-25,120247490631910278,120247490598050278,3.09,2.78,25,8,123.52
2026-07-25,120247490644830278,120247490644850278,1.43,1.29,15,1,95.47
2026-07-25,120247490686120278,120247490644850278,0.01,0.01,2,0,3.3
2026-07-25,120247490688600278,120247490644850278,3.97,3.57,48,6,82.65
2026-07-25,120247490692330278,120247490644850278,2.46,2.22,22,8,111.95
2026-07-25,120247490699100278,120247490644850278,1.41,1.27,16,1,88.11
2026-07-25,120247490703500278,120247490644850278,7.19,6.47,23,6,312.61
2026-07-25,120247506168140278,120247506168050278,5.13,4.61,60,11,85.45
2026-07-25,120247506197150278,120247506168050278,1.82,1.64,37,7,49.11
2026-07-25,120247506203840278,120247506168050278,4.68,4.21,32,1,146.16
2026-07-25,120247506216350278,120247506168050278,6.71,6.04,63,11,106.55
2026-07-25,120247506238310278,120247506168050278,1,0.9,9,3,110.68
2026-07-25,120247506249690278,120247506168050278,8.14,7.33,64,11,127.25
2026-07-25,120247506424250278,120247506424170278,7.93,7.14,109,22,72.77
2026-07-25,120247506530130278,120247506424170278,7.53,6.78,50,6,150.63
2026-07-25,120247506542160278,120247506424170278,3.96,3.56,34,9,116.5
2026-07-25,120247506551600278,120247506424170278,0.93,0.84,29,3,32.04
2026-07-25,120247506560570278,120247506424170278,7.4,6.66,76,16,97.31
2026-07-25,120247506567820278,120247506424170278,1.95,1.76,32,3,61.08
2026-07-25,120247510472600278,120247510472480278,0.28,0.26,8,0,35.45
2026-07-25,120247511200720278,120247510472480278,1.82,1.63,29,7,62.62
2026-07-25,120247511268740278,120247510472480278,0.02,0.01,4,0,3.92
2026-07-25,120247511278660278,120247510472480278,3.6,3.24,45,8,79.94
2026-07-25,120247511285940278,120247510472480278,0.02,0.02,1,0,21.5
2026-07-25,120247511291500278,120247510472480278,0.62,0.56,14,1,44.51
2026-07-25,120247511324670278,120247511324690278,0.76,0.69,26,2,29.34
2026-07-25,120247511421230278,120247511324690278,0.04,0.04,5,0,8.26
2026-07-25,120247511427740278,120247511324690278,0.01,0.01,2,0,3.15
2026-07-25,120247511436300278,120247511324690278,0.26,0.24,3,1,87.6
2026-07-25,120247511443330278,120247511324690278,1.41,1.27,20,5,70.56
2026-07-25,120247511457850278,120247511324690278,0.58,0.52,3,2,191.8
2026-07-25,120247511492340278,120247511492330278,0.22,0.2,6,0,37.25
2026-07-25,120247511563030278,120247511492330278,0.57,0.51,12,3,47.42
2026-07-25,120247511580070278,120247511492330278,0.62,0.56,12,1,52.04
2026-07-25,120247511637820278,120247511492330278,0.52,0.47,5,1,104
2026-07-25,120247565170940278,120247565170970278,2.25,2.03,38,6,59.32
2026-07-25,120247565212910278,120247565170970278,0.25,0.22,3,1,81.77
2026-07-25,120247565218940278,120247565170970278,0.83,0.75,19,1,43.71
2026-07-25,120247565225410278,120247565170970278,0.84,0.76,19,3,44.17
2026-07-25,120247565236450278,120247565170970278,0.69,0.62,11,1,62.43
2026-07-25,120247565265520278,120247565170970278,4.02,3.62,72,10,55.81
2026-07-25,120247565319140278,120247565319070278,0.41,0.37,13,2,31.31
2026-07-25,120247566326940278,120247565319070278,2.3,2.07,33,7,69.66
2026-07-25,120247566362420278,120247565319070278,1.48,1.33,18,3,82.21
2026-07-25,120247566388550278,120247565319070278,1.17,1.06,46,7,25.5
2026-07-25,120247566417460278,120247565319070278,2.97,2.67,27,3,110.01
2026-07-25,120247566440100278,120247565319070278,0.7,0.63,13,2,53.61
2026-07-25,120247566460400278,120247566460390278,1.51,1.36,68,8,22.21
2026-07-25,120247566488020278,120247566460390278,0.43,0.39,24,0,17.94
2026-07-25,120247566493330278,120247566460390278,2.89,2.6,25,3,115.76
2026-07-25,120247566496630278,120247566460390278,4.44,4,36,4,123.43
2026-07-25,120247566505120278,120247566460390278,2.19,1.97,68,10,32.17
2026-07-25,120247566509570278,120247566460390278,4.66,4.19,55,9,84.72
2026-07-25,120247566544800278,120247566544730278,0.66,0.59,18,5,36.64
2026-07-25,120247566558640278,120247566544730278,7.44,6.69,75,13,99.15
2026-07-25,120247566563680278,120247566544730278,0.01,0,1,0,5
2026-07-25,120247566567050278,120247566544730278,3.48,3.13,52,9,66.91
2026-07-25,120247566568070278,120247566544730278,0.36,0.32,12,1,29.67
2026-07-25,120247566569190278,120247566544730278,3.25,2.92,32,8,101.52
2026-07-25,120247566626120278,120247566626060278,0.13,0.11,1,0,127.5
2026-07-25,120247566636330278,120247566626060278,2.42,2.18,38,3,63.72
2026-07-25,120247566637750278,120247566626060278,4.7,4.23,35,7,134.32
2026-07-25,120247566640090278,120247566626060278,3.56,3.2,62,7,57.44
2026-07-25,120247566642950278,120247566626060278,0.49,0.45,11,3,44.97
2026-07-25,120247566645210278,120247566626060278,0.1,0.09,5,1,19.42
2026-07-25,120247566662340278,120247566662260278,0.53,0.48,9,2,59
2026-07-25,120247566694500278,120247566662260278,0.68,0.62,28,1,24.46
2026-07-25,120247566698490278,120247566662260278,4.78,4.3,84,15,56.92
2026-07-25,120247566701950278,120247566662260278,1.56,1.4,47,8,33.2
2026-07-25,120247566705080278,120247566662260278,0.48,0.43,5,0,96.26
2026-07-25,120247566708300278,120247566662260278,1.11,1,24,2,46.13
2026-07-25,120253079044420281,120253079044410281,4.87,4.38,74,11,65.75
2026-07-25,120253079114620281,120253079044410281,1.53,1.38,20,1,76.55
2026-07-25,120253079117950281,120253079044410281,3.13,2.82,26,3,120.47
2026-07-25,120253079128080281,120253079044410281,2.48,2.23,78,5,31.77
2026-07-25,120253079132510281,120253079044410281,5.91,5.32,63,17,93.77
2026-07-25,120253082530860281,120253082530810281,0.84,0.76,8,1,105.31
2026-07-25,120253082684680281,120253082530810281,1.8,1.62,43,9,41.76
2026-07-25,120253082723400281,120253082530810281,7.01,6.3,53,5,132.17
2026-07-25,120253082732550281,120253082530810281,3.02,2.72,29,7,104.2
2026-07-25,120253082737930281,120253082530810281,5.8,5.22,44,7,131.87
2026-07-25,120253082741790281,120253082530810281,0.79,0.71,21,3,37.82
2026-07-25,120253082817280281,120253082817170281,15.93,14.33,120,28,132.73
2026-07-25,120253082840560281,120253082817170281,2.06,1.85,24,6,85.8
2026-07-25,120253082846410281,120253082817170281,0.49,0.44,10,1,48.53
2026-07-25,120253082849840281,120253082817170281,2.9,2.61,44,4,65.92
2026-07-25,120253082852390281,120253082817170281,0.48,0.43,11,1,43.33
2026-07-25,120253082855810281,120253082817170281,1.7,1.53,29,5,58.59
2026-07-25,120253101270940281,120253101270850281,1.95,1.76,48,3,40.65
2026-07-25,120253101284450281,120253101270850281,13.66,12.3,110,27,124.21
2026-07-25,120253101286320281,120253101270850281,1.08,0.98,16,2,67.76
2026-07-25,120253101288330281,120253101270850281,7.33,6.6,84,14,87.32
2026-07-25,120253101296180281,120253101270850281,3.01,2.71,24,5,125.57
2026-07-25,120253101303050281,120253101302970281,13.69,12.32,133,29,102.97
2026-07-25,120253101316180281,120253101302970281,2.35,2.11,30,7,78.24
2026-07-25,120253101319060281,120253101302970281,0.46,0.42,9,1,51.58
2026-07-25,120253101321190281,120253101302970281,5.32,4.79,51,12,104.36
2026-07-25,120253101322290281,120253101302970281,7.7,6.93,67,18,114.95
2026-07-25,120253101330930281,120253101330870281,1.14,1.02,34,3,33.42
2026-07-25,120253101343520281,120253101330870281,0.97,0.87,17,1,56.99
2026-07-25,120253101346700281,120253101330870281,6.98,6.28,87,15,80.23
2026-07-25,120253101348250281,120253101330870281,0.87,0.78,9,3,96.54
2026-07-25,120253101349160281,120253101330870281,1.94,1.74,30,8,64.55
2026-07-25,120253136735850281,120253136735780281,1.2,1.08,21,6,57.18
2026-07-25,120253136853570281,120253136735780281,1.22,1.1,30,3,40.56
2026-07-25,120253136864150281,120253136735780281,0.81,0.72,20,2,40.26
2026-07-25,120253136874720281,120253136735780281,2.88,2.59,31,8,92.92
2026-07-25,120253136880620281,120253136735780281,1.61,1.45,14,4,115.3
2026-07-25,120253136890790281,120253136735780281,3.75,3.38,35,9,107.24
2026-07-25,120253137096490281,120253137096420281,1.42,1.28,25,3,56.87
2026-07-25,120253137141160281,120253137096420281,1.8,1.62,26,3,69.37
2026-07-25,120253137147810281,120253137096420281,4.66,4.19,88,13,52.9
2026-07-25,120253137153070281,120253137096420281,1,0.9,26,3,38.37
2026-07-25,120253137172840281,120253137172780281,1.91,1.72,35,7,54.49
2026-07-25,120253137204850281,120253137172780281,8.39,7.55,141,20,59.52
2026-07-25,120253137209500281,120253137172780281,3.13,2.81,53,5,58.97
2026-07-25,120253137215430281,120253137172780281,8.03,7.22,73,14,109.94
2026-07-25,120253137221200281,120253137172780281,0.67,0.6,19,1,35.21
2026-07-25,120253137226520281,120253137172780281,2.56,2.31,25,3,102.57
2026-07-25,120253138463570281,120253138463510281,2.15,1.93,33,6,65.08
2026-07-25,120253138571220281,120253138463510281,8.64,7.78,107,20,80.74
2026-07-25,120253138575670281,120253138463510281,5.28,4.75,60,11,88.01
2026-07-25,120253138581950281,120253138463510281,1.58,1.42,29,5,54.58
2026-07-25,120253138584190281,120253138463510281,3.11,2.8,29,4,107.11
2026-07-25,120253138587130281,120253138463510281,1.94,1.75,42,12,46.24
2026-07-25,120253138672320281,120253138672250281,1.96,1.76,33,3,59.35
2026-07-25,120253138733630281,120253138672250281,7.63,6.87,74,17,103.12
2026-07-25,120253138736470281,120253138672250281,0.04,0.03,4,0,9.35
2026-07-25,120253138745550281,120253138672250281,1.48,1.33,44,4,33.67
2026-07-25,120253138749420281,120253138672250281,1.22,1.1,33,3,36.97
2026-07-25,120253138753460281,120253138672250281,3.45,3.1,60,14,57.49
2026-07-25,120253138766290281,120253138766230281,1.08,0.97,22,3,49.12
2026-07-25,120253138878630281,120253138766230281,0.01,0.01,3,0,2.57
2026-07-25,120253138906100281,120253138766230281,3.12,2.81,87,7,35.91
2026-07-25,120253138919620281,120253138766230281,1.06,0.96,19,4,55.9
2026-07-25,120253138933900281,120253138766230281,8.86,7.97,138,15,64.17
2026-07-25,120253138944340281,120253138766230281,2.27,2.04,35,2,64.91
2026-07-25,120253141499830281,120253141376060281,7.36,6.62,49,9,150.18
2026-07-25,120253141501720281,120253141376060281,5.18,4.66,56,16,92.54
2026-07-25,120253141502670281,120253141376060281,2.24,2.02,33,6,67.95
2026-07-25,120253141504530281,120253141376060281,1.06,0.95,9,2,117.3
2026-07-25,120253141509190281,120253141376060281,1.74,1.56,22,6,79.02
2026-07-25,120253141635530281,120253141635460281,0.89,0.8,15,1,59.61
2026-07-25,120253141724210281,120253141635460281,2.71,2.44,36,10,75.39
2026-07-25,120253141733960281,120253141635460281,0.41,0.37,14,1,29.09
2026-07-25,120253141747920281,120253141635460281,10.24,9.21,149,25,68.7
2026-07-25,120253141780200281,120253141635460281,5.47,4.92,79,7,69.27
2026-07-25,120253141807020281,120253141635460281,0.69,0.62,13,1,52.82
2026-07-25,120253141863660281,120253141863550281,1.26,1.13,18,1,70.04
2026-07-25,120253141934410281,120253141863550281,1.6,1.44,32,3,49.94
2026-07-25,120253141937270281,120253141863550281,1.34,1.21,40,4,33.51
2026-07-25,120253141941400281,120253141863550281,0.85,0.76,22,4,38.42
2026-07-25,120253141945370281,120253141863550281,8.51,7.66,107,11,79.54
2026-07-25,120253141950760281,120253141863550281,2.42,2.18,30,7,80.57
2026-07-25,120253141970000281,120253141969930281,6.69,6.02,59,12,113.41
2026-07-25,120253142005590281,120253141969930281,0.43,0.39,21,1,20.7
2026-07-25,120253142011070281,120253141969930281,1.85,1.66,30,7,61.55
2026-07-25,120253142016080281,120253141969930281,1.73,1.56,25,5,69.29
2026-07-25,120253142027880281,120253141969930281,6.31,5.68,102,11,61.89
2026-07-25,120253142036410281,120253141969930281,2.05,1.85,28,4,73.26
2026-07-25,120253142282790281,120253142123820281,0,0,2,0,2.3
2026-07-25,120253142290360281,120253142123820281,2.31,2.08,21,1,110.24
2026-07-25,120253142297110281,120253142123820281,9.86,8.87,66,14,149.39
2026-07-25,120253142301540281,120253142123820281,2.26,2.03,37,6,61.02
2026-07-25,120253142306480281,120253142123820281,7.35,6.61,63,10,116.61
2026-07-25,120253167383880281,120253167383820281,18.54,16.69,248,29,74.76
2026-07-25,120253167420410281,120253167383820281,1.05,0.94,27,6,38.76
2026-07-25,120253167424590281,120253167383820281,1.82,1.64,19,8,95.67
2026-07-25,120253167426990281,120253167383820281,2.33,2.09,62,5,37.54
2026-07-25,120253167433710281,120253167383820281,1.77,1.59,30,3,59.05
2026-07-25,120253167436950281,120253167383820281,3.26,2.93,39,4,83.59
2026-07-25,120253167453190281,120253167453110281,2.65,2.39,32,5,82.96
2026-07-25,120253167657030281,120253167453110281,4.61,4.15,86,7,53.61
2026-07-25,120253167666800281,120253167453110281,1.74,1.57,48,6,36.35
2026-07-25,120253167671240281,120253167453110281,2.14,1.92,42,3,50.85
2026-07-25,120253167676340281,120253167453110281,2.16,1.94,41,5,52.66
2026-07-25,120253167681590281,120253167453110281,3.95,3.55,52,3,75.9
2026-07-25,120253167944440281,120253167773160281,2.27,2.05,46,8,49.43
2026-07-25,120253167947120281,120253167773160281,5.58,5.02,103,13,54.13
2026-07-25,120253167949790281,120253167773160281,4.96,4.46,101,14,49.1
2026-07-25,120253167954350281,120253167773160281,8.45,7.61,117,21,72.26
2026-07-25,120253167956510281,120253167773160281,4.19,3.77,83,12,50.47
2026-07-25,120253168223720281,120253168223660281,1.87,1.68,27,4,69.31
2026-07-25,120253168272260281,120253168223660281,2.62,2.36,38,5,68.95
2026-07-25,120253168276010281,120253168223660281,3.25,2.93,28,4,116.11
2026-07-25,120253168279700281,120253168223660281,7.88,7.09,91,14,86.62
2026-07-25,120253168282030281,120253168223660281,1.63,1.47,18,2,90.59
2026-07-25,120253168285770281,120253168223660281,1.67,1.51,30,5,55.8
2026-07-25,120253168354310281,120253168354220281,1.13,1.01,25,5,45.01
2026-07-25,120253168393840281,120253168354220281,2.57,2.31,23,4,111.58
2026-07-25,120253168397070281,120253168354220281,1.24,1.11,24,4,51.53
2026-07-25,120253168399990281,120253168354220281,8.43,7.58,78,16,108.04
2026-07-25,120253168402020281,120253168354220281,1.8,1.62,22,4,81.81
2026-07-25,120253168407870281,120253168354220281,0.84,0.76,20,2,42.23
2026-07-25,120253168447900281,120253168447820281,2.23,2,32,8,69.53
2026-07-25,120253168472750281,120253168447820281,0.61,0.55,21,1,29.1
2026-07-25,120253168474870281,120253168447820281,0.89,0.8,15,2,59
2026-07-25,120253168478000281,120253168447820281,4.62,4.15,56,16,82.44
2026-07-25,120253168484450281,120253168447820281,1.89,1.7,33,10,57.21
2026-07-25,120253168488310281,120253168447820281,2.15,1.94,28,6,76.81
2026-07-25,120253224542190281,120253224542110281,4.47,4.02,38,5,117.63
2026-07-25,120253224671810281,120253224542110281,0.8,0.72,3,1,266.13
2026-07-25,120253224676330281,120253224542110281,0.61,0.55,3,1,204.53
2026-07-25,120253224685120281,120253224542110281,1.11,1,36,10,30.74
2026-07-25,120253224700400281,120253224542110281,0.01,0.01,3,0,2.17
2026-07-25,120253224723160281,120253224542110281,1.6,1.44,20,2,80.24
2026-07-25,120253224769150281,120253224769080281,3.07,2.76,42,10,73.02
2026-07-25,120253224960730281,120253224769080281,16.69,15.02,252,40,66.24
2026-07-25,120253224978560281,120253224769080281,0.38,0.34,9,2,42.32
2026-07-25,120253224985020281,120253224769080281,2.23,2,33,10,67.43
2026-07-25,120253224989840281,120253224769080281,1,0.9,12,1,83.17
2026-07-25,120253224997610281,120253224769080281,4.23,3.81,65,15,65.12
2026-07-25,120253225009820281,120253225009810281,4.93,4.43,45,10,109.45
2026-07-25,120253225026480281,120253225009810281,16.16,14.55,130,24,124.33
2026-07-25,120253225029450281,120253225009810281,22.46,20.21,141,44,159.28
2026-07-25,120253225032160281,120253225009810281,0.49,0.44,12,2,40.97
2026-07-25,120253225035240281,120253225009810281,1.23,1.1,26,5,47.21
2026-07-25,120253225038370281,120253225009810281,4.97,4.47,59,10,84.27
2026-07-25,120253225073690281,120253225073650281,3.17,2.85,46,4,68.81
2026-07-25,120253225087760281,120253225073650281,5.14,4.62,62,6,82.85
2026-07-25,120253225101570281,120253225073650281,0.02,0.02,6,0,2.87
2026-07-25,120253225111400281,120253225073650281,13.21,11.89,143,25,92.35
2026-07-25,120253225135180281,120253225073650281,5.67,5.1,47,9,120.66
2026-07-25,120253225169560281,120253225073650281,1.4,1.26,13,3,107.68
2026-07-25,120253225329900281,120253225329830281,2.93,2.64,53,5,55.29
2026-07-25,120253225450210281,120253225329830281,4.42,3.98,67,11,65.94
2026-07-25,120253225501180281,120253225329830281,8.61,7.75,131,17,65.75
2026-07-25,120253225541760281,120253225329830281,2.07,1.86,48,3,43.13
2026-07-25,120253225586410281,120253225329830281,11.77,10.59,118,18,99.74
2026-07-25,120253225638960281,120253225329830281,10.6,9.54,113,26,93.84
2026-07-25,120253225795580281,120253225795550281,15.37,13.83,220,39,69.85
2026-07-25,120253225872080281,120253225795550281,11.58,10.42,131,26,88.37
2026-07-25,120253225880820281,120253225795550281,12.08,10.87,148,30,81.63
2026-07-25,120253225889030281,120253225795550281,2.98,2.68,54,5,55.21
2026-07-25,120253225931950281,120253225795550281,6.15,5.53,102,15,60.27
2026-07-25,120253226001460281,120253225795550281,7.64,6.88,98,20,77.97
2026-07-26,120247357080930278,120247357080990278,2.12,1.91,16,3,132.46
2026-07-26,120247357080980278,120247357080990278,5.27,4.74,61,11,86.32
2026-07-26,120247357081010278,120247357080990278,8.57,7.71,113,10,75.85
2026-07-26,120247357081030278,120247357080990278,16.17,14.56,197,42,82.1
2026-07-26,120247357081040278,120247357080990278,6.29,5.67,50,12,125.89
2026-07-26,120247357081050278,120247357080990278,6.89,6.2,61,9,112.9
2026-07-26,120247357457050278,120247357456980278,11.21,10.09,141,21,79.51
2026-07-26,120247357457060278,120247357456980278,1.97,1.78,34,2,58.04
2026-07-26,120247357457070278,120247357456980278,7.91,7.11,102,15,77.5
2026-07-26,120247357457080278,120247357456980278,9.94,8.94,75,12,132.49
2026-07-26,120247357457090278,120247357456980278,10.5,9.45,172,26,61.02
2026-07-26,120247357457100278,120247357456980278,14.88,13.39,165,42,90.18
2026-07-26,120247358420040278,120247358419970278,16.32,14.68,176,30,92.7
2026-07-26,120247358420050278,120247358419970278,0.31,0.28,3,1,103.63
2026-07-26,120247358420060278,120247358419970278,4.33,3.9,51,10,84.99
2026-07-26,120247358420070278,120247358419970278,11.35,10.22,129,22,87.99
2026-07-26,120247358420080278,120247358419970278,3.09,2.78,47,7,65.66
2026-07-26,120247358420090278,120247358419970278,13.29,11.96,121,26,109.81
2026-07-26,120247358791290278,120247358791270278,0.21,0.19,6,1,35.03
2026-07-26,120247358791350278,120247358791270278,6.03,5.43,46,5,131.04
2026-07-26,120247358791360278,120247358791270278,9.64,8.68,52,12,185.41
2026-07-26,120247358791370278,120247358791270278,0.16,0.14,13,2,12.22
2026-07-26,120247358791380278,120247358791270278,0.15,0.13,8,1,18.51
2026-07-26,120247358791390278,120247358791270278,0.68,0.61,19,3,35.59
2026-07-26,120247359464720278,120247359464690278,13.04,11.73,114,21,114.36
2026-07-26,120247359464770278,120247359464690278,0.07,0.07,5,1,14.68
2026-07-26,120247359464780278,120247359464690278,0.13,0.11,3,0,42.03
2026-07-26,120247359464790278,120247359464690278,2.23,2.01,25,6,89.38
2026-07-26,120247359464800278,120247359464690278,0.57,0.52,13,1,44.09
2026-07-26,120247359464810278,120247359464690278,1.82,1.64,10,2,182.08
2026-07-26,120247360141400278,120247360141370278,1.2,1.08,5,0,240.04
2026-07-26,120247360141410278,120247360141370278,8.68,7.81,105,17,82.63
2026-07-26,120247360141440278,120247360141370278,1.78,1.6,19,3,93.85
2026-07-26,120247360141470278,120247360141370278,9.88,8.89,79,12,125.01
2026-07-26,120247360141480278,120247360141370278,4.98,4.48,99,16,50.26
2026-07-26,120247360141490278,120247360141370278,18.74,16.87,156,28,120.16
2026-07-26,120247360356770278,120247360356710278,14.41,12.97,134,26,107.54
2026-07-26,120247360356790278,120247360356710278,5.46,4.92,77,14,70.94
2026-07-26,120247360356810278,120247360356710278,1.85,1.66,26,6,71.14
2026-07-26,120247360356820278,120247360356710278,3.18,2.87,44,8,72.36
2026-07-26,120247360356830278,120247360356710278,13.18,11.86,168,31,78.46
2026-07-26,120247360531040278,120247360531070278,3.5,3.15,56,8,62.55
2026-07-26,120247360531120278,120247360531070278,10.2,9.18,133,20,76.69
2026-07-26,120247360531130278,120247360531070278,5.42,4.88,90,16,60.21
2026-07-26,120247360531140278,120247360531070278,12.38,11.14,119,24,104
2026-07-26,120247360531150278,120247360531070278,2.78,2.5,26,2,106.82
2026-07-26,120247360531160278,120247360531070278,1.69,1.52,19,6,88.86
2026-07-26,120247382323040278,120247382322970278,11.85,10.66,110,24,107.72
2026-07-26,120247382323050278,120247382322970278,12.96,11.67,140,27,92.6
2026-07-26,120247382323060278,120247382322970278,4.18,3.77,83,9,50.41
2026-07-26,120247382323070278,120247382322970278,20.54,18.48,199,41,103.21
2026-07-26,120247382323080278,120247382322970278,7.9,7.11,125,14,63.24
2026-07-26,120247382323090278,120247382322970278,14.35,12.92,127,14,113
2026-07-26,120247488168300278,120247488168210278,5.03,4.53,84,10,59.93
2026-07-26,120247488215910278,120247488168210278,11.64,10.48,135,28,86.26
2026-07-26,120247488220950278,120247488168210278,9.27,8.34,87,15,106.57
2026-07-26,120247488225850278,120247488168210278,12.99,11.7,87,19,149.37
2026-07-26,120247488230320278,120247488168210278,11.6,10.44,123,36,94.32
2026-07-26,120247488234950278,120247488168210278,1.18,1.06,8,1,147.3
2026-07-26,120247488259350278,120247488259330278,13.41,12.07,184,29,72.87
2026-07-26,120247488354910278,120247488259330278,0.38,0.34,10,1,37.69
2026-07-26,120247488362150278,120247488259330278,2.46,2.22,22,8,111.92
2026-07-26,120247488368490278,120247488259330278,0.14,0.12,4,1,34.35
2026-07-26,120247488373900278,120247488259330278,2.24,2.02,28,6,80.12
2026-07-26,120247488419540278,120247488259330278,4.95,4.45,47,8,105.31
2026-07-26,120247488474100278,120247488474000278,9.75,8.78,113,23,86.29
2026-07-26,120247488538970278,120247488474000278,0.94,0.85,10,2,93.91
2026-07-26,120247488660110278,120247488474000278,6.73,6.05,103,15,65.31
2026-07-26,120247488793560278,120247488474000278,7.08,6.37,86,14,82.32
2026-07-26,120247488827940278,120247488474000278,11.59,10.43,162,20,71.57
2026-07-26,120247488854820278,120247488474000278,4.67,4.2,77,10,60.65
2026-07-26,120247488930200278,120247488930090278,0.01,0.01,1,0,6.4
2026-07-26,120247488968980278,120247488930090278,18.81,16.93,170,31,110.63
2026-07-26,120247488989090278,120247488930090278,1.72,1.55,32,1,53.78
2026-07-26,120247489010590278,120247488930090278,2.26,2.04,20,4,113.23
2026-07-26,120247489016960278,120247488930090278,8.17,7.36,113,11,72.32
2026-07-26,120247489048840278,120247489048850278,0.03,0.03,6,0,5.33
2026-07-26,120247489055990278,120247489056040278,0.59,0.53,7,1,83.9
2026-07-26,120247489113490278,120247489056040278,8.51,7.66,92,13,92.45
2026-07-26,120247489137090278,120247489056040278,4.58,4.12,43,8,106.46
2026-07-26,120247489142030278,120247489048850278,0.05,0.04,2,0,24.05
2026-07-26,120247489148840278,120247489048850278,5.42,4.87,31,7,174.7
2026-07-26,120247489149860278,120247489056040278,6.04,5.44,40,12,150.97
2026-07-26,120247489152530278,120247489048850278,0.02,0.01,4,0,3.98
2026-07-26,120247489155770278,120247489048850278,7.6,6.84,78,13,97.49
2026-07-26,120247489160390278,120247489048850278,2.99,2.69,41,3,72.99
2026-07-26,120247489160520278,120247489056040278,18.24,16.42,215,31,84.83
2026-07-26,120247490631910278,120247490598050278,0,0,2,0,2.45
2026-07-26,120247490688600278,120247490644850278,0.01,0.01,1,0,7.9
2026-07-26,120247490699100278,120247490644850278,0.29,0.26,7,2,41.2
2026-07-26,120247506168140278,120247506168050278,6.88,6.19,69,11,99.72
2026-07-26,120247506197150278,120247506168050278,0.11,0.1,4,1,27.78
2026-07-26,120247506203840278,120247506168050278,0,0,1,0,3.9
2026-07-26,120247506216350278,120247506168050278,3.34,3.01,54,4,61.83
2026-07-26,120247506249690278,120247506168050278,3.4,3.06,50,3,67.97
2026-07-26,120247506424250278,120247506424170278,6.09,5.48,65,9,93.75
2026-07-26,120247506530130278,120247506424170278,3.37,3.03,50,2,67.42
2026-07-26,120247506542160278,120247506424170278,7.37,6.63,90,14,81.91
2026-07-26,120247506560570278,120247506424170278,10.55,9.5,87,13,121.29
2026-07-26,120247506567820278,120247506424170278,0.25,0.23,4,1,62.98
2026-07-26,120247511268740278,120247510472480278,0.14,0.13,3,1,46.97
2026-07-26,120247511421230278,120247511324690278,0.01,0.01,1,0,9.5
2026-07-26,120247511443330278,120247511324690278,0.72,0.65,7,2,103.19
2026-07-26,120247565170940278,120247565170970278,4.6,4.14,23,8,199.89
2026-07-26,120247565212910278,120247565170970278,2.64,2.38,6,1,440.18
2026-07-26,120247565218940278,120247565170970278,0.13,0.12,3,0,44.77
2026-07-26,120247565225410278,120247565170970278,0.01,0.01,4,0,3.17
2026-07-26,120247565265520278,120247565170970278,0.57,0.51,8,1,71.39
2026-07-26,120247565319140278,120247565319070278,4.59,4.13,35,9,131.08
2026-07-26,120247566326940278,120247565319070278,5.6,5.04,25,3,224.1
2026-07-26,120247566362420278,120247565319070278,0.48,0.44,11,0,44.04
2026-07-26,120247566388550278,120247565319070278,3.42,3.08,53,10,64.52
2026-07-26,120247566417460278,120247565319070278,3.51,3.16,20,3,175.69
2026-07-26,120247566440100278,120247565319070278,0.97,0.87,23,3,42
2026-07-26,120247566460400278,120247566460390278,12.48,11.23,113,23,110.47
2026-07-26,120247566488020278,120247566460390278,6.52,5.87,62,11,105.24
2026-07-26,120247566493330278,120247566460390278,6.29,5.66,65,13,96.7
2026-07-26,120247566496630278,120247566460390278,1.58,1.42,22,1,71.69
2026-07-26,120247566505120278,120247566460390278,5.35,4.82,56,11,95.6
2026-07-26,120247566509570278,120247566460390278,6.6,5.94,91,12,72.55
2026-07-26,120247566558640278,120247566544730278,6.87,6.18,86,13,79.9
2026-07-26,120247566567050278,120247566544730278,4.65,4.18,48,10,96.79
2026-07-26,120247566569190278,120247566544730278,2.03,1.83,37,5,54.96
2026-07-26,120247566636330278,120247566626060278,0.29,0.26,5,1,57.88
2026-07-26,120247566637750278,120247566626060278,0.37,0.33,11,1,33.68
2026-07-26,120247566640090278,120247566626060278,4.56,4.1,60,11,75.96
2026-07-26,120247566662340278,120247566662260278,0.01,0.01,2,0,4.8
2026-07-26,120247566698490278,120247566662260278,1.27,1.14,23,3,55.22
2026-07-26,120247566701950278,120247566662260278,0.06,0.06,5,0,12.44
2026-07-26,120247566705080278,120247566662260278,0.02,0.02,6,0,3.98
2026-07-26,120247566708300278,120247566662260278,0,0,2,0,1.3
2026-07-26,120253079044420281,120253079044410281,0.17,0.15,11,0,15.02
2026-07-26,120253079114620281,120253079044410281,0.28,0.25,2,1,139.6
2026-07-26,120253079117950281,120253079044410281,2.14,1.92,32,3,66.73
2026-07-26,120253079128080281,120253079044410281,0.01,0.01,5,0,2.44
2026-07-26,120253079132510281,120253079044410281,5.15,4.63,59,9,87.26
2026-07-26,120253082530860281,120253082530810281,0.71,0.64,12,1,59.52
2026-07-26,120253082684680281,120253082530810281,0.74,0.67,28,2,26.45
2026-07-26,120253082723400281,120253082530810281,11.17,10.05,190,25,58.78
2026-07-26,120253082732550281,120253082530810281,0.01,0.01,2,0,3.65
2026-07-26,120253082737930281,120253082530810281,4.85,4.36,78,11,62.16
2026-07-26,120253082741790281,120253082530810281,2.88,2.59,22,1,130.71
2026-07-26,120253082817280281,120253082817170281,11.26,10.13,111,17,101.45
2026-07-26,120253082840560281,120253082817170281,0.47,0.42,18,3,26.23
2026-07-26,120253082846410281,120253082817170281,0.98,0.88,8,2,122.01
2026-07-26,120253082849840281,120253082817170281,0.01,0,4,0,1.3
2026-07-26,120253082855810281,120253082817170281,0.72,0.64,2,0,357.95
2026-07-26,120253101284450281,120253101270850281,8.91,8.02,109,22,81.76
2026-07-26,120253101286320281,120253101270850281,1.83,1.65,28,5,65.52
2026-07-26,120253101288330281,120253101270850281,5.3,4.77,53,6,100
2026-07-26,120253101303050281,120253101302970281,9.04,8.14,117,17,77.29
2026-07-26,120253101316180281,120253101302970281,2,1.8,45,2,44.37
2026-07-26,120253101321190281,120253101302970281,11.15,10.04,131,17,85.15
2026-07-26,120253101322290281,120253101302970281,4.94,4.45,91,11,54.28
2026-07-26,120253101330930281,120253101330870281,0.65,0.58,22,2,29.51
2026-07-26,120253101343520281,120253101330870281,0.14,0.13,4,0,34.92
2026-07-26,120253101346700281,120253101330870281,18.04,16.24,176,34,102.52
2026-07-26,120253101348250281,120253101330870281,0.79,0.71,20,5,39.66
2026-07-26,120253101349160281,120253101330870281,0.02,0.02,4,0,4.42
2026-07-26,120253101349570281,120253101330870281,0.05,0.05,1,0,51.3
2026-07-26,120253136735850281,120253136735780281,1.17,1.05,3,1,389.63
2026-07-26,120253136853570281,120253136735780281,0.54,0.49,8,2,67.39
2026-07-26,120253136874720281,120253136735780281,0.6,0.54,5,0,119.86
2026-07-26,120253136880620281,120253136735780281,0.45,0.41,7,1,64.71
2026-07-26,120253136890790281,120253136735780281,0.32,0.28,4,2,79.13
2026-07-26,120253137096490281,120253137096420281,0.71,0.64,16,0,44.59
2026-07-26,120253137141160281,120253137096420281,1.26,1.14,12,2,105.13
2026-07-26,120253137147810281,120253137096420281,1.09,0.98,19,3,57.26
2026-07-26,120253137153070281,120253137096420281,0.01,0.01,4,0,3.55
2026-07-26,120253137172840281,120253137172780281,0.69,0.62,7,1,98.69
2026-07-26,120253137204850281,120253137172780281,17.09,15.38,234,26,73.03
2026-07-26,120253137209500281,120253137172780281,12.57,11.32,140,27,89.82
2026-07-26,120253137215430281,120253137172780281,2.53,2.27,20,4,126.32
2026-07-26,120253137221200281,120253137172780281,1.23,1.11,24,2,51.35
2026-07-26,120253137226520281,120253137172780281,0.03,0.03,3,0,11.27
2026-07-26,120253138463570281,120253138463510281,0.01,0.01,2,0,3.25
2026-07-26,120253138571220281,120253138463510281,0.8,0.72,20,0,40.1
2026-07-26,120253138575670281,120253138463510281,8.26,7.43,89,22,92.8
2026-07-26,120253138581950281,120253138463510281,1.96,1.77,17,5,115.38
2026-07-26,120253138584190281,120253138463510281,4.62,4.16,66,12,70.04
2026-07-26,120253138733630281,120253138672250281,11.23,10.11,98,18,114.64
2026-07-26,120253138745550281,120253138672250281,1.31,1.18,12,3,108.89
2026-07-26,120253138753460281,120253138672250281,0.03,0.03,2,0,16.95
2026-07-26,120253138878630281,120253138766230281,1.22,1.09,14,3,86.89
2026-07-26,120253138906100281,120253138766230281,3.3,2.97,34,2,97.12
2026-07-26,120253138919620281,120253138766230281,1.59,1.43,22,4,72.4
2026-07-26,120253138933900281,120253138766230281,14.86,13.37,231,30,64.33
2026-07-26,120253138944340281,120253138766230281,0.07,0.06,5,1,13.42
2026-07-26,120253141376140281,120253141376060281,0.61,0.55,9,4,67.66
2026-07-26,120253141499830281,120253141376060281,16.12,14.51,173,27,93.16
2026-07-26,120253141501720281,120253141376060281,6.52,5.87,93,16,70.12
2026-07-26,120253141509190281,120253141376060281,0,0,1,0,3.9
2026-07-26,120253141635530281,120253141635460281,0.41,0.37,10,1,41.05
2026-07-26,120253141724210281,120253141635460281,0,0,1,0,2.4
2026-07-26,120253141733960281,120253141635460281,0.46,0.42,5,1,92.58
2026-07-26,120253141747920281,120253141635460281,20.71,18.64,288,44,71.91
2026-07-26,120253141780200281,120253141635460281,11.36,10.22,156,31,72.79
2026-07-26,120253141807020281,120253141635460281,3.31,2.98,14,0,236.29
2026-07-26,120253141863660281,120253141863550281,0.55,0.5,2,1,275
2026-07-26,120253141934410281,120253141863550281,0.07,0.06,2,0,34.55
2026-07-26,120253141937270281,120253141863550281,0.05,0.04,4,0,12.45
2026-07-26,120253141941400281,120253141863550281,3.36,3.02,25,5,134.24
2026-07-26,120253141945370281,120253141863550281,13.81,12.43,146,29,94.59
2026-07-26,120253141950760281,120253141863550281,0.74,0.66,16,3,46.16
2026-07-26,120253141970000281,120253141969930281,1.04,0.93,15,1,69.18
2026-07-26,120253142005590281,120253141969930281,0.01,0.01,3,0,3.83
2026-07-26,120253142011070281,120253141969930281,0.29,0.26,12,1,24.14
2026-07-26,120253142016080281,120253141969930281,0.14,0.12,8,1,17.16
2026-07-26,120253142027880281,120253141969930281,0.33,0.3,23,1,14.4
2026-07-26,120253142036410281,120253141969930281,0.4,0.36,3,1,132.07
2026-07-26,120253142282790281,120253142123820281,0.11,0.1,3,1,37.87
2026-07-26,120253142290360281,120253142123820281,1.64,1.47,30,3,54.52
2026-07-26,120253142297110281,120253142123820281,3.45,3.11,44,6,78.48
2026-07-26,120253142301540281,120253142123820281,0.13,0.12,5,0,26.88
2026-07-26,120253142306480281,120253142123820281,5.67,5.1,67,14,84.62
2026-07-26,120253167383880281,120253167383820281,17.52,15.77,239,32,73.32
2026-07-26,120253167420410281,120253167383820281,0.01,0.01,3,0,2.1
2026-07-26,120253167424590281,120253167383820281,1.35,1.22,13,2,104.18
2026-07-26,120253167426990281,120253167383820281,1.04,0.94,25,3,41.8
2026-07-26,120253167433710281,120253167383820281,0,0,1,0,2.5
2026-07-26,120253167436950281,120253167383820281,0.74,0.67,14,0,53.09
2026-07-26,120253167453190281,120253167453110281,0.27,0.24,6,0,45.15
2026-07-26,120253167657030281,120253167453110281,1.7,1.53,23,3,73.95
2026-07-26,120253167666800281,120253167453110281,0.29,0.26,8,2,35.94
2026-07-26,120253167671240281,120253167453110281,1.32,1.19,13,2,101.42
2026-07-26,120253167676340281,120253167453110281,0.62,0.56,5,1,124.24
2026-07-26,120253167681590281,120253167453110281,1.92,1.73,46,5,41.75
2026-07-26,120253167944440281,120253167773160281,0.9,0.81,7,2,128.09
2026-07-26,120253167947120281,120253167773160281,8.49,7.64,89,16,95.35
2026-07-26,120253167949790281,120253167773160281,9.24,8.31,121,26,76.33
2026-07-26,120253167954350281,120253167773160281,6.47,5.82,89,12,72.72
2026-07-26,120253167956510281,120253167773160281,4.17,3.75,57,7,73.18
2026-07-26,120253168223720281,120253168223660281,1.3,1.17,27,3,48.02
2026-07-26,120253168272260281,120253168223660281,1.26,1.14,18,5,70.28
2026-07-26,120253168276010281,120253168223660281,5.34,4.81,51,9,104.69
2026-07-26,120253168279700281,120253168223660281,5.6,5.04,76,15,73.68
2026-07-26,120253168282030281,120253168223660281,0.01,0.01,3,0,2.9
2026-07-26,120253168393840281,120253168354220281,1.71,1.54,12,2,142.28
2026-07-26,120253168397070281,120253168354220281,0.07,0.06,5,0,14.06
2026-07-26,120253168399990281,120253168354220281,16.57,14.91,179,28,92.55
2026-07-26,120253168402020281,120253168354220281,0.01,0.01,1,0,8
2026-07-26,120253168407870281,120253168354220281,0.78,0.7,5,1,156.38
2026-07-26,120253168447900281,120253168447820281,2.45,2.2,30,13,81.64
2026-07-26,120253168472750281,120253168447820281,0.05,0.04,2,0,24.85
2026-07-26,120253168474870281,120253168447820281,1.29,1.16,13,3,99.25
2026-07-26,120253168478000281,120253168447820281,7.63,6.87,88,21,86.72
2026-07-26,120253224542190281,120253224542110281,5.25,4.73,69,14,76.11
2026-07-26,120253224685120281,120253224542110281,1,0.9,13,3,76.57
2026-07-26,120253224700400281,120253224542110281,0,0,1,0,1.7
2026-07-26,120253224769150281,120253224769080281,0.47,0.42,4,1,117.55
2026-07-26,120253224960730281,120253224769080281,45.12,40.61,566,87,79.72
2026-07-26,120253224978560281,120253224769080281,3.14,2.83,21,6,149.6
2026-07-26,120253224985020281,120253224769080281,2.03,1.83,22,5,92.34
2026-07-26,120253224989840281,120253224769080281,0.09,0.08,1,0,87.4
2026-07-26,120253225009820281,120253225009810281,6.62,5.96,83,10,79.81
2026-07-26,120253225026480281,120253225009810281,18.64,16.78,182,26,102.41
2026-07-26,120253225029450281,120253225009810281,8.66,7.79,116,20,74.64
2026-07-26,120253225032160281,120253225009810281,0.02,0.01,2,0,8.05
2026-07-26,120253225035240281,120253225009810281,1,0.9,13,4,76.72
2026-07-26,120253225038370281,120253225009810281,10.95,9.85,157,29,69.74
2026-07-26,120253225073690281,120253225073650281,2.81,2.53,27,4,104.22
2026-07-26,120253225087760281,120253225073650281,8.1,7.29,71,11,114.02
2026-07-26,120253225101570281,120253225073650281,0,0,1,0,3.3
2026-07-26,120253225111400281,120253225073650281,6.84,6.15,104,14,65.73
2026-07-26,120253225135180281,120253225073650281,13.6,12.24,112,16,121.43
2026-07-26,120253225329900281,120253225329830281,0.12,0.11,4,0,29.88
2026-07-26,120253225450210281,120253225329830281,0.02,0.02,3,0,8.3
2026-07-26,120253225501180281,120253225329830281,16.27,14.64,200,25,81.34
2026-07-26,120253225541760281,120253225329830281,0.13,0.11,20,0,6.32
2026-07-26,120253225586410281,120253225329830281,6.11,5.5,92,13,66.42
2026-07-26,120253225638960281,120253225329830281,6.72,6.05,69,10,97.37
2026-07-26,120253225795580281,120253225795550281,24.59,22.13,340,61,72.32
2026-07-26,120253225872080281,120253225795550281,15.43,13.89,194,32,79.56
2026-07-26,120253225880820281,120253225795550281,14,12.6,200,27,69.98
2026-07-26,120253225889030281,120253225795550281,0.87,0.78,10,1,86.85
2026-07-26,120253225931950281,120253225795550281,21.36,19.22,221,41,96.63
2026-07-26,120253226001460281,120253225795550281,12.59,11.33,143,24,88.07
2026-07-27,120247357080980278,120247357080990278,6.19,5.57,75,11,82.52
2026-07-27,120247357081010278,120247357080990278,13.68,12.31,152,31,89.99
2026-07-27,120247357081030278,120247357080990278,13.19,11.87,136,26,96.99
2026-07-27,120247357081040278,120247357080990278,10.01,9.01,123,23,81.37
2026-07-27,120247357081050278,120247357080990278,10.07,9.06,96,17,104.86
2026-07-27,120247357457050278,120247357456980278,16.4,14.76,169,39,97.04
2026-07-27,120247357457070278,120247357456980278,13.14,11.82,187,37,70.25
2026-07-27,120247357457080278,120247357456980278,15.92,14.33,144,29,110.59
2026-07-27,120247357457090278,120247357456980278,22.6,20.34,232,29,97.4
2026-07-27,120247357457100278,120247357456980278,7.16,6.44,88,16,81.33
2026-07-27,120247358420040278,120247358419970278,19.23,17.31,215,42,89.44
2026-07-27,120247358420060278,120247358419970278,17.4,15.66,156,44,111.51
2026-07-27,120247358420070278,120247358419970278,9.15,8.23,98,15,93.33
2026-07-27,120247358420080278,120247358419970278,8.44,7.59,113,21,74.67
2026-07-27,120247358420090278,120247358419970278,2.84,2.56,39,6,72.83
2026-07-27,120247358791350278,120247358791270278,7.9,7.11,86,18,91.81
2026-07-27,120247358791360278,120247358791270278,5.12,4.61,37,6,138.34
2026-07-27,120247359464720278,120247359464690278,4.48,4.03,42,9,106.59
2026-07-27,120247360141410278,120247360141370278,17.4,15.66,278,44,62.58
2026-07-27,120247360141470278,120247360141370278,11.12,10.01,127,26,87.55
2026-07-27,120247360141480278,120247360141370278,12.78,11.5,200,31,63.88
2026-07-27,120247360141490278,120247360141370278,15.09,13.58,153,28,98.6
2026-07-27,120247360356770278,120247360356710278,9.3,8.37,106,19,87.78
2026-07-27,120247360356790278,120247360356710278,8.16,7.34,113,20,72.19
2026-07-27,120247360356820278,120247360356710278,13.51,12.16,99,18,136.5
2026-07-27,120247360356830278,120247360356710278,10.63,9.57,155,25,68.57
2026-07-27,120247360531040278,120247360531070278,1.63,1.47,31,4,52.58
2026-07-27,120247360531120278,120247360531070278,13.37,12.03,137,19,97.56
2026-07-27,120247360531130278,120247360531070278,11.7,10.53,88,13,132.93
2026-07-27,120247360531140278,120247360531070278,24.18,21.77,313,39,77.27
2026-07-27,120247382323040278,120247382322970278,19.9,17.91,254,52,78.37
2026-07-27,120247382323050278,120247382322970278,17.18,15.46,223,42,77.04
2026-07-27,120247382323060278,120247382322970278,11.2,10.08,158,24,70.9
2026-07-27,120247382323070278,120247382322970278,6.29,5.66,82,9,76.66
2026-07-27,120247382323080278,120247382322970278,14.75,13.27,157,21,93.93
2026-07-27,120247382323090278,120247382322970278,16.47,14.82,209,35,78.8
2026-07-27,120247488168300278,120247488168210278,6.57,5.91,95,15,69.18
2026-07-27,120247488215910278,120247488168210278,10.89,9.81,147,22,74.11
2026-07-27,120247488220950278,120247488168210278,10.51,9.46,107,9,98.19
2026-07-27,120247488225850278,120247488168210278,19.76,17.79,182,29,108.58
2026-07-27,120247488230320278,120247488168210278,14.77,13.29,145,26,101.83
2026-07-27,120247488259350278,120247488259330278,17.58,15.82,216,27,81.4
2026-07-27,120247488419540278,120247488259330278,8.22,7.4,101,24,81.43
2026-07-27,120247488474100278,120247488474000278,21.38,19.24,201,29,106.37
2026-07-27,120247488660110278,120247488474000278,11.68,10.51,99,16,117.94
2026-07-27,120247488793560278,120247488474000278,5.12,4.61,105,11,48.76
2026-07-27,120247488827940278,120247488474000278,36.78,33.1,281,53,130.89
2026-07-27,120247488854820278,120247488474000278,8.76,7.89,123,23,71.24
2026-07-27,120247488968980278,120247488930090278,7.62,6.86,103,18,74
2026-07-27,120247488989090278,120247488930090278,1.68,1.51,30,8,55.86
2026-07-27,120247489016960278,120247488930090278,12.86,11.58,130,10,98.95
2026-07-27,120247489113490278,120247489056040278,17.16,15.45,161,49,106.61
2026-07-27,120247489137090278,120247489056040278,2.73,2.45,33,3,82.62
2026-07-27,120247489149860278,120247489056040278,8.23,7.41,52,10,158.26
2026-07-27,120247489155770278,120247489048850278,13.14,11.83,129,30,101.85
2026-07-27,120247489160520278,120247489056040278,50.17,45.16,557,94,90.08
2026-07-27,120247506168140278,120247506168050278,10.79,9.71,92,6,117.25
2026-07-27,120247506216350278,120247506168050278,16.76,15.08,126,27,133
2026-07-27,120247506249690278,120247506168050278,8.87,7.98,86,21,103.14
2026-07-27,120247506424250278,120247506424170278,24.85,22.36,189,21,131.48
2026-07-27,120247506530130278,120247506424170278,3.02,2.72,43,7,70.34
2026-07-27,120247506542160278,120247506424170278,10.98,9.89,135,12,81.36
2026-07-27,120247506560570278,120247506424170278,6.96,6.26,71,10,97.98
2026-07-27,120247565319140278,120247565319070278,6.7,6.03,80,15,83.75
2026-07-27,120247566326940278,120247565319070278,5.15,4.63,95,9,54.19
2026-07-27,120247566362420278,120247565319070278,10.19,9.17,117,37,87.06
2026-07-27,120247566388550278,120247565319070278,5.86,5.28,86,12,68.16
2026-07-27,120247566417460278,120247565319070278,4.48,4.03,55,4,81.5
2026-07-27,120247566440100278,120247565319070278,7.14,6.42,105,7,67.98
2026-07-27,120247566460400278,120247566460390278,7.2,6.48,87,9,82.73
2026-07-27,120247566488020278,120247566460390278,11.33,10.2,91,17,124.52
2026-07-27,120247566493330278,120247566460390278,2.42,2.18,13,2,186.39
2026-07-27,120247566496630278,120247566460390278,8.95,8.06,156,24,57.4
2026-07-27,120247566505120278,120247566460390278,7.79,7.01,104,23,74.93
2026-07-27,120247566509570278,120247566460390278,12.61,11.35,100,20,126.1
2026-07-27,120247566558640278,120247566544730278,6,5.4,95,15,63.14
2026-07-27,120247566567050278,120247566544730278,7.1,6.39,61,19,116.47
2026-07-27,120247566569190278,120247566544730278,4.14,3.73,52,7,79.63
2026-07-27,120247566640090278,120247566626060278,2.79,2.51,24,6,116.08
2026-07-27,120247566698490278,120247566662260278,3.24,2.92,43,4,75.43
2026-07-27,120253079132510281,120253079044410281,3.93,3.53,29,7,135.39
2026-07-27,120253082723400281,120253082530810281,9.81,8.83,128,19,76.67
2026-07-27,120253082737930281,120253082530810281,4.83,4.34,74,8,65.22
2026-07-27,120253082817280281,120253082817170281,8.18,7.36,72,13,113.61
2026-07-27,120253101284450281,120253101270850281,8.05,7.24,119,21,67.63
2026-07-27,120253101288330281,120253101270850281,9.11,8.2,111,15,82.09
2026-07-27,120253101303050281,120253101302970281,9.4,8.46,114,15,82.45
2026-07-27,120253101321190281,120253101302970281,7.89,7.1,99,11,79.74
2026-07-27,120253101322290281,120253101302970281,4.81,4.33,93,19,51.7
2026-07-27,120253101346700281,120253101330870281,7.63,6.86,107,14,71.28
2026-07-27,120253137204850281,120253137172780281,16.36,14.73,213,17,76.82
2026-07-27,120253137209500281,120253137172780281,1.2,1.08,29,4,41.53
2026-07-27,120253137215430281,120253137172780281,7.42,6.68,71,11,104.48
2026-07-27,120253138575670281,120253138463510281,2.95,2.66,48,10,61.55
2026-07-27,120253138584190281,120253138463510281,3.36,3.02,47,10,71.5
2026-07-27,120253138733630281,120253138672250281,9.65,8.69,98,22,98.51
2026-07-27,120253138933900281,120253138766230281,23.34,21,338,45,69.05
2026-07-27,120253141499830281,120253141376060281,15.83,14.24,181,29,87.44
2026-07-27,120253141501720281,120253141376060281,4.1,3.69,52,11,78.8
2026-07-27,120253141747920281,120253141635460281,48.12,43.31,464,85,103.72
2026-07-27,120253141780200281,120253141635460281,11.36,10.22,180,29,63.11
2026-07-27,120253141945370281,120253141863550281,13.05,11.74,192,31,67.95
2026-07-27,120253142297110281,120253142123820281,8.57,7.71,109,16,78.62
2026-07-27,120253142306480281,120253142123820281,5.23,4.71,64,7,81.77
2026-07-27,120253167383880281,120253167383820281,35.49,31.94,407,64,87.2
2026-07-27,120253167681590281,120253167453110281,0.57,0.51,15,2,37.75
2026-07-27,120253167947120281,120253167773160281,6.57,5.91,90,13,73
2026-07-27,120253167949790281,120253167773160281,6.26,5.64,51,6,122.78
2026-07-27,120253167954350281,120253167773160281,10.49,9.44,152,13,69.02
2026-07-27,120253167956510281,120253167773160281,10.81,9.73,90,12,120.06
2026-07-27,120253168276010281,120253168223660281,6.43,5.79,55,8,116.98
2026-07-27,120253168279700281,120253168223660281,9.92,8.93,82,19,120.95
2026-07-27,120253168399990281,120253168354220281,10.33,9.29,153,18,67.5
2026-07-27,120253168478000281,120253168447820281,10.02,9.01,101,23,99.17
2026-07-27,120253224542190281,120253224542110281,3.81,3.43,59,8,64.56
2026-07-27,120253224960730281,120253224769080281,59.16,53.25,715,110,82.75
2026-07-27,120253225009820281,120253225009810281,4.82,4.34,82,11,58.74
2026-07-27,120253225026480281,120253225009810281,20.56,18.51,248,43,82.92
2026-07-27,120253225029450281,120253225009810281,14.52,13.07,167,31,86.94
2026-07-27,120253225038370281,120253225009810281,6.52,5.87,135,17,48.31
2026-07-27,120253225073690281,120253225073650281,6.14,5.53,76,13,80.82
2026-07-27,120253225087760281,120253225073650281,10.4,9.36,101,18,103
2026-07-27,120253225111400281,120253225073650281,21.16,19.04,262,44,80.75
2026-07-27,120253225135180281,120253225073650281,9.82,8.83,113,27,86.87
2026-07-27,120253225501180281,120253225329830281,18.89,17,140,26,134.96
2026-07-27,120253225586410281,120253225329830281,13.52,12.17,96,18,140.82
2026-07-27,120253225638960281,120253225329830281,8.23,7.4,113,12,72.81
2026-07-27,120253225795580281,120253225795550281,36.45,32.8,523,60,69.69
2026-07-27,120253225872080281,120253225795550281,19.73,17.76,215,38,91.77
2026-07-27,120253225880820281,120253225795550281,16.9,15.21,232,34,72.86
2026-07-27,120253225931950281,120253225795550281,24.08,21.67,267,40,90.19
2026-07-27,120253226001460281,120253225795550281,10.94,9.84,159,18,68.78
2026-07-28,120247357080980278,120247357080990278,18.54,16.68,123,24,150.71
2026-07-28,120247357081010278,120247357080990278,12.85,11.56,163,19,78.83
2026-07-28,120247357081030278,120247357080990278,7.83,7.05,132,16,59.32
2026-07-28,120247357081040278,120247357080990278,12.03,10.83,148,37,81.29
2026-07-28,120247357081050278,120247357080990278,9.61,8.65,106,24,90.67
2026-07-28,120247357457050278,120247357456980278,15.66,14.09,139,24,112.66
2026-07-28,120247357457070278,120247357456980278,12.51,11.26,176,25,71.06
2026-07-28,120247357457080278,120247357456980278,10.28,9.25,117,11,87.86
2026-07-28,120247357457090278,120247357456980278,16.24,14.62,185,19,87.81
2026-07-28,120247357457100278,120247357456980278,4.99,4.49,60,12,83.09
2026-07-28,120247358420040278,120247358419970278,14.43,12.99,129,24,111.86
2026-07-28,120247358420060278,120247358419970278,3.01,2.71,38,10,79.15
2026-07-28,120247358420070278,120247358419970278,10.58,9.52,110,18,96.16
2026-07-28,120247358420080278,120247358419970278,5.12,4.61,72,5,71.15
2026-07-28,120247358420090278,120247358419970278,1.84,1.66,16,2,115.13
2026-07-28,120247358791350278,120247358791270278,7.47,6.72,70,8,106.67
2026-07-28,120247358791360278,120247358791270278,12.89,11.6,120,18,107.44
2026-07-28,120247359464720278,120247359464690278,6.96,6.26,78,19,89.23
2026-07-28,120247360141410278,120247360141370278,19.95,17.95,226,43,88.27
2026-07-28,120247360141470278,120247360141370278,2.89,2.6,57,8,50.75
2026-07-28,120247360141480278,120247360141370278,10.28,9.26,122,17,84.3
2026-07-28,120247360141490278,120247360141370278,12.41,11.17,152,20,81.68
2026-07-28,120247360356770278,120247360356710278,11.43,10.29,148,27,77.23
2026-07-28,120247360356790278,120247360356710278,7.16,6.44,73,14,98.08
2026-07-28,120247360356820278,120247360356710278,4.12,3.71,44,8,93.56
2026-07-28,120247360356830278,120247360356710278,5.96,5.36,114,18,52.28
2026-07-28,120247360531040278,120247360531070278,0.01,0,2,0,2.55
2026-07-28,120247360531120278,120247360531070278,5.99,5.39,77,10,77.84
2026-07-28,120247360531130278,120247360531070278,12.48,11.23,126,25,99.02
2026-07-28,120247360531140278,120247360531070278,18.8,16.92,243,28,77.35
2026-07-28,120247382323040278,120247382322970278,12.96,11.66,137,26,94.59
2026-07-28,120247382323050278,120247382322970278,8.92,8.03,125,26,71.36
2026-07-28,120247382323060278,120247382322970278,9.98,8.99,120,22,83.2
2026-07-28,120247382323070278,120247382322970278,8.28,7.45,117,16,70.76
2026-07-28,120247382323080278,120247382322970278,30.01,27.01,257,61,116.76
2026-07-28,120247382323090278,120247382322970278,14.2,12.78,155,24,91.59
2026-07-28,120247488168300278,120247488168210278,8.18,7.36,116,22,70.51
2026-07-28,120247488215910278,120247488168210278,13.03,11.72,145,31,89.84
2026-07-28,120247488220950278,120247488168210278,9.69,8.72,91,15,106.49
2026-07-28,120247488225850278,120247488168210278,9.78,8.8,133,31,73.5
2026-07-28,120247488230320278,120247488168210278,10.92,9.83,169,15,64.64
2026-07-28,120247488259350278,120247488259330278,13.08,11.78,158,27,82.81
2026-07-28,120247488419540278,120247488259330278,6.69,6.02,78,10,85.71
2026-07-28,120247488474100278,120247488474000278,16.07,14.47,161,31,99.83
2026-07-28,120247488660110278,120247488474000278,9.83,8.84,112,23,87.72
2026-07-28,120247488793560278,120247488474000278,12.24,11.02,116,27,105.53
2026-07-28,120247488827940278,120247488474000278,12.05,10.84,159,26,75.76
2026-07-28,120247488854820278,120247488474000278,10.78,9.7,173,25,62.3
2026-07-28,120247488968980278,120247488930090278,8.81,7.92,105,23,83.86
2026-07-28,120247488989090278,120247488930090278,0.35,0.31,8,2,43.59
2026-07-28,120247489016960278,120247488930090278,8.57,7.71,81,12,105.82
2026-07-28,120247489113490278,120247489056040278,3.67,3.3,55,7,66.69
2026-07-28,120247489137090278,120247489056040278,0.03,0.03,5,0,6.48
2026-07-28,120247489149860278,120247489056040278,2.06,1.85,27,5,76.33
2026-07-28,120247489155770278,120247489048850278,9.25,8.32,107,20,86.44
2026-07-28,120247489160520278,120247489056040278,18.97,17.07,281,40,67.52
2026-07-28,120247506168140278,120247506168050278,4.47,4.02,71,10,62.89
2026-07-28,120247506216350278,120247506168050278,14.99,13.49,102,24,146.99
2026-07-28,120247506249690278,120247506168050278,3.75,3.38,54,8,69.47
2026-07-28,120247506424250278,120247506424170278,9.86,8.87,120,10,82.14
2026-07-28,120247506530130278,120247506424170278,4.63,4.16,64,10,72.28
2026-07-28,120247506542160278,120247506424170278,5.5,4.95,64,3,86.01
2026-07-28,120247506560570278,120247506424170278,5.23,4.71,82,12,63.77
2026-07-28,120247565319140278,120247565319070278,0.99,0.89,19,4,52.12
2026-07-28,120247566326940278,120247565319070278,7.64,6.88,46,7,166.18
2026-07-28,120247566362420278,120247565319070278,4.73,4.26,61,4,77.52
2026-07-28,120247566388550278,120247565319070278,0,0,1,0,3.9
2026-07-28,120247566417460278,120247565319070278,0.26,0.23,9,1,28.99
2026-07-28,120247566440100278,120247565319070278,2.44,2.2,49,3,49.8
2026-07-28,120247566460400278,120247566460390278,2.42,2.18,25,5,96.87
2026-07-28,120247566488020278,120247566460390278,2.69,2.43,43,3,62.67
2026-07-28,120247566493330278,120247566460390278,0.26,0.23,7,1,36.89
2026-07-28,120247566496630278,120247566460390278,7.92,7.13,66,11,119.98
2026-07-28,120247566505120278,120247566460390278,6.82,6.13,88,20,77.45
2026-07-28,120247566509570278,120247566460390278,5.09,4.58,77,17,66.11
2026-07-28,120247566558640278,120247566544730278,9.42,8.48,137,21,68.77
2026-07-28,120247566567050278,120247566544730278,9.87,8.88,98,30,100.68
2026-07-28,120247566569190278,120247566544730278,4.86,4.37,51,8,95.31
2026-07-28,120247566640090278,120247566626060278,2.48,2.23,12,1,206.76
2026-07-28,120247566698490278,120247566662260278,0.01,0.01,3,0,2.73
2026-07-28,120247639366370278,120247639310830278,0.01,0.01,1,0,7.3
2026-07-28,120247639374090278,120247639310830278,0,0,2,1,1.95
2026-07-28,120247788946870330,120247788946770330,2.9,2.61,44,11,65.88
2026-07-28,120247788986680330,120247788946770330,4.24,3.81,55,17,77.02
2026-07-28,120247788998700330,120247788946770330,5.86,5.28,82,23,71.48
2026-07-28,120247789002270330,120247788946770330,3.88,3.5,44,16,88.28
2026-07-28,120247789007260330,120247788946770330,3.97,3.58,59,11,67.35
2026-07-28,120247789017660330,120247788946770330,5.31,4.78,99,27,53.64
2026-07-28,120247789077830330,120247789077760330,2.14,1.92,42,9,50.92
2026-07-28,120247789270830330,120247789077760330,3.4,3.06,38,9,89.48
2026-07-28,120247789337620330,120247789077760330,4.89,4.4,63,17,77.65
2026-07-28,120247789376620330,120247789077760330,1.53,1.38,22,7,69.55
2026-07-28,120247789415480330,120247789077760330,6.17,5.56,83,19,74.38
2026-07-28,120247789430170330,120247789077760330,3.19,2.87,56,18,57.03
2026-07-28,120247789489630330,120247789489540330,5.73,5.16,85,21,67.42
2026-07-28,120247789696910330,120247789489540330,1.85,1.67,31,4,59.76
2026-07-28,120247789742310330,120247789489540330,0.86,0.77,32,1,26.81
2026-07-28,120247789776200330,120247789489540330,2.54,2.29,29,11,87.65
2026-07-28,120247789784130330,120247789489540330,2.17,1.95,25,6,86.63
2026-07-28,120247789789060330,120247789489540330,1.56,1.4,17,3,91.7
2026-07-28,120247789829370330,120247789829290330,4.24,3.82,47,15,90.26
2026-07-28,120247789884900330,120247789829290330,1.21,1.09,19,3,63.9
2026-07-28,120247789895820330,120247789829290330,4.9,4.41,79,27,61.98
2026-07-28,120247789907960330,120247789829290330,8.5,7.65,59,11,143.99
2026-07-28,120247789927420330,120247789829290330,9.58,8.63,92,38,104.18
2026-07-28,120247789961130330,120247789829290330,0.96,0.86,28,8,34.22
2026-07-28,120247790072460330,120247790072450330,1.99,1.79,45,7,44.21
2026-07-28,120247790205370330,120247790072450330,1.58,1.42,32,9,49.42
2026-07-28,120247790236810330,120247790072450330,9.18,8.26,109,30,84.19
2026-07-28,120247790277720330,120247790072450330,5.16,4.65,48,16,107.54
2026-07-28,120247790308570330,120247790072450330,4.38,3.94,50,12,87.52
2026-07-28,120247790337370330,120247790072450330,5.72,5.15,103,31,55.58
2026-07-28,120253079132510281,120253079044410281,3.79,3.41,44,8,86.15
2026-07-28,120253082723400281,120253082530810281,11.77,10.59,134,19,87.85
2026-07-28,120253082737930281,120253082530810281,5.52,4.97,85,16,64.91
2026-07-28,120253082817280281,120253082817170281,5.99,5.39,83,12,72.16
2026-07-28,120253101284450281,120253101270850281,7.53,6.77,108,14,69.7
2026-07-28,120253101288330281,120253101270850281,8.97,8.07,107,13,83.81
2026-07-28,120253101303050281,120253101302970281,9.32,8.39,93,13,100.25
2026-07-28,120253101321190281,120253101302970281,5.02,4.52,48,10,104.64
2026-07-28,120253101322290281,120253101302970281,8.94,8.05,83,25,107.72
2026-07-28,120253101346700281,120253101330870281,10.67,9.61,147,22,72.6
2026-07-28,120253137204850281,120253137172780281,15.81,14.22,216,26,73.17
2026-07-28,120253137209500281,120253137172780281,0.1,0.09,7,1,14.84
2026-07-28,120253137215430281,120253137172780281,5.69,5.12,58,14,98.11
2026-07-28,120253138575670281,120253138463510281,9.56,8.61,100,23,95.63
2026-07-28,120253138584190281,120253138463510281,0.58,0.52,11,0,52.89
2026-07-28,120253138733630281,120253138672250281,6.74,6.07,74,15,91.09
2026-07-28,120253138933900281,120253138766230281,9.06,8.15,166,16,54.56
2026-07-28,120253141499830281,120253141376060281,10.99,9.89,182,26,60.4
2026-07-28,120253141501720281,120253141376060281,6.1,5.49,77,7,79.22
2026-07-28,120253141747920281,120253141635460281,37.43,33.69,339,60,110.42
2026-07-28,120253141780200281,120253141635460281,13.76,12.39,170,26,80.96
2026-07-28,120253141945370281,120253141863550281,12.36,11.12,123,21,100.49
2026-07-28,120253142297110281,120253142123820281,12.45,11.2,152,28,81.88
2026-07-28,120253142306480281,120253142123820281,2.72,2.45,30,7,90.72
2026-07-28,120253167383880281,120253167383820281,22.07,19.86,303,44,72.83
2026-07-28,120253167947120281,120253167773160281,17.7,15.93,141,27,125.56
2026-07-28,120253167949790281,120253167773160281,0.48,0.43,6,1,79.67
2026-07-28,120253167954350281,120253167773160281,10.46,9.41,154,28,67.91
2026-07-28,120253167956510281,120253167773160281,5.42,4.88,62,4,87.4
2026-07-28,120253168276010281,120253168223660281,8.94,8.05,137,20,65.28
2026-07-28,120253168279700281,120253168223660281,4.38,3.94,77,11,56.85
2026-07-28,120253168399990281,120253168354220281,4.16,3.74,79,4,52.67
2026-07-28,120253168478000281,120253168447820281,3.27,2.95,54,9,60.65
2026-07-28,120253224542190281,120253224542110281,2.9,2.61,54,6,53.65
2026-07-28,120253224960730281,120253224769080281,60,54,804,125,74.62
2026-07-28,120253225009820281,120253225009810281,7.61,6.85,107,16,71.09
2026-07-28,120253225026480281,120253225009810281,23.71,21.34,331,60,71.64
2026-07-28,120253225029450281,120253225009810281,15.07,13.57,143,28,105.41
2026-07-28,120253225038370281,120253225009810281,12.9,11.61,166,19,77.72
2026-07-28,120253225073690281,120253225073650281,2.02,1.82,27,3,74.77
2026-07-28,120253225087760281,120253225073650281,4.19,3.77,60,12,69.87
2026-07-28,120253225111400281,120253225073650281,7.21,6.49,76,8,94.91
2026-07-28,120253225135180281,120253225073650281,4.66,4.19,84,15,55.46
2026-07-28,120253225501180281,120253225329830281,8.98,8.09,121,18,74.25
2026-07-28,120253225586410281,120253225329830281,4.89,4.4,75,14,65.23
2026-07-28,120253225638960281,120253225329830281,6.15,5.54,82,12,75.01
2026-07-28,120253225795580281,120253225795550281,42.94,38.65,675,113,63.62
2026-07-28,120253225872080281,120253225795550281,14.25,12.82,165,25,86.35
2026-07-28,120253225880820281,120253225795550281,14.43,12.99,206,28,70.06
2026-07-28,120253225931950281,120253225795550281,11.94,10.75,172,21,69.41
2026-07-28,120253226001460281,120253225795550281,8.21,7.39,117,13,70.13
2026-07-28,120253302500270281,120253302500230281,0.7,0.63,12,1,58.25
2026-07-28,120253302500280281,120253302500230281,2.56,2.3,29,6,88.3
2026-07-28,120253302500320281,120253302500230281,3.7,3.33,36,8,102.69
2026-07-28,120253302500340281,120253302500230281,0.43,0.39,10,1,42.96
2026-07-28,120253302500350281,120253302500230281,2.87,2.58,33,7,86.85
2026-07-28,120253302500360281,120253302500230281,6.37,5.73,38,10,167.64
2026-07-28,120253303569730281,120253303569690281,1.5,1.35,18,3,83.19
2026-07-28,120253303638220281,120253303569690281,1.27,1.14,34,3,37.27
2026-07-28,120253303642850281,120253303569690281,4.99,4.49,56,10,89.09
2026-07-28,120253303657180281,120253303569690281,8.02,7.22,40,7,200.59
2026-07-28,120253303673670281,120253303569690281,10.25,9.23,93,20,110.26
2026-07-28,120253303687920281,120253303569690281,2.15,1.94,31,3,69.45
2026-07-28,120253303763750281,120253167453110281,3.73,3.36,60,11,62.2
2026-07-28,120253303916230281,120253167453110281,4.24,3.82,32,9,132.59
2026-07-28,120253303936160281,120253167453110281,3.62,3.26,59,15,61.32
2026-07-28,120253303941140281,120253167453110281,0.33,0.3,3,0,109.7
2026-07-28,120253303948480281,120253167453110281,0.22,0.2,14,0,16.04
2026-07-28,120253303964040281,120253167453110281,0.76,0.68,9,4,84.54
2026-07-28,120253304045990281,120253304045940281,1.94,1.74,35,4,55.31
2026-07-28,120253304105950281,120253304045940281,1.33,1.2,7,3,189.87
2026-07-28,120253304168340281,120253304045940281,6.18,5.56,70,14,88.27
2026-07-28,120253304195760281,120253304045940281,5.2,4.68,37,11,140.53
2026-07-28,120253304211740281,120253304045940281,7.94,7.14,65,17,122.12
2026-07-28,120253304219800281,120253304045940281,3.53,3.18,48,11,73.58
2026-07-28,120253304289250281,120253304289200281,1.84,1.66,40,6,46.09
2026-07-28,120253304462120281,120253304289200281,1.42,1.28,13,5,109.16
2026-07-28,120253304511230281,120253304289200281,2.64,2.37,52,4,50.69
2026-07-28,120253304699650281,120253304289200281,0.61,0.55,22,1,27.66
2026-07-28,120253304752230281,120253304289200281,3.59,3.23,56,6,64.17
2026-07-28,120253304775170281,120253304289200281,2.53,2.28,17,2,148.98
2026-07-29,120247357080980278,120247357080990278,15.53,13.98,149,33,104.22
2026-07-29,120247357081010278,120247357080990278,10.85,9.77,152,22,71.4
2026-07-29,120247357081030278,120247357080990278,12.45,11.2,148,35,84.11
2026-07-29,120247357081040278,120247357080990278,11.01,9.91,127,22,86.72
2026-07-29,120247357081050278,120247357080990278,12.66,11.39,145,32,87.31
2026-07-29,120247357457050278,120247357456980278,8.38,7.54,138,22,60.71
2026-07-29,120247357457070278,120247357456980278,7.8,7.02,143,21,54.57
2026-07-29,120247357457080278,120247357456980278,10.64,9.58,155,24,68.64
2026-07-29,120247357457090278,120247357456980278,22.34,20.11,276,45,80.94
2026-07-29,120247357457100278,120247357456980278,16.91,15.22,134,37,126.17
2026-07-29,120247358420040278,120247358419970278,5.89,5.3,102,18,57.74
2026-07-29,120247358420060278,120247358419970278,4.67,4.2,64,15,72.96
2026-07-29,120247358420070278,120247358419970278,10.76,9.69,138,22,78
2026-07-29,120247358420080278,120247358419970278,11.78,10.61,141,33,83.57
2026-07-29,120247358791350278,120247358791270278,1.37,1.23,34,5,40.21
2026-07-29,120247358791360278,120247358791270278,2.22,2,34,5,65.39
2026-07-29,120247359464720278,120247359464690278,15.27,13.74,158,23,96.65
2026-07-29,120247360141410278,120247360141370278,11.96,10.77,201,26,59.52
2026-07-29,120247360141470278,120247360141370278,12.38,11.14,173,29,71.58
2026-07-29,120247360141480278,120247360141370278,11.54,10.39,138,27,83.63
2026-07-29,120247360141490278,120247360141370278,7.89,7.1,89,17,88.65
2026-07-29,120247360356770278,120247360356710278,13.28,11.95,149,32,89.11
2026-07-29,120247360356790278,120247360356710278,5.08,4.58,64,6,79.44
2026-07-29,120247360356820278,120247360356710278,4.07,3.66,53,3,76.77
2026-07-29,120247360356830278,120247360356710278,6.62,5.96,112,9,59.13
2026-07-29,120247360531120278,120247360531070278,11.21,10.09,133,29,84.28
2026-07-29,120247360531130278,120247360531070278,16.87,15.18,156,37,108.12
2026-07-29,120247360531140278,120247360531070278,13.09,11.78,276,20,47.42
2026-07-29,120247382323040278,120247382322970278,12.12,10.91,171,23,70.88
2026-07-29,120247382323050278,120247382322970278,11.09,9.98,125,28,88.72
2026-07-29,120247382323060278,120247382322970278,8.61,7.75,123,19,69.99
2026-07-29,120247382323070278,120247382322970278,19.98,17.99,141,23,141.74
2026-07-29,120247382323080278,120247382322970278,18.43,16.58,197,22,93.53
2026-07-29,120247382323090278,120247382322970278,11.58,10.43,207,28,55.96
2026-07-29,120247488168300278,120247488168210278,11.55,10.39,142,25,81.32
2026-07-29,120247488215910278,120247488168210278,6.12,5.51,111,23,55.16
2026-07-29,120247488220950278,120247488168210278,12.29,11.06,98,21,125.41
2026-07-29,120247488225850278,120247488168210278,10.97,9.88,160,17,68.58
2026-07-29,120247488230320278,120247488168210278,13.77,12.39,180,24,76.5
2026-07-29,120247488259350278,120247488259330278,13.83,12.44,150,24,92.18
2026-07-29,120247488419540278,120247488259330278,11.38,10.24,105,15,108.39
2026-07-29,120247488474100278,120247488474000278,14.67,13.21,156,39,94.05
2026-07-29,120247488660110278,120247488474000278,7.84,7.06,85,18,92.24
2026-07-29,120247488793560278,120247488474000278,9.55,8.6,118,18,80.96
2026-07-29,120247488827940278,120247488474000278,12.56,11.31,208,19,60.41
2026-07-29,120247488854820278,120247488474000278,9.72,8.75,122,20,79.66
2026-07-29,120247488968980278,120247488930090278,11.51,10.36,121,19,95.15
2026-07-29,120247489016960278,120247488930090278,10.99,9.89,167,25,65.81
2026-07-29,120247489113490278,120247489056040278,7.44,6.69,68,11,109.34
2026-07-29,120247489149860278,120247489056040278,6.37,5.73,78,13,81.6
2026-07-29,120247489155770278,120247489048850278,0.18,0.16,7,2,26.07
2026-07-29,120247489160520278,120247489056040278,26.5,23.85,351,55,75.49
2026-07-29,120247506168140278,120247506168050278,4.75,4.27,77,9,61.68
2026-07-29,120247506216350278,120247506168050278,11.08,9.97,105,21,105.48
2026-07-29,120247506249690278,120247506168050278,4.74,4.26,46,8,103.02
2026-07-29,120247506424250278,120247506424170278,11.61,10.45,117,18,99.2
2026-07-29,120247506530130278,120247506424170278,7.15,6.44,118,20,60.61
2026-07-29,120247506542160278,120247506424170278,2.52,2.27,57,5,44.16
2026-07-29,120247506560570278,120247506424170278,10.16,9.15,122,17,83.32
2026-07-29,120247565319140278,120247565319070278,0.27,0.24,5,0,54.2
2026-07-29,120247566326940278,120247565319070278,0.55,0.49,7,2,78.31
2026-07-29,120247566362420278,120247565319070278,0.96,0.87,8,3,120.21
2026-07-29,120247566440100278,120247565319070278,0,0,1,0,2.5
2026-07-29,120247566460400278,120247566460390278,0.33,0.29,4,0,81.38
2026-07-29,120247566496630278,120247566460390278,0.02,0.02,1,0,17.4
2026-07-29,120247566509570278,120247566460390278,0.03,0.02,3,1,8.37
2026-07-29,120247566558640278,120247566544730278,5.38,4.85,46,10,117.05
2026-07-29,120247566567050278,120247566544730278,3.47,3.12,65,10,53.39
2026-07-29,120247566569190278,120247566544730278,2.35,2.12,29,8,81.2
2026-07-29,120247639349700278,120247639310830278,0,0,1,0,2.7
2026-07-29,120247639363010278,120247639310830278,0,0,1,0,2.8
2026-07-29,120247639366370278,120247639310830278,0.13,0.12,4,0,33.43
2026-07-29,120247639374090278,120247639310830278,0.7,0.63,6,1,116.9
2026-07-29,120247788946870330,120247788946770330,8.73,7.86,93,25,93.88
2026-07-29,120247788986680330,120247788946770330,12.8,11.52,101,31,126.74
2026-07-29,120247788998700330,120247788946770330,11.3,10.17,176,63,64.21
2026-07-29,120247789002270330,120247788946770330,7.1,6.39,130,25,54.65
2026-07-29,120247789007260330,120247788946770330,6.29,5.66,101,22,62.3
2026-07-29,120247789017660330,120247788946770330,6.1,5.49,83,24,73.49
2026-07-29,120247789077830330,120247789077760330,2.91,2.62,42,8,69.37
2026-07-29,120247789270830330,120247789077760330,5.86,5.27,109,22,53.73
2026-07-29,120247789337620330,120247789077760330,5.34,4.81,80,25,66.78
2026-07-29,120247789376620330,120247789077760330,5.57,5.01,93,20,59.85
2026-07-29,120247789415480330,120247789077760330,6.69,6.02,83,30,80.57
2026-07-29,120247789430170330,120247789077760330,5.46,4.92,91,32,60.03
2026-07-29,120247789489630330,120247789489540330,8.2,7.38,83,11,98.84
2026-07-29,120247789696910330,120247789489540330,5.76,5.18,68,28,84.68
2026-07-29,120247789742310330,120247789489540330,2.92,2.63,36,9,81.09
2026-07-29,120247789776200330,120247789489540330,5.22,4.7,96,21,54.34
2026-07-29,120247789784130330,120247789489540330,5.65,5.09,71,19,79.6
2026-07-29,120247789789060330,120247789489540330,5.53,4.97,117,27,47.22
2026-07-29,120247789829370330,120247789829290330,4.82,4.34,76,19,63.47
2026-07-29,120247789884900330,120247789829290330,12.7,11.43,159,41,79.85
2026-07-29,120247789895820330,120247789829290330,12.5,11.25,244,46,51.22
2026-07-29,120247789907960330,120247789829290330,5.02,4.52,90,22,55.83
2026-07-29,120247789927420330,120247789829290330,7.2,6.48,64,11,112.43
2026-07-29,120247789961130330,120247789829290330,4.84,4.35,47,23,102.9
2026-07-29,120247790072460330,120247790072450330,4.65,4.19,65,18,71.54
2026-07-29,120247790205370330,120247790072450330,4.26,3.84,66,13,64.57
2026-07-29,120247790236810330,120247790072450330,12.79,11.51,155,34,82.53
2026-07-29,120247790277720330,120247790072450330,8.27,7.44,160,50,51.69
2026-07-29,120247790308570330,120247790072450330,10.63,9.57,143,43,74.33
2026-07-29,120247790337370330,120247790072450330,15.06,13.56,259,63,58.17
2026-07-29,120247811001390330,120247811001220330,4.77,4.29,70,22,68.12
2026-07-29,120247811320320330,120247811001220330,2.88,2.59,33,12,87.18
2026-07-29,120247811382770330,120247811001220330,4.68,4.21,70,20,66.83
2026-07-29,120247811582300330,120247811001220330,1.98,1.78,26,8,76.27
2026-07-29,120247811833010330,120247811001220330,4.33,3.89,83,17,52.14
2026-07-29,120247811912400330,120247811001220330,5.83,5.24,108,26,53.96
2026-07-29,120247812183780330,120247812183790330,4.37,3.94,94,20,46.52
2026-07-29,120247812443470330,120247812183790330,9.07,8.16,84,18,107.97
2026-07-29,120247812562160330,120247812183790330,4.31,3.88,69,26,62.4
2026-07-29,120247812648670330,120247812183790330,3.1,2.79,52,11,59.58
2026-07-29,120247812714140330,120247812183790330,3.8,3.42,66,19,57.55
2026-07-29,120247812799130330,120247812183790330,4.41,3.96,132,18,33.37
2026-07-29,120247813181780330,120247813181790330,8.72,7.85,96,33,90.87
2026-07-29,120247813442830330,120247813181790330,4.07,3.66,66,13,61.65
2026-07-29,120247813533730330,120247813181790330,2.41,2.17,27,9,89.19
2026-07-29,120247813597960330,120247813181790330,7.92,7.13,79,23,100.25
2026-07-29,120247813654330330,120247813181790330,2.32,2.09,44,16,52.69
2026-07-29,120247813708350330,120247813181790330,1.44,1.29,29,8,49.59
2026-07-29,120247813826220330,120247813826140330,6.32,5.69,56,16,112.85
2026-07-29,120247813886390330,120247813826140330,2.88,2.59,42,18,68.59
2026-07-29,120247813898610330,120247813826140330,8.61,7.75,121,44,71.12
2026-07-29,120247813910810330,120247813826140330,3.79,3.41,67,16,56.57
2026-07-29,120247813916130330,120247813826140330,2.31,2.08,51,11,45.29
2026-07-29,120247813921210330,120247813826140330,1.5,1.35,28,9,53.45
2026-07-29,120247813932040330,120247813931970330,0.92,0.83,19,3,48.66
2026-07-29,120247813966280330,120247813931970330,0.52,0.47,19,6,27.52
2026-07-29,120247813985730330,120247813931970330,0.38,0.34,4,1,94.3
2026-07-29,120247813993180330,120247813931970330,1.39,1.25,15,4,92.46
2026-07-29,120247814050020330,120247813931970330,0.75,0.68,9,1,83.72
2026-07-29,120247814139550330,120247813931970330,0.09,0.08,4,1,22.9
2026-07-29,120253079132510281,120253079044410281,3.35,3.01,53,7,63.14
2026-07-29,120253082723400281,120253082530810281,12.69,11.43,149,19,85.2
2026-07-29,120253082737930281,120253082530810281,10.4,9.36,81,16,128.36
2026-07-29,120253082817280281,120253082817170281,0.54,0.49,17,4,31.89
2026-07-29,120253101284450281,120253101270850281,6.06,5.45,92,18,65.86
2026-07-29,120253101288330281,120253101270850281,5.41,4.87,64,8,84.55
2026-07-29,120253101303050281,120253101302970281,19.71,17.74,160,29,123.18
2026-07-29,120253101321190281,120253101302970281,6.58,5.92,93,14,70.79
2026-07-29,120253101322290281,120253101302970281,3,2.7,67,8,44.81
2026-07-29,120253101346700281,120253101330870281,8.15,7.33,150,22,54.31
2026-07-29,120253137204850281,120253137172780281,8.81,7.93,123,14,71.62
2026-07-29,120253137215430281,120253137172780281,3.91,3.52,20,5,195.6
2026-07-29,120253138575670281,120253138463510281,2.36,2.12,37,10,63.81
2026-07-29,120253138733630281,120253138672250281,8.77,7.9,106,20,82.76
2026-07-29,120253138933900281,120253138766230281,17.21,15.49,227,41,75.83
2026-07-29,120253141499830281,120253141376060281,14.18,12.76,151,31,93.92
2026-07-29,120253141501720281,120253141376060281,11.35,10.21,139,34,81.63
2026-07-29,120253141747920281,120253141635460281,24.94,22.45,355,41,70.25
2026-07-29,120253141780200281,120253141635460281,36.02,32.42,325,51,110.83
2026-07-29,120253141945370281,120253141863550281,9.53,8.58,92,21,103.58
2026-07-29,120253142297110281,120253142123820281,5.75,5.17,72,12,79.83
2026-07-29,120253142306480281,120253142123820281,5.88,5.29,114,14,51.57
2026-07-29,120253167383880281,120253167383820281,24.76,22.28,346,40,71.56
2026-07-29,120253167947120281,120253167773160281,3.81,3.43,82,14,46.44
2026-07-29,120253167954350281,120253167773160281,3.42,3.08,65,9,52.66
2026-07-29,120253167956510281,120253167773160281,7.32,6.59,70,12,104.57
2026-07-29,120253168276010281,120253168223660281,7.03,6.33,60,13,117.2
2026-07-29,120253168279700281,120253168223660281,3.14,2.83,28,5,112.21
2026-07-29,120253168399990281,120253168354220281,9.45,8.51,125,20,75.62
2026-07-29,120253168478000281,120253168447820281,0.11,0.1,2,1,53.05
2026-07-29,120253224542190281,120253224542110281,7,6.3,107,24,65.4
2026-07-29,120253224960730281,120253224769080281,61.35,55.22,699,108,87.77
2026-07-29,120253225009820281,120253225009810281,3.07,2.76,57,5,53.79
2026-07-29,120253225026480281,120253225009810281,23.56,21.21,256,40,92.04
2026-07-29,120253225029450281,120253225009810281,8.54,7.69,133,24,64.2
2026-07-29,120253225038370281,120253225009810281,2.67,2.4,52,10,51.29
2026-07-29,120253225073690281,120253225073650281,3.86,3.47,42,4,91.85
2026-07-29,120253225087760281,120253225073650281,4.85,4.37,65,11,74.65
2026-07-29,120253225111400281,120253225073650281,15.61,14.05,221,30,70.64
2026-07-29,120253225135180281,120253225073650281,18.98,17.08,180,34,105.45
2026-07-29,120253225501180281,120253225329830281,8.8,7.92,100,20,87.96
2026-07-29,120253225586410281,120253225329830281,8.21,7.39,92,15,89.23
2026-07-29,120253225638960281,120253225329830281,10.08,9.07,113,18,89.2
2026-07-29,120253225795580281,120253225795550281,35.7,32.13,582,77,61.33
2026-07-29,120253225872080281,120253225795550281,10.15,9.14,140,21,72.52
2026-07-29,120253225880820281,120253225795550281,9.92,8.93,186,29,53.33
2026-07-29,120253225931950281,120253225795550281,21.89,19.7,272,45,80.49
2026-07-29,120253226001460281,120253225795550281,9.72,8.75,150,15,64.79
2026-07-29,120253302500270281,120253302500230281,9.57,8.61,73,14,131.03
2026-07-29,120253302500280281,120253302500230281,2.08,1.87,33,5,63.07
2026-07-29,120253302500320281,120253302500230281,4.31,3.88,56,5,76.89
2026-07-29,120253302500340281,120253302500230281,2.92,2.63,35,5,83.46
2026-07-29,120253302500350281,120253302500230281,4.37,3.93,42,2,103.95
2026-07-29,120253302500360281,120253302500230281,8.69,7.82,113,12,76.9
2026-07-29,120253303569730281,120253303569690281,7.29,6.56,81,13,90.01
2026-07-29,120253303638220281,120253303569690281,4.15,3.73,34,6,121.94
2026-07-29,120253303642850281,120253303569690281,5.21,4.69,88,14,59.2
2026-07-29,120253303657180281,120253303569690281,1.61,1.45,24,3,67.16
2026-07-29,120253303673670281,120253303569690281,11.94,10.74,87,20,137.2
2026-07-29,120253303687920281,120253303569690281,8.89,8,59,17,150.65
2026-07-29,120253303763750281,120253167453110281,5.45,4.91,74,10,73.68
2026-07-29,120253303916230281,120253167453110281,6.88,6.19,82,13,83.89
2026-07-29,120253303936160281,120253167453110281,2.37,2.13,30,4,78.85
2026-07-29,120253303941140281,120253167453110281,5.23,4.71,66,6,79.21
2026-07-29,120253303948480281,120253167453110281,4.28,3.85,60,15,71.38
2026-07-29,120253303964040281,120253167453110281,1.97,1.77,14,4,140.83
2026-07-29,120253304045990281,120253304045940281,8.1,7.29,70,11,115.68
2026-07-29,120253304105950281,120253304045940281,7.61,6.84,95,17,80.06
2026-07-29,120253304168340281,120253304045940281,4.62,4.16,69,9,66.92
2026-07-29,120253304195760281,120253304045940281,4.41,3.97,34,10,129.64
2026-07-29,120253304211740281,120253304045940281,3.24,2.92,29,3,111.76
2026-07-29,120253304219800281,120253304045940281,4.56,4.1,66,10,69.04
2026-07-29,120253304289250281,120253304289200281,9.9,8.91,125,21,79.19
2026-07-29,120253304462120281,120253304289200281,3.12,2.8,37,6,84.19
2026-07-29,120253304511230281,120253304289200281,5.58,5.02,70,7,79.7
2026-07-29,120253304699650281,120253304289200281,5.67,5.1,77,10,73.64
2026-07-29,120253304752230281,120253304289200281,6.17,5.56,116,11,53.23
2026-07-29,120253304775170281,120253304289200281,2.8,2.52,54,11,51.88
2026-07-30,120247357080980278,120247357080990278,5.99,5.39,82,9,73.03
2026-07-30,120247357081010278,120247357080990278,13.65,12.28,159,21,85.85
2026-07-30,120247357081030278,120247357080990278,13.72,12.34,150,34,91.44
2026-07-30,120247357081040278,120247357080990278,6.37,5.73,128,17,49.77
2026-07-30,120247357081050278,120247357080990278,10.17,9.15,140,17,72.62
2026-07-30,120247357457050278,120247357456980278,4.08,3.67,62,18,65.86
2026-07-30,120247357457070278,120247357456980278,9.43,8.48,156,23,60.42
2026-07-30,120247357457080278,120247357456980278,10.33,9.3,120,26,86.11
2026-07-30,120247357457090278,120247357456980278,10.06,9.06,192,33,52.41
2026-07-30,120247357457100278,120247357456980278,17.6,15.84,232,49,75.85
2026-07-30,120247358420040278,120247358419970278,3.86,3.48,69,9,55.98
2026-07-30,120247358420060278,120247358419970278,10.82,9.74,110,32,98.35
2026-07-30,120247358420070278,120247358419970278,3.94,3.54,58,15,67.87
2026-07-30,120247358420080278,120247358419970278,9.31,8.38,126,24,73.87
2026-07-30,120247358791350278,120247358791270278,2.65,2.38,47,4,56.38
2026-07-30,120247358791360278,120247358791270278,0.05,0.04,2,0,24.7
2026-07-30,120247359464720278,120247359464690278,9.26,8.34,118,25,78.5
2026-07-30,120247360141410278,120247360141370278,7.84,7.05,151,15,51.89
2026-07-30,120247360141470278,120247360141370278,0.54,0.49,13,2,41.71
2026-07-30,120247360141480278,120247360141370278,6.44,5.8,102,15,63.14
2026-07-30,120247360141490278,120247360141370278,4.98,4.48,85,18,58.61
2026-07-30,120247360356770278,120247360356710278,15.86,14.28,218,42,72.77
2026-07-30,120247360356790278,120247360356710278,9.22,8.3,102,14,90.38
2026-07-30,120247360356820278,120247360356710278,8.13,7.32,113,18,71.97
2026-07-30,120247360356830278,120247360356710278,10.9,9.81,157,25,69.45
2026-07-30,120247360531120278,120247360531070278,12.75,11.48,132,30,96.6
2026-07-30,120247360531130278,120247360531070278,13.27,11.95,118,28,112.49
2026-07-30,120247360531140278,120247360531070278,7.21,6.49,110,17,65.51
2026-07-30,120247382323040278,120247382322970278,12.12,10.91,158,19,76.69
2026-07-30,120247382323050278,120247382322970278,8.88,7.99,169,25,52.53
2026-07-30,120247382323060278,120247382322970278,12.45,11.2,154,30,80.82
2026-07-30,120247382323070278,120247382322970278,6.74,6.07,135,20,49.92
2026-07-30,120247382323080278,120247382322970278,15.37,13.83,144,23,106.72
2026-07-30,120247382323090278,120247382322970278,12.09,10.88,136,22,88.87
2026-07-30,120247488168300278,120247488168210278,7.79,7.01,125,13,62.3
2026-07-30,120247488215910278,120247488168210278,10.74,9.66,131,24,81.95
2026-07-30,120247488220950278,120247488168210278,10.86,9.77,141,17,77
2026-07-30,120247488225850278,120247488168210278,14.11,12.7,116,22,121.62
2026-07-30,120247488230320278,120247488168210278,10.72,9.65,92,23,116.52
2026-07-30,120247488259350278,120247488259330278,8.9,8.01,96,17,92.72
2026-07-30,120247488419540278,120247488259330278,3.59,3.23,73,11,49.23
2026-07-30,120247488474100278,120247488474000278,7.88,7.09,82,15,96.09
2026-07-30,120247488660110278,120247488474000278,6.87,6.18,81,17,84.76
2026-07-30,120247488793560278,120247488474000278,2.94,2.64,65,10,45.17
2026-07-30,120247488827940278,120247488474000278,11.4,10.26,145,15,78.59
2026-07-30,120247488854820278,120247488474000278,5.74,5.16,81,13,70.81
2026-07-30,120247488968980278,120247488930090278,13.04,11.74,148,15,88.11
2026-07-30,120247489016960278,120247488930090278,7.38,6.64,115,8,64.18
2026-07-30,120247489113490278,120247489056040278,1.44,1.3,40,7,35.99
2026-07-30,120247489149860278,120247489056040278,1.83,1.65,21,2,87.37
2026-07-30,120247489160520278,120247489056040278,16.49,14.84,271,41,60.85
2026-07-30,120247506168140278,120247506168050278,1.07,0.96,15,3,71.37
2026-07-30,120247506216350278,120247506168050278,3.79,3.41,57,10,66.55
2026-07-30,120247506249690278,120247506168050278,9.51,8.56,117,15,81.3
2026-07-30,120247506424250278,120247506424170278,9.63,8.67,140,29,68.81
2026-07-30,120247506530130278,120247506424170278,8.95,8.05,99,12,90.4
2026-07-30,120247506542160278,120247506424170278,6.58,5.92,79,12,83.32
2026-07-30,120247506560570278,120247506424170278,7.86,7.08,112,16,70.21
2026-07-30,120247566558640278,120247566544730278,9,8.1,60,14,150.05
2026-07-30,120247566567050278,120247566544730278,3.27,2.94,29,7,112.79
2026-07-30,120247566569190278,120247566544730278,1.62,1.46,18,3,89.82
2026-07-30,120247788946870330,120247788946770330,4.24,3.82,44,12,96.44
2026-07-30,120247788986680330,120247788946770330,3.59,3.23,61,15,58.8
2026-07-30,120247788998700330,120247788946770330,4.8,4.32,77,23,62.39
2026-07-30,120247789002270330,120247788946770330,4.33,3.9,48,11,90.23
2026-07-30,120247789007260330,120247788946770330,4.21,3.79,57,12,73.93
2026-07-30,120247789017660330,120247788946770330,0.78,0.7,7,1,110.83
2026-07-30,120247789077830330,120247789077760330,0.42,0.38,8,3,53.05
2026-07-30,120247789270830330,120247789077760330,3.83,3.45,30,9,127.81
2026-07-30,120247789337620330,120247789077760330,4.65,4.19,53,25,87.75
2026-07-30,120247789376620330,120247789077760330,0.3,0.27,8,2,37.73
2026-07-30,120247789415480330,120247789077760330,6.41,5.77,56,7,114.51
2026-07-30,120247789430170330,120247789077760330,4.14,3.73,50,17,82.86
2026-07-30,120247789489630330,120247789489540330,0.63,0.57,22,2,28.54
2026-07-30,120247789696910330,120247789489540330,0.67,0.6,8,3,83.3
2026-07-30,120247789742310330,120247789489540330,4.14,3.73,40,19,103.57
2026-07-30,120247789776200330,120247789489540330,2.11,1.9,33,9,63.84
2026-07-30,120247789784130330,120247789489540330,2.31,2.08,46,12,50.12
2026-07-30,120247789789060330,120247789489540330,4.04,3.64,41,10,98.54
2026-07-30,120247789829370330,120247789829290330,0.62,0.56,4,2,154.2
2026-07-30,120247789884900330,120247789829290330,3.97,3.57,44,11,90.26
2026-07-30,120247789895820330,120247789829290330,3.55,3.2,35,10,101.44
2026-07-30,120247789907960330,120247789829290330,1.86,1.67,30,9,61.85
2026-07-30,120247789927420330,120247789829290330,9.64,8.68,105,36,91.82
2026-07-30,120247789961130330,120247789829290330,0.83,0.75,16,6,52.16
2026-07-30,120247790072460330,120247790072450330,1.8,1.62,26,9,69.39
2026-07-30,120247790205370330,120247790072450330,6.87,6.18,50,20,137.33
2026-07-30,120247790236810330,120247790072450330,0.98,0.88,13,3,75.23
2026-07-30,120247790277720330,120247790072450330,3.88,3.49,43,8,90.12
2026-07-30,120247790308570330,120247790072450330,7.55,6.79,47,15,160.54
2026-07-30,120247790337370330,120247790072450330,10.59,9.53,84,35,126.05
2026-07-30,120247811001390330,120247811001220330,1.5,1.35,25,6,60.1
2026-07-30,120247811320320330,120247811001220330,0.29,0.26,3,0,96.8
2026-07-30,120247811382770330,120247811001220330,2.78,2.5,28,6,99.38
2026-07-30,120247811582300330,120247811001220330,2.93,2.63,27,6,108.36
2026-07-30,120247811833010330,120247811001220330,1.54,1.38,17,6,90.48
2026-07-30,120247811912400330,120247811001220330,2.48,2.24,24,9,103.49
2026-07-30,120247812183780330,120247812183790330,2.07,1.86,36,13,57.37
2026-07-30,120247812443470330,120247812183790330,2.32,2.09,24,5,96.87
2026-07-30,120247812562160330,120247812183790330,2.78,2.5,33,7,84.28
2026-07-30,120247812648670330,120247812183790330,2.18,1.96,25,7,87.14
2026-07-30,120247812714140330,120247812183790330,4.62,4.16,45,15,102.6
2026-07-30,120247812799130330,120247812183790330,0.31,0.28,8,1,39.05
2026-07-30,120247813181780330,120247813181790330,3.74,3.37,47,8,79.68
2026-07-30,120247813442830330,120247813181790330,2.78,2.5,34,14,81.83
2026-07-30,120247813533730330,120247813181790330,3.22,2.9,44,13,73.21
2026-07-30,120247813597960330,120247813181790330,12.27,11.04,92,32,133.38
2026-07-30,120247813654330330,120247813181790330,5.45,4.9,72,17,75.69
2026-07-30,120247813708350330,120247813181790330,0.1,0.09,2,1,49.45
2026-07-30,120247813826220330,120247813826140330,3.66,3.29,30,11,121.85
2026-07-30,120247813886390330,120247813826140330,5.21,4.69,21,8,248.1
2026-07-30,120247813898610330,120247813826140330,1.44,1.3,25,5,57.6
2026-07-30,120247813910810330,120247813826140330,3.84,3.46,48,11,80.07
2026-07-30,120247813916130330,120247813826140330,5.47,4.92,81,19,67.54
2026-07-30,120247813921210330,120247813826140330,3.84,3.46,43,14,89.29
2026-07-30,120247813932040330,120247813931970330,1.47,1.33,30,7,49.12
2026-07-30,120247813966280330,120247813931970330,5.21,4.69,37,10,140.78
2026-07-30,120247813985730330,120247813931970330,0.31,0.28,9,0,34.02
2026-07-30,120247813993180330,120247813931970330,0.01,0.01,2,0,3.85
2026-07-30,120247814050020330,120247813931970330,0.93,0.84,17,5,54.58
2026-07-30,120247814139550330,120247813931970330,5.1,4.59,46,19,110.93
2026-07-30,120247843726790330,120247843726710330,3.68,3.31,41,9,89.69
2026-07-30,120247843768630330,120247843726710330,0.8,0.72,16,4,49.88
2026-07-30,120247843798030330,120247843726710330,4.7,4.23,68,22,69.09
2026-07-30,120247843812620330,120247843726710330,2.27,2.04,35,11,64.9
2026-07-30,120247843827590330,120247843726710330,1,0.9,9,3,111.06
2026-07-30,120247843842210330,120247843726710330,1.55,1.4,22,8,70.55
2026-07-30,120247844776410330,120247844776340330,2.58,2.32,32,15,80.67
2026-07-30,120247844892850330,120247844776340330,1.88,1.69,42,12,44.76
2026-07-30,120247844929630330,120247844776340330,3.18,2.86,46,14,69.17
2026-07-30,120247844968160330,120247844776340330,1.15,1.03,11,2,104.48
2026-07-30,120247845027420330,120247844776340330,2.55,2.29,55,13,46.29
2026-07-30,120247845114020330,120247844776340330,1.93,1.73,41,6,46.96
2026-07-30,120247845561260330,120247845561180330,0.53,0.48,6,1,88.88
2026-07-30,120247845668160330,120247845561180330,2.35,2.11,36,13,65.22
2026-07-30,120247845705200330,120247845561180330,1.46,1.31,23,9,63.35
2026-07-30,120247845731570330,120247845561180330,1.06,0.95,19,6,55.54
2026-07-30,120247845745780330,120247845561180330,3.28,2.95,44,11,74.47
2026-07-30,120247845763300330,120247845561180330,3.95,3.55,63,16,62.66
2026-07-30,120247845862700330,120247845862710330,0.14,0.12,3,1,46.17
2026-07-30,120247845962790330,120247845862710330,2.8,2.52,35,10,79.86
2026-07-30,120247846007130330,120247845862710330,2.42,2.18,46,12,52.63
2026-07-30,120247846179610330,120247846179540330,1.07,0.96,15,7,71.38
2026-07-30,120247846204880330,120247845862710330,4.85,4.36,62,20,78.19
2026-07-30,120247846224690330,120247845862710330,1.59,1.43,46,9,34.46
2026-07-30,120247846276140330,120247846276070330,1.64,1.47,31,3,52.84
2026-07-30,120247846448530330,120247846276070330,3.96,3.57,63,27,62.92
2026-07-30,120247846477330330,120247846276070330,1.78,1.6,20,5,88.89
2026-07-30,120247846499020330,120247846179540330,0.33,0.3,4,1,82.13
2026-07-30,120247846523510330,120247846179540330,0.32,0.29,8,3,39.91
2026-07-30,120247846542980330,120247846179540330,0.84,0.76,12,6,70.38
2026-07-30,120247846547510330,120247846276070330,1.92,1.73,53,16,36.29
2026-07-30,120247846556200330,120247846179540330,5.17,4.65,19,7,272.13
2026-07-30,120247846566540330,120247846276070330,1.55,1.39,26,10,59.58
2026-07-30,120247846597000330,120247846276070330,1.2,1.08,17,11,70.68
2026-07-30,120247846643640330,120247846643540330,0.43,0.39,5,2,86.22
2026-07-30,120247846755520330,120247846643540330,1.83,1.65,14,6,130.79
2026-07-30,120247846797700330,120247846643540330,0.25,0.23,6,2,41.98
2026-07-30,120247846841700330,120247846643540330,0.67,0.6,11,1,60.69
2026-07-30,120247846862260330,120247846643540330,0.1,0.09,1,1,95.8
2026-07-30,120247846946050330,120247846945940330,0.24,0.21,8,0,29.5
2026-07-30,120247847490520330,120247847490540330,0.13,0.11,1,0,125.9
2026-07-30,120247847545720330,120247846945940330,0.41,0.37,7,3,58.51
2026-07-30,120247847602680330,120247846945940330,1.35,1.22,18,2,75.18
2026-07-30,120247847672430330,120247846945940330,0.33,0.29,8,2,40.74
2026-07-30,120247847702200330,120247847490540330,0.37,0.33,2,1,184.2
2026-07-30,120247847712570330,120247846945940330,3,2.7,38,19,79.04
2026-07-30,120247847768730330,120247847490540330,0.18,0.16,2,2,89.15
2026-07-30,120247847837200330,120247846945940330,1.2,1.08,13,7,92.12
2026-07-30,120247847927100330,120247847490540330,4.16,3.74,3,0,1386
2026-07-30,120247848021290330,120247847490540330,0.45,0.4,3,1,148.83
2026-07-30,120247848117700330,120247848117520330,0.58,0.52,13,2,44.63
2026-07-30,120247848230230330,120247848117520330,0.43,0.39,7,3,61.11
2026-07-30,120247848241420330,120247848117520330,0.66,0.6,12,1,55.4
2026-07-30,120247848289860330,120247848117520330,0.26,0.23,3,0,86.87
2026-07-30,120247848359900330,120247848117520330,0.36,0.33,3,2,121.1
2026-07-30,120247848393460330,120247848117520330,0.73,0.65,4,2,181.78
2026-07-30,120253079132510281,120253079044410281,3.1,2.79,17,1,182.46
2026-07-30,120253082723400281,120253082530810281,3.8,3.42,85,13,44.74
2026-07-30,120253082737930281,120253082530810281,7.61,6.85,45,9,169.09
2026-07-30,120253101284450281,120253101270850281,2.83,2.55,38,7,74.51
2026-07-30,120253101288330281,120253101270850281,4.39,3.95,40,3,109.73
2026-07-30,120253101303050281,120253101302970281,7.2,6.48,80,18,89.99
2026-07-30,120253101321190281,120253101302970281,7.19,6.47,82,22,87.63
2026-07-30,120253101322290281,120253101302970281,0.22,0.2,12,1,18.68
2026-07-30,120253101346700281,120253101330870281,5.77,5.19,69,10,83.65
2026-07-30,120253137204850281,120253137172780281,8.58,7.72,112,13,76.61
2026-07-30,120253137215430281,120253137172780281,7.13,6.42,56,17,127.35
2026-07-30,120253138575670281,120253138463510281,1.44,1.29,24,6,59.89
2026-07-30,120253138733630281,120253138672250281,3.02,2.72,38,5,79.48
2026-07-30,120253138933900281,120253138766230281,7.6,6.84,134,14,56.69
2026-07-30,120253141499830281,120253141376060281,5.49,4.94,78,11,70.39
2026-07-30,120253141501720281,120253141376060281,0.58,0.52,9,2,64.61
2026-07-30,120253141747920281,120253141635460281,6.59,5.93,101,14,65.29
2026-07-30,120253141780200281,120253141635460281,5.76,5.18,63,14,91.38
2026-07-30,120253141945370281,120253141863550281,6.66,6,72,11,92.55
2026-07-30,120253142297110281,120253142123820281,10.93,9.84,79,8,138.37
2026-07-30,120253142306480281,120253142123820281,10.84,9.76,103,23,105.28
2026-07-30,120253167383880281,120253167383820281,10.81,9.73,202,19,53.53
2026-07-30,120253167947120281,120253167773160281,4.18,3.76,82,11,51
2026-07-30,120253167954350281,120253167773160281,4.89,4.4,65,15,75.24
2026-07-30,120253167956510281,120253167773160281,3.29,2.96,56,7,58.77
2026-07-30,120253168276010281,120253168223660281,10.61,9.55,63,12,168.46
2026-07-30,120253168279700281,120253168223660281,6.46,5.81,78,23,82.83
2026-07-30,120253168399990281,120253168354220281,7.48,6.73,97,18,77.11
2026-07-30,120253224542190281,120253224542110281,12.04,10.84,94,21,128.09
2026-07-30,120253224960730281,120253224769080281,25.26,22.73,391,61,64.6
2026-07-30,120253225009820281,120253225009810281,2.73,2.46,33,8,82.85
2026-07-30,120253225026480281,120253225009810281,7.88,7.09,111,17,71
2026-07-30,120253225029450281,120253225009810281,11.91,10.72,161,33,73.97
2026-07-30,120253225038370281,120253225009810281,4.12,3.71,57,12,72.26
2026-07-30,120253225073690281,120253225073650281,1.39,1.25,14,2,99.26
2026-07-30,120253225087760281,120253225073650281,9.14,8.23,147,31,62.2
2026-07-30,120253225111400281,120253225073650281,7,6.3,91,11,76.92
2026-07-30,120253225135180281,120253225073650281,15.59,14.03,124,17,125.73
2026-07-30,120253225501180281,120253225329830281,5.57,5.01,89,10,62.59
2026-07-30,120253225586410281,120253225329830281,10.28,9.25,151,31,68.08
2026-07-30,120253225638960281,120253225329830281,9.51,8.56,138,25,68.93
2026-07-30,120253225795580281,120253225795550281,19.25,17.33,367,53,52.47
2026-07-30,120253225872080281,120253225795550281,12.75,11.47,144,26,88.51
2026-07-30,120253225880820281,120253225795550281,2,1.8,56,3,35.78
2026-07-30,120253225931950281,120253225795550281,17.8,16.02,261,46,68.2
2026-07-30,120253226001460281,120253225795550281,13.03,11.73,230,21,56.66
2026-07-30,120253302500270281,120253302500230281,4.16,3.74,34,5,122.32
2026-07-30,120253302500280281,120253302500230281,3.69,3.32,60,11,61.45
2026-07-30,120253302500320281,120253302500230281,1.69,1.52,30,3,56.4
2026-07-30,120253302500340281,120253302500230281,6.24,5.61,88,15,70.89
2026-07-30,120253302500350281,120253302500230281,2.28,2.06,61,7,37.45
2026-07-30,120253302500360281,120253302500230281,2.59,2.33,50,7,51.85
2026-07-30,120253303569730281,120253303569690281,0.72,0.65,9,1,80
2026-07-30,120253303638220281,120253303569690281,1.91,1.72,29,2,66.01
2026-07-30,120253303642850281,120253303569690281,1.54,1.38,32,5,48.08
2026-07-30,120253303657180281,120253303569690281,5.85,5.27,113,11,51.81
2026-07-30,120253303673670281,120253303569690281,1.64,1.48,24,7,68.48
2026-07-30,120253303687920281,120253303569690281,4.87,4.38,52,8,93.64
2026-07-30,120253303763750281,120253167453110281,1.34,1.21,27,4,49.63
2026-07-30,120253303916230281,120253167453110281,1.17,1.05,24,5,48.65
2026-07-30,120253303936160281,120253167453110281,1.45,1.3,30,2,48.33
2026-07-30,120253303941140281,120253167453110281,4.5,4.05,56,8,80.32
2026-07-30,120253303948480281,120253167453110281,3.36,3.02,38,3,88.36
2026-07-30,120253303964040281,120253167453110281,1.11,1,20,3,55.74
2026-07-30,120253304045990281,120253304045940281,1.34,1.21,21,4,63.79
2026-07-30,120253304105950281,120253304045940281,2.27,2.04,44,4,51.52
2026-07-30,120253304168340281,120253304045940281,3.35,3.02,45,4,74.49
2026-07-30,120253304195760281,120253304045940281,5.24,4.72,48,9,109.26
2026-07-30,120253304211740281,120253304045940281,1.38,1.25,17,3,81.42
2026-07-30,120253304219800281,120253304045940281,4.91,4.42,42,6,116.94
2026-07-30,120253304289250281,120253304289200281,7.2,6.48,110,18,65.43
2026-07-30,120253304462120281,120253304289200281,2.73,2.46,64,8,42.66
2026-07-30,120253304511230281,120253304289200281,3.89,3.5,49,9,79.38
2026-07-30,120253304699650281,120253304289200281,1.24,1.12,27,2,46.05
2026-07-30,120253304752230281,120253304289200281,2.82,2.54,39,7,72.27
2026-07-30,120253304775170281,120253304289200281,0.34,0.3,16,1,21.07
2026-07-31,120247357080980278,120247357080990278,5.68,5.11,88,10,64.53
2026-07-31,120247357081010278,120247357080990278,3.21,2.89,69,6,46.56
2026-07-31,120247357081030278,120247357080990278,3.31,2.98,44,11,75.13
2026-07-31,120247357081040278,120247357080990278,12.99,11.69,97,27,133.94
2026-07-31,120247357081050278,120247357080990278,12.6,11.34,161,28,78.27
2026-07-31,120247357457050278,120247357456980278,7.57,6.81,100,22,75.68
2026-07-31,120247357457070278,120247357456980278,12.29,11.06,157,27,78.27
2026-07-31,120247357457080278,120247357456980278,10.31,9.28,129,17,79.92
2026-07-31,120247357457090278,120247357456980278,12,10.8,189,16,63.49
2026-07-31,120247357457100278,120247357456980278,6.15,5.54,70,14,87.9
2026-07-31,120247358420040278,120247358419970278,1,0.9,15,3,66.6
2026-07-31,120247358420060278,120247358419970278,9.26,8.33,115,20,80.48
2026-07-31,120247358420070278,120247358419970278,8.33,7.5,132,25,63.09
2026-07-31,120247358420080278,120247358419970278,6.76,6.09,87,17,77.73
2026-07-31,120247358791350278,120247358791270278,0.5,0.45,13,1,38.31
2026-07-31,120247359464720278,120247359464690278,12.76,11.48,100,21,127.57
2026-07-31,120247360141410278,120247360141370278,6.13,5.51,112,16,54.7
2026-07-31,120247360141470278,120247360141370278,0.09,0.08,6,0,14.32
2026-07-31,120247360141480278,120247360141370278,4.47,4.03,104,17,43.01
2026-07-31,120247360141490278,120247360141370278,8.44,7.6,138,26,61.16
2026-07-31,120247360356770278,120247360356710278,11.82,10.64,135,24,87.57
2026-07-31,120247360356790278,120247360356710278,5.78,5.21,86,18,67.26
2026-07-31,120247360356820278,120247360356710278,2.41,2.17,54,7,44.72
2026-07-31,120247360356830278,120247360356710278,9.22,8.3,80,17,115.29
2026-07-31,120247360531120278,120247360531070278,11.44,10.29,112,23,102.12
2026-07-31,120247360531130278,120247360531070278,5.78,5.2,72,15,80.27
2026-07-31,120247360531140278,120247360531070278,5.66,5.1,89,15,63.61
2026-07-31,120247382323040278,120247382322970278,9.85,8.87,154,22,63.96
2026-07-31,120247382323050278,120247382322970278,5.32,4.78,120,12,44.29
2026-07-31,120247382323060278,120247382322970278,13.45,12.1,105,22,128.08
2026-07-31,120247382323070278,120247382322970278,5.69,5.12,77,9,73.84
2026-07-31,120247382323080278,120247382322970278,18.92,17.03,164,37,115.35
2026-07-31,120247382323090278,120247382322970278,7.66,6.89,111,14,68.97
2026-07-31,120247488168300278,120247488168210278,5.18,4.66,106,14,48.86
2026-07-31,120247488215910278,120247488168210278,5.5,4.95,101,8,54.49
2026-07-31,120247488220950278,120247488168210278,6.6,5.94,130,18,50.78
2026-07-31,120247488225850278,120247488168210278,14.7,13.23,136,31,108.06
2026-07-31,120247488230320278,120247488168210278,5.26,4.73,62,14,84.82
2026-07-31,120247488259350278,120247488259330278,7.38,6.64,100,13,73.77
2026-07-31,120247488419540278,120247488259330278,3.01,2.71,20,6,150.63
2026-07-31,120247488474100278,120247488474000278,5.3,4.77,117,14,45.26
2026-07-31,120247488660110278,120247488474000278,11.43,10.29,102,21,112.05
2026-07-31,120247488793560278,120247488474000278,3.61,3.25,54,18,66.86
2026-07-31,120247488827940278,120247488474000278,12.56,11.3,181,15,69.39
2026-07-31,120247488854820278,120247488474000278,5.39,4.85,69,6,78.16
2026-07-31,120247488968980278,120247488930090278,8.84,7.95,117,20,75.52
2026-07-31,120247489016960278,120247488930090278,5.32,4.79,71,7,74.95
2026-07-31,120247489113490278,120247489056040278,0.43,0.39,10,1,43.36
2026-07-31,120247489149860278,120247489056040278,0.13,0.12,13,0,9.89
2026-07-31,120247489160520278,120247489056040278,18.8,16.92,311,50,60.45
2026-07-31,120247506168140278,120247506168050278,0.18,0.16,8,0,22.9
2026-07-31,120247506216350278,120247506168050278,0.23,0.2,7,1,32.16
2026-07-31,120247506249690278,120247506168050278,10.94,9.85,128,18,85.5
2026-07-31,120247506424250278,120247506424170278,10.87,9.78,144,20,75.49
2026-07-31,120247506530130278,120247506424170278,8.39,7.55,87,26,96.39
2026-07-31,120247506542160278,120247506424170278,4.28,3.85,80,13,53.51
2026-07-31,120247506560570278,120247506424170278,22,19.8,93,20,236.59
2026-07-31,120247566558640278,120247566544730278,0,0,1,0,3.5
2026-07-31,120247566567050278,120247566544730278,0.13,0.12,3,1,43.93
2026-07-31,120247788946870330,120247788946770330,0.04,0.04,2,0,20.25
2026-07-31,120247788986680330,120247788946770330,0.09,0.08,1,1,93.2
2026-07-31,120247789002270330,120247788946770330,0.36,0.32,5,1,71.94
2026-07-31,120247789017660330,120247788946770330,0.01,0.01,1,0,8.9
2026-07-31,120247789270830330,120247789077760330,0.31,0.27,3,0,101.8
2026-07-31,120247789776200330,120247789489540330,1.63,1.47,10,4,162.81
2026-07-31,120247789784130330,120247789489540330,0,0,1,0,2.1
2026-07-31,120247789884900330,120247789829290330,0.03,0.02,1,0,27.1
2026-07-31,120247789907960330,120247789829290330,0,0,1,0,2.7
2026-07-31,120247789927420330,120247789829290330,1,0.9,13,3,77.06
2026-07-31,120247790236810330,120247790072450330,0,0,1,0,2.3
2026-07-31,120247790337370330,120247790072450330,0.26,0.24,6,3,43.83
2026-07-31,120247811382770330,120247811001220330,0,0,1,0,3.7
2026-07-31,120247811833010330,120247811001220330,0.44,0.4,7,3,63.43
2026-07-31,120247813442830330,120247813181790330,0.26,0.23,11,0,23.49
2026-07-31,120247813597960330,120247813181790330,0.25,0.23,3,0,84.13
2026-07-31,120247813910810330,120247813826140330,0.18,0.16,4,2,44.45
2026-07-31,120247813916130330,120247813826140330,0.07,0.06,2,0,36.05
2026-07-31,120247843798030330,120247843726710330,0.27,0.24,1,1,268.4
2026-07-31,120247843812620330,120247843726710330,0.01,0.01,2,0,3.35
2026-07-31,120247843827590330,120247843726710330,0.96,0.87,2,0,481.45
2026-07-31,120247843842210330,120247843726710330,0.19,0.17,2,1,94.55
2026-07-31,120247844776410330,120247844776340330,0.04,0.03,2,1,17.6
2026-07-31,120247844892850330,120247844776340330,0.26,0.23,2,0,127.9
2026-07-31,120247845027420330,120247844776340330,0.22,0.2,4,1,54.5
2026-07-31,120247845668160330,120247845561180330,0.05,0.05,2,1,26.25
2026-07-31,120247845705200330,120247845561180330,0.12,0.11,2,1,59.6
2026-07-31,120247845745780330,120247845561180330,0.34,0.31,2,1,171.95
2026-07-31,120247845763300330,120247845561180330,0.19,0.17,7,0,26.91
2026-07-31,120247846007130330,120247845862710330,0.19,0.17,2,2,94.25
2026-07-31,120247846204880330,120247845862710330,0.55,0.5,3,1,183.8
2026-07-31,120247846224690330,120247845862710330,0,0,1,0,2.1
2026-07-31,120247846477330330,120247846276070330,2.35,2.12,2,1,1175.2
2026-07-31,120247846547510330,120247846276070330,0.05,0.04,4,0,12.4
2026-07-31,120247846556200330,120247846179540330,0,0,1,0,2.2
2026-07-31,120247846755520330,120247846643540330,0.05,0.04,2,2,23.25
2026-07-31,120247847602680330,120247846945940330,0.05,0.04,1,1,47.4
2026-07-31,120253082723400281,120253082530810281,0.43,0.39,9,1,47.74
2026-07-31,120253082737930281,120253082530810281,0.48,0.43,5,2,95.32
2026-07-31,120253101284450281,120253101270850281,0.1,0.09,4,1,26.2
2026-07-31,120253101288330281,120253101270850281,0.07,0.06,6,0,11.25
2026-07-31,120253101303050281,120253101302970281,0.72,0.65,11,2,65.61
2026-07-31,120253101321190281,120253101302970281,2.55,2.3,14,2,182.49
2026-07-31,120253137204850281,120253137172780281,0.61,0.55,11,2,55.63
2026-07-31,120253137215430281,120253137172780281,2.09,1.88,13,3,160.39
2026-07-31,120253138575670281,120253138463510281,0.04,0.04,2,0,20.7
2026-07-31,120253138933900281,120253138766230281,0.93,0.84,13,5,71.5
2026-07-31,120253141499830281,120253141376060281,0.37,0.33,5,2,73.34
2026-07-31,120253141747920281,120253141635460281,0.21,0.19,17,1,12.1
2026-07-31,120253141780200281,120253141635460281,0.12,0.11,4,1,30.07
2026-07-31,120253141945370281,120253141863550281,0.73,0.66,10,3,72.99
2026-07-31,120253142297110281,120253142123820281,0,0,1,0,1.5
2026-07-31,120253142306480281,120253142123820281,0.1,0.09,3,1,34.43
2026-07-31,120253167383880281,120253167383820281,0.7,0.63,21,2,33.22
2026-07-31,120253167947120281,120253167773160281,0.01,0,1,0,5
2026-07-31,120253167954350281,120253167773160281,0.52,0.47,5,1,104.42
2026-07-31,120253167956510281,120253167773160281,0.31,0.28,6,0,51.18
2026-07-31,120253168276010281,120253168223660281,1.93,1.74,12,1,160.85
2026-07-31,120253168399990281,120253168354220281,0.43,0.39,8,1,54.2
2026-07-31,120253224960730281,120253224769080281,1.4,1.26,30,5,46.55
2026-07-31,120253225009820281,120253225009810281,0.41,0.37,7,2,58.46
2026-07-31,120253225026480281,120253225009810281,0.29,0.26,11,3,26.56
2026-07-31,120253225029450281,120253225009810281,0.42,0.38,10,2,41.95
2026-07-31,120253225038370281,120253225009810281,0.03,0.02,5,0,5.04
2026-07-31,120253225073690281,120253225073650281,0.01,0.01,1,0,5.7
2026-07-31,120253225087760281,120253225073650281,0.89,0.8,28,5,31.79
2026-07-31,120253225111400281,120253225073650281,0.03,0.02,3,0,9.13
2026-07-31,120253225135180281,120253225073650281,2.6,2.34,22,5,118.35
2026-07-31,120253225501180281,120253225329830281,0.26,0.23,11,2,23.54
2026-07-31,120253225586410281,120253225329830281,0.3,0.27,5,1,60.86
2026-07-31,120253225638960281,120253225329830281,0.5,0.45,3,1,165.93
2026-07-31,120253225795580281,120253225795550281,2.94,2.65,36,2,81.67
2026-07-31,120253225872080281,120253225795550281,0.54,0.49,6,2,90.35
2026-07-31,120253225880820281,120253225795550281,0.02,0.02,5,0,4.7
2026-07-31,120253225931950281,120253225795550281,0.79,0.71,16,0,49.46
2026-07-31,120253226001460281,120253225795550281,1.28,1.15,13,1,98.34
2026-07-31,120253302500270281,120253302500230281,0.19,0.17,4,0,47.8
2026-07-31,120253302500280281,120253302500230281,0,0,1,0,2.5
2026-07-31,120253302500320281,120253302500230281,0.04,0.04,2,0,20.1
2026-07-31,120253302500350281,120253302500230281,0.22,0.19,5,2,43.1
2026-07-31,120253302500360281,120253302500230281,0.12,0.11,5,1,23.88
2026-07-31,120253303642850281,120253303569690281,0.53,0.48,10,4,53.2
2026-07-31,120253303657180281,120253303569690281,0.21,0.19,4,1,53.05
2026-07-31,120253303673670281,120253303569690281,0.01,0.01,1,0,7
2026-07-31,120253303687920281,120253303569690281,0.58,0.52,7,2,83.31
2026-07-31,120253303763750281,120253167453110281,0.06,0.05,2,0,30.55
2026-07-31,120253303936160281,120253167453110281,1.7,1.53,21,5,81.13
2026-07-31,120253303941140281,120253167453110281,1.33,1.2,4,0,333.72
2026-07-31,120253303964040281,120253167453110281,0.02,0.02,1,0,17.3
2026-07-31,120253304045990281,120253304045940281,0.15,0.14,3,0,50.37
2026-07-31,120253304105950281,120253304045940281,0.51,0.46,9,1,56.91
2026-07-31,120253304211740281,120253304045940281,0,0,1,0,2.4
2026-07-31,120253304219800281,120253304045940281,0.04,0.04,2,0,21
2026-07-31,120253304289250281,120253304289200281,0.2,0.18,9,1,22.32
2026-07-31,120253304511230281,120253304289200281,0.31,0.28,6,1,51.87
2026-07-31,120253304699650281,120253304289200281,0,0,1,0,2.6
2026-07-31,120253304752230281,120253304289200281,0.1,0.09,5,0,20.24
2026-07-31,120253304775170281,120253304289200281,0,0,1,0,1.5
2026-08-01,120247357080980278,120247357080990278,4.08,3.67,81,11,50.37
2026-08-01,120247357081010278,120247357080990278,5.76,5.18,95,13,60.6
2026-08-01,120247357081030278,120247357080990278,9.91,8.92,84,26,118.02
2026-08-01,120247357081040278,120247357080990278,16.8,15.12,200,47,83.98
2026-08-01,120247357081050278,120247357080990278,17.1,15.39,186,25,91.93
2026-08-01,120247357457050278,120247357456980278,14.22,12.79,137,22,103.76
2026-08-01,120247357457070278,120247357456980278,9.15,8.24,118,14,77.58
2026-08-01,120247357457080278,120247357456980278,14.49,13.04,135,22,107.3
2026-08-01,120247357457090278,120247357456980278,8.08,7.27,102,13,79.2
2026-08-01,120247357457100278,120247357456980278,12.05,10.85,124,21,97.22
2026-08-01,120247358420060278,120247358419970278,9.92,8.93,105,27,94.51
2026-08-01,120247358420070278,120247358419970278,14.83,13.35,188,29,78.9
2026-08-01,120247358420080278,120247358419970278,4.37,3.94,73,16,59.92
2026-08-01,120247359464720278,120247359464690278,10.46,9.42,113,23,92.58
2026-08-01,120247360141410278,120247360141370278,17.78,16.01,231,36,76.99
2026-08-01,120247360141480278,120247360141370278,9.83,8.85,100,15,98.31
2026-08-01,120247360141490278,120247360141370278,8.3,7.47,104,17,79.81
2026-08-01,120247360356770278,120247360356710278,3.11,2.8,38,5,81.78
2026-08-01,120247360356790278,120247360356710278,8.72,7.85,81,17,107.66
2026-08-01,120247360356820278,120247360356710278,4.41,3.97,75,8,58.82
2026-08-01,120247360356830278,120247360356710278,16.83,15.14,186,50,90.47
2026-08-01,120247360531120278,120247360531070278,1.97,1.78,31,2,63.69
2026-08-01,120247360531130278,120247360531070278,9.37,8.43,94,14,99.64
2026-08-01,120247360531140278,120247360531070278,18.23,16.41,265,26,68.79
2026-08-01,120247382323040278,120247382322970278,28.12,25.31,235,38,119.65
2026-08-01,120247382323050278,120247382322970278,7.03,6.32,160,19,43.91
2026-08-01,120247382323060278,120247382322970278,16.49,14.84,178,33,92.65
2026-08-01,120247382323070278,120247382322970278,14.36,12.92,149,24,96.37
2026-08-01,120247382323080278,120247382322970278,19.35,17.41,178,37,108.69
2026-08-01,120247382323090278,120247382322970278,9.61,8.65,122,16,78.78
2026-08-01,120247488168300278,120247488168210278,20.98,18.88,152,21,138.04
2026-08-01,120247488215910278,120247488168210278,23.48,21.13,206,48,113.96
2026-08-01,120247488220950278,120247488168210278,9.77,8.79,111,25,88.02
2026-08-01,120247488225850278,120247488168210278,10.82,9.74,129,23,83.85
2026-08-01,120247488230320278,120247488168210278,13.09,11.78,94,27,139.26
2026-08-01,120247488259350278,120247488259330278,17.09,15.38,230,43,74.3
2026-08-01,120247488474100278,120247488474000278,8.7,7.83,126,28,69.05
2026-08-01,120247488660110278,120247488474000278,5.39,4.85,93,15,57.92
2026-08-01,120247488793560278,120247488474000278,15.29,13.76,130,36,117.61
2026-08-01,120247488827940278,120247488474000278,13.45,12.11,167,29,80.54
2026-08-01,120247488854820278,120247488474000278,11.41,10.27,127,13,89.87
2026-08-01,120247488968980278,120247488930090278,7.93,7.14,112,25,70.83
2026-08-01,120247489016960278,120247488930090278,13.41,12.07,135,20,99.31
2026-08-01,120247489160520278,120247489056040278,48.97,44.07,542,78,90.34
2026-08-01,120247506249690278,120247506168050278,10.21,9.19,96,15,106.38
2026-08-01,120247506424250278,120247506424170278,6.25,5.63,67,8,93.29
2026-08-01,120247506530130278,120247506424170278,6.56,5.91,61,10,107.6
2026-08-01,120247506542160278,120247506424170278,2.75,2.48,52,4,52.97
2026-08-01,120247506560570278,120247506424170278,0.68,0.61,24,5,28.37
2026-08-01,120247753268600278,120247753268510278,4.21,3.78,74,12,56.83
2026-08-01,120247753333380278,120247753268510278,7.89,7.1,65,14,121.32
2026-08-01,120247753339060278,120247753268510278,2.18,1.96,14,3,155.8
2026-08-01,120247753343390278,120247753268510278,6.48,5.83,82,15,79.04
2026-08-01,120247753348540278,120247753268510278,3.4,3.06,45,7,75.54
2026-08-01,120247753359010278,120247753268510278,8.97,8.08,86,9,104.35
2026-08-01,120247753419630278,120247753386280278,0.03,0.02,2,0,13.55
2026-08-01,120247753572160278,120247753572060278,4.57,4.11,32,5,142.8
2026-08-01,120247753631300278,120247753572060278,6.29,5.66,80,12,78.64
2026-08-01,120247753639190278,120247753572060278,8.26,7.43,67,15,123.29
2026-08-01,120247753647720278,120247753572060278,2.26,2.04,38,4,59.56
2026-08-01,120247753656710278,120247753572060278,4.56,4.11,45,7,101.4
2026-08-01,120247753677620278,120247753572060278,3.77,3.39,24,6,156.94
2026-08-01,120247753719190278,120247753719120278,3.57,3.21,29,5,123.08
2026-08-01,120247753784310278,120247753719120278,4.58,4.12,26,4,176.06
2026-08-01,120247753789900278,120247753719120278,6.76,6.09,67,9,100.97
2026-08-01,120247753798010278,120247753719120278,11.13,10.02,66,18,168.62
2026-08-01,120247753808800278,120247753719120278,1.09,0.98,47,7,23.13
2026-08-01,120247753817950278,120247753719120278,0.31,0.28,2,1,153
2026-08-01,120247753837730278,120247753837740278,2.25,2.02,17,5,132.3
2026-08-01,120247753859960278,120247753837740278,7.26,6.53,96,15,75.62
2026-08-01,120247753870250278,120247753837740278,0.95,0.86,14,2,68.21
2026-08-01,120247753880980278,120247753837740278,0.99,0.89,12,2,82.42
2026-08-01,120247753888530278,120247753837740278,4.34,3.91,26,6,166.99
2026-08-01,120247753901780278,120247753837740278,9.33,8.4,87,23,107.26
2026-08-01,120253101303050281,120253101302970281,0.01,0.01,1,0,14.5
2026-08-01,120253101321190281,120253101302970281,0.23,0.2,13,0,17.36
2026-08-01,120253141499830281,120253141376060281,0.92,0.83,4,0,229.7
2026-08-01,120253141780200281,120253141635460281,0.01,0.01,1,0,8.4
2026-08-01,120253225026480281,120253225009810281,0.56,0.5,8,2,69.81
2026-08-01,120253225087760281,120253225073650281,0.3,0.27,7,2,42.99
2026-08-01,120253225638960281,120253225329830281,0,0,2,0,1.35
2026-08-01,120253225795580281,120253225795550281,0.61,0.55,14,1,43.83
2026-08-01,120253225872080281,120253225795550281,0.05,0.04,2,1,23
2026-08-01,120253225880820281,120253225795550281,0.26,0.24,2,1,131.95
2026-08-01,120253226001460281,120253225795550281,0.26,0.24,5,1,52.82
2026-08-01,120253303687920281,120253303569690281,0.01,0.01,1,0,6.8
2026-08-01,120253304289250281,120253304289200281,0.57,0.52,4,1,143.5
2026-08-01,120253406535550281,120253406535430281,0.89,0.8,28,7,31.85
2026-08-01,120253406611390281,120253406535430281,2.1,1.89,33,1,63.72
2026-08-01,120253406623060281,120253406535430281,4.17,3.75,28,6,148.87
2026-08-01,120253406631270281,120253406535430281,5.59,5.03,40,4,139.64
2026-08-01,120253406640860281,120253406535430281,0.52,0.47,7,1,74.83
2026-08-01,120253406659640281,120253406535430281,2.1,1.89,18,3,116.78
2026-08-01,120253406694290281,120253406694250281,4.96,4.46,43,11,115.3
2026-08-01,120253406774810281,120253406694250281,4.6,4.14,40,6,115.08
2026-08-01,120253406811390281,120253406694250281,0.87,0.79,17,4,51.34
2026-08-01,120253406815340281,120253406694250281,8.68,7.82,56,13,155.08
2026-08-01,120253406822870281,120253406694250281,2.5,2.25,60,7,41.69
2026-08-01,120253406852120281,120253406694250281,7.82,7.04,71,8,110.14
2026-08-01,120253406891930281,120253406891860281,8.38,7.54,64,12,130.87
2026-08-01,120253406978040281,120253406891860281,5.49,4.94,81,8,67.75
2026-08-01,120253406998850281,120253406891860281,2.6,2.34,33,3,78.93
2026-08-01,120253407003410281,120253406891860281,1.01,0.91,15,4,67.39
2026-08-01,120253407021750281,120253406891860281,7.3,6.57,76,21,96.07
2026-08-01,120253407039770281,120253406891860281,0.61,0.55,21,0,29.09
2026-08-01,120253407221960281,120253407221890281,5.63,5.07,61,14,92.36
2026-08-01,120253407333460281,120253407221890281,1.65,1.48,29,4,56.76
2026-08-01,120253407349550281,120253407221890281,4.23,3.8,61,9,69.27
2026-08-01,120253407356150281,120253407221890281,1.05,0.94,11,3,95.21
2026-08-01,120253407402570281,120253407221890281,6.54,5.89,85,21,76.99
2026-08-01,120253407409760281,120253407221890281,2.06,1.86,52,5,39.71
2026-08-01,120253407539430281,120253407539350281,4.15,3.73,59,12,70.32
2026-08-01,120253407553070281,120253407539350281,1.83,1.65,46,7,39.81
2026-08-01,120253407556650281,120253407539350281,3.17,2.85,54,7,58.68
2026-08-01,120253407641490281,120253407539350281,3.33,3,70,9,47.54
2026-08-01,120253407759380281,120253407539350281,4.21,3.78,83,10,50.67
2026-08-01,120253407926920281,120253407539350281,4.79,4.31,97,16,49.41
2026-08-01,120253408396180281,120253408396060281,0.63,0.57,15,2,42.21
2026-08-01,120253409927790281,120253408396060281,3.2,2.88,28,4,114.4
2026-08-01,120253409946870281,120253408396060281,6.91,6.22,72,17,95.92
2026-08-01,120253409966970281,120253408396060281,3.88,3.49,64,10,60.57
2026-08-01,120253409983580281,120253408396060281,2.78,2.5,49,7,56.65
2026-08-01,120253410002420281,120253408396060281,0.87,0.78,7,1,123.77
2026-08-01,120253411255640281,120253411255550281,0.65,0.58,13,1,49.94
2026-08-01,120253411338910281,120253411255550281,8.21,7.39,74,7,110.94
2026-08-01,120253411360680281,120253411255550281,0.8,0.72,21,1,38.18
2026-08-01,120253411374160281,120253411255550281,2.76,2.49,38,8,72.69
2026-08-01,120253411400390281,120253411255550281,1.72,1.55,19,0,90.71
2026-08-01,120253411426250281,120253411255550281,0.84,0.75,22,5,37.98
2026-08-01,120253411538180281,120253411538090281,1.4,1.26,12,4,116.88
2026-08-01,120253411661520281,120253411538090281,0.77,0.69,23,5,33.32
2026-08-01,120253411699610281,120253411538090281,0.52,0.47,11,0,47.71
2026-08-01,120253411718390281,120253411538090281,0.06,0.06,6,0,10.62
2026-08-01,120253411755750281,120253411538090281,12.38,11.14,79,15,156.71
2026-08-01,120253411764760281,120253411538090281,2.26,2.03,23,5,98.06
2026-08-01,120253411910950281,120253411813950281,5.33,4.8,79,11,67.48
2026-08-01,120253411937390281,120253411813950281,6,5.4,69,15,86.92
2026-08-01,120253411974320281,120253411813950281,0.41,0.37,5,1,82.18
2026-08-01,120253411979140281,120253411813950281,4.88,4.4,67,11,72.9
2026-08-01,120253415477520281,120253415477530281,2.05,1.84,26,4,78.69
2026-08-01,120253415529740281,120253415477530281,4.5,4.05,74,11,60.79
2026-08-01,120253415533200281,120253415477530281,1.6,1.44,22,2,72.9
2026-08-01,120253415535590281,120253415477530281,1.45,1.31,22,4,65.99
2026-08-01,120253415537500281,120253415477530281,1.15,1.03,21,3,54.67
2026-08-01,120253415538610281,120253415477530281,3.43,3.09,47,8,73.07
2026-08-01,120253415545930281,120253415545840281,0.54,0.49,5,1,108.42
2026-08-01,120253415586070281,120253415545840281,0.8,0.72,12,2,66.28
2026-08-01,120253415593700281,120253415545840281,10.14,9.13,56,17,181.16
2026-08-01,120253415603370281,120253415545840281,4.89,4.4,29,8,168.47
2026-08-01,120253415608870281,120253415545840281,0.82,0.74,13,2,63.42
2026-08-01,120253415614300281,120253415545840281,0.24,0.22,6,1,40.52
2026-08-01,120253415627710281,120253415627640281,5.64,5.07,44,12,128.13
2026-08-01,120253415654240281,120253415627640281,5.41,4.87,38,9,142.36
2026-08-01,120253415659550281,120253415627640281,1.37,1.23,18,0,76.14
2026-08-01,120253415663260281,120253415627640281,6.03,5.43,78,9,77.32
2026-08-01,120253415684090281,120253415627640281,0.6,0.54,9,0,66.86
2026-08-01,120253415685920281,120253415627640281,4.2,3.78,30,4,140.01
2026-08-01,120253415695320281,120253415695250281,0.6,0.54,3,0,201.53
2026-08-01,120253415718880281,120253415695250281,2.86,2.57,24,8,118.97
2026-08-01,120253415721250281,120253415695250281,6.31,5.68,65,6,97.07
2026-08-01,120253415724350281,120253415695250281,2.12,1.91,47,5,45.17
2026-08-01,120253415726470281,120253415695250281,2.17,1.96,17,5,127.79
2026-08-01,120253415728580281,120253415695250281,1.57,1.41,27,1,58.12
2026-08-01,120253415735450281,120253415735410281,8.12,7.3,46,8,176.42
2026-08-01,120253415756030281,120253415735410281,0.27,0.24,3,1,89.53
2026-08-01,120253415760700281,120253415735410281,4.58,4.12,57,13,80.35
2026-08-01,120253415768180281,120253415735410281,2.18,1.96,22,6,98.93
2026-08-01,120253415770520281,120253415735410281,5.46,4.92,71,10,76.95
2026-08-02,120247357080980278,120247357080990278,8.46,7.62,57,16,148.48
2026-08-02,120247357081010278,120247357080990278,6.95,6.26,88,14,79.01
2026-08-02,120247357081030278,120247357080990278,10.18,9.16,150,19,67.88
2026-08-02,120247357081040278,120247357080990278,20.61,18.55,148,27,139.25
2026-08-02,120247357081050278,120247357080990278,10.72,9.65,92,24,116.54
2026-08-02,120247357457050278,120247357456980278,7.44,6.69,97,10,76.66
2026-08-02,120247357457070278,120247357456980278,9.89,8.9,111,13,89.09
2026-08-02,120247357457080278,120247357456980278,6.51,5.86,79,11,82.46
2026-08-02,120247357457090278,120247357456980278,6.69,6.02,73,8,91.66
2026-08-02,120247357457100278,120247357456980278,6.86,6.18,85,16,80.75
2026-08-02,120247358420060278,120247358419970278,10.47,9.42,106,19,98.77
2026-08-02,120247358420070278,120247358419970278,6.99,6.29,106,11,65.96
2026-08-02,120247358420080278,120247358419970278,3.8,3.42,50,7,75.92
2026-08-02,120247359464720278,120247359464690278,3.95,3.55,61,10,64.71
2026-08-02,120247360141410278,120247360141370278,14.42,12.98,208,21,69.33
2026-08-02,120247360141480278,120247360141370278,13.61,12.25,162,26,83.99
2026-08-02,120247360141490278,120247360141370278,12.11,10.9,132,21,91.78
2026-08-02,120247360356770278,120247360356710278,7.16,6.45,52,11,137.78
2026-08-02,120247360356790278,120247360356710278,9.47,8.53,75,22,126.31
2026-08-02,120247360356820278,120247360356710278,6.31,5.68,94,13,67.11
2026-08-02,120247360356830278,120247360356710278,18.27,16.45,205,37,89.14
2026-08-02,120247360531120278,120247360531070278,0.01,0.01,1,0,5.6
2026-08-02,120247360531130278,120247360531070278,13.69,12.32,115,14,119.08
2026-08-02,120247360531140278,120247360531070278,44.49,40.04,341,58,130.46
2026-08-02,120247382323040278,120247382322970278,27.51,24.76,245,48,112.3
2026-08-02,120247382323050278,120247382322970278,14.92,13.42,190,30,78.51
2026-08-02,120247382323060278,120247382322970278,19.64,17.68,173,28,113.53
2026-08-02,120247382323070278,120247382322970278,13.97,12.58,199,32,70.22
2026-08-02,120247382323080278,120247382322970278,8.89,8,113,21,78.71
2026-08-02,120247382323090278,120247382322970278,15.58,14.03,157,22,99.26
2026-08-02,120247488168300278,120247488168210278,12.68,11.41,152,18,83.4
2026-08-02,120247488215910278,120247488168210278,12.84,11.55,157,23,81.76
2026-08-02,120247488220950278,120247488168210278,17.43,15.68,170,28,102.51
2026-08-02,120247488225850278,120247488168210278,7.54,6.78,93,13,81.03
2026-08-02,120247488230320278,120247488168210278,14.05,12.65,135,25,104.1
2026-08-02,120247488259350278,120247488259330278,20.77,18.69,207,41,100.32
2026-08-02,120247488474100278,120247488474000278,15.31,13.78,191,27,80.15
2026-08-02,120247488660110278,120247488474000278,16.28,14.65,165,25,98.67
2026-08-02,120247488793560278,120247488474000278,8.35,7.52,70,9,119.33
2026-08-02,120247488827940278,120247488474000278,20.79,18.71,220,35,94.48
2026-08-02,120247488854820278,120247488474000278,12.43,11.19,120,14,103.6
2026-08-02,120247488968980278,120247488930090278,9.34,8.4,108,20,86.47
2026-08-02,120247489016960278,120247488930090278,20.9,18.81,199,33,105.01
2026-08-02,120247489160520278,120247489056040278,37.01,33.31,389,63,95.14
2026-08-02,120247506249690278,120247506168050278,14.68,13.22,93,26,157.89
2026-08-02,120247506424250278,120247506424170278,0.36,0.33,7,3,51.77
2026-08-02,120247506530130278,120247506424170278,5.95,5.35,69,14,86.22
2026-08-02,120247506542160278,120247506424170278,10,9,128,24,78.1
2026-08-02,120247506560570278,120247506424170278,0.01,0.01,5,0,2.68
2026-08-02,120247753268600278,120247753268510278,13.76,12.39,168,30,81.93
2026-08-02,120247753333380278,120247753268510278,3.7,3.33,68,8,54.36
2026-08-02,120247753339060278,120247753268510278,4.83,4.35,30,5,160.99
2026-08-02,120247753343390278,120247753268510278,6.74,6.07,89,13,75.77
2026-08-02,120247753348540278,120247753268510278,4.56,4.1,51,12,89.37
2026-08-02,120247753359010278,120247753268510278,9.57,8.62,86,20,111.32
2026-08-02,120247753572160278,120247753572060278,8.04,7.23,97,16,82.86
2026-08-02,120247753631300278,120247753572060278,2.37,2.13,48,5,49.35
2026-08-02,120247753639190278,120247753572060278,6.6,5.94,63,11,104.81
2026-08-02,120247753647720278,120247753572060278,4.86,4.37,108,10,44.97
2026-08-02,120247753656710278,120247753572060278,13.91,12.51,159,17,87.45
2026-08-02,120247753677620278,120247753572060278,3.5,3.15,44,4,79.58
2026-08-02,120247753719190278,120247753719120278,14.02,12.61,112,14,125.14
2026-08-02,120247753784310278,120247753719120278,10.07,9.06,113,23,89.13
2026-08-02,120247753789900278,120247753719120278,2.28,2.05,46,4,49.47
2026-08-02,120247753798010278,120247753719120278,5.49,4.94,47,9,116.72
2026-08-02,120247753808800278,120247753719120278,7.39,6.65,60,9,123.11
2026-08-02,120247753817950278,120247753719120278,2.16,1.95,41,7,52.73
2026-08-02,120247753837730278,120247753837740278,1,0.9,22,5,45.48
2026-08-02,120247753859960278,120247753837740278,8.79,7.92,130,15,67.65
2026-08-02,120247753870250278,120247753837740278,5.56,5.01,73,13,76.22
2026-08-02,120247753880980278,120247753837740278,2.41,2.17,33,3,73.06
2026-08-02,120247753888530278,120247753837740278,1.46,1.31,17,1,85.63
2026-08-02,120247753901780278,120247753837740278,8.23,7.41,95,16,86.65
2026-08-02,120247768179410278,120247768179420278,0.01,0.01,1,0,8
2026-08-02,120247768344990278,120247768254900278,2.51,2.26,29,1,86.56
2026-08-02,120247768350600278,120247768254900278,3.08,2.77,62,9,49.62
2026-08-02,120247768356310278,120247768254900278,1.46,1.31,25,2,58.22
2026-08-02,120247768363360278,120247768254900278,6.63,5.97,76,9,87.29
2026-08-02,120247768370710278,120247768254900278,2.83,2.55,13,7,217.88
2026-08-02,120247768444270278,120247768444280278,8.17,7.35,73,13,111.9
2026-08-02,120247768553280278,120247768444280278,9.41,8.47,81,15,116.2
2026-08-02,120247768559710278,120247768444280278,1.83,1.65,34,3,53.92
2026-08-02,120247768566110278,120247768444280278,0,0,1,0,1.7
2026-08-02,120247768572330278,120247768444280278,3.78,3.4,52,9,72.64
2026-08-02,120247768594320278,120247768444280278,1.09,0.98,6,1,181.93
2026-08-02,120247768668500278,120247768668430278,5.26,4.73,70,6,75.08
2026-08-02,120247768725920278,120247768668430278,0.88,0.79,6,0,146.52
2026-08-02,120247768731050278,120247768668430278,18.66,16.8,90,19,207.38
2026-08-02,120247768736930278,120247768668430278,3.77,3.39,20,5,188.27
2026-08-02,120247768743240278,120247768668430278,4.35,3.91,80,7,54.32
2026-08-02,120247768754730278,120247768668430278,5.34,4.8,45,5,118.64
2026-08-02,120247768768140278,120247768768060278,0.52,0.47,7,1,74.1
2026-08-02,120247768802800278,120247768768060278,0.33,0.3,18,0,18.59
2026-08-02,120247768808810278,120247768768060278,17.74,15.96,227,44,78.14
2026-08-02,120247768816390278,120247768768060278,4.16,3.74,25,4,166.35
2026-08-02,120247768820650278,120247768768060278,5.95,5.36,26,3,229
2026-08-02,120247768824920278,120247768768060278,2.18,1.96,26,3,83.92
2026-08-02,120253406535550281,120253406535430281,12.26,11.04,165,26,74.33
2026-08-02,120253406611390281,120253406535430281,5.85,5.26,65,10,89.99
2026-08-02,120253406623060281,120253406535430281,3.27,2.94,32,9,102.17
2026-08-02,120253406631270281,120253406535430281,15.57,14.01,149,35,104.48
2026-08-02,120253406640860281,120253406535430281,10.33,9.3,49,9,210.8
2026-08-02,120253406659640281,120253406535430281,7.03,6.33,93,10,75.58
2026-08-02,120253406694290281,120253406694250281,11.13,10.02,121,19,91.99
2026-08-02,120253406774810281,120253406694250281,8.16,7.34,93,10,87.73
2026-08-02,120253406811390281,120253406694250281,2.25,2.03,28,2,80.54
2026-08-02,120253406815340281,120253406694250281,3.72,3.35,54,10,68.97
2026-08-02,120253406822870281,120253406694250281,14.31,12.88,62,12,230.81
2026-08-02,120253406852120281,120253406694250281,11.14,10.03,146,32,76.3
2026-08-02,120253406891930281,120253406891860281,8.85,7.97,118,17,75.03
2026-08-02,120253406978040281,120253406891860281,11.35,10.21,91,26,124.7
2026-08-02,120253406998850281,120253406891860281,5.96,5.36,45,6,132.33
2026-08-02,120253407003410281,120253406891860281,0.52,0.47,15,1,34.89
2026-08-02,120253407021750281,120253406891860281,0.33,0.3,4,1,83.1
2026-08-02,120253407039770281,120253406891860281,2.74,2.47,21,5,130.62
2026-08-02,120253407146350281,120253407074850281,0.01,0.01,2,0,3.25
2026-08-02,120253407221960281,120253407221890281,2.91,2.62,30,3,97.15
2026-08-02,120253407333460281,120253407221890281,20.19,18.17,123,20,164.12
2026-08-02,120253407349550281,120253407221890281,8.57,7.72,67,17,127.95
2026-08-02,120253407356150281,120253407221890281,5.97,5.37,92,11,64.89
2026-08-02,120253407402570281,120253407221890281,9.44,8.49,114,14,82.8
2026-08-02,120253407409760281,120253407221890281,5.82,5.24,81,15,71.84
2026-08-02,120253407539430281,120253407539350281,7.33,6.6,97,8,75.56
2026-08-02,120253407553070281,120253407539350281,8.98,8.08,129,17,69.58
2026-08-02,120253407556650281,120253407539350281,9.01,8.11,134,11,67.21
2026-08-02,120253407641490281,120253407539350281,5.58,5.02,95,10,58.76
2026-08-02,120253407759380281,120253407539350281,11.03,9.93,168,27,65.64
2026-08-02,120253407926920281,120253407539350281,7.24,6.51,105,12,68.91
2026-08-02,120253408396180281,120253408396060281,7.69,6.92,59,20,130.35
2026-08-02,120253409927790281,120253408396060281,6.77,6.1,48,12,141.1
2026-08-02,120253409946870281,120253408396060281,5.75,5.18,51,7,112.75
2026-08-02,120253409966970281,120253408396060281,3.46,3.12,62,5,55.84
2026-08-02,120253409983580281,120253408396060281,10.48,9.43,102,20,102.72
2026-08-02,120253410002420281,120253408396060281,9.13,8.22,80,14,114.17
2026-08-02,120253411255640281,120253411255550281,7.44,6.69,76,17,97.84
2026-08-02,120253411338910281,120253411255550281,1.92,1.73,25,1,76.9
2026-08-02,120253411360680281,120253411255550281,3.63,3.27,35,3,103.67
2026-08-02,120253411374160281,120253411255550281,3.84,3.46,62,10,61.99
2026-08-02,120253411400390281,120253411255550281,6.78,6.1,60,7,112.97
2026-08-02,120253411426250281,120253411255550281,2.82,2.54,32,6,88.08
2026-08-02,120253411538180281,120253411538090281,3.84,3.45,40,5,95.9
2026-08-02,120253411661520281,120253411538090281,1.18,1.06,20,4,58.97
2026-08-02,120253411699610281,120253411538090281,4.46,4.02,35,9,127.54
2026-08-02,120253411718390281,120253411538090281,0.83,0.74,15,4,55.06
2026-08-02,120253411755750281,120253411538090281,1.96,1.76,33,7,59.42
2026-08-02,120253411764760281,120253411538090281,4.29,3.87,49,8,87.64
2026-08-02,120253411910950281,120253411813950281,11.2,10.08,71,15,157.7
2026-08-02,120253411937390281,120253411813950281,12.58,11.32,175,41,71.87
2026-08-02,120253411974320281,120253411813950281,9.89,8.9,81,18,122.05
2026-08-02,120253411979140281,120253411813950281,4.93,4.44,55,15,89.67
2026-08-02,120253415477520281,120253415477530281,7.64,6.88,96,14,79.59
2026-08-02,120253415529740281,120253415477530281,9.34,8.41,90,20,103.83
2026-08-02,120253415533200281,120253415477530281,3.29,2.96,42,11,78.4
2026-08-02,120253415535590281,120253415477530281,4.66,4.2,46,7,101.36
2026-08-02,120253415537500281,120253415477530281,3.64,3.28,24,5,151.79
2026-08-02,120253415538610281,120253415477530281,3.56,3.21,86,10,41.42
2026-08-02,120253415545930281,120253415545840281,8.14,7.32,70,8,116.24
2026-08-02,120253415586070281,120253415545840281,3.06,2.75,39,7,78.38
2026-08-02,120253415593700281,120253415545840281,3.91,3.52,57,9,68.64
2026-08-02,120253415603370281,120253415545840281,8.72,7.85,106,18,82.26
2026-08-02,120253415608870281,120253415545840281,5.55,4.99,45,2,123.27
2026-08-02,120253415614300281,120253415545840281,3.16,2.84,57,8,55.35
2026-08-02,120253415627710281,120253415627640281,7.72,6.95,75,12,102.9
2026-08-02,120253415654240281,120253415627640281,7.81,7.03,85,21,91.85
2026-08-02,120253415659550281,120253415627640281,5.15,4.64,48,10,107.32
2026-08-02,120253415663260281,120253415627640281,9.46,8.52,83,15,114.03
2026-08-02,120253415684090281,120253415627640281,13.58,12.22,128,24,106.11
2026-08-02,120253415685920281,120253415627640281,4.81,4.33,67,8,71.75
2026-08-02,120253415695320281,120253415695250281,5.73,5.15,53,10,108.04
2026-08-02,120253415718880281,120253415695250281,8.3,7.47,75,7,110.73
2026-08-02,120253415721250281,120253415695250281,9.62,8.66,89,14,108.14
2026-08-02,120253415724350281,120253415695250281,10.32,9.29,78,19,132.33
2026-08-02,120253415726470281,120253415695250281,1.63,1.46,20,4,81.36
2026-08-02,120253415728580281,120253415695250281,11.35,10.21,107,23,106.05
2026-08-02,120253415735450281,120253415735410281,1.56,1.41,33,2,47.33
2026-08-02,120253415756030281,120253415735410281,1.69,1.52,27,7,62.6
2026-08-02,120253415760700281,120253415735410281,10.19,9.17,131,17,77.76
2026-08-02,120253415763830281,120253415735410281,0.01,0.01,2,0,7
2026-08-02,120253415768180281,120253415735410281,4.31,3.88,40,10,107.7
2026-08-02,120253415770520281,120253415735410281,1.22,1.1,13,1,93.76
2026-08-02,120253422809560281,120253422809490281,8.84,7.96,92,19,96.13
2026-08-02,120253422896760281,120253422809490281,6.1,5.49,41,4,148.72
2026-08-02,120253422900530281,120253422809490281,5.22,4.7,46,11,113.46
2026-08-02,120253422902890281,120253422809490281,6.45,5.8,76,13,84.85
2026-08-02,120253422905970281,120253422809490281,18.08,16.27,170,23,106.36
2026-08-02,120253422910030281,120253422809490281,1.3,1.17,28,1,46.5
2026-08-02,120253422925680281,120253422925690281,1.29,1.16,26,5,49.72
2026-08-02,120253423000780281,120253422925690281,22.88,20.59,196,33,116.72
2026-08-02,120253423005460281,120253422925690281,11.05,9.95,118,24,93.68
2026-08-02,120253423013640281,120253422925690281,3.13,2.82,54,9,58.04
2026-08-02,120253423021520281,120253422925690281,12.47,11.22,67,14,186.08
2026-08-02,120253423035590281,120253422925690281,4.82,4.34,58,11,83.17
2026-08-02,120253423108780281,120253423108790281,3.95,3.56,31,3,127.46
2026-08-02,120253423248640281,120253423108790281,3.07,2.76,54,7,56.87
2026-08-02,120253423294450281,120253423108790281,1.28,1.15,25,2,51.14
2026-08-02,120253423549100281,120253423108790281,21.44,19.3,216,18,99.27
2026-08-02,120253423574110281,120253423108790281,0.85,0.77,14,1,60.99
2026-08-02,120253423577250281,120253423108790281,4.65,4.18,43,4,108.12
2026-08-02,120253423590130281,120253423590020281,4.32,3.89,56,11,77.23
2026-08-02,120253423610380281,120253423590020281,5.2,4.68,49,10,106.21
2026-08-02,120253423614520281,120253423590020281,1.01,0.9,12,3,83.77
2026-08-02,120253423618130281,120253423590020281,1.99,1.79,14,1,142.19
2026-08-02,120253423621190281,120253423590020281,5.03,4.53,35,8,143.81
2026-08-02,120253423624560281,120253423590020281,0.59,0.53,29,1,20.29
2026-08-02,120253423634010281,120253423633890281,5.75,5.18,71,8,81.02
2026-08-02,120253423664560281,120253423633890281,9.26,8.34,69,14,134.25
2026-08-02,120253423675200281,120253423633890281,0.78,0.7,15,1,52.1
2026-08-02,120253423686830281,120253423633890281,2.24,2.01,36,3,62.09
2026-08-02,120253423701340281,120253423633890281,10.7,9.63,111,24,96.43
2026-08-02,120253423718910281,120253423633890281,3.89,3.5,32,9,121.66
2026-08-03,120247357080980278,120247357080990278,3.15,2.83,45,5,69.95
2026-08-03,120247357081010278,120247357080990278,6.83,6.14,70,5,97.52
2026-08-03,120247357081030278,120247357080990278,1.25,1.12,34,6,36.63
2026-08-03,120247357081040278,120247357080990278,1.32,1.18,25,3,52.66
2026-08-03,120247357081050278,120247357080990278,11.98,10.78,205,17,58.45
2026-08-03,120247357457050278,120247357456980278,17.82,16.04,256,35,69.6
2026-08-03,120247357457070278,120247357456980278,9.84,8.86,119,22,82.68
2026-08-03,120247357457080278,120247357456980278,7.72,6.95,102,17,75.71
2026-08-03,120247357457090278,120247357456980278,15.62,14.06,225,22,69.44
2026-08-03,120247357457100278,120247357456980278,3.57,3.22,65,7,54.98
2026-08-03,120247358420060278,120247358419970278,3.76,3.39,70,15,53.76
2026-08-03,120247358420070278,120247358419970278,10.81,9.73,141,25,76.68
2026-08-03,120247358420080278,120247358419970278,0.34,0.31,19,0,18.12
2026-08-03,120247359464720278,120247359464690278,8.84,7.96,77,15,114.84
2026-08-03,120247360141410278,120247360141370278,26.16,23.54,334,35,78.31
2026-08-03,120247360141480278,120247360141370278,5.42,4.88,121,12,44.81
2026-08-03,120247360141490278,120247360141370278,13.55,12.2,85,19,159.46
2026-08-03,120247360356790278,120247360356710278,3.9,3.51,46,10,84.78
2026-08-03,120247360356820278,120247360356710278,3.48,3.13,81,9,42.91
2026-08-03,120247360356830278,120247360356710278,6.89,6.2,75,11,91.83
2026-08-03,120247360531130278,120247360531070278,8.98,8.08,149,25,60.25
2026-08-03,120247360531140278,120247360531070278,16.46,14.81,261,31,63.05
2026-08-03,120247382323040278,120247382322970278,19.29,17.36,185,27,104.26
2026-08-03,120247382323050278,120247382322970278,22.84,20.55,293,38,77.94
2026-08-03,120247382323060278,120247382322970278,9.99,8.99,171,24,58.41
2026-08-03,120247382323070278,120247382322970278,16.35,14.71,182,37,89.82
2026-08-03,120247382323080278,120247382322970278,19.8,17.82,182,28,108.76
2026-08-03,120247382323090278,120247382322970278,25.55,22.99,247,44,103.44
2026-08-03,120247488168300278,120247488168210278,10.98,9.88,104,17,105.53
2026-08-03,120247488215910278,120247488168210278,14.21,12.78,121,31,117.4
2026-08-03,120247488220950278,120247488168210278,3.82,3.44,49,7,77.91
2026-08-03,120247488225850278,120247488168210278,7.87,7.08,122,16,64.51
2026-08-03,120247488230320278,120247488168210278,6.81,6.13,100,18,68.08
2026-08-03,120247488259350278,120247488259330278,14.71,13.24,160,29,91.94
2026-08-03,120247488474100278,120247488474000278,5.64,5.08,97,13,58.16
2026-08-03,120247488660110278,120247488474000278,6.7,6.03,77,10,86.99
2026-08-03,120247488793560278,120247488474000278,5,4.5,57,6,87.8
2026-08-03,120247488827940278,120247488474000278,15.37,13.83,226,34,67.99
2026-08-03,120247488854820278,120247488474000278,10.17,9.15,98,16,103.76
2026-08-03,120247488968980278,120247488930090278,9.95,8.95,141,30,70.55
2026-08-03,120247489016960278,120247488930090278,0.58,0.52,10,1,58.14
2026-08-03,120247489160520278,120247489056040278,28.28,25.46,397,54,71.24
2026-08-03,120247506249690278,120247506168050278,10.13,9.12,91,20,111.33
2026-08-03,120247506530130278,120247506424170278,5.26,4.73,77,15,68.32
2026-08-03,120247506542160278,120247506424170278,8.35,7.51,99,15,84.34
2026-08-03,120247753268600278,120247753268510278,8.71,7.84,133,15,65.47
2026-08-03,120247753333380278,120247753268510278,13.98,12.58,121,31,115.51
2026-08-03,120247753339060278,120247753268510278,5.65,5.08,54,5,104.58
2026-08-03,120247753343390278,120247753268510278,5.18,4.66,75,8,69.09
2026-08-03,120247753348540278,120247753268510278,0.48,0.43,12,0,40.16
2026-08-03,120247753359010278,120247753268510278,4.72,4.25,68,12,69.46
2026-08-03,120247753572160278,120247753572060278,14.92,13.43,158,30,94.46
2026-08-03,120247753631300278,120247753572060278,11.56,10.4,127,27,90.99
2026-08-03,120247753639190278,120247753572060278,13.18,11.86,170,28,77.52
2026-08-03,120247753647720278,120247753572060278,8.28,7.45,110,10,75.3
2026-08-03,120247753656710278,120247753572060278,15.88,14.29,197,31,80.61
2026-08-03,120247753677620278,120247753572060278,2.11,1.9,44,6,48.06
2026-08-03,120247753719190278,120247753719120278,15.36,13.82,184,47,83.48
2026-08-03,120247753784310278,120247753719120278,19.23,17.31,156,36,123.28
2026-08-03,120247753789900278,120247753719120278,0.43,0.39,13,2,33.34
2026-08-03,120247753798010278,120247753719120278,2.45,2.2,59,5,41.47
2026-08-03,120247753808800278,120247753719120278,8.45,7.6,75,18,112.65
2026-08-03,120247753817950278,120247753719120278,0.01,0.01,4,0,3.1
2026-08-03,120247753837730278,120247753837740278,1.1,0.99,25,3,44.04
2026-08-03,120247753859960278,120247753837740278,12.39,11.15,205,31,60.44
2026-08-03,120247753870250278,120247753837740278,0.87,0.78,13,2,66.87
2026-08-03,120247753880980278,120247753837740278,3.47,3.12,54,4,64.18
2026-08-03,120247753888530278,120247753837740278,1.7,1.53,22,2,77.3
2026-08-03,120247753901780278,120247753837740278,6.94,6.25,109,16,63.71
2026-08-03,120247768212490278,120247768179420278,0.16,0.15,6,2,27.42
2026-08-03,120247768229630278,120247768179420278,0.51,0.46,8,1,64.36
2026-08-03,120247768344990278,120247768254900278,6.26,5.64,63,8,99.41
2026-08-03,120247768350600278,120247768254900278,13.05,11.75,102,21,127.96
2026-08-03,120247768356310278,120247768254900278,4.63,4.17,17,5,272.35
2026-08-03,120247768363360278,120247768254900278,12.3,11.07,149,22,82.57
2026-08-03,120247768370710278,120247768254900278,7.51,6.76,78,11,96.23
2026-08-03,120247768444270278,120247768444280278,18.73,16.85,103,19,181.8
2026-08-03,120247768553280278,120247768444280278,6.86,6.17,105,13,65.31
2026-08-03,120247768559710278,120247768444280278,6.14,5.53,72,13,85.28
2026-08-03,120247768566110278,120247768444280278,1.21,1.09,46,2,26.36
2026-08-03,120247768572330278,120247768444280278,7.48,6.73,103,10,72.61
2026-08-03,120247768594320278,120247768444280278,10.07,9.06,124,16,81.22
2026-08-03,120247768668500278,120247768668430278,11.69,10.52,150,21,77.9
2026-08-03,120247768725920278,120247768668430278,6.98,6.28,100,11,69.82
2026-08-03,120247768731050278,120247768668430278,13.14,11.82,108,19,121.64
2026-08-03,120247768736930278,120247768668430278,18.11,16.3,120,24,150.9
2026-08-03,120247768743240278,120247768668430278,6.47,5.82,101,18,64.03
2026-08-03,120247768754730278,120247768668430278,6.44,5.79,96,20,67.06
2026-08-03,120247768768140278,120247768768060278,5.13,4.62,32,8,160.42
2026-08-03,120247768802800278,120247768768060278,8.83,7.95,91,16,97.03
2026-08-03,120247768808810278,120247768768060278,30.33,27.29,333,47,91.07
2026-08-03,120247768816390278,120247768768060278,2.69,2.42,16,5,168.03
2026-08-03,120247768820650278,120247768768060278,2.57,2.32,25,7,102.95
2026-08-03,120247768824920278,120247768768060278,5.18,4.66,67,6,77.34
2026-08-03,120247794164210278,120247794151750278,0,0,1,0,2.1
2026-08-03,120247794204880278,120247794204800278,2.72,2.44,23,3,118.06
2026-08-03,120247794228160278,120247794204800278,1.5,1.35,12,4,125.14
2026-08-03,120247794236560278,120247794204800278,1.71,1.54,17,3,100.76
2026-08-03,120247794239840278,120247794204800278,0.15,0.13,3,0,49.93
2026-08-03,120247794240840278,120247794204800278,0.13,0.12,3,1,43.9
2026-08-03,120247794347270278,120247794347280278,1.02,0.92,22,5,46.48
2026-08-03,120247794368940278,120247794347280278,0.91,0.82,6,3,151.95
2026-08-03,120247794376690278,120247794347280278,1.43,1.29,22,5,64.9
2026-08-03,120247794380340278,120247794347280278,0.3,0.27,5,1,59.92
2026-08-03,120247794399790278,120247794347280278,2.4,2.16,18,2,133.48
2026-08-03,120247796467940278,120247796467870278,0.89,0.8,8,0,111.31
2026-08-03,120247796568430278,120247796467870278,0.99,0.89,18,1,54.99
2026-08-03,120247796573020278,120247796467870278,2.5,2.25,27,4,92.73
2026-08-03,120247796575940278,120247796467870278,1.05,0.95,18,2,58.51
2026-08-03,120247796578200278,120247796467870278,4.21,3.79,44,8,95.77
2026-08-03,120247796580280278,120247796467870278,1.47,1.33,15,2,98.29
2026-08-03,120247796879110278,120247796826830278,3.69,3.32,43,7,85.9
2026-08-03,120247796929360278,120247796826830278,2.27,2.04,19,4,119.47
2026-08-03,120247796948250278,120247796826830278,0.18,0.16,11,1,16.24
2026-08-03,120247796953020278,120247796826830278,2.43,2.19,25,3,97.32
2026-08-03,120247796956800278,120247796826830278,3.06,2.75,28,5,109.24
2026-08-03,120247797055030278,120247796972560278,0,0,1,0,3.2
2026-08-03,120247797092170278,120247796972560278,0.74,0.66,22,0,33.56
2026-08-03,120247797128170278,120247796972560278,1.88,1.69,15,1,125.27
2026-08-03,120247797138580278,120247796972560278,10.44,9.4,139,18,75.11
2026-08-03,120247797143890278,120247796972560278,5.48,4.93,49,10,111.89
2026-08-03,120247797269130278,120247797269030278,2.02,1.82,22,6,91.79
2026-08-03,120247797318780278,120247797269030278,1.7,1.53,26,3,65.22
2026-08-03,120247797321970278,120247797269030278,0.51,0.46,7,0,72.43
2026-08-03,120247797324180278,120247797269030278,2.62,2.36,31,4,84.65
2026-08-03,120247797327560278,120247797269030278,1.83,1.65,23,3,79.49
2026-08-03,120247797331350278,120247797269030278,1.07,0.97,12,1,89.54
2026-08-03,120247797507310278,120247797507270278,1.8,1.62,11,2,163.87
2026-08-03,120247797542060278,120247797507270278,1.26,1.14,16,1,78.86
2026-08-03,120247797546330278,120247797507270278,0.01,0.01,4,0,3.02
2026-08-03,120247797557650278,120247797507270278,2.37,2.14,28,2,84.8
2026-08-03,120247797587850278,120247797507270278,1.42,1.27,11,4,128.68
2026-08-03,120253406535550281,120253406535430281,4.8,4.32,70,8,68.51
2026-08-03,120253406611390281,120253406535430281,4.49,4.04,92,13,48.82
2026-08-03,120253406623060281,120253406535430281,9.32,8.39,116,16,80.38
2026-08-03,120253406631270281,120253406535430281,8.17,7.35,97,19,84.2
2026-08-03,120253406640860281,120253406535430281,1.53,1.38,35,7,43.71
2026-08-03,120253406659640281,120253406535430281,11.97,10.77,98,16,122.16
2026-08-03,120253406694290281,120253406694250281,2.01,1.81,25,4,80.28
2026-08-03,120253406774810281,120253406694250281,9.63,8.67,106,20,90.85
2026-08-03,120253406811390281,120253406694250281,4.36,3.92,65,6,67.08
2026-08-03,120253406815340281,120253406694250281,4.66,4.2,85,9,54.85
2026-08-03,120253406822870281,120253406694250281,13.95,12.55,133,19,104.86
2026-08-03,120253406852120281,120253406694250281,13.13,11.82,127,18,103.37
2026-08-03,120253406891930281,120253406891860281,5.77,5.19,63,11,91.52
2026-08-03,120253406978040281,120253406891860281,2.38,2.14,27,6,88.21
2026-08-03,120253406998850281,120253406891860281,3.42,3.08,58,8,58.98
2026-08-03,120253407003410281,120253406891860281,1.88,1.69,36,5,52.17
2026-08-03,120253407021750281,120253406891860281,4.42,3.98,72,12,61.42
2026-08-03,120253407039770281,120253406891860281,2.47,2.23,31,6,79.83
2026-08-03,120253407221960281,120253407221890281,5.68,5.11,55,8,103.23
2026-08-03,120253407333460281,120253407221890281,13.13,11.81,150,15,87.5
2026-08-03,120253407349550281,120253407221890281,2.57,2.31,27,5,95.01
2026-08-03,120253407356150281,120253407221890281,7.73,6.96,73,16,105.94
2026-08-03,120253407402570281,120253407221890281,15.23,13.71,156,26,97.65
2026-08-03,120253407409760281,120253407221890281,3.53,3.17,37,3,95.28
2026-08-03,120253407539430281,120253407539350281,18.38,16.54,263,23,69.88
2026-08-03,120253407553070281,120253407539350281,10.18,9.16,113,13,90.07
2026-08-03,120253407556650281,120253407539350281,5.12,4.6,95,7,53.85
2026-08-03,120253407641490281,120253407539350281,8.26,7.43,155,16,53.29
2026-08-03,120253407759380281,120253407539350281,13.06,11.76,91,14,143.56
2026-08-03,120253407926920281,120253407539350281,11.34,10.21,143,14,79.33
2026-08-03,120253408396180281,120253408396060281,3.3,2.97,31,3,106.61
2026-08-03,120253409927790281,120253408396060281,1.21,1.09,9,2,134.28
2026-08-03,120253409946870281,120253408396060281,5.89,5.3,59,6,99.76
2026-08-03,120253409966970281,120253408396060281,7.77,7,107,14,72.65
2026-08-03,120253409983580281,120253408396060281,7.81,7.03,91,17,85.85
2026-08-03,120253410002420281,120253408396060281,2.2,1.98,25,3,87.84
2026-08-03,120253411255640281,120253411255550281,1.7,1.53,27,5,63.09
2026-08-03,120253411338910281,120253411255550281,3.24,2.91,61,7,53.05
2026-08-03,120253411360680281,120253411255550281,4.15,3.74,49,7,84.73
2026-08-03,120253411374160281,120253411255550281,8.04,7.23,118,18,68.12
2026-08-03,120253411400390281,120253411255550281,5.01,4.51,54,10,92.85
2026-08-03,120253411426250281,120253411255550281,0.02,0.02,2,0,8.5
2026-08-03,120253411755750281,120253411538090281,2.57,2.32,10,2,257.39
2026-08-03,120253411764760281,120253411538090281,0.36,0.33,3,0,121.6
2026-08-03,120253411910950281,120253411813950281,5.92,5.33,73,7,81.08
2026-08-03,120253411937390281,120253411813950281,10.58,9.52,86,19,123.04
2026-08-03,120253411974320281,120253411813950281,0.53,0.48,6,1,89.03
2026-08-03,120253411979140281,120253411813950281,9.85,8.86,112,13,87.93
2026-08-03,120253415477520281,120253415477530281,2.41,2.17,34,2,70.81
2026-08-03,120253415529740281,120253415477530281,3.96,3.56,70,10,56.54
2026-08-03,120253415533200281,120253415477530281,5.58,5.02,66,17,84.54
2026-08-03,120253415535590281,120253415477530281,0.37,0.33,11,2,33.64
2026-08-03,120253415537500281,120253415477530281,0.22,0.19,2,1,108.05
2026-08-03,120253415538610281,120253415477530281,4.38,3.94,91,9,48.11
2026-08-03,120253415545930281,120253415545840281,5.22,4.7,79,7,66.08
2026-08-03,120253415586070281,120253415545840281,0.82,0.74,26,2,31.51
2026-08-03,120253415593700281,120253415545840281,0.95,0.86,12,3,79.33
2026-08-03,120253415603370281,120253415545840281,6.99,6.29,77,18,90.81
2026-08-03,120253415608870281,120253415545840281,0.22,0.19,9,0,24
2026-08-03,120253415614300281,120253415545840281,2.95,2.65,69,5,42.72
2026-08-03,120253415627710281,120253415627640281,10.36,9.32,105,17,98.65
2026-08-03,120253415654240281,120253415627640281,5.02,4.52,78,10,64.33
2026-08-03,120253415659550281,120253415627640281,4.79,4.31,61,12,78.47
2026-08-03,120253415663260281,120253415627640281,4.3,3.87,77,13,55.79
2026-08-03,120253415684090281,120253415627640281,15.86,14.28,196,32,80.94
2026-08-03,120253415685920281,120253415627640281,6.51,5.86,88,18,73.96
2026-08-03,120253415695320281,120253415695250281,1.3,1.17,27,2,48.12
2026-08-03,120253415718880281,120253415695250281,11.72,10.54,110,25,106.51
2026-08-03,120253415721250281,120253415695250281,5.03,4.53,46,7,109.37
2026-08-03,120253415724350281,120253415695250281,7.07,6.36,91,16,77.66
2026-08-03,120253415726470281,120253415695250281,0.36,0.32,10,1,35.59
2026-08-03,120253415728580281,120253415695250281,4.47,4.03,57,9,78.49
2026-08-03,120253415735450281,120253415735410281,2.19,1.97,44,10,49.82
2026-08-03,120253415756030281,120253415735410281,0.11,0.1,7,1,16.26
2026-08-03,120253415760700281,120253415735410281,2.56,2.3,43,5,59.53
2026-08-03,120253415768180281,120253415735410281,0.8,0.72,23,2,34.83
2026-08-03,120253422809560281,120253422809490281,4.7,4.23,62,9,75.81
2026-08-03,120253422896760281,120253422809490281,2.22,2,35,8,63.55
2026-08-03,120253422900530281,120253422809490281,7.26,6.53,102,14,71.14
2026-08-03,120253422902890281,120253422809490281,18.92,17.02,204,34,92.72
2026-08-03,120253422905970281,120253422809490281,26.46,23.81,187,31,141.5
2026-08-03,120253422910030281,120253422809490281,5.16,4.64,61,13,84.58
2026-08-03,120253422925680281,120253422925690281,18.65,16.78,131,25,142.36
2026-08-03,120253423000780281,120253422925690281,33.13,29.82,361,64,91.77
2026-08-03,120253423005460281,120253422925690281,8.36,7.53,148,22,56.51
2026-08-03,120253423013640281,120253422925690281,9.58,8.63,110,15,87.12
2026-08-03,120253423021520281,120253422925690281,5.35,4.81,75,12,71.32
2026-08-03,120253423035590281,120253422925690281,24.91,22.42,289,46,86.19
2026-08-03,120253423108780281,120253423108790281,0.93,0.84,7,1,132.89
2026-08-03,120253423248640281,120253423108790281,1.64,1.48,35,3,46.83
2026-08-03,120253423294450281,120253423108790281,0.6,0.54,18,4,33.6
2026-08-03,120253423549100281,120253423108790281,3.18,2.86,66,6,48.22
2026-08-03,120253423574110281,120253423108790281,0.94,0.84,17,5,55.1
2026-08-03,120253423577250281,120253423108790281,0.6,0.54,8,0,75.25
2026-08-03,120253423590130281,120253423590020281,9.09,8.18,123,12,73.9
2026-08-03,120253423610380281,120253423590020281,3.77,3.39,54,11,69.76
2026-08-03,120253423614520281,120253423590020281,4.38,3.94,70,13,62.51
2026-08-03,120253423618130281,120253423590020281,3.25,2.92,64,8,50.72
2026-08-03,120253423621190281,120253423590020281,3.47,3.13,21,2,165.38
2026-08-03,120253423624560281,120253423590020281,3.28,2.95,54,4,60.77
2026-08-03,120253423634010281,120253423633890281,7.34,6.61,54,9,136
2026-08-03,120253423664560281,120253423633890281,6.48,5.83,83,11,78.03
2026-08-03,120253423675200281,120253423633890281,3.24,2.91,18,3,179.86
2026-08-03,120253423686830281,120253423633890281,5.53,4.98,70,13,78.98
2026-08-03,120253423701340281,120253423633890281,7.49,6.74,98,11,76.38
2026-08-03,120253423718910281,120253423633890281,8.49,7.64,101,15,84.08
2026-08-03,120253428682050281,120253428682030281,1.09,0.98,10,2,108.86
2026-08-03,120253428698900281,120253428682030281,1.03,0.92,13,3,78.95
2026-08-03,120253428701830281,120253428682030281,1.22,1.1,14,3,87.09
2026-08-03,120253428704860281,120253428682030281,0.2,0.18,9,1,21.68
2026-08-03,120253428707890281,120253428682030281,2.9,2.61,37,5,78.41
2026-08-03,120253428726940281,120253428726860281,0,0,3,0,1.4
2026-08-03,120253428739300281,120253428726860281,2.97,2.67,22,2,134.81
2026-08-03,120253428745740281,120253428726860281,8.68,7.82,16,3,542.8
2026-08-03,120253428747820281,120253428726860281,3.89,3.5,41,10,94.89
2026-08-03,120253428749630281,120253428726860281,2.16,1.94,43,4,50.16
2026-08-03,120253428755700281,120253428755630281,2.49,2.24,32,7,77.85
2026-08-03,120253428768520281,120253428755630281,4.26,3.84,48,6,88.84
2026-08-03,120253428772810281,120253428755630281,1.24,1.11,16,4,77.38
2026-08-03,120253428775060281,120253428755630281,6.21,5.59,91,10,68.22
2026-08-03,120253428777030281,120253428755630281,2.34,2.1,29,6,80.57
2026-08-03,120253428778770281,120253428755630281,2.97,2.67,29,5,102.37
2026-08-03,120253428784400281,120253428784320281,0.67,0.6,8,1,83.44
2026-08-03,120253428817070281,120253428784320281,1.09,0.98,18,2,60.73
2026-08-03,120253428858230281,120253428784320281,1.11,1,14,3,79.52
2026-08-03,120253428860840281,120253428784320281,1.5,1.35,10,2,149.53
2026-08-03,120253428863400281,120253428784320281,0.31,0.28,10,0,30.65
2026-08-03,120253428866700281,120253428784320281,0.37,0.34,14,3,26.64
2026-08-03,120253428881520281,120253428881450281,2.19,1.97,32,3,68.47
2026-08-03,120253428924330281,120253428881450281,7.34,6.61,60,18,122.33
2026-08-03,120253428925220281,120253428881450281,2.97,2.67,25,4,118.62
2026-08-03,120253428928030281,120253428881450281,2.87,2.58,15,7,191.35
2026-08-03,120253428929360281,120253428881450281,6.96,6.26,42,15,165.65
2026-08-04,120247357080980278,120247357080990278,2.05,1.85,36,9,56.99
2026-08-04,120247357081010278,120247357080990278,7.93,7.14,119,19,66.67
2026-08-04,120247357081030278,120247357080990278,1.59,1.43,29,4,54.67
2026-08-04,120247357081040278,120247357080990278,2.34,2.1,36,8,64.92
2026-08-04,120247357081050278,120247357080990278,8.73,7.85,123,12,70.94
2026-08-04,120247357457050278,120247357456980278,6,5.4,140,12,42.82
2026-08-04,120247357457070278,120247357456980278,9.09,8.18,157,29,57.92
2026-08-04,120247357457080278,120247357456980278,6.43,5.79,101,18,63.64
2026-08-04,120247357457090278,120247357456980278,14.48,13.03,223,31,64.94
2026-08-04,120247357457100278,120247357456980278,4.08,3.67,51,9,80.01
2026-08-04,120247358420060278,120247358419970278,5.55,5,87,22,63.81
2026-08-04,120247358420070278,120247358419970278,4.36,3.93,67,11,65.11
2026-08-04,120247358420080278,120247358419970278,1.53,1.37,17,3,89.78
2026-08-04,120247359464720278,120247359464690278,7.84,7.06,62,15,126.49
2026-08-04,120247360141410278,120247360141370278,15.72,14.15,144,25,109.19
2026-08-04,120247360141480278,120247360141370278,9.08,8.17,96,12,94.6
2026-08-04,120247360141490278,120247360141370278,12.03,10.83,117,21,102.82
2026-08-04,120247360356790278,120247360356710278,3.89,3.5,75,12,51.86
2026-08-04,120247360356820278,120247360356710278,2.08,1.88,23,3,90.58
2026-08-04,120247360356830278,120247360356710278,6.11,5.5,115,13,53.1
2026-08-04,120247360531130278,120247360531070278,4.29,3.87,73,12,58.83
2026-08-04,120247360531140278,120247360531070278,9.84,8.86,119,20,82.68
2026-08-04,120247382323040278,120247382322970278,9.37,8.43,107,15,87.59
2026-08-04,120247382323050278,120247382322970278,9.62,8.65,120,16,80.13
2026-08-04,120247382323060278,120247382322970278,12.54,11.29,98,21,127.96
2026-08-04,120247382323070278,120247382322970278,14.57,13.11,153,31,95.21
2026-08-04,120247382323080278,120247382322970278,7.85,7.07,95,17,82.67
2026-08-04,120247382323090278,120247382322970278,5.63,5.07,129,19,43.66
2026-08-04,120247488168300278,120247488168210278,8.51,7.66,92,15,92.51
2026-08-04,120247488215910278,120247488168210278,11.14,10.03,140,19,79.56
2026-08-04,120247488220950278,120247488168210278,9.07,8.16,76,14,119.32
2026-08-04,120247488225850278,120247488168210278,18.03,16.23,150,27,120.22
2026-08-04,120247488230320278,120247488168210278,7.25,6.53,99,19,73.27
2026-08-04,120247488259350278,120247488259330278,7.73,6.96,139,20,55.62
2026-08-04,120247488474100278,120247488474000278,10.52,9.47,112,26,93.96
2026-08-04,120247488660110278,120247488474000278,6.9,6.21,101,11,68.28
2026-08-04,120247488793560278,120247488474000278,5.83,5.25,61,13,95.55
2026-08-04,120247488827940278,120247488474000278,11.37,10.24,168,28,67.69
2026-08-04,120247488854820278,120247488474000278,4.45,4,61,9,72.87
2026-08-04,120247488968980278,120247488930090278,8.43,7.59,133,21,63.42
2026-08-04,120247489160520278,120247489056040278,11.53,10.38,176,23,65.51
2026-08-04,120247506249690278,120247506168050278,1.85,1.67,9,4,205.58
2026-08-04,120247506530130278,120247506424170278,2.84,2.56,48,6,59.24
2026-08-04,120247506542160278,120247506424170278,7.31,6.58,64,15,114.22
2026-08-04,120247753268600278,120247753268510278,4.13,3.72,97,11,42.61
2026-08-04,120247753333380278,120247753268510278,4.48,4.03,45,8,99.53
2026-08-04,120247753339060278,120247753268510278,3.53,3.18,68,5,51.95
2026-08-04,120247753343390278,120247753268510278,1.5,1.35,27,4,55.48
2026-08-04,120247753348540278,120247753268510278,0.6,0.54,9,1,66.72
2026-08-04,120247753359010278,120247753268510278,9.9,8.91,72,11,137.44
2026-08-04,120247753572160278,120247753572060278,11.46,10.31,128,28,89.5
2026-08-04,120247753631300278,120247753572060278,3.08,2.77,41,2,75.02
2026-08-04,120247753639190278,120247753572060278,9.35,8.42,68,21,137.56
2026-08-04,120247753647720278,120247753572060278,11.5,10.35,170,18,67.66
2026-08-04,120247753656710278,120247753572060278,17.57,15.81,145,26,121.14
2026-08-04,120247753677620278,120247753572060278,0.21,0.19,8,0,26.46
2026-08-04,120247753719190278,120247753719120278,8.94,8.04,65,9,137.49
2026-08-04,120247753784310278,120247753719120278,2.17,1.96,54,5,40.25
2026-08-04,120247753789900278,120247753719120278,0.08,0.07,6,0,12.58
2026-08-04,120247753798010278,120247753719120278,0.58,0.52,18,1,32.25
2026-08-04,120247753808800278,120247753719120278,0.42,0.37,9,2,46.26
2026-08-04,120247753817950278,120247753719120278,0.16,0.14,2,1,78.8
2026-08-04,120247753859960278,120247753837740278,6.17,5.55,93,20,66.29
2026-08-04,120247753870250278,120247753837740278,0,0,1,0,2
2026-08-04,120247753880980278,120247753837740278,5.4,4.86,42,9,128.68
2026-08-04,120247753888530278,120247753837740278,3.09,2.78,26,3,118.7
2026-08-04,120247753901780278,120247753837740278,3.94,3.55,61,8,64.65
2026-08-04,120247768344990278,120247768254900278,3.44,3.09,49,1,70.11
2026-08-04,120247768350600278,120247768254900278,1.99,1.79,44,8,45.12
2026-08-04,120247768356310278,120247768254900278,0.01,0.01,1,0,8.6
2026-08-04,120247768363360278,120247768254900278,4.29,3.86,63,9,68.16
2026-08-04,120247768370710278,120247768254900278,0.34,0.31,6,1,57.23
2026-08-04,120247768444270278,120247768444280278,6.66,6,70,20,95.17
2026-08-04,120247768553280278,120247768444280278,0.32,0.28,4,1,79
2026-08-04,120247768559710278,120247768444280278,4.82,4.34,44,11,109.62
2026-08-04,120247768572330278,120247768444280278,8.04,7.24,119,18,67.6
2026-08-04,120247768594320278,120247768444280278,10.99,9.89,141,22,77.91
2026-08-04,120247768668500278,120247768668430278,7.22,6.5,96,15,75.22
2026-08-04,120247768725920278,120247768668430278,4.64,4.17,61,8,76.03
2026-08-04,120247768731050278,120247768668430278,7.53,6.78,34,11,221.56
2026-08-04,120247768736930278,120247768668430278,1.02,0.92,24,4,42.58
2026-08-04,120247768743240278,120247768668430278,5.49,4.94,79,10,69.5
2026-08-04,120247768754730278,120247768668430278,0.05,0.05,3,1,17.53
2026-08-04,120247768768140278,120247768768060278,10.75,9.68,107,14,100.5
2026-08-04,120247768802800278,120247768768060278,3.55,3.2,63,5,56.42
2026-08-04,120247768808810278,120247768768060278,18.72,16.85,189,39,99.04
2026-08-04,120247768820650278,120247768768060278,5.38,4.85,83,16,64.88
2026-08-04,120247768824920278,120247768768060278,8.63,7.76,75,14,115.03
2026-08-04,120247794204880278,120247794204800278,1.03,0.93,7,1,147.64
2026-08-04,120247794228160278,120247794204800278,0.4,0.36,5,1,79.5
2026-08-04,120247794237790278,120247794204800278,0.43,0.39,3,0,144.93
2026-08-04,120247794239840278,120247794204800278,0.41,0.37,8,2,51.77
2026-08-04,120247794240840278,120247794204800278,0.66,0.59,9,0,72.89
2026-08-04,120247794329770278,120247794260070278,0.23,0.21,2,0,114.9
2026-08-04,120247794333630278,120247794260070278,0,0,2,0,1.85
2026-08-04,120247794347270278,120247794347280278,1.91,1.72,13,2,146.81
2026-08-04,120247794368940278,120247794347280278,1.68,1.51,20,3,84.13
2026-08-04,120247794376690278,120247794347280278,1.73,1.56,24,5,72.02
2026-08-04,120247794380340278,120247794347280278,2.43,2.19,18,3,135.18
2026-08-04,120247794388320278,120247794347280278,1.89,1.7,26,2,72.67
2026-08-04,120247794399790278,120247794347280278,0.48,0.43,3,1,161
2026-08-04,120247796467940278,120247796467870278,1.73,1.56,26,4,66.71
2026-08-04,120247796568430278,120247796467870278,1.04,0.94,12,3,86.68
2026-08-04,120247796573020278,120247796467870278,5.55,4.99,65,8,85.32
2026-08-04,120247796575940278,120247796467870278,4.65,4.19,42,6,110.81
2026-08-04,120247796578200278,120247796467870278,0.25,0.22,13,0,19.04
2026-08-04,120247796580280278,120247796467870278,1.76,1.59,24,4,73.46
2026-08-04,120247796826920278,120247796826830278,0.66,0.59,22,2,29.79
2026-08-04,120247796879110278,120247796826830278,6.2,5.58,83,16,74.73
2026-08-04,120247796929360278,120247796826830278,1.3,1.17,19,0,68.34
2026-08-04,120247796948250278,120247796826830278,3.89,3.5,26,4,149.75
2026-08-04,120247796953020278,120247796826830278,0.35,0.32,13,1,26.94
2026-08-04,120247796956800278,120247796826830278,0.04,0.03,7,0,5.3
2026-08-04,120247796972630278,120247796972560278,0.59,0.53,8,2,74.06
2026-08-04,120247797055030278,120247796972560278,4.4,3.96,37,5,118.91
2026-08-04,120247797092170278,120247796972560278,2.87,2.58,37,6,77.61
2026-08-04,120247797128170278,120247796972560278,1.46,1.32,31,3,47.25
2026-08-04,120247797138580278,120247796972560278,2.69,2.42,23,7,117.06
2026-08-04,120247797143890278,120247796972560278,1.64,1.47,35,4,46.75
2026-08-04,120247797269130278,120247797269030278,1.91,1.72,32,5,59.65
2026-08-04,120247797318780278,120247797269030278,3.67,3.3,60,10,61.12
2026-08-04,120247797321970278,120247797269030278,5.05,4.55,30,4,168.45
2026-08-04,120247797324180278,120247797269030278,5.83,5.24,42,4,138.75
2026-08-04,120247797327560278,120247797269030278,6.64,5.98,84,22,79.09
2026-08-04,120247797331350278,120247797269030278,1.9,1.71,33,6,57.59
2026-08-04,120247797507310278,120247797507270278,3.58,3.22,45,12,79.55
2026-08-04,120247797542060278,120247797507270278,6.59,5.93,90,9,73.17
2026-08-04,120247797546330278,120247797507270278,1.52,1.37,32,3,47.52
2026-08-04,120247797557650278,120247797507270278,1.36,1.22,29,5,46.81
2026-08-04,120247797563720278,120247797507270278,0.1,0.09,5,0,19.18
2026-08-04,120247797587850278,120247797507270278,0.52,0.47,5,0,103.96
2026-08-04,120247820515490278,120247820515500278,6.63,5.96,40,4,165.69
2026-08-04,120247820541780278,120247820515500278,3.15,2.84,46,8,68.48
2026-08-04,120247820550760278,120247820515500278,1.1,0.99,25,1,43.9
2026-08-04,120247820561410278,120247820515500278,0.76,0.68,19,4,40.02
2026-08-04,120247820571850278,120247820515500278,0.38,0.34,4,1,95.2
2026-08-04,120247820576040278,120247820515500278,3.62,3.26,65,8,55.65
2026-08-04,120247820591590278,120247820591600278,3,2.7,41,4,73.12
2026-08-04,120247820635940278,120247820591600278,4.24,3.81,20,6,211.8
2026-08-04,120247820644920278,120247820591600278,2.64,2.37,32,5,82.37
2026-08-04,120247820656040278,120247820591600278,5.92,5.32,64,14,92.43
2026-08-04,120247820662320278,120247820591600278,0.92,0.83,15,5,61.61
2026-08-04,120247820679540278,120247820591600278,3.27,2.95,38,8,86.14
2026-08-04,120247820828710278,120247820828620278,2.46,2.21,26,7,94.63
2026-08-04,120247820855730278,120247820828620278,2.71,2.44,26,0,104.33
2026-08-04,120247820863330278,120247820828620278,2.66,2.39,21,4,126.53
2026-08-04,120247820867870278,120247820828620278,2.54,2.29,25,5,101.76
2026-08-04,120247820871440278,120247820828620278,1.67,1.51,24,8,69.77
2026-08-04,120247820879080278,120247820828620278,0.36,0.32,15,0,23.79
2026-08-04,120247820894460278,120247820894360278,4.82,4.34,34,8,141.77
2026-08-04,120247820917600278,120247820894360278,1.05,0.94,20,2,52.31
2026-08-04,120247820928030278,120247820894360278,0.91,0.82,8,0,113.98
2026-08-04,120247820951910278,120247820894360278,2.29,2.06,33,6,69.45
2026-08-04,120247820965250278,120247820894360278,1.44,1.29,16,5,89.82
2026-08-04,120247821828360278,120247821464630278,0.74,0.67,17,1,43.58
2026-08-04,120247821848280278,120247821464630278,0.39,0.35,8,1,48.3
2026-08-04,120247821868950278,120247821868880278,0.05,0.05,4,0,13.15
2026-08-04,120247821940850278,120247821868880278,0.37,0.33,8,1,46.29
2026-08-04,120247821966990278,120247821868880278,0.06,0.05,5,0,12.22
2026-08-04,120247821987070278,120247821868880278,1.28,1.16,50,5,25.68
2026-08-04,120247822019620278,120247821868880278,1.18,1.06,16,2,73.76
2026-08-04,120247822046990278,120247822047000278,0.25,0.22,2,1,124.9
2026-08-04,120247822100450278,120247822047000278,5.05,4.54,31,8,162.89
2026-08-04,120247822112860278,120247822047000278,7.66,6.89,48,13,159.51
2026-08-04,120247822118830278,120247822047000278,1.31,1.18,26,4,50.48
2026-08-04,120247822122310278,120247822047000278,0,0,1,0,2.6
2026-08-04,120247822126780278,120247822047000278,0.14,0.13,4,0,36.17
2026-08-04,120247822249050278,120247822248970278,2.2,1.98,33,6,66.8
2026-08-04,120247822275040278,120247822248970278,0.64,0.58,9,0,71.22
2026-08-04,120247822296620278,120247822248970278,2.32,2.09,15,5,154.49
2026-08-04,120247822303740278,120247822248970278,5.57,5.01,40,7,139.2
2026-08-04,120253406535550281,120253406535430281,0.47,0.42,17,0,27.53
2026-08-04,120253406611390281,120253406535430281,0.89,0.8,13,2,68.23
2026-08-04,120253406623060281,120253406535430281,14.79,13.31,201,39,73.58
2026-08-04,120253406631270281,120253406535430281,0.95,0.85,27,6,35.11
2026-08-04,120253406640860281,120253406535430281,1.08,0.97,13,2,82.95
2026-08-04,120253406659640281,120253406535430281,19.53,17.57,107,24,182.5
2026-08-04,120253406694290281,120253406694250281,0.01,0.01,2,0,3.4
2026-08-04,120253406774810281,120253406694250281,5.13,4.62,59,13,86.94
2026-08-04,120253406811390281,120253406694250281,0.47,0.43,10,3,47.25
2026-08-04,120253406815340281,120253406694250281,0.83,0.75,14,2,59.61
2026-08-04,120253406822870281,120253406694250281,8.51,7.66,83,12,102.56
2026-08-04,120253406852120281,120253406694250281,1.25,1.12,20,3,62.33
2026-08-04,120253406891930281,120253406891860281,2.5,2.25,30,4,83.19
2026-08-04,120253406978040281,120253406891860281,0.05,0.04,1,0,47.4
2026-08-04,120253406998850281,120253406891860281,9.32,8.39,80,7,116.49
2026-08-04,120253407003410281,120253406891860281,0.6,0.54,19,2,31.35
2026-08-04,120253407021750281,120253406891860281,5.39,4.85,53,10,101.65
2026-08-04,120253407221960281,120253407221890281,0.37,0.33,6,1,61.47
2026-08-04,120253407333460281,120253407221890281,6.53,5.87,99,10,65.91
2026-08-04,120253407356150281,120253407221890281,0.19,0.17,10,1,19.44
2026-08-04,120253407402570281,120253407221890281,4.68,4.21,90,23,51.99
2026-08-04,120253407409760281,120253407221890281,5.9,5.31,81,16,72.89
2026-08-04,120253407539430281,120253407539350281,9.71,8.74,156,18,62.26
2026-08-04,120253407553070281,120253407539350281,4.26,3.84,52,9,81.99
2026-08-04,120253407556650281,120253407539350281,1.64,1.48,26,6,63.11
2026-08-04,120253407641490281,120253407539350281,4.09,3.68,46,9,88.98
2026-08-04,120253407759380281,120253407539350281,4.23,3.81,65,12,65.08
2026-08-04,120253407926920281,120253407539350281,2.49,2.24,31,6,80.36
2026-08-04,120253408396180281,120253408396060281,0.8,0.72,11,3,73.07
2026-08-04,120253409927790281,120253408396060281,0.1,0.09,7,1,14.23
2026-08-04,120253409946870281,120253408396060281,5.79,5.21,39,7,148.5
2026-08-04,120253409966970281,120253408396060281,5.08,4.57,58,13,87.58
2026-08-04,120253409983580281,120253408396060281,9.36,8.43,81,15,115.58
2026-08-04,120253411255640281,120253411255550281,0.16,0.14,8,1,19.74
2026-08-04,120253411338910281,120253411255550281,0.57,0.51,13,3,43.89
2026-08-04,120253411360680281,120253411255550281,3.99,3.6,45,9,88.77
2026-08-04,120253411374160281,120253411255550281,0.71,0.64,24,2,29.61
2026-08-04,120253411400390281,120253411255550281,0.69,0.62,10,2,69.42
2026-08-04,120253411910950281,120253411813950281,6.84,6.16,108,16,63.35
2026-08-04,120253411937390281,120253411813950281,9.57,8.62,60,10,159.54
2026-08-04,120253411974320281,120253411813950281,0.41,0.37,2,0,204.55
2026-08-04,120253411979140281,120253411813950281,0.77,0.69,6,3,128.32
2026-08-04,120253415477520281,120253415477530281,0.01,0.01,1,0,8.7
2026-08-04,120253415529740281,120253415477530281,0.02,0.02,1,0,16.9
2026-08-04,120253415533200281,120253415477530281,0.32,0.28,4,1,79.08
2026-08-04,120253415545930281,120253415545840281,0.2,0.18,2,0,100.85
2026-08-04,120253415586070281,120253415545840281,0.18,0.16,4,0,45.03
2026-08-04,120253415627710281,120253415627640281,1.77,1.59,33,3,53.59
2026-08-04,120253415654240281,120253415627640281,2.32,2.09,35,8,66.3
2026-08-04,120253415659550281,120253415627640281,5.23,4.71,29,8,180.37
2026-08-04,120253415663260281,120253415627640281,6.69,6.02,67,10,99.81
2026-08-04,120253415684090281,120253415627640281,7.65,6.89,101,17,75.77
2026-08-04,120253415685920281,120253415627640281,3.95,3.55,66,5,59.83
2026-08-04,120253415718880281,120253415695250281,1.18,1.07,29,1,40.81
2026-08-04,120253415721250281,120253415695250281,6.61,5.95,40,7,165.18
2026-08-04,120253415724350281,120253415695250281,3.99,3.59,36,7,110.76
2026-08-04,120253415728580281,120253415695250281,2.04,1.83,26,5,78.39
2026-08-04,120253422809560281,120253422809490281,2.21,1.99,29,7,76.36
2026-08-04,120253422896760281,120253422809490281,3.17,2.86,54,6,58.79
2026-08-04,120253422900530281,120253422809490281,17.92,16.12,158,16,113.39
2026-08-04,120253422902890281,120253422809490281,18.15,16.34,192,32,94.54
2026-08-04,120253422905970281,120253422809490281,15.21,13.69,148,28,102.77
2026-08-04,120253422910030281,120253422809490281,4.94,4.44,60,10,82.29
2026-08-04,120253422925680281,120253422925690281,5.03,4.53,55,14,91.53
2026-08-04,120253423000780281,120253422925690281,14.36,12.92,168,24,85.46
2026-08-04,120253423005460281,120253422925690281,15.3,13.77,129,17,118.6
2026-08-04,120253423013640281,120253422925690281,6.31,5.68,101,14,62.44
2026-08-04,120253423021520281,120253422925690281,6.54,5.89,97,11,67.46
2026-08-04,120253423035590281,120253422925690281,17.47,15.72,208,28,83.97
2026-08-04,120253423108780281,120253423108790281,0.01,0.01,1,0,7.1
2026-08-04,120253423294450281,120253423108790281,0.02,0.02,1,0,20.8
2026-08-04,120253423590130281,120253423590020281,7.94,7.15,71,15,111.83
2026-08-04,120253423610380281,120253423590020281,5.68,5.11,77,12,73.78
2026-08-04,120253423614520281,120253423590020281,0.69,0.62,19,2,36.46
2026-08-04,120253423618130281,120253423590020281,0.55,0.5,4,1,138.05
2026-08-04,120253423621190281,120253423590020281,6.04,5.44,41,6,147.39
2026-08-04,120253423624560281,120253423590020281,3.31,2.98,69,9,48
2026-08-04,120253423634010281,120253423633890281,2.04,1.84,13,3,156.94
2026-08-04,120253423664560281,120253423633890281,14.2,12.78,127,24,111.81
2026-08-04,120253423675200281,120253423633890281,0.96,0.86,21,3,45.66
2026-08-04,120253423686830281,120253423633890281,4.24,3.81,83,10,51.04
2026-08-04,120253423701340281,120253423633890281,17.72,15.95,139,35,127.47
2026-08-04,120253423718910281,120253423633890281,3.36,3.03,57,6,59.03
2026-08-04,120253428682050281,120253428682030281,4.03,3.62,54,9,74.59
2026-08-04,120253428698900281,120253428682030281,0.73,0.66,13,2,56.04
2026-08-04,120253428701830281,120253428682030281,0.33,0.3,16,1,20.83
2026-08-04,120253428704860281,120253428682030281,0.2,0.18,5,1,40.72
2026-08-04,120253428707890281,120253428682030281,5.9,5.31,62,12,95.18
2026-08-04,120253428717860281,120253428682030281,3.55,3.19,38,6,93.4
2026-08-04,120253428726940281,120253428726860281,0.01,0.01,3,0,2.33
2026-08-04,120253428739300281,120253428726860281,0.47,0.42,18,1,25.88
2026-08-04,120253428745740281,120253428726860281,4.68,4.22,61,9,76.8
2026-08-04,120253428747820281,120253428726860281,2.31,2.08,41,6,56.35
2026-08-04,120253428749630281,120253428726860281,3.87,3.48,64,7,60.5
2026-08-04,120253428752090281,120253428726860281,0,0,1,0,0.7
2026-08-04,120253428755700281,120253428755630281,13.37,12.04,140,29,95.52
2026-08-04,120253428768520281,120253428755630281,8.15,7.34,104,20,78.39
2026-08-04,120253428772810281,120253428755630281,4.06,3.66,45,6,90.33
2026-08-04,120253428775060281,120253428755630281,2.97,2.67,83,7,35.75
2026-08-04,120253428777030281,120253428755630281,3.32,2.99,51,8,65.11
2026-08-04,120253428778770281,120253428755630281,3.61,3.25,77,3,46.85
2026-08-04,120253428784400281,120253428784320281,0.13,0.12,5,1,26.62
2026-08-04,120253428817070281,120253428784320281,5.05,4.55,74,9,68.28
2026-08-04,120253428858230281,120253428784320281,2.42,2.18,48,7,50.36
2026-08-04,120253428860840281,120253428784320281,3.45,3.1,24,4,143.7
2026-08-04,120253428863400281,120253428784320281,2.61,2.35,31,7,84.05
2026-08-04,120253428866700281,120253428784320281,0.62,0.56,12,2,51.99
2026-08-04,120253428881520281,120253428881450281,4,3.6,43,4,93.07
2026-08-04,120253428924330281,120253428881450281,1.09,0.98,17,5,64.06
2026-08-04,120253428925220281,120253428881450281,4.68,4.21,60,17,78.02
2026-08-04,120253428927060281,120253428881450281,0.89,0.8,12,3,73.86
2026-08-04,120253428928030281,120253428881450281,2.88,2.59,37,4,77.81
2026-08-04,120253428929360281,120253428881450281,1.02,0.92,9,1,113.26
2026-08-04,120253463450360281,120253463450370281,0.62,0.56,14,1,44.1
2026-08-04,120253463567850281,120253463450370281,0.5,0.45,6,2,83.32
2026-08-04,120253463576570281,120253463450370281,0.32,0.29,15,3,21.32
2026-08-04,120253463585430281,120253463450370281,0.76,0.68,19,2,39.9
2026-08-04,120253463592030281,120253463450370281,2.68,2.41,37,4,72.34
2026-08-04,120253463600660281,120253463450370281,3.88,3.49,61,10,63.55
2026-08-04,120253464056810281,120253464056690281,2.34,2.1,16,5,146.01
2026-08-04,120253464081350281,120253464056690281,0.98,0.88,7,2,139.3
2026-08-04,120253464088910281,120253464056690281,1.29,1.16,11,2,117.3
2026-08-04,120253464091590281,120253464056690281,1.42,1.28,16,2,88.66
2026-08-04,120253464096330281,120253464056690281,3.21,2.89,24,3,133.85
2026-08-04,120253464099200281,120253464056690281,1.04,0.94,19,2,54.97
2026-08-04,120253464120750281,120253464120680281,1.75,1.58,29,6,60.48
2026-08-04,120253464203130281,120253464120680281,2.16,1.94,21,2,102.9
2026-08-04,120253464209290281,120253464120680281,5.16,4.64,66,9,78.13
2026-08-04,120253464215330281,120253464120680281,5.37,4.83,43,5,124.85
2026-08-04,120253464217740281,120253464120680281,2.15,1.93,38,7,56.56
2026-08-04,120253464238420281,120253464120680281,0.91,0.82,22,2,41.56
2026-08-04,120253464315370281,120253463915160281,0.02,0.02,1,0,23.1
2026-08-04,120253464315380281,120253463915160281,0.04,0.03,2,0,17.85
2026-08-04,120253464315400281,120253463915160281,2.62,2.36,24,6,109.13
2026-08-04,120253464315410281,120253463915160281,1.86,1.67,25,1,74.38
2026-08-04,120253464315420281,120253463915160281,5.77,5.2,60,10,96.22
2026-08-04,120253464385490281,120253464385310281,0.78,0.7,17,3,45.94
2026-08-04,120253464442800281,120253464385310281,2.71,2.44,25,5,108.44
2026-08-04,120253464459870281,120253464385310281,0.8,0.72,3,1,266.37
2026-08-04,120253464469150281,120253464385310281,0.63,0.57,14,1,45.06
2026-08-04,120253464476760281,120253464385310281,5.84,5.26,46,8,127.03
2026-08-05,120247357081010278,120247357080990278,7.28,6.55,108,19,67.38
2026-08-05,120247357081050278,120247357080990278,3.6,3.24,54,10,66.63
2026-08-05,120247357457050278,120247357456980278,5.74,5.17,57,11,100.69
2026-08-05,120247357457070278,120247357456980278,8.87,7.98,98,16,90.48
2026-08-05,120247357457080278,120247357456980278,5.63,5.07,76,17,74.06
2026-08-05,120247357457090278,120247357456980278,8.06,7.25,156,14,51.66
2026-08-05,120247357457100278,120247357456980278,6.45,5.81,80,15,80.68
2026-08-05,120247358420060278,120247358419970278,5.83,5.25,73,13,79.83
2026-08-05,120247358420070278,120247358419970278,4.3,3.87,81,14,53.05
2026-08-05,120247359464720278,120247359464690278,11.17,10.05,80,21,139.62
2026-08-05,120247360141410278,120247360141370278,14.29,12.86,139,22,102.78
2026-08-05,120247360141480278,120247360141370278,11.26,10.14,115,14,97.94
2026-08-05,120247360141490278,120247360141370278,4.46,4.01,92,13,48.44
2026-08-05,120247360356790278,120247360356710278,8,7.2,84,19,95.23
2026-08-05,120247360356820278,120247360356710278,0.57,0.52,24,3,23.94
2026-08-05,120247360356830278,120247360356710278,16.64,14.97,212,40,78.47
2026-08-05,120247360531130278,120247360531070278,5.95,5.35,75,13,79.3
2026-08-05,120247360531140278,120247360531070278,11.8,10.62,177,29,66.68
2026-08-05,120247382323040278,120247382322970278,16.51,14.86,144,32,114.63
2026-08-05,120247382323050278,120247382322970278,6.4,5.76,89,23,71.89
2026-08-05,120247382323060278,120247382322970278,12.62,11.36,157,21,80.4
2026-08-05,120247382323070278,120247382322970278,19.45,17.5,220,46,88.39
2026-08-05,120247382323080278,120247382322970278,7.22,6.5,100,12,72.24
2026-08-05,120247382323090278,120247382322970278,8.2,7.38,101,19,81.17
2026-08-05,120247488168300278,120247488168210278,12.52,11.27,144,20,86.96
2026-08-05,120247488215910278,120247488168210278,14.84,13.36,148,26,100.27
2026-08-05,120247488220950278,120247488168210278,7.19,6.47,76,15,94.63
2026-08-05,120247488225850278,120247488168210278,8.93,8.04,107,18,83.5
2026-08-05,120247488230320278,120247488168210278,7.11,6.4,88,16,80.76
2026-08-05,120247488259350278,120247488259330278,14.45,13.01,137,28,105.5
2026-08-05,120247488474100278,120247488474000278,3.47,3.12,48,9,72.25
2026-08-05,120247488660110278,120247488474000278,10.51,9.46,84,10,125.11
2026-08-05,120247488793560278,120247488474000278,1.46,1.32,30,6,48.81
2026-08-05,120247488827940278,120247488474000278,14.38,12.94,161,20,89.29
2026-08-05,120247488854820278,120247488474000278,6.7,6.03,94,8,71.24
2026-08-05,120247488968980278,120247488930090278,8.07,7.26,115,25,70.17
2026-08-05,120247489160520278,120247489056040278,37.04,33.34,409,68,90.56
2026-08-05,120247506530130278,120247506424170278,0,0,1,0,2.9
2026-08-05,120247506542160278,120247506424170278,2.14,1.93,38,4,56.31
2026-08-05,120247753268600278,120247753268510278,5.93,5.33,60,9,98.79
2026-08-05,120247753333380278,120247753268510278,3.37,3.03,41,6,82.19
2026-08-05,120247753339060278,120247753268510278,6.38,5.74,51,6,125.15
2026-08-05,120247753343390278,120247753268510278,2.83,2.55,28,6,101.13
2026-08-05,120247753359010278,120247753268510278,6.54,5.89,70,15,93.49
2026-08-05,120247753572160278,120247753572060278,11.2,10.08,135,20,82.95
2026-08-05,120247753631300278,120247753572060278,9.95,8.96,71,9,140.15
2026-08-05,120247753639190278,120247753572060278,1.53,1.37,30,3,50.92
2026-08-05,120247753647720278,120247753572060278,26.06,23.46,332,46,78.51
2026-08-05,120247753656710278,120247753572060278,11.29,10.17,164,22,68.87
2026-08-05,120247753719190278,120247753719120278,7.66,6.89,78,15,98.18
2026-08-05,120247753784310278,120247753719120278,6.58,5.92,116,13,56.74
2026-08-05,120247753859960278,120247753837740278,8.67,7.8,162,21,53.52
2026-08-05,120247753880980278,120247753837740278,1.98,1.78,48,1,41.31
2026-08-05,120247753901780278,120247753837740278,3.73,3.35,74,13,50.37
2026-08-05,120247768344990278,120247768254900278,5.65,5.08,82,11,68.89
2026-08-05,120247768350600278,120247768254900278,1.49,1.34,27,3,55.35
2026-08-05,120247768363360278,120247768254900278,4.08,3.67,61,6,66.89
2026-08-05,120247768370710278,120247768254900278,0.36,0.32,3,0,119.07
2026-08-05,120247768444270278,120247768444280278,4.03,3.63,61,6,66.08
2026-08-05,120247768559710278,120247768444280278,5.35,4.82,45,16,118.97
2026-08-05,120247768572330278,120247768444280278,4.49,4.04,87,10,51.65
2026-08-05,120247768594320278,120247768444280278,3.37,3.04,60,6,56.23
2026-08-05,120247768668500278,120247768668430278,8.91,8.02,105,21,84.86
2026-08-05,120247768725920278,120247768668430278,4.95,4.45,81,11,61.11
2026-08-05,120247768731050278,120247768668430278,9.78,8.81,100,23,97.85
2026-08-05,120247768736930278,120247768668430278,1.11,1,4,3,277.45
2026-08-05,120247768743240278,120247768668430278,12.31,11.08,111,24,110.88
2026-08-05,120247768754730278,120247768668430278,0.07,0.07,2,1,37.45
2026-08-05,120247768768140278,120247768768060278,1.79,1.61,31,2,57.73
2026-08-05,120247768802800278,120247768768060278,5.17,4.65,64,12,80.71
2026-08-05,120247768808810278,120247768768060278,21.16,19.04,277,30,76.38
2026-08-05,120247768820650278,120247768768060278,8.3,7.47,37,5,224.32
2026-08-05,120247768824920278,120247768768060278,5.98,5.38,78,14,76.7
2026-08-05,120247794239840278,120247794204800278,0.79,0.71,3,1,261.93
2026-08-05,120247794347270278,120247794347280278,0.49,0.44,4,1,123.08
2026-08-05,120247794368940278,120247794347280278,0.41,0.37,2,1,204.95
2026-08-05,120247794388320278,120247794347280278,0,0,1,0,3.2
2026-08-05,120247794399790278,120247794347280278,0,0,1,0,2.8
2026-08-05,120247796467940278,120247796467870278,0.42,0.38,2,0,211.95
2026-08-05,120247796568430278,120247796467870278,0,0,1,0,4
2026-08-05,120247796573020278,120247796467870278,1.31,1.18,18,1,72.67
2026-08-05,120247796575940278,120247796467870278,3.66,3.29,49,11,74.66
2026-08-05,120247796580280278,120247796467870278,0.92,0.83,9,0,102.04
2026-08-05,120247796826920278,120247796826830278,2.25,2.02,22,7,102.18
2026-08-05,120247796879110278,120247796826830278,3.03,2.72,29,5,104.33
2026-08-05,120247796948250278,120247796826830278,0.13,0.12,3,1,44.53
2026-08-05,120247796956800278,120247796826830278,0,0,1,0,1.3
2026-08-05,120247797055030278,120247796972560278,1.8,1.62,23,0,78.26
2026-08-05,120247797092170278,120247796972560278,0.31,0.28,6,1,52.15
2026-08-05,120247797128170278,120247796972560278,3.8,3.42,28,1,135.6
2026-08-05,120247797138580278,120247796972560278,2.44,2.2,14,3,174.56
2026-08-05,120247797143890278,120247796972560278,2.7,2.43,47,5,57.55
2026-08-05,120247797269130278,120247797269030278,1.38,1.24,17,1,81.35
2026-08-05,120247797318780278,120247797269030278,0.5,0.45,7,0,71.44
2026-08-05,120247797321970278,120247797269030278,0.49,0.44,17,3,28.89
2026-08-05,120247797324180278,120247797269030278,0.69,0.62,13,1,53.31
2026-08-05,120247797327560278,120247797269030278,1.94,1.74,25,3,77.45
2026-08-05,120247797331350278,120247797269030278,0.43,0.39,4,2,108.6
2026-08-05,120247797507310278,120247797507270278,1.39,1.25,14,3,99.18
2026-08-05,120247797542060278,120247797507270278,7.64,6.88,82,18,93.23
2026-08-05,120247797546330278,120247797507270278,0.59,0.53,18,3,33.02
2026-08-05,120247797557650278,120247797507270278,4.56,4.1,35,8,130.17
2026-08-05,120247820515490278,120247820515500278,4.01,3.61,44,9,91.1
2026-08-05,120247820541780278,120247820515500278,5.18,4.67,64,14,80.99
2026-08-05,120247820550760278,120247820515500278,7.3,6.57,64,16,113.99
2026-08-05,120247820561410278,120247820515500278,5.24,4.72,61,5,85.98
2026-08-05,120247820571850278,120247820515500278,0.56,0.5,12,2,46.69
2026-08-05,120247820576040278,120247820515500278,7,6.3,65,10,107.65
2026-08-05,120247820591590278,120247820591600278,0.07,0.06,6,1,11.75
2026-08-05,120247820635940278,120247820591600278,3.8,3.42,18,4,210.99
2026-08-05,120247820644920278,120247820591600278,6.76,6.08,64,13,105.58
2026-08-05,120247820656040278,120247820591600278,4.65,4.18,77,7,60.36
2026-08-05,120247820662320278,120247820591600278,1.87,1.68,40,3,46.64
2026-08-05,120247820679540278,120247820591600278,0.89,0.8,19,3,46.81
2026-08-05,120247820828710278,120247820828620278,2.9,2.61,30,6,96.69
2026-08-05,120247820855730278,120247820828620278,5.03,4.53,26,3,193.52
2026-08-05,120247820863330278,120247820828620278,4.04,3.64,71,10,56.92
2026-08-05,120247820867870278,120247820828620278,8.68,7.82,30,9,289.48
2026-08-05,120247820871440278,120247820828620278,6.93,6.24,41,6,169.02
2026-08-05,120247820879080278,120247820828620278,10.09,9.08,35,1,288.36
2026-08-05,120247820894460278,120247820894360278,3.1,2.79,22,3,141.03
2026-08-05,120247820917600278,120247820894360278,1.26,1.13,15,4,83.77
2026-08-05,120247820928030278,120247820894360278,2.22,2,26,8,85.54
2026-08-05,120247820942330278,120247820894360278,0.01,0.01,2,0,6
2026-08-05,120247820951910278,120247820894360278,0.96,0.86,14,1,68.41
2026-08-05,120247820965250278,120247820894360278,2.12,1.91,15,4,141.65
2026-08-05,120247821464700278,120247821464630278,0.52,0.47,14,1,37.27
2026-08-05,120247821810570278,120247821464630278,0.55,0.5,11,3,50.2
2026-08-05,120247821820870278,120247821464630278,2.48,2.23,44,3,56.41
2026-08-05,120247821828360278,120247821464630278,1.68,1.51,36,6,46.71
2026-08-05,120247821837280278,120247821464630278,2.23,2.01,15,4,148.86
2026-08-05,120247821848280278,120247821464630278,2.95,2.65,44,5,67.02
2026-08-05,120247821868950278,120247821868880278,1.07,0.96,25,3,42.79
2026-08-05,120247821940850278,120247821868880278,5.05,4.55,49,8,103.07
2026-08-05,120247821966990278,120247821868880278,4.24,3.81,37,15,114.5
2026-08-05,120247821987070278,120247821868880278,6.72,6.05,72,6,93.32
2026-08-05,120247822006950278,120247821868880278,11.68,10.51,99,19,117.98
2026-08-05,120247822019620278,120247821868880278,4.26,3.83,43,7,98.99
2026-08-05,120247822046990278,120247822047000278,4.92,4.43,35,8,140.51
2026-08-05,120247822100450278,120247822047000278,5.92,5.33,60,8,98.7
2026-08-05,120247822112860278,120247822047000278,3.79,3.41,47,6,80.73
2026-08-05,120247822118830278,120247822047000278,2.04,1.83,20,2,101.94
2026-08-05,120247822122310278,120247822047000278,2.6,2.34,20,4,130.01
2026-08-05,120247822126780278,120247822047000278,1.46,1.31,38,7,38.39
2026-08-05,120247822249050278,120247822248970278,1.95,1.76,36,10,54.25
2026-08-05,120247822275040278,120247822248970278,7.66,6.9,123,13,62.3
2026-08-05,120247822285260278,120247822248970278,1.67,1.5,16,4,104.39
2026-08-05,120247822296620278,120247822248970278,1.68,1.52,19,6,88.63
2026-08-05,120247822303740278,120247822248970278,3.06,2.76,51,5,60.08
2026-08-05,120247822311930278,120247822248970278,6.45,5.81,63,15,102.39
2026-08-05,120247851538880278,120247851538820278,3.75,3.38,25,3,150.08
2026-08-05,120247851646490278,120247851538820278,0.01,0.01,3,0,2.2
2026-08-05,120247851671460278,120247851538820278,0.84,0.76,13,1,64.61
2026-08-05,120247851697130278,120247851538820278,1.77,1.59,22,5,80.5
2026-08-05,120247851738670278,120247851538820278,0.95,0.85,10,2,94.55
2026-08-05,120247851790370278,120247851538820278,1,0.9,19,3,52.86
2026-08-05,120247852157620278,120247852157360278,2.9,2.61,22,4,131.86
2026-08-05,120247852194640278,120247852157360278,10.42,9.38,103,19,101.17
2026-08-05,120247852217870278,120247852157360278,2.54,2.29,45,7,56.54
2026-08-05,120247852230800278,120247852157360278,8.95,8.06,82,19,109.19
2026-08-05,120247852240720278,120247852157360278,4.02,3.62,20,5,200.9
2026-08-05,120247852291670278,120247852291590278,3.71,3.34,38,8,97.64
2026-08-05,120247852331040278,120247852291590278,11.39,10.26,108,19,105.51
2026-08-05,120247852344760278,120247852291590278,4.23,3.8,29,6,145.76
2026-08-05,120247852359280278,120247852291590278,6.51,5.86,15,1,434.32
2026-08-05,120247852377810278,120247852291590278,0.98,0.88,8,1,122.56
2026-08-05,120247852396100278,120247852291590278,0.18,0.16,2,1,91.4
2026-08-05,120247852465660278,120247852465620278,2.61,2.34,29,5,89.84
2026-08-05,120247852558940278,120247852465620278,1.49,1.34,16,3,93.36
2026-08-05,120247852565710278,120247852465620278,11.99,10.8,37,12,324.19
2026-08-05,120247855943690278,120247855943600278,2.49,2.25,30,7,83.15
2026-08-05,120247856009420278,120247855943600278,1.71,1.54,40,8,42.8
2026-08-05,120247856014920278,120247855943600278,0.37,0.33,10,2,36.61
2026-08-05,120247856024270278,120247855943600278,0.22,0.2,12,1,18.07
2026-08-05,120247856056660278,120247856056590278,5.84,5.25,71,13,82.19
2026-08-05,120247856129530278,120247856056590278,4.4,3.96,49,7,89.88
2026-08-05,120247856135340278,120247856056590278,1.02,0.91,26,7,39.04
2026-08-05,120247856138670278,120247856056590278,0.78,0.7,10,3,77.53
2026-08-05,120247856141810278,120247856056590278,1.6,1.44,18,0,88.88
2026-08-05,120247856145880278,120247856056590278,0.73,0.66,20,2,36.65
2026-08-05,120247856312700278,120247856312660278,2.51,2.26,39,5,64.43
2026-08-05,120247856365350278,120247856312660278,1.7,1.53,53,8,32.02
2026-08-05,120247856386010278,120247856312660278,2.15,1.94,47,9,45.8
2026-08-05,120247856415450278,120247856312660278,6.83,6.14,77,23,88.65
2026-08-05,120247856599050278,120247856312660278,5.74,5.17,69,9,83.22
2026-08-05,120247856608070278,120247856312660278,4.95,4.45,42,6,117.75
2026-08-05,120247856633450278,120247856633350278,4.4,3.96,41,8,107.34
2026-08-05,120247856660550278,120247856633350278,12.01,10.81,105,13,114.38
2026-08-05,120247856668690278,120247856633350278,2.41,2.17,26,4,92.82
2026-08-05,120247856672630278,120247856633350278,4.91,4.42,59,8,83.2
2026-08-05,120247856679370278,120247856633350278,9.27,8.34,64,15,144.84
2026-08-05,120247856684580278,120247856633350278,3.88,3.49,42,7,92.35
2026-08-05,120247856724190278,120247856724080278,0.13,0.12,7,1,18.53
2026-08-05,120247856752040278,120247856724080278,2.04,1.84,18,5,113.57
2026-08-05,120247856757990278,120247856724080278,2.42,2.18,27,3,89.64
2026-08-05,120247856764540278,120247856724080278,0.7,0.63,6,2,117
2026-08-05,120247856774430278,120247856724080278,1.86,1.67,38,4,48.83
2026-08-05,120247856781020278,120247856724080278,2.96,2.67,32,5,92.63
2026-08-05,120253406611390281,120253406535430281,0.69,0.62,4,1,172
2026-08-05,120253406623060281,120253406535430281,1.22,1.1,13,1,93.95
2026-08-05,120253406631270281,120253406535430281,0.01,0.01,1,0,12.8
2026-08-05,120253406659640281,120253406535430281,0.74,0.67,10,3,74.24
2026-08-05,120253406774810281,120253406694250281,4.83,4.35,29,5,166.66
2026-08-05,120253406822870281,120253406694250281,3.98,3.59,22,2,181.09
2026-08-05,120253406852120281,120253406694250281,0.01,0.01,4,0,2.65
2026-08-05,120253406891930281,120253406891860281,3.09,2.78,33,8,93.67
2026-08-05,120253406998850281,120253406891860281,0.73,0.66,23,2,31.8
2026-08-05,120253407333460281,120253407221890281,5.57,5.01,90,17,61.91
2026-08-05,120253407402570281,120253407221890281,4.39,3.95,67,8,65.51
2026-08-05,120253407409760281,120253407221890281,1.06,0.95,19,6,55.77
2026-08-05,120253407539430281,120253407539350281,0.11,0.1,4,1,26.77
2026-08-05,120253407553070281,120253407539350281,0.11,0.1,6,1,17.88
2026-08-05,120253407556650281,120253407539350281,0.67,0.6,6,0,111.93
2026-08-05,120253407641490281,120253407539350281,0.55,0.5,9,1,61.62
2026-08-05,120253407759380281,120253407539350281,0.11,0.09,5,0,21.02
2026-08-05,120253407926920281,120253407539350281,0.86,0.78,6,1,143.7
2026-08-05,120253409946870281,120253408396060281,1.2,1.08,12,0,99.69
2026-08-05,120253409966970281,120253408396060281,0.81,0.73,20,1,40.55
2026-08-05,120253409983580281,120253408396060281,2.71,2.44,25,7,108.53
2026-08-05,120253411338910281,120253411255550281,0.06,0.05,2,0,29.9
2026-08-05,120253411360680281,120253411255550281,1.02,0.91,15,5,67.69
2026-08-05,120253411910950281,120253411813950281,5.85,5.26,66,13,88.6
2026-08-05,120253411937390281,120253411813950281,0.02,0.02,5,0,3.86
2026-08-05,120253415627710281,120253415627640281,0.96,0.87,5,2,192.58
2026-08-05,120253415654240281,120253415627640281,0.41,0.37,6,0,69
2026-08-05,120253415659550281,120253415627640281,1.48,1.33,20,2,74.07
2026-08-05,120253415663260281,120253415627640281,1.9,1.71,22,3,86.54
2026-08-05,120253415684090281,120253415627640281,3.51,3.16,37,7,94.8
2026-08-05,120253415685920281,120253415627640281,2.53,2.28,49,5,51.72
2026-08-05,120253415724350281,120253415695250281,0,0,1,0,1.5
2026-08-05,120253422809560281,120253422809490281,3.85,3.47,31,5,124.33
2026-08-05,120253422896760281,120253422809490281,6.61,5.95,85,14,77.78
2026-08-05,120253422900530281,120253422809490281,4.45,4.01,85,4,52.36
2026-08-05,120253422902890281,120253422809490281,14.99,13.49,206,33,72.78
2026-08-05,120253422905970281,120253422809490281,11.96,10.77,85,10,140.75
2026-08-05,120253422910030281,120253422809490281,3.01,2.71,40,7,75.14
2026-08-05,120253422925680281,120253422925690281,2.12,1.91,29,4,73.23
2026-08-05,120253423000780281,120253422925690281,17,15.3,223,33,76.23
2026-08-05,120253423005460281,120253422925690281,11.66,10.5,118,15,98.84
2026-08-05,120253423013640281,120253422925690281,7.37,6.63,71,16,103.79
2026-08-05,120253423021520281,120253422925690281,7.32,6.58,53,8,138.05
2026-08-05,120253423035590281,120253422925690281,13.92,12.53,105,14,132.62
2026-08-05,120253423590130281,120253423590020281,2.85,2.57,17,3,167.65
2026-08-05,120253423610380281,120253423590020281,0.78,0.7,7,1,111.89
2026-08-05,120253423614520281,120253423590020281,0.01,0.01,3,0,4.87
2026-08-05,120253423621190281,120253423590020281,0.46,0.41,19,1,24.11
2026-08-05,120253423624560281,120253423590020281,2.73,2.46,49,6,55.76
2026-08-05,120253423634010281,120253423633890281,1.24,1.11,9,0,137.58
2026-08-05,120253423664560281,120253423633890281,1.62,1.46,33,6,49.04
2026-08-05,120253423686830281,120253423633890281,3.39,3.05,34,9,99.71
2026-08-05,120253423701340281,120253423633890281,5.94,5.35,39,12,152.42
2026-08-05,120253423718910281,120253423633890281,3.23,2.91,35,10,92.26
2026-08-05,120253428682050281,120253428682030281,1.35,1.21,16,2,84.07
2026-08-05,120253428698900281,120253428682030281,0.14,0.13,1,0,140
2026-08-05,120253428701830281,120253428682030281,1.39,1.25,4,2,347.85
2026-08-05,120253428704860281,120253428682030281,0.25,0.22,12,2,20.65
2026-08-05,120253428707890281,120253428682030281,7.63,6.86,66,13,115.55
2026-08-05,120253428717860281,120253428682030281,0.29,0.26,7,1,40.97
2026-08-05,120253428739300281,120253428726860281,1.41,1.27,11,3,127.82
2026-08-05,120253428745740281,120253428726860281,1.85,1.66,26,4,71.13
2026-08-05,120253428747820281,120253428726860281,3.54,3.19,68,11,52.08
2026-08-05,120253428749630281,120253428726860281,3.33,3,45,7,74.08
2026-08-05,120253428755700281,120253428755630281,8.01,7.21,105,22,76.28
2026-08-05,120253428768520281,120253428755630281,4.62,4.16,62,6,74.48
2026-08-05,120253428772810281,120253428755630281,7.73,6.96,66,8,117.16
2026-08-05,120253428775060281,120253428755630281,8.76,7.88,119,19,73.58
2026-08-05,120253428777030281,120253428755630281,1.73,1.55,42,7,41.11
2026-08-05,120253428778770281,120253428755630281,7.56,6.81,56,9,135.04
2026-08-05,120253428784400281,120253428784320281,1.06,0.95,2,0,527.9
2026-08-05,120253428817070281,120253428784320281,0.39,0.35,13,3,29.69
2026-08-05,120253428858230281,120253428784320281,0.27,0.25,2,0,136.8
2026-08-05,120253428860840281,120253428784320281,0.2,0.18,5,0,40.88
2026-08-05,120253428863400281,120253428784320281,7.97,7.17,99,15,80.51
2026-08-05,120253428866700281,120253428784320281,4.46,4.02,26,8,171.66
2026-08-05,120253428881520281,120253428881450281,1.91,1.72,25,4,76.26
2026-08-05,120253428924330281,120253428881450281,0.13,0.12,9,0,14.97
2026-08-05,120253428925220281,120253428881450281,2.87,2.58,56,7,51.24
2026-08-05,120253428928030281,120253428881450281,0.9,0.81,14,3,64.62
2026-08-05,120253463450360281,120253463450370281,0.89,0.8,22,4,40.47
2026-08-05,120253463567850281,120253463450370281,1.32,1.19,21,5,63.09
2026-08-05,120253463576570281,120253463450370281,6.03,5.42,67,12,89.93
2026-08-05,120253463585430281,120253463450370281,0.27,0.24,13,0,20.54
2026-08-05,120253463592030281,120253463450370281,7.59,6.83,104,20,73.01
2026-08-05,120253463600660281,120253463450370281,2.13,1.92,33,6,64.66
2026-08-05,120253464056810281,120253464056690281,1.37,1.24,35,6,39.26
2026-08-05,120253464081350281,120253464056690281,3.57,3.21,22,4,162.24
2026-08-05,120253464088910281,120253464056690281,4.64,4.17,45,5,103
2026-08-05,120253464091590281,120253464056690281,7.98,7.18,94,14,84.86
2026-08-05,120253464096330281,120253464056690281,1.75,1.58,15,1,117
2026-08-05,120253464099200281,120253464056690281,1.23,1.11,32,2,38.57
2026-08-05,120253464120750281,120253464120680281,6.14,5.52,70,8,87.65
2026-08-05,120253464203130281,120253464120680281,1.23,1.11,8,1,153.59
2026-08-05,120253464209290281,120253464120680281,2.09,1.88,33,3,63.42
2026-08-05,120253464215330281,120253464120680281,1.9,1.71,16,4,118.91
2026-08-05,120253464217740281,120253464120680281,0.08,0.07,9,0,9.18
2026-08-05,120253464238420281,120253464120680281,1.76,1.58,10,0,175.55
2026-08-05,120253464315370281,120253463915160281,0.46,0.42,17,1,27.26
2026-08-05,120253464315380281,120253463915160281,0.64,0.57,12,0,53.03
2026-08-05,120253464315390281,120253463915160281,3.17,2.86,35,3,90.67
2026-08-05,120253464315400281,120253463915160281,6.38,5.74,31,10,205.71
2026-08-05,120253464315410281,120253463915160281,0.06,0.05,2,0,28.7
2026-08-05,120253464315420281,120253463915160281,1.93,1.74,29,6,66.67
2026-08-05,120253464385490281,120253464385310281,5.22,4.7,77,12,67.75
2026-08-05,120253464442800281,120253464385310281,5.78,5.2,52,11,111.1
2026-08-05,120253464459870281,120253464385310281,5.29,4.76,45,2,117.58
2026-08-05,120253464464390281,120253464385310281,7.32,6.58,67,5,109.19
2026-08-05,120253464469150281,120253464385310281,0.63,0.56,17,2,36.83
2026-08-05,120253464476760281,120253464385310281,1.33,1.19,19,4,69.77
2026-08-06,120247357081010278,120247357080990278,13.6,12.24,122,22,111.46
2026-08-06,120247357081050278,120247357080990278,0.43,0.38,13,2,32.78
2026-08-06,120247357457050278,120247357456980278,10.17,9.15,125,21,81.34
2026-08-06,120247357457070278,120247357456980278,7.22,6.5,99,21,72.93
2026-08-06,120247357457080278,120247357456980278,3.55,3.19,62,10,57.21
2026-08-06,120247357457090278,120247357456980278,17.59,15.83,189,23,93.08
2026-08-06,120247357457100278,120247357456980278,6.98,6.28,129,14,54.11
2026-08-06,120247358420060278,120247358419970278,1.33,1.2,21,4,63.42
2026-08-06,120247358420070278,120247358419970278,12.06,10.85,149,32,80.92
2026-08-06,120247359464720278,120247359464690278,12.6,11.34,102,18,123.58
2026-08-06,120247360141410278,120247360141370278,16.64,14.97,191,28,87.09
2026-08-06,120247360141480278,120247360141370278,8.64,7.78,139,19,62.17
2026-08-06,120247360141490278,120247360141370278,8.31,7.48,117,13,71.04
2026-08-06,120247360356790278,120247360356710278,4.58,4.12,64,11,71.61
2026-08-06,120247360356830278,120247360356710278,7.25,6.53,81,15,89.56
2026-08-06,120247360531130278,120247360531070278,11.47,10.33,136,22,84.37
2026-08-06,120247360531140278,120247360531070278,21.38,19.24,223,32,95.86
2026-08-06,120247382323040278,120247382322970278,13.97,12.58,161,26,86.79
2026-08-06,120247382323050278,120247382322970278,6.87,6.19,104,17,66.09
2026-08-06,120247382323060278,120247382322970278,12.26,11.03,144,23,85.12
2026-08-06,120247382323070278,120247382322970278,6.32,5.69,104,12,60.76
2026-08-06,120247382323080278,120247382322970278,9.03,8.13,117,18,77.17
2026-08-06,120247382323090278,120247382322970278,18.01,16.21,168,30,107.22
2026-08-06,120247488168300278,120247488168210278,7.82,7.04,121,16,64.65
2026-08-06,120247488215910278,120247488168210278,3.95,3.56,56,9,70.56
2026-08-06,120247488220950278,120247488168210278,3.01,2.71,53,7,56.82
2026-08-06,120247488225850278,120247488168210278,1.41,1.27,26,1,54.07
2026-08-06,120247488230320278,120247488168210278,10.64,9.57,105,19,101.31
2026-08-06,120247488259350278,120247488259330278,6.58,5.93,110,14,59.85
2026-08-06,120247488474100278,120247488474000278,12.16,10.94,148,27,82.14
2026-08-06,120247488660110278,120247488474000278,15.69,14.12,71,19,221.05
2026-08-06,120247488793560278,120247488474000278,3.54,3.19,51,12,69.44
2026-08-06,120247488827940278,120247488474000278,8.99,8.09,92,7,97.76
2026-08-06,120247488854820278,120247488474000278,23.59,21.23,203,30,116.21
2026-08-06,120247488968980278,120247488930090278,8.76,7.88,147,23,59.56
2026-08-06,120247489160520278,120247489056040278,10.68,9.61,183,22,58.38
2026-08-06,120247506542160278,120247506424170278,8.52,7.67,86,11,99.07
2026-08-06,120247753268600278,120247753268510278,1.98,1.79,30,7,66.16
2026-08-06,120247753333380278,120247753268510278,5.19,4.67,61,8,85.13
2026-08-06,120247753339060278,120247753268510278,4.7,4.23,48,5,97.92
2026-08-06,120247753343390278,120247753268510278,7.27,6.54,93,11,78.16
2026-08-06,120247753359010278,120247753268510278,9.84,8.86,105,24,93.74
2026-08-06,120247753572160278,120247753572060278,16.63,14.96,180,45,92.37
2026-08-06,120247753631300278,120247753572060278,7.71,6.94,64,10,120.41
2026-08-06,120247753639190278,120247753572060278,3.56,3.21,70,9,50.88
2026-08-06,120247753647720278,120247753572060278,19,17.1,172,14,110.44
2026-08-06,120247753656710278,120247753572060278,7.83,7.04,96,18,81.53
2026-08-06,120247753719190278,120247753719120278,6.29,5.66,82,14,76.71
2026-08-06,120247753784310278,120247753719120278,8.63,7.77,88,15,98.05
2026-08-06,120247753859960278,120247753837740278,24.33,21.9,230,30,105.79
2026-08-06,120247753880980278,120247753837740278,8.11,7.3,80,18,101.4
2026-08-06,120247753901780278,120247753837740278,7.49,6.74,99,10,75.64
2026-08-06,120247768344990278,120247768254900278,0.46,0.41,5,0,91.04
2026-08-06,120247768350600278,120247768254900278,0.02,0.02,1,0,17.3
2026-08-06,120247768363360278,120247768254900278,0.12,0.11,13,0,9.45
2026-08-06,120247768444270278,120247768444280278,0.4,0.36,16,0,25.11
2026-08-06,120247768572330278,120247768444280278,0.34,0.3,13,2,26.03
2026-08-06,120247768594320278,120247768444280278,0.77,0.69,10,2,77.04
2026-08-06,120247768668500278,120247768668430278,0,0,3,0,1.07
2026-08-06,120247768725920278,120247768668430278,0.45,0.4,10,2,44.75
2026-08-06,120247768731050278,120247768668430278,0,0,1,1,3.4
2026-08-06,120247768743240278,120247768668430278,0.84,0.76,4,1,209.83
2026-08-06,120247768768140278,120247768768060278,0,0,1,0,0.5
2026-08-06,120247768802800278,120247768768060278,0.07,0.06,4,0,16.93
2026-08-06,120247768808810278,120247768768060278,2.57,2.32,41,6,62.77
2026-08-06,120247768820650278,120247768768060278,0.23,0.21,3,1,76.63
2026-08-06,120247768824920278,120247768768060278,0.13,0.11,4,1,31.88
2026-08-06,120247796575940278,120247796467870278,0.46,0.42,15,4,30.85
2026-08-06,120247797269130278,120247797269030278,0.86,0.77,3,1,286.73
2026-08-06,120247797321970278,120247797269030278,0.42,0.38,7,0,60.14
2026-08-06,120247797327560278,120247797269030278,0,0,1,0,4.5
2026-08-06,120247797331350278,120247797269030278,0.05,0.05,1,0,50.6
2026-08-06,120247797507310278,120247797507270278,0,0,2,0,2.45
2026-08-06,120247797557650278,120247797507270278,0,0,1,0,1.2
2026-08-06,120247820515490278,120247820515500278,13.23,11.91,112,22,118.13
2026-08-06,120247820541780278,120247820515500278,0.03,0.02,3,0,8.8
2026-08-06,120247820550760278,120247820515500278,5.93,5.34,58,15,102.25
2026-08-06,120247820561410278,120247820515500278,10.29,9.26,111,22,92.74
2026-08-06,120247820571850278,120247820515500278,1.76,1.58,21,6,83.65
2026-08-06,120247820576040278,120247820515500278,7.38,6.64,85,22,86.79
2026-08-06,120247820591590278,120247820591600278,2.87,2.58,37,4,77.49
2026-08-06,120247820644920278,120247820591600278,14.4,12.96,121,25,119.01
2026-08-06,120247820656040278,120247820591600278,10.05,9.04,144,21,69.78
2026-08-06,120247820662320278,120247820591600278,4.95,4.45,64,10,77.32
2026-08-06,120247820679540278,120247820591600278,2.46,2.22,43,8,57.24
2026-08-06,120247820828710278,120247820828620278,7.18,6.46,79,12,90.83
2026-08-06,120247820855730278,120247820828620278,0,0,2,0,1.75
2026-08-06,120247820863330278,120247820828620278,12.37,11.13,93,10,133.01
2026-08-06,120247820867870278,120247820828620278,1.82,1.64,34,4,53.58
2026-08-06,120247820871440278,120247820828620278,3.17,2.85,61,9,51.98
2026-08-06,120247820879080278,120247820828620278,5,4.5,71,9,70.46
2026-08-06,120247820894460278,120247820894360278,1.08,0.97,12,1,89.74
2026-08-06,120247820917600278,120247820894360278,1.13,1.01,16,0,70.38
2026-08-06,120247820928030278,120247820894360278,2.63,2.37,46,3,57.18
2026-08-06,120247820942330278,120247820894360278,3.04,2.74,27,6,112.71
2026-08-06,120247820951910278,120247820894360278,0.15,0.13,1,1,149
2026-08-06,120247820965250278,120247820894360278,0.38,0.34,14,3,26.79
2026-08-06,120247821464700278,120247821464630278,0.56,0.51,5,2,112.4
2026-08-06,120247821810570278,120247821464630278,0.54,0.49,6,0,90.47
2026-08-06,120247821820870278,120247821464630278,2.06,1.85,41,7,50.22
2026-08-06,120247821828360278,120247821464630278,1.97,1.77,20,7,98.32
2026-08-06,120247821837280278,120247821464630278,1.81,1.63,6,1,302.05
2026-08-06,120247821848280278,120247821464630278,0.97,0.87,44,4,22.06
2026-08-06,120247821868950278,120247821868880278,0.04,0.04,9,3,4.41
2026-08-06,120247821940850278,120247821868880278,1.15,1.04,14,3,82.44
2026-08-06,120247821966990278,120247821868880278,1.81,1.63,29,4,62.33
2026-08-06,120247821987070278,120247821868880278,5.62,5.06,95,21,59.19
2026-08-06,120247822006950278,120247821868880278,0.64,0.57,9,2,70.69
2026-08-06,120247822019620278,120247821868880278,6.41,5.77,58,11,110.6
2026-08-06,120247822046990278,120247822047000278,4.35,3.92,51,10,85.36
2026-08-06,120247822100450278,120247822047000278,1.93,1.73,37,3,52.03
2026-08-06,120247822112860278,120247822047000278,4.24,3.82,38,8,111.6
2026-08-06,120247822118830278,120247822047000278,0.7,0.63,11,3,63.51
2026-08-06,120247822122310278,120247822047000278,1.4,1.26,12,2,116.33
2026-08-06,120247822126780278,120247822047000278,2.29,2.06,35,6,65.31
2026-08-06,120247822249050278,120247822248970278,1.91,1.72,30,7,63.54
2026-08-06,120247822275040278,120247822248970278,6.13,5.52,107,8,57.32
2026-08-06,120247822285260278,120247822248970278,4.12,3.71,57,12,72.33
2026-08-06,120247822296620278,120247822248970278,3.88,3.49,33,7,117.59
2026-08-06,120247822303740278,120247822248970278,0.25,0.23,5,0,50.14
2026-08-06,120247822311930278,120247822248970278,1.56,1.41,42,5,37.2
2026-08-06,120247851538880278,120247851538820278,2.25,2.03,48,7,46.95
2026-08-06,120247851646490278,120247851538820278,0.31,0.28,7,1,44.59
2026-08-06,120247851671460278,120247851538820278,1.97,1.78,31,1,63.69
2026-08-06,120247851697130278,120247851538820278,0.45,0.41,6,0,75
2026-08-06,120247851738670278,120247851538820278,0.4,0.36,13,1,30.73
2026-08-06,120247851790370278,120247851538820278,19.29,17.36,47,7,410.4
2026-08-06,120247852157620278,120247852157360278,1.68,1.51,18,1,93.21
2026-08-06,120247852194640278,120247852157360278,10.05,9.04,132,23,76.1
2026-08-06,120247852205280278,120247852157360278,1.38,1.24,20,3,68.87
2026-08-06,120247852217870278,120247852157360278,13.02,11.72,89,15,146.31
2026-08-06,120247852230800278,120247852157360278,15.03,13.53,167,25,90
2026-08-06,120247852240720278,120247852157360278,1.25,1.12,26,4,47.97
2026-08-06,120247852291670278,120247852291590278,4.55,4.1,57,10,79.83
2026-08-06,120247852331040278,120247852291590278,3.37,3.03,67,10,50.22
2026-08-06,120247852344760278,120247852291590278,2.36,2.13,31,2,76.17
2026-08-06,120247852359280278,120247852291590278,0.22,0.2,6,2,36.23
2026-08-06,120247852377810278,120247852291590278,5.96,5.36,100,19,59.58
2026-08-06,120247852396100278,120247852291590278,9.66,8.69,97,13,99.57
2026-08-06,120247852536100278,120247852465620278,0.26,0.24,8,0,32.65
2026-08-06,120247852552440278,120247852465620278,0,0,1,0,2.3
2026-08-06,120247852565710278,120247852465620278,0.38,0.34,2,1,188.5
2026-08-06,120247855943690278,120247855943600278,18.5,16.65,148,30,125
2026-08-06,120247856005940278,120247855943600278,1.16,1.04,22,6,52.59
2026-08-06,120247856009420278,120247855943600278,8.2,7.38,78,11,105.07
2026-08-06,120247856014920278,120247855943600278,6.86,6.18,82,13,83.7
2026-08-06,120247856024270278,120247855943600278,7.79,7.01,66,9,118.06
2026-08-06,120247856056660278,120247856056590278,0.93,0.83,19,5,48.69
2026-08-06,120247856129530278,120247856056590278,9.91,8.92,145,27,68.36
2026-08-06,120247856135340278,120247856056590278,0.86,0.78,17,0,50.88
2026-08-06,120247856138670278,120247856056590278,13.71,12.33,132,18,103.83
2026-08-06,120247856141810278,120247856056590278,9.99,8.99,114,14,87.64
2026-08-06,120247856145880278,120247856056590278,0.45,0.4,10,1,44.99
2026-08-06,120247856312700278,120247856312660278,11.5,10.35,132,16,87.15
2026-08-06,120247856365350278,120247856312660278,0.19,0.17,11,1,16.96
2026-08-06,120247856386010278,120247856312660278,0.48,0.43,17,1,28.06
2026-08-06,120247856415450278,120247856312660278,7.25,6.52,145,16,49.99
2026-08-06,120247856599050278,120247856312660278,3.45,3.11,55,5,62.76
2026-08-06,120247856608070278,120247856312660278,17.56,15.8,123,31,142.77
2026-08-06,120247856633450278,120247856633350278,9.71,8.74,87,23,111.66
2026-08-06,120247856660550278,120247856633350278,5.49,4.94,103,12,53.34
2026-08-06,120247856668690278,120247856633350278,0.77,0.69,14,3,54.84
2026-08-06,120247856672630278,120247856633350278,1.01,0.91,18,2,56.01
2026-08-06,120247856679370278,120247856633350278,0.45,0.4,5,1,89.92
2026-08-06,120247856684580278,120247856633350278,0.84,0.76,19,4,44.24
2026-08-06,120247856724190278,120247856724080278,0.46,0.42,13,2,35.48
2026-08-06,120247856752040278,120247856724080278,7.44,6.69,138,19,53.89
2026-08-06,120247856757990278,120247856724080278,3.39,3.06,59,6,57.54
2026-08-06,120247856764540278,120247856724080278,4.62,4.15,78,16,59.18
2026-08-06,120247856774430278,120247856724080278,6.95,6.25,92,12,75.54
2026-08-06,120247856781020278,120247856724080278,12.7,11.43,124,23,102.4
2026-08-06,120253406623060281,120253406535430281,7.8,7.02,121,31,64.49
2026-08-06,120253406659640281,120253406535430281,7.83,7.05,107,14,73.22
2026-08-06,120253406774810281,120253406694250281,10.96,9.87,127,21,86.32
2026-08-06,120253406822870281,120253406694250281,10.97,9.88,119,10,92.21
2026-08-06,120253406891930281,120253406891860281,10.08,9.07,115,23,87.68
2026-08-06,120253406998850281,120253406891860281,3.03,2.72,55,11,55.01
2026-08-06,120253407333460281,120253407221890281,7.08,6.37,103,18,68.7
2026-08-06,120253407402570281,120253407221890281,11.01,9.91,164,23,67.15
2026-08-06,120253407409760281,120253407221890281,22.09,19.88,241,58,91.66
2026-08-06,120253409946870281,120253408396060281,0.49,0.45,10,2,49.48
2026-08-06,120253409966970281,120253408396060281,1.87,1.68,22,4,84.9
2026-08-06,120253409983580281,120253408396060281,19.97,17.98,209,35,95.57
2026-08-06,120253411360680281,120253411255550281,3.17,2.85,21,3,150.92
2026-08-06,120253411910950281,120253411813950281,1.4,1.26,19,2,73.71
2026-08-06,120253415684090281,120253415627640281,0.06,0.06,5,0,12.36
2026-08-06,120253415685920281,120253415627640281,0.09,0.08,4,0,21.45
2026-08-06,120253422809560281,120253422809490281,5.17,4.65,67,9,77.19
2026-08-06,120253422896760281,120253422809490281,0.87,0.78,15,2,58.03
2026-08-06,120253422900530281,120253422809490281,9.67,8.71,168,14,57.59
2026-08-06,120253422902890281,120253422809490281,14.77,13.3,198,30,74.62
2026-08-06,120253422905970281,120253422809490281,5.66,5.1,146,16,38.79
2026-08-06,120253422910030281,120253422809490281,3.22,2.9,29,4,110.99
2026-08-06,120253422925680281,120253422925690281,8.75,7.87,69,12,126.75
2026-08-06,120253423000780281,120253422925690281,29.67,26.7,421,61,70.47
2026-08-06,120253423005460281,120253422925690281,18.53,16.68,193,29,96.02
2026-08-06,120253423013640281,120253422925690281,7.88,7.09,104,22,75.77
2026-08-06,120253423021520281,120253422925690281,13.37,12.03,150,30,89.14
2026-08-06,120253423035590281,120253422925690281,18.94,17.05,197,27,96.17
2026-08-06,120253423590130281,120253423590020281,0.74,0.67,4,2,186.22
2026-08-06,120253423624560281,120253423590020281,1.05,0.95,14,3,75.09
2026-08-06,120253423664560281,120253423633890281,0.01,0.01,3,0,3.53
2026-08-06,120253423686830281,120253423633890281,0.03,0.02,4,0,6.33
2026-08-06,120253423718910281,120253423633890281,0,0,1,0,2.3
2026-08-06,120253428682050281,120253428682030281,7.75,6.97,87,14,89.06
2026-08-06,120253428707890281,120253428682030281,0.37,0.33,14,3,26.4
2026-08-06,120253428717860281,120253428682030281,2.56,2.3,55,5,46.48
2026-08-06,120253428745740281,120253428726860281,3.88,3.49,39,5,99.39
2026-08-06,120253428747820281,120253428726860281,7.28,6.55,74,20,98.38
2026-08-06,120253428749630281,120253428726860281,3.59,3.24,39,7,92.18
2026-08-06,120253428755700281,120253428755630281,6.19,5.57,65,14,95.24
2026-08-06,120253428768520281,120253428755630281,4.04,3.64,56,8,72.22
2026-08-06,120253428772810281,120253428755630281,5.64,5.08,80,12,70.5
2026-08-06,120253428775060281,120253428755630281,8.82,7.93,153,28,57.62
2026-08-06,120253428777030281,120253428755630281,2.35,2.12,40,6,58.76
2026-08-06,120253428778770281,120253428755630281,0.74,0.66,7,2,105.3
2026-08-06,120253428817070281,120253428784320281,5.03,4.53,69,20,72.95
2026-08-06,120253428863400281,120253428784320281,1.57,1.42,39,5,40.34
2026-08-06,120253428881520281,120253428881450281,0,0,1,0,2.8
2026-08-06,120253428925220281,120253428881450281,0.13,0.12,6,0,22
2026-08-06,120253463450360281,120253463450370281,0.28,0.25,2,0,139.25
2026-08-06,120253463576570281,120253463450370281,0.77,0.69,9,1,85.31
2026-08-06,120253463585430281,120253463450370281,0.01,0.01,2,0,3.8
2026-08-06,120253463592030281,120253463450370281,1.83,1.65,12,2,152.61
2026-08-06,120253464056810281,120253464056690281,0.05,0.05,1,1,50.5
2026-08-06,120253464091590281,120253464056690281,0.01,0,2,0,2.55
2026-08-06,120253464096330281,120253464056690281,0.01,0.01,1,0,7.2
2026-08-06,120253464099200281,120253464056690281,0.01,0,2,0,2.55
2026-08-06,120253464120750281,120253464120680281,0.01,0.01,2,0,3.3
2026-08-06,120253464203130281,120253464120680281,1.96,1.77,6,2,327.12
2026-08-06,120253464215330281,120253464120680281,0.22,0.2,2,1,111.75
2026-08-06,120253464217740281,120253464120680281,0.29,0.27,7,2,42.1
2026-08-06,120253464315370281,120253463915160281,0.78,0.7,3,1,259.7
2026-08-06,120253464315380281,120253463915160281,1.21,1.09,8,1,150.93
2026-08-06,120253464385490281,120253464385310281,0.1,0.09,4,0,23.92
2026-08-06,120253464442800281,120253464385310281,0,0,2,0,1.45
2026-08-06,120253464464390281,120253464385310281,0.01,0.01,2,0,7.15
2026-08-06,120253464469150281,120253464385310281,0.46,0.42,3,1,153.8
2026-08-07,120247357081010278,120247357080990278,5.75,5.18,103,12,55.83
2026-08-07,120247357081050278,120247357080990278,0.06,0.05,4,0,14.82
2026-08-07,120247357457050278,120247357456980278,1.76,1.58,42,6,41.85
2026-08-07,120247357457070278,120247357456980278,9.24,8.31,128,26,72.15
2026-08-07,120247357457080278,120247357456980278,0.72,0.64,11,2,65.01
2026-08-07,120247357457090278,120247357456980278,5.43,4.89,104,18,52.21
2026-08-07,120247357457100278,120247357456980278,9.37,8.44,93,24,100.8
2026-08-07,120247358420060278,120247358419970278,0.09,0.08,4,0,23.18
2026-08-07,120247358420070278,120247358419970278,7.2,6.48,75,20,95.94
2026-08-07,120247359464720278,120247359464690278,11.06,9.95,89,24,124.25
2026-08-07,120247360141410278,120247360141370278,8.5,7.65,120,14,70.81
2026-08-07,120247360141480278,120247360141370278,9.03,8.13,96,22,94.06
2026-08-07,120247360141490278,120247360141370278,5.6,5.04,97,16,57.75
2026-08-07,120247360356790278,120247360356710278,4.19,3.77,59,13,71.03
2026-08-07,120247360356830278,120247360356710278,4.1,3.69,46,11,89.08
2026-08-07,120247360531130278,120247360531070278,2.42,2.17,50,10,48.32
2026-08-07,120247360531140278,120247360531070278,9.7,8.73,92,12,105.42
2026-08-07,120247382323040278,120247382322970278,5.84,5.26,75,9,77.93
2026-08-07,120247382323050278,120247382322970278,9.07,8.17,77,14,117.83
2026-08-07,120247382323060278,120247382322970278,2.19,1.97,32,8,68.36
2026-08-07,120247382323070278,120247382322970278,9.85,8.86,105,18,93.8
2026-08-07,120247382323080278,120247382322970278,7.18,6.46,99,15,72.51
2026-08-07,120247382323090278,120247382322970278,6.79,6.11,75,8,90.47
2026-08-07,120247488215910278,120247488168210278,0.28,0.25,3,1,93.5
2026-08-07,120247488220950278,120247488168210278,1.44,1.29,8,3,179.68
2026-08-07,120247488230320278,120247488168210278,1.04,0.93,4,0,259.38
2026-08-07,120247488259350278,120247488259330278,7.46,6.71,96,18,77.7
2026-08-07,120247488474100278,120247488474000278,10.16,9.15,118,15,86.14
2026-08-07,120247488660110278,120247488474000278,6.46,5.81,79,13,81.75
2026-08-07,120247488793560278,120247488474000278,2.05,1.85,20,5,102.75
2026-08-07,120247488827940278,120247488474000278,7.62,6.86,134,23,56.88
2026-08-07,120247488854820278,120247488474000278,3.65,3.29,51,5,71.61
2026-08-07,120247488968980278,120247488930090278,6.36,5.73,98,18,64.92
2026-08-07,120247489160520278,120247489056040278,0.76,0.68,19,4,40.04
2026-08-07,120247506542160278,120247506424170278,5.18,4.67,73,12,71.03
2026-08-07,120247753268600278,120247753268510278,0,0,1,0,1.3
2026-08-07,120247753333380278,120247753268510278,3.24,2.92,39,4,83.11
2026-08-07,120247753339060278,120247753268510278,4.67,4.2,28,6,166.67
2026-08-07,120247753343390278,120247753268510278,3.28,2.95,54,9,60.77
2026-08-07,120247753359010278,120247753268510278,2.73,2.46,38,6,71.93
2026-08-07,120247753572160278,120247753572060278,6.62,5.95,74,18,89.41
2026-08-07,120247753631300278,120247753572060278,5.3,4.77,43,9,123.35
2026-08-07,120247753639190278,120247753572060278,0.01,0.01,3,0,2.5
2026-08-07,120247753647720278,120247753572060278,18.68,16.81,194,21,96.29
2026-08-07,120247753656710278,120247753572060278,2.89,2.6,24,5,120.45
2026-08-07,120247753719190278,120247753719120278,0.28,0.25,10,0,27.88
2026-08-07,120247753784310278,120247753719120278,15.97,14.37,197,32,81.05
2026-08-07,120247753859960278,120247753837740278,7.48,6.74,158,24,47.37
2026-08-07,120247753880980278,120247753837740278,1.22,1.1,19,2,64.46
2026-08-07,120247753901780278,120247753837740278,0.89,0.8,21,0,42.32
2026-08-07,120247820561410278,120247820515500278,0.65,0.59,10,1,65.32
2026-08-07,120247820576040278,120247820515500278,0,0,1,0,4.2
2026-08-07,120247820591590278,120247820591600278,0.35,0.32,2,0,175.45
2026-08-07,120247820644920278,120247820591600278,1.83,1.65,14,3,130.82
2026-08-07,120247820656040278,120247820591600278,0.39,0.35,2,0,196.6
2026-08-07,120247820662320278,120247820591600278,0.4,0.36,5,1,79.26
2026-08-07,120247820679540278,120247820591600278,0.06,0.05,3,0,18.37
2026-08-07,120247820828710278,120247820828620278,0.71,0.64,7,3,101.34
2026-08-07,120247820863330278,120247820828620278,0.42,0.38,6,1,70.72
2026-08-07,120247820871440278,120247820828620278,0.42,0.38,10,0,41.71
2026-08-07,120247820879080278,120247820828620278,0.64,0.58,4,1,160.18
2026-08-07,120247820894460278,120247820894360278,0.19,0.17,5,0,37.18
2026-08-07,120247820917600278,120247820894360278,0,0,1,0,2.9
2026-08-07,120247820928030278,120247820894360278,0.54,0.49,5,1,108.84
2026-08-07,120247821464700278,120247821464630278,1.13,1.01,6,2,187.9
2026-08-07,120247821828360278,120247821464630278,0,0,1,0,3.8
2026-08-07,120247821837280278,120247821464630278,0.01,0.01,1,0,12.6
2026-08-07,120247821987070278,120247821868880278,4.94,4.45,40,10,123.56
2026-08-07,120247822019620278,120247821868880278,3.07,2.76,69,9,44.5
2026-08-07,120247822046990278,120247822047000278,0.79,0.71,11,1,72.05
2026-08-07,120247822100450278,120247822047000278,0.11,0.1,2,0,57.05
2026-08-07,120247822112860278,120247822047000278,1.08,0.97,14,1,76.84
2026-08-07,120247822122310278,120247822047000278,0,0,1,0,1.7
2026-08-07,120247822249050278,120247822248970278,0.75,0.67,13,2,57.68
2026-08-07,120247822275040278,120247822248970278,14.52,13.07,138,27,105.24
2026-08-07,120247822285260278,120247822248970278,1.9,1.71,40,7,47.54
2026-08-07,120247822296620278,120247822248970278,5.8,5.22,46,10,126.03
2026-08-07,120247822311930278,120247822248970278,0.82,0.74,12,3,68.19
2026-08-07,120247851697130278,120247851538820278,0.06,0.05,1,0,59.5
2026-08-07,120247852157620278,120247852157360278,0.01,0.01,2,0,3.85
2026-08-07,120247852194640278,120247852157360278,6.39,5.75,83,12,76.97
2026-08-07,120247852217870278,120247852157360278,3.91,3.52,71,15,55.03
2026-08-07,120247852230800278,120247852157360278,12.09,10.88,147,20,82.25
2026-08-07,120247852240720278,120247852157360278,0.09,0.08,3,0,28.33
2026-08-07,120247852291670278,120247852291590278,1.23,1.11,13,4,94.55
2026-08-07,120247852344760278,120247852291590278,0.75,0.67,6,0,124.22
2026-08-07,120247852377810278,120247852291590278,5.65,5.09,96,9,58.89
2026-08-07,120247852396100278,120247852291590278,7.43,6.69,78,13,95.23
2026-08-07,120247855943690278,120247855943600278,5.58,5.02,53,11,105.21
2026-08-07,120247856005940278,120247855943600278,1.18,1.06,16,3,73.78
2026-08-07,120247856009420278,120247855943600278,5.3,4.77,98,18,54.1
2026-08-07,120247856014920278,120247855943600278,8.81,7.92,76,14,115.86
2026-08-07,120247856024270278,120247855943600278,0.23,0.2,5,2,45.38
2026-08-07,120247856056660278,120247856056590278,1.39,1.25,8,2,173.24
2026-08-07,120247856129530278,120247856056590278,8.04,7.24,86,17,93.54
2026-08-07,120247856135340278,120247856056590278,0,0,1,0,3.1
2026-08-07,120247856138670278,120247856056590278,14.29,12.86,77,12,185.54
2026-08-07,120247856141810278,120247856056590278,5.84,5.26,67,8,87.19
2026-08-07,120247856145880278,120247856056590278,0.05,0.05,2,0,26.7
2026-08-07,120247856312700278,120247856312660278,14.08,12.68,118,15,119.36
2026-08-07,120247856415450278,120247856312660278,13.61,12.25,223,36,61.02
2026-08-07,120247856599050278,120247856312660278,0.02,0.02,1,0,18.5
2026-08-07,120247856608070278,120247856312660278,8.32,7.49,100,24,83.19
2026-08-07,120247856633450278,120247856633350278,3.77,3.39,60,8,62.76
2026-08-07,120247856660550278,120247856633350278,3.49,3.14,61,7,57.22
2026-08-07,120247856684580278,120247856633350278,0.36,0.33,7,2,51.76
2026-08-07,120247856724190278,120247856724080278,0,0,3,0,1.13
2026-08-07,120247856752040278,120247856724080278,15.24,13.72,159,20,95.85
2026-08-07,120247856757990278,120247856724080278,0.51,0.46,21,1,24.16
2026-08-07,120247856764540278,120247856724080278,0.26,0.24,12,1,21.89
2026-08-07,120247856774430278,120247856724080278,2.46,2.22,61,11,40.4
2026-08-07,120247856781020278,120247856724080278,5.91,5.31,72,13,82.02
2026-08-07,120253406623060281,120253406535430281,6.97,6.27,60,16,116.18
2026-08-07,120253406659640281,120253406535430281,10.83,9.75,115,17,94.16
2026-08-07,120253406774810281,120253406694250281,5.3,4.77,61,5,86.91
2026-08-07,120253406822870281,120253406694250281,4.37,3.94,39,4,112.13
2026-08-07,120253406891930281,120253406891860281,7.79,7.01,96,24,81.17
2026-08-07,120253406998850281,120253406891860281,0.02,0.02,5,0,4.8
2026-08-07,120253407333460281,120253407221890281,7.19,6.47,83,14,86.66
2026-08-07,120253407402570281,120253407221890281,12.22,11,146,20,83.69
2026-08-07,120253407409760281,120253407221890281,10.2,9.18,119,20,85.7
2026-08-07,120253409946870281,120253408396060281,0.19,0.17,3,2,62.23
2026-08-07,120253409983580281,120253408396060281,14.02,12.62,138,20,101.6
2026-08-07,120253411910950281,120253411813950281,0.01,0.01,3,0,1.9
2026-08-07,120253422900530281,120253422809490281,0.16,0.14,6,1,25.88
2026-08-07,120253422902890281,120253422809490281,0.71,0.64,22,2,32.35
2026-08-07,120253422905970281,120253422809490281,0.59,0.53,16,1,36.99
2026-08-07,120253422925680281,120253422925690281,0.86,0.78,2,0,431.1
2026-08-07,120253423000780281,120253422925690281,0.94,0.84,19,3,49.29
2026-08-07,120253423005460281,120253422925690281,0.36,0.32,5,0,71.68
2026-08-07,120253423013640281,120253422925690281,0.09,0.08,4,0,22.07
2026-08-07,120253423021520281,120253422925690281,1,0.9,20,3,50.08
2026-08-07,120253423035590281,120253422925690281,0.37,0.34,13,1,28.8
2026-08-07,120253428682050281,120253428682030281,1.03,0.93,15,2,68.89
2026-08-07,120253428747820281,120253428726860281,0.51,0.46,11,2,46.56
2026-08-07,120253428749630281,120253428726860281,1.3,1.17,34,4,38.21
2026-08-07,120253428755700281,120253428755630281,4.49,4.04,73,10,61.48
2026-08-07,120253428768520281,120253428755630281,1.41,1.27,13,3,108.62
2026-08-07,120253428772810281,120253428755630281,11.01,9.91,79,21,139.37
2026-08-07,120253428775060281,120253428755630281,5.83,5.24,95,21,61.33
2026-08-07,120253428777030281,120253428755630281,2.98,2.68,23,4,129.51
2026-08-07,120253428817070281,120253428784320281,1.53,1.37,15,3,101.81
2026-08-07,120253428863400281,120253428784320281,0.01,0.01,1,0,12.8
2026-08-08,120247357081010278,120247357080990278,5.79,5.21,98,12,59.09
2026-08-08,120247357457050278,120247357456980278,8.55,7.69,110,14,77.7
2026-08-08,120247357457070278,120247357456980278,10.35,9.32,160,32,64.7
2026-08-08,120247357457090278,120247357456980278,9.87,8.89,139,17,71.04
2026-08-08,120247357457100278,120247357456980278,15.43,13.88,112,33,137.73
2026-08-08,120247358420070278,120247358419970278,5.61,5.05,125,13,44.89
2026-08-08,120247359464720278,120247359464690278,6.74,6.07,107,14,63.02
2026-08-08,120247360141410278,120247360141370278,17.72,15.95,267,51,66.37
2026-08-08,120247360141480278,120247360141370278,6.71,6.04,103,18,65.13
2026-08-08,120247360141490278,120247360141370278,8.21,7.39,146,15,56.24
2026-08-08,120247360356790278,120247360356710278,14.81,13.33,125,26,118.45
2026-08-08,120247360356830278,120247360356710278,4.44,4,90,19,49.38
2026-08-08,120247360531130278,120247360531070278,9.13,8.22,114,10,80.09
2026-08-08,120247360531140278,120247360531070278,12.69,11.42,266,26,47.69
2026-08-08,120247382323040278,120247382322970278,10.71,9.64,178,25,60.19
2026-08-08,120247382323050278,120247382322970278,11.64,10.48,169,35,68.88
2026-08-08,120247382323060278,120247382322970278,4.21,3.78,73,9,57.61
2026-08-08,120247382323070278,120247382322970278,10.53,9.48,139,22,75.76
2026-08-08,120247382323080278,120247382322970278,7.92,7.13,118,24,67.12
2026-08-08,120247382323090278,120247382322970278,6.92,6.23,102,24,67.87
2026-08-08,120247488259350278,120247488259330278,10.48,9.43,254,30,41.26
2026-08-08,120247488474100278,120247488474000278,9.07,8.17,161,22,56.36
2026-08-08,120247488660110278,120247488474000278,6.38,5.74,116,12,55.01
2026-08-08,120247488827940278,120247488474000278,16.64,14.98,241,40,69.05
2026-08-08,120247488854820278,120247488474000278,4.95,4.45,75,12,65.96
2026-08-08,120247488968980278,120247488930090278,10.05,9.04,117,17,85.88
2026-08-08,120247506542160278,120247506424170278,7.1,6.39,75,16,94.71
2026-08-08,120247753333380278,120247753268510278,6.45,5.81,93,14,69.4
2026-08-08,120247753339060278,120247753268510278,5.29,4.76,54,8,98.01
2026-08-08,120247753343390278,120247753268510278,0.42,0.38,18,2,23.54
2026-08-08,120247753359010278,120247753268510278,6.19,5.57,72,9,86.03
2026-08-08,120247753572160278,120247753572060278,4.7,4.23,99,18,47.43
2026-08-08,120247753631300278,120247753572060278,4.92,4.43,64,10,76.86
2026-08-08,120247753647720278,120247753572060278,8.72,7.85,128,17,68.14
2026-08-08,120247753784310278,120247753719120278,6.57,5.92,100,8,65.75
2026-08-08,120247753859960278,120247753837740278,10.79,9.71,141,20,76.53
2026-08-08,120247753880980278,120247753837740278,4.71,4.24,39,5,120.77
2026-08-08,120247820879080278,120247820828620278,0.98,0.88,5,1,195.54
2026-08-08,120247821987070278,120247821868880278,0.41,0.37,6,0,67.82
2026-08-08,120247822019620278,120247821868880278,0.56,0.5,11,2,50.94
2026-08-08,120247822275040278,120247822248970278,1.33,1.2,20,2,66.64
2026-08-08,120247822296620278,120247822248970278,3.92,3.52,24,4,163.15
2026-08-08,120247852194640278,120247852157360278,4.47,4.02,27,5,165.63
2026-08-08,120247852217870278,120247852157360278,4.12,3.71,84,14,49.03
2026-08-08,120247852230800278,120247852157360278,4.47,4.02,52,7,85.99
2026-08-08,120247852377810278,120247852291590278,3.74,3.36,52,8,71.85
2026-08-08,120247852396100278,120247852291590278,1.3,1.17,25,3,51.97
2026-08-08,120247855943690278,120247855943600278,10.27,9.24,146,30,70.34
2026-08-08,120247856009420278,120247855943600278,9.77,8.79,140,24,69.8
2026-08-08,120247856014920278,120247855943600278,1.34,1.21,34,7,39.56
2026-08-08,120247856129530278,120247856056590278,9.98,8.98,171,22,58.36
2026-08-08,120247856138670278,120247856056590278,3.1,2.79,83,12,37.38
2026-08-08,120247856141810278,120247856056590278,4.33,3.9,67,11,64.66
2026-08-08,120247856312700278,120247856312660278,8.44,7.6,73,6,115.65
2026-08-08,120247856415450278,120247856312660278,8.58,7.72,140,23,61.29
2026-08-08,120247856608070278,120247856312660278,12.24,11.02,118,13,103.72
2026-08-08,120247856633450278,120247856633350278,8.67,7.8,111,23,78.07
2026-08-08,120247856660550278,120247856633350278,9.99,8.99,76,11,131.43
2026-08-08,120247856752040278,120247856724080278,11.1,9.99,153,27,72.56
2026-08-08,120247856774430278,120247856724080278,8.69,7.82,85,17,102.21
2026-08-08,120247856781020278,120247856724080278,3.46,3.11,58,13,59.63
2026-08-08,120253406623060281,120253406535430281,5.06,4.56,79,21,64.09
2026-08-08,120253406659640281,120253406535430281,8.31,7.48,137,11,60.66
2026-08-08,120253406774810281,120253406694250281,5.63,5.07,64,12,87.94
2026-08-08,120253406822870281,120253406694250281,5.2,4.68,79,5,65.82
2026-08-08,120253406891930281,120253406891860281,6.7,6.03,128,17,52.35
2026-08-08,120253407333460281,120253407221890281,6.33,5.7,87,19,72.79
2026-08-08,120253407402570281,120253407221890281,7.25,6.53,115,14,63.05
2026-08-08,120253407409760281,120253407221890281,11.03,9.93,143,24,77.12
2026-08-08,120253409983580281,120253408396060281,10.05,9.05,179,26,56.15
2026-08-08,120253422905970281,120253422809490281,0,0,1,0,2.3
2026-08-08,120253422925680281,120253422925690281,0,0,1,0,1.2
2026-08-08,120253423000780281,120253422925690281,0.25,0.22,7,0,35.53
2026-08-08,120253423035590281,120253422925690281,0,0,2,0,1.85
2026-08-08,120253428682050281,120253428682030281,0.53,0.48,3,1,178.23
2026-08-08,120253428747820281,120253428726860281,0.36,0.32,3,1,119.17
2026-08-08,120253428749630281,120253428726860281,0.31,0.28,12,0,25.91
2026-08-08,120253428755700281,120253428755630281,1.58,1.43,13,3,121.92
2026-08-08,120253428772810281,120253428755630281,1.6,1.44,13,5,123.39
2026-08-08,120253428775060281,120253428755630281,0.91,0.82,26,4,35.15
2026-08-08,120253428817070281,120253428784320281,0.02,0.02,6,0,3.68
2026-08-09,120247357081010278,120247357080990278,7.6,6.84,106,22,71.7
2026-08-09,120247357457050278,120247357456980278,12.6,11.34,126,18,99.97
2026-08-09,120247357457070278,120247357456980278,5.48,4.93,79,14,69.39
2026-08-09,120247357457090278,120247357456980278,7.22,6.5,90,14,80.27
2026-08-09,120247357457100278,120247357456980278,0.9,0.81,24,2,37.64
2026-08-09,120247358420070278,120247358419970278,18.44,16.6,154,37,119.75
2026-08-09,120247359464720278,120247359464690278,4.66,4.19,75,7,62.1
2026-08-09,120247360141410278,120247360141370278,9.6,8.64,137,25,70.04
2026-08-09,120247360141480278,120247360141370278,8.66,7.8,122,28,70.99
2026-08-09,120247360141490278,120247360141370278,10.69,9.63,117,13,91.41
2026-08-09,120247360356790278,120247360356710278,3.58,3.23,42,12,85.34
2026-08-09,120247360356830278,120247360356710278,15.42,13.88,97,21,158.96
2026-08-09,120247360531130278,120247360531070278,3.56,3.21,71,8,50.17
2026-08-09,120247360531140278,120247360531070278,9.85,8.87,228,25,43.2
2026-08-09,120247382323040278,120247382322970278,14.44,12.99,169,32,85.42
2026-08-09,120247382323050278,120247382322970278,8.43,7.58,146,22,57.71
2026-08-09,120247382323060278,120247382322970278,6.36,5.72,140,26,45.4
2026-08-09,120247382323070278,120247382322970278,5.88,5.29,87,13,67.54
2026-08-09,120247382323080278,120247382322970278,6.51,5.86,109,14,59.69
2026-08-09,120247382323090278,120247382322970278,12.34,11.11,113,17,109.21
2026-08-09,120247488259350278,120247488259330278,7.6,6.84,129,24,58.92
2026-08-09,120247488474100278,120247488474000278,6.04,5.44,100,15,60.43
2026-08-09,120247488660110278,120247488474000278,7.02,6.32,117,21,59.98
2026-08-09,120247488827940278,120247488474000278,8.4,7.56,110,15,76.35
2026-08-09,120247488854820278,120247488474000278,9.8,8.82,153,20,64.04
2026-08-09,120247488968980278,120247488930090278,3.15,2.83,56,7,56.24
2026-08-09,120247506542160278,120247506424170278,6.11,5.5,31,3,197.15
2026-08-09,120247753333380278,120247753268510278,6.78,6.1,86,17,78.85
2026-08-09,120247753339060278,120247753268510278,2.72,2.45,42,11,64.81
2026-08-09,120247753343390278,120247753268510278,4.69,4.22,84,11,55.79
2026-08-09,120247753359010278,120247753268510278,4.53,4.08,56,7,80.95
2026-08-09,120247753572160278,120247753572060278,2.24,2.01,52,8,43.03
2026-08-09,120247753631300278,120247753572060278,7.95,7.15,133,17,59.75
2026-08-09,120247753647720278,120247753572060278,8.93,8.03,165,19,54.1
2026-08-09,120247753784310278,120247753719120278,18.37,16.53,127,23,144.65
2026-08-09,120247753859960278,120247753837740278,9.08,8.17,167,22,54.39
2026-08-09,120247753880980278,120247753837740278,0.73,0.66,20,1,36.45
2026-08-09,120247852217870278,120247852157360278,0.12,0.11,3,0,40.9
2026-08-09,120247852230800278,120247852157360278,0.3,0.27,4,0,75.65
2026-08-09,120247852377810278,120247852291590278,4.61,4.14,60,7,76.76
2026-08-09,120247852396100278,120247852291590278,1.12,1.01,33,3,34.03
2026-08-09,120247855943690278,120247855943600278,2.57,2.32,33,7,77.95
2026-08-09,120247856009420278,120247855943600278,0.41,0.36,10,0,40.5
2026-08-09,120247856014920278,120247855943600278,1.14,1.03,27,4,42.22
2026-08-09,120247856129530278,120247856056590278,0.87,0.78,13,3,66.98
2026-08-09,120247856138670278,120247856056590278,0.1,0.09,9,1,10.92
2026-08-09,120247856141810278,120247856056590278,0,0,3,0,1.6
2026-08-09,120247856312700278,120247856312660278,2.94,2.65,55,6,53.54
2026-08-09,120247856415450278,120247856312660278,3.38,3.04,42,9,80.51
2026-08-09,120247856608070278,120247856312660278,0.31,0.28,8,1,39.2
2026-08-09,120247856633450278,120247856633350278,0.33,0.3,20,1,16.66
2026-08-09,120247856660550278,120247856633350278,0.19,0.18,5,0,38.96
2026-08-09,120247856752040278,120247856724080278,1.38,1.24,17,2,81.26
2026-08-09,120247856774430278,120247856724080278,1.03,0.92,23,3,44.6
2026-08-09,120247856781020278,120247856724080278,0.22,0.2,10,1,21.67
2026-08-09,120253406623060281,120253406535430281,7.33,6.6,71,11,103.22
2026-08-09,120253406659640281,120253406535430281,10.23,9.21,122,16,83.86
2026-08-09,120253406774810281,120253406694250281,2.14,1.93,49,6,43.74
2026-08-09,120253406822870281,120253406694250281,4.19,3.77,41,7,102.13
2026-08-09,120253406891930281,120253406891860281,7.36,6.63,103,16,71.48
2026-08-09,120253407333460281,120253407221890281,4.88,4.39,67,10,72.85
2026-08-09,120253407402570281,120253407221890281,3.88,3.49,58,15,66.83
2026-08-09,120253407409760281,120253407221890281,9.39,8.45,106,25,88.54
2026-08-09,120253409983580281,120253408396060281,10.45,9.4,119,22,87.79
2026-08-10,120247357081010278,120247357080990278,13.81,12.43,255,24,54.17
2026-08-10,120247357457050278,120247357456980278,17.32,15.59,256,37,67.67
2026-08-10,120247357457070278,120247357456980278,26.83,24.15,332,56,80.81
2026-08-10,120247357457090278,120247357456980278,17.54,15.78,210,33,83.52
2026-08-10,120247357457100278,120247357456980278,0.71,0.63,20,2,35.27
2026-08-10,120247358420070278,120247358419970278,7.07,6.37,92,14,76.9
2026-08-10,120247359464720278,120247359464690278,0.55,0.49,11,2,49.98
2026-08-10,120247360141410278,120247360141370278,11.51,10.36,200,23,57.54
2026-08-10,120247360141480278,120247360141370278,2.76,2.49,57,10,48.5
2026-08-10,120247360141490278,120247360141370278,12.77,11.49,193,35,66.16
2026-08-10,120247360356790278,120247360356710278,17.09,15.38,146,23,117.08
2026-08-10,120247360356830278,120247360356710278,13.42,12.08,203,36,66.11
2026-08-10,120247360531130278,120247360531070278,0.32,0.28,13,2,24.35
2026-08-10,120247360531140278,120247360531070278,26.1,23.49,334,46,78.14
2026-08-10,120247382323040278,120247382322970278,16.32,14.69,268,44,60.91
2026-08-10,120247382323050278,120247382322970278,9.67,8.7,163,26,59.32
2026-08-10,120247382323060278,120247382322970278,15.82,14.24,243,45,65.1
2026-08-10,120247382323070278,120247382322970278,15.8,14.22,178,25,88.79
2026-08-10,120247382323080278,120247382322970278,14.62,13.15,211,35,69.27
2026-08-10,120247382323090278,120247382322970278,10.1,9.09,236,31,42.81
2026-08-10,120247488259350278,120247488259330278,13.15,11.83,163,33,80.66
2026-08-10,120247488474100278,120247488474000278,23.35,21.01,265,44,88.11
2026-08-10,120247488660110278,120247488474000278,0.27,0.25,7,1,39.09
2026-08-10,120247488827940278,120247488474000278,21.29,19.16,293,57,72.65
2026-08-10,120247488854820278,120247488474000278,15.98,14.38,198,34,80.71
2026-08-10,120247488968980278,120247488930090278,12.09,10.88,156,27,77.51
2026-08-10,120247506542160278,120247506424170278,0.88,0.79,18,4,48.84
2026-08-10,120247753333380278,120247753268510278,2.04,1.84,27,6,75.72
2026-08-10,120247753343390278,120247753268510278,3.89,3.5,42,6,92.51
2026-08-10,120247753359010278,120247753268510278,1.62,1.45,48,8,33.67
2026-08-10,120247753572160278,120247753572060278,1.23,1.1,16,3,76.64
2026-08-10,120247753631300278,120247753572060278,7.21,6.49,39,3,184.95
2026-08-10,120247753647720278,120247753572060278,12.33,11.1,115,14,107.2
2026-08-10,120247753784310278,120247753719120278,7.8,7.02,98,14,79.63
2026-08-10,120247753859960278,120247753837740278,4.06,3.65,107,10,37.92
2026-08-10,120247753880980278,120247753837740278,0,0,1,0,0.8
2026-08-10,120247852377810278,120247852291590278,1.86,1.68,41,5,45.44
2026-08-10,120247852396100278,120247852291590278,1.48,1.34,28,6,52.98
2026-08-10,120247855943690278,120247855943600278,0,0,1,0,1.5
2026-08-10,120247856014920278,120247855943600278,0.19,0.17,4,1,47.1
2026-08-10,120247856312700278,120247856312660278,0.01,0.01,2,0,4.4
2026-08-10,120247856415450278,120247856312660278,0.46,0.41,9,2,50.8
2026-08-10,120247856608070278,120247856312660278,0.03,0.03,6,0,4.88
2026-08-10,120247856752040278,120247856724080278,0.23,0.21,3,1,77.73
2026-08-10,120247856774430278,120247856724080278,0.66,0.59,6,1,109.63
2026-08-10,120247856781020278,120247856724080278,0.85,0.76,7,3,121.11
2026-08-10,120253406623060281,120253406535430281,0.38,0.34,8,0,47.9
2026-08-10,120253406659640281,120253406535430281,0.1,0.09,3,1,34
2026-08-10,120253407333460281,120253407221890281,0.56,0.5,6,2,92.9
2026-08-10,120253407402570281,120253407221890281,0.05,0.04,3,0,15.93
2026-08-10,120253407409760281,120253407221890281,0.01,0.01,2,0,6.8
2026-08-10,120253409983580281,120253408396060281,0.3,0.27,2,1,148.1
2026-08-11,120247357081010278,120247357080990278,11.69,10.52,164,22,71.29
2026-08-11,120247357457050278,120247357456980278,11.9,10.71,105,19,113.33
2026-08-11,120247357457070278,120247357456980278,5.87,5.29,85,18,69.09
2026-08-11,120247357457090278,120247357456980278,5.54,4.98,78,8,71.01
2026-08-11,120247358420070278,120247358419970278,6.74,6.06,88,16,76.58
2026-08-11,120247359464720278,120247359464690278,0.13,0.12,3,1,42.93
2026-08-11,120247360141410278,120247360141370278,6.03,5.43,136,18,44.36
2026-08-11,120247360141480278,120247360141370278,4.33,3.9,47,12,92.18
2026-08-11,120247360141490278,120247360141370278,3.03,2.73,59,7,51.39
2026-08-11,120247360356790278,120247360356710278,3.86,3.47,47,6,82.07
2026-08-11,120247360356830278,120247360356710278,4.4,3.96,68,15,64.76
2026-08-11,120247360531140278,120247360531070278,7.13,6.41,170,23,41.92
2026-08-11,120247382323040278,120247382322970278,8.89,8,137,22,64.88
2026-08-11,120247382323050278,120247382322970278,7.55,6.79,135,14,55.9
2026-08-11,120247382323060278,120247382322970278,17.04,15.34,183,34,93.11
2026-08-11,120247382323070278,120247382322970278,14.37,12.93,96,22,149.68
2026-08-11,120247382323080278,120247382322970278,3.87,3.48,77,14,50.28
2026-08-11,120247382323090278,120247382322970278,4.65,4.19,87,10,53.47
2026-08-11,120247488259350278,120247488259330278,13.99,12.59,146,31,95.81
2026-08-11,120247488474100278,120247488474000278,4.06,3.65,56,8,72.51
2026-08-11,120247488827940278,120247488474000278,8.9,8.01,139,20,64.06
2026-08-11,120247488854820278,120247488474000278,10.65,9.59,137,19,77.77
2026-08-11,120247488968980278,120247488930090278,4.75,4.28,61,11,77.88
2026-08-11,120247753333380278,120247753268510278,4.87,4.38,67,15,72.68
2026-08-11,120247753343390278,120247753268510278,3.91,3.52,70,11,55.82
2026-08-11,120247753359010278,120247753268510278,2.74,2.47,40,9,68.59
2026-08-11,120247753631300278,120247753572060278,5.42,4.88,42,8,129.06
2026-08-11,120247753647720278,120247753572060278,13.52,12.17,202,25,66.92
2026-08-11,120247753784310278,120247753719120278,4.69,4.22,65,6,72.15
2026-08-11,120247753859960278,120247753837740278,14.85,13.37,198,28,75.02
2026-08-11,120247852377810278,120247852291590278,1.82,1.64,31,4,58.87
2026-08-11,120248013951830278,120247753837740278,0.66,0.59,16,3,41.01
2026-08-11,120248013980050278,120247753837740278,1.35,1.22,21,4,64.52
2026-08-11,120248013986740278,120247753837740278,1.37,1.24,18,1,76.3
2026-08-11,120248013993110278,120247753837740278,3.01,2.71,29,2,103.93
2026-08-11,120248014002370278,120247753837740278,1.55,1.4,25,4,62.09
2026-08-11,120248014007790278,120247753837740278,2.53,2.28,43,10,58.93
2026-08-11,120248014016860278,120247753837740278,10.8,9.72,66,15,163.58
2026-08-11,120248014026550278,120247753837740278,0.67,0.6,11,2,61.06
2026-08-11,120248014031360278,120247753837740278,0.4,0.36,20,0,20.01
2026-08-11,120248014298520278,120247753572060278,3.72,3.34,21,5,176.98
2026-08-11,120248014304990278,120247753572060278,10.86,9.77,181,26,60
2026-08-11,120248014307330278,120247753572060278,5.64,5.08,16,7,352.57
2026-08-11,120248014312900278,120247753572060278,11.91,10.72,139,22,85.72
2026-08-11,120248014331980278,120247753572060278,5.58,5.02,62,6,90.04
2026-08-11,120248014338390278,120247753572060278,2.75,2.47,46,6,59.72
2026-08-11,120248014349350278,120247753572060278,6.37,5.73,74,10,86.04
2026-08-11,120248014354790278,120247753572060278,1.44,1.29,9,0,159.86
2026-08-11,120248014357340278,120247753572060278,5.47,4.92,73,8,74.94
2026-08-11,120248014361180278,120247753572060278,5.23,4.7,73,11,71.58
2026-08-11,120248014806030278,120247753268510278,2.33,2.1,26,2,89.62
2026-08-11,120248014851080278,120247753268510278,0.15,0.14,2,0,76.3
2026-08-11,120248014943290278,120247753268510278,3.45,3.1,47,7,73.37
2026-08-11,120248014983880278,120247753268510278,3.68,3.32,84,10,43.86
2026-08-11,120248014989930278,120247753268510278,8.12,7.31,91,15,89.23
2026-08-11,120248015000030278,120247753268510278,4.73,4.26,68,10,69.58
2026-08-11,120248015007660278,120247753268510278,0.69,0.62,12,1,57.41
2026-08-11,120248015021780278,120247753268510278,1.12,1.01,19,1,59.19
2026-08-11,120248015027340278,120247753268510278,0.77,0.69,22,2,34.95
2026-08-11,120248015032800278,120247753268510278,3.01,2.71,28,4,107.59
2026-08-11,120248015539040278,120247753719120278,9.9,8.91,102,23,97.08
2026-08-11,120248015573900278,120247753719120278,4.51,4.06,54,11,83.47
2026-08-11,120248015583870278,120247753719120278,4.02,3.62,47,6,85.59
2026-08-11,120248015591980278,120247753719120278,3.49,3.14,48,7,72.65
2026-08-11,120248015604620278,120247753719120278,4.23,3.81,60,14,70.54
2026-08-11,120248015608410278,120247753719120278,6.95,6.25,84,19,82.72
2026-08-11,120248015705310278,120247753719120278,1.23,1.11,29,5,42.41
2026-08-11,120248015743610278,120247753719120278,3.3,2.97,61,13,54.05
2026-08-11,120248015758600278,120247753719120278,12.67,11.41,108,8,117.34
2026-08-11,120248015775920278,120247753719120278,1.54,1.39,17,1,90.52
2026-08-11,120248015919380278,120247852291590278,1.45,1.3,20,2,72.4
2026-08-11,120248015964290278,120247852291590278,0.6,0.54,12,0,50.33
2026-08-11,120248015969120278,120247852291590278,0.48,0.43,17,2,28.16
2026-08-11,120248015975280278,120247852291590278,1.57,1.42,17,2,92.64
2026-08-11,120248015981890278,120247852291590278,0.35,0.32,7,1,50.66
2026-08-11,120248015988990278,120247852291590278,1.94,1.75,20,4,97.01
2026-08-11,120248016000090278,120247852291590278,0.97,0.88,20,4,48.64
2026-08-11,120248016028140278,120247852291590278,0.6,0.54,10,0,59.95
2026-08-11,120248016058110278,120247852291590278,1.37,1.23,12,3,114.08
2026-08-11,120253665873690281,120253665771940281,5.9,5.31,63,9,93.58
2026-08-11,120253665881380281,120253665771940281,10.55,9.49,144,23,73.26
2026-08-11,120253665893600281,120253665771940281,1.94,1.75,31,5,62.62
2026-08-11,120253665904310281,120253665771940281,31.9,28.71,525,70,60.77
2026-08-11,120253665910190281,120253665771940281,14.36,12.92,223,31,64.39
2026-08-11,120253665917020281,120253665771940281,0.02,0.02,1,0,19.6
2026-08-11,120253665946580281,120253665771940281,7.03,6.33,108,14,65.14
2026-08-11,120253666333460281,120253666333490281,21.79,19.61,262,33,83.18
2026-08-11,120253666506120281,120253666333490281,7.38,6.64,45,6,164.04
2026-08-11,120253666511600281,120253666333490281,0.26,0.24,14,0,18.69
2026-08-11,120253666527630281,120253666333490281,14.63,13.17,214,36,68.37
2026-08-11,120253666532760281,120253666333490281,12.79,11.51,227,26,56.35
2026-08-11,120253666628200281,120253666333490281,1.27,1.14,26,5,48.79
2026-08-11,120253666652150281,120253666333490281,0.13,0.12,5,0,26.76
2026-08-11,120253666680770281,120253666333490281,1.56,1.41,22,3,71.1
2026-08-11,120253667302470281,120253667302360281,1.52,1.37,47,5,32.28
2026-08-11,120253667360680281,120253667302360281,2.98,2.68,34,6,87.56
2026-08-11,120253667384950281,120253667302360281,1.86,1.67,25,1,74.42
2026-08-11,120253667457200281,120253667302360281,8.16,7.35,62,11,131.67
2026-08-11,120253667485200281,120253667302360281,1.2,1.08,22,8,54.35
2026-08-11,120253667505210281,120253667302360281,4.28,3.85,71,10,60.29
2026-08-11,120253667521110281,120253667302360281,2.26,2.04,50,5,45.27
2026-08-11,120253667533570281,120253667302360281,1.65,1.49,21,3,78.8
2026-08-11,120253667542940281,120253667302360281,2.06,1.85,20,2,103.04
2026-08-11,120253667551140281,120253667302360281,2.5,2.25,23,2,108.68
2026-08-11,120253667581310281,120253667581330281,0.12,0.11,4,0,30.33
2026-08-11,120253667622250281,120253667581330281,2.66,2.39,16,2,166.01
2026-08-11,120253667639650281,120253667581330281,2.39,2.15,48,6,49.74
2026-08-11,120253667644420281,120253667581330281,2.81,2.53,52,6,53.96
2026-08-11,120253667649010281,120253667581330281,7.18,6.46,49,17,146.56
2026-08-11,120253667663120281,120253667581330281,2.05,1.84,13,2,157.47
2026-08-11,120253667668650281,120253667581330281,9.5,8.55,73,6,130.19
2026-08-11,120253667678500281,120253667581330281,1.39,1.25,29,5,47.99
2026-08-11,120253667683750281,120253667581330281,1.13,1.02,28,2,40.45
2026-08-11,120253667705850281,120253667581330281,4.79,4.31,77,13,62.22
2026-08-12,120247357081010278,120247357080990278,13.87,12.48,188,37,73.77
2026-08-12,120247357457050278,120247357456980278,0.46,0.41,14,1,32.79
2026-08-12,120247357457070278,120247357456980278,4.88,4.39,34,7,143.4
2026-08-12,120247357457090278,120247357456980278,0.65,0.59,13,0,50.02
2026-08-12,120247358420070278,120247358419970278,7.72,6.95,127,15,60.82
2026-08-12,120247359464720278,120247359464690278,7.62,6.86,113,13,67.42
2026-08-12,120247360141410278,120247360141370278,12.68,11.41,219,28,57.9
2026-08-12,120247360141490278,120247360141370278,7.04,6.33,94,14,74.86
2026-08-12,120247360356830278,120247360356710278,0.35,0.31,3,0,115.37
2026-08-12,120247360531140278,120247360531070278,1.84,1.66,38,7,48.42
2026-08-12,120247382323040278,120247382322970278,18.46,16.61,212,36,87.05
2026-08-12,120247382323050278,120247382322970278,7.3,6.57,117,15,62.38
2026-08-12,120247382323060278,120247382322970278,13.52,12.17,217,30,62.3
2026-08-12,120247382323070278,120247382322970278,7.76,6.98,121,18,64.14
2026-08-12,120247382323080278,120247382322970278,5.69,5.12,109,13,52.24
2026-08-12,120247382323090278,120247382322970278,7.81,7.03,116,14,67.33
2026-08-12,120247488259350278,120247488259330278,10.71,9.64,122,21,87.79
2026-08-12,120247488474100278,120247488474000278,0.42,0.38,8,2,52.41
2026-08-12,120247488827940278,120247488474000278,0.25,0.22,4,1,61.45
2026-08-12,120247488854820278,120247488474000278,0.37,0.33,12,0,30.58
2026-08-12,120247488968980278,120247488930090278,8.58,7.72,148,22,57.96
2026-08-12,120247506542160278,120247506424170278,6.87,6.18,93,13,73.84
2026-08-12,120247753333380278,120247753268510278,3.36,3.02,64,6,52.49
2026-08-12,120247753343390278,120247753268510278,1.96,1.76,34,4,57.53
2026-08-12,120247753359010278,120247753268510278,0.8,0.72,24,2,33.18
2026-08-12,120247753631300278,120247753572060278,3.59,3.23,44,9,81.66
2026-08-12,120247753647720278,120247753572060278,14.15,12.74,145,24,97.61
2026-08-12,120247753784310278,120247753719120278,1.36,1.22,20,4,68.02
2026-08-12,120247753859960278,120247753837740278,12.05,10.85,163,26,73.93
2026-08-12,120247852377810278,120247852291590278,1.61,1.45,10,1,160.82
2026-08-12,120248013951830278,120247753837740278,2.08,1.87,35,6,59.47
2026-08-12,120248013980050278,120247753837740278,1.84,1.66,27,2,68.2
2026-08-12,120248013986740278,120247753837740278,11.44,10.29,117,22,97.74
2026-08-12,120248013993110278,120247753837740278,1.41,1.27,22,4,63.94
2026-08-12,120248014002370278,120247753837740278,7.06,6.35,93,13,75.9
2026-08-12,120248014007790278,120247753837740278,2.26,2.04,32,2,70.77
2026-08-12,120248014016860278,120247753837740278,16.3,14.67,160,34,101.87
2026-08-12,120248014026550278,120247753837740278,0.48,0.44,11,0,43.98
2026-08-12,120248014031360278,120247753837740278,3.05,2.75,49,10,62.25
2026-08-12,120248014298520278,120247753572060278,3.75,3.38,68,15,55.17
2026-08-12,120248014304990278,120247753572060278,11.34,10.21,202,35,56.16
2026-08-12,120248014307330278,120247753572060278,4.44,4,71,9,62.55
2026-08-12,120248014312900278,120247753572060278,1.82,1.64,44,6,41.37
2026-08-12,120248014331980278,120247753572060278,10.54,9.49,157,12,67.14
2026-08-12,120248014338390278,120247753572060278,5.34,4.81,45,8,118.75
2026-08-12,120248014349350278,120247753572060278,1.11,1,23,1,48.11
2026-08-12,120248014354790278,120247753572060278,7.61,6.85,134,15,56.82
2026-08-12,120248014357340278,120247753572060278,3.05,2.75,33,9,92.48
2026-08-12,120248014361180278,120247753572060278,1.05,0.94,29,0,36.04
2026-08-12,120248014806030278,120247753268510278,4.82,4.33,47,5,102.47
2026-08-12,120248014851080278,120247753268510278,0.13,0.12,2,1,67.35
2026-08-12,120248014943290278,120247753268510278,4.97,4.47,56,10,88.7
2026-08-12,120248014983880278,120247753268510278,2.45,2.2,52,6,47.03
2026-08-12,120248014989930278,120247753268510278,6.58,5.92,71,13,92.7
2026-08-12,120248015000030278,120247753268510278,2.69,2.42,45,6,59.79
2026-08-12,120248015007660278,120247753268510278,2.43,2.19,50,6,48.59
2026-08-12,120248015021780278,120247753268510278,5.35,4.81,124,13,43.14
2026-08-12,120248015027340278,120247753268510278,8.57,7.72,112,33,76.56
2026-08-12,120248015032800278,120247753268510278,5.57,5.01,93,10,59.87
2026-08-12,120248015539040278,120247753719120278,1.98,1.78,50,8,39.64
2026-08-12,120248015573900278,120247753719120278,0.78,0.71,18,3,43.57
2026-08-12,120248015583870278,120247753719120278,4.59,4.13,79,11,58.04
2026-08-12,120248015591980278,120247753719120278,3.8,3.42,42,11,90.43
2026-08-12,120248015604620278,120247753719120278,6.63,5.96,121,16,54.76
2026-08-12,120248015608410278,120247753719120278,3.31,2.98,32,7,103.55
2026-08-12,120248015705310278,120247753719120278,2.42,2.18,58,7,41.7
2026-08-12,120248015743610278,120247753719120278,7.03,6.33,91,13,77.24
2026-08-12,120248015758600278,120247753719120278,1.41,1.27,24,4,58.61
2026-08-12,120248015775920278,120247753719120278,0.09,0.08,4,0,21.88
2026-08-12,120248015919380278,120247852291590278,0.96,0.87,12,3,80.34
2026-08-12,120248015964290278,120247852291590278,7.69,6.92,88,22,87.43
2026-08-12,120248015969120278,120247852291590278,0.36,0.33,4,1,90.5
2026-08-12,120248015975280278,120247852291590278,11.11,10,113,26,98.28
2026-08-12,120248015981890278,120247852291590278,8.53,7.68,82,10,104.07
2026-08-12,120248015988990278,120247852291590278,4.57,4.11,28,7,163.24
2026-08-12,120248016000090278,120247852291590278,1.05,0.94,25,2,41.81
2026-08-12,120248016028140278,120247852291590278,6.16,5.54,38,5,162.04
2026-08-12,120248016058110278,120247852291590278,2.59,2.33,31,8,83.41
2026-08-12,120248037146600278,120247488930090278,1.54,1.39,45,8,34.27
2026-08-12,120248037148270278,120247488930090278,2.26,2.04,32,6,70.67
2026-08-12,120248037149900278,120247488930090278,1.85,1.66,37,4,49.99
2026-08-12,120248037151710278,120247488930090278,3.67,3.3,56,8,65.5
2026-08-12,120248037154320278,120247488930090278,0.1,0.09,9,0,10.76
2026-08-12,120248037227310278,120247488259330278,6.3,5.67,60,8,104.97
2026-08-12,120248037236070278,120247488259330278,0.81,0.73,16,1,50.87
2026-08-12,120248037242460278,120247488259330278,4.86,4.37,60,11,80.93
2026-08-12,120248037248010278,120247488259330278,3.94,3.55,33,9,119.46
2026-08-12,120248037252070278,120247488259330278,1.19,1.07,25,4,47.76
2026-08-12,120248037256010278,120247488259330278,6.52,5.87,93,11,70.14
2026-08-12,120248037259710278,120247488259330278,9.95,8.95,147,25,67.68
2026-08-12,120248037267250278,120247488259330278,7.21,6.49,60,13,120.2
2026-08-12,120248037325860278,120247360141370278,3.25,2.93,46,9,70.75
2026-08-12,120248037346630278,120247360141370278,2.62,2.36,21,5,124.96
2026-08-12,120248037354900278,120247360141370278,1.72,1.55,34,4,50.63
2026-08-12,120248037373890278,120247360141370278,2.91,2.62,48,4,60.56
2026-08-12,120248037378470278,120247360141370278,1.44,1.3,24,5,60.08
2026-08-12,120248037384100278,120247360141370278,5.13,4.62,50,6,102.64
2026-08-12,120248037402540278,120247360141370278,5.75,5.17,34,7,169.1
2026-08-12,120248037418040278,120247360141370278,4.2,3.78,68,8,61.72
2026-08-12,120248037462010278,120247358419970278,4.37,3.93,72,11,60.72
2026-08-12,120248037469760278,120247358419970278,6.02,5.42,60,8,100.33
2026-08-12,120248037484310278,120247358419970278,1.31,1.18,26,2,50.26
2026-08-12,120248037487480278,120247358419970278,9.65,8.68,79,16,122.14
2026-08-12,120248037490750278,120247358419970278,2.24,2.02,57,6,39.31
2026-08-12,120248037496400278,120247358419970278,3.61,3.25,59,16,61.14
2026-08-12,120248037498990278,120247358419970278,7.6,6.84,51,10,149.08
2026-08-12,120248037501970278,120247358419970278,1.64,1.47,26,2,62.89
2026-08-12,120248037551200278,120247357080990278,4.96,4.46,69,7,71.81
2026-08-12,120248037563320278,120247357080990278,1.66,1.5,46,4,36.15
2026-08-12,120248037567290278,120247357080990278,6.73,6.05,90,19,74.73
2026-08-12,120248037571270278,120247357080990278,4.25,3.82,33,5,128.7
2026-08-12,120248037572920278,120247357080990278,0.4,0.36,5,0,80.7
2026-08-12,120248037576340278,120247357080990278,3.34,3.01,44,6,76.02
2026-08-12,120248037581340278,120247357080990278,5.32,4.78,66,15,80.54
2026-08-12,120248037598010278,120247357080990278,3.46,3.11,70,8,49.42
2026-08-12,120248037719570278,120247359464690278,0.93,0.83,14,0,66.26
2026-08-12,120248037736060278,120247359464690278,1.27,1.15,38,2,33.53
2026-08-12,120248037741040278,120247359464690278,6.28,5.65,75,10,83.67
2026-08-12,120248037745600278,120247359464690278,1.44,1.3,100,3,14.4
2026-08-12,120248037747540278,120247359464690278,2.38,2.14,35,6,67.9
2026-08-12,120248037755210278,120247359464690278,4.69,4.22,52,4,90.15
2026-08-12,120248037760680278,120247359464690278,0.86,0.77,15,3,57.34
2026-08-12,120248037841630278,120247506168050278,0.07,0.06,3,0,21.87
2026-08-12,120248037864920278,120247506168050278,10.91,9.82,87,13,125.38
2026-08-12,120248037871170278,120247506168050278,0.31,0.28,11,0,28.55
2026-08-12,120248037884290278,120247506168050278,1,0.9,14,9,71.19
2026-08-12,120248037889530278,120247506168050278,4.51,4.06,56,7,80.58
2026-08-12,120248037901600278,120247506168050278,4.64,4.18,72,12,64.46
2026-08-12,120248037907790278,120247506168050278,2.64,2.37,48,10,54.9
2026-08-12,120248037951360278,120247506424170278,5.72,5.15,78,10,73.3
2026-08-12,120248037968460278,120247506424170278,1.59,1.43,27,3,58.81
2026-08-12,120248037978210278,120247506424170278,5.36,4.83,78,12,68.76
2026-08-12,120248037983800278,120247506424170278,1.99,1.79,26,3,76.43
2026-08-12,120248037988730278,120247506424170278,1.27,1.14,25,2,50.75
2026-08-12,120248038023970278,120247382322970278,1.63,1.47,35,8,46.55
2026-08-12,120248038047290278,120247382322970278,2.86,2.57,66,11,43.32
2026-08-12,120248038050550278,120247382322970278,5.61,5.05,73,7,76.89
2026-08-12,120248038053810278,120247382322970278,1.45,1.3,11,2,131.4
2026-08-12,120253665873690281,120253665771940281,1.21,1.09,39,1,30.94
2026-08-12,120253665881380281,120253665771940281,35.74,32.16,507,60,70.49
2026-08-12,120253665893600281,120253665771940281,9.58,8.63,111,16,86.35
2026-08-12,120253665904310281,120253665771940281,21.71,19.54,344,48,63.11
2026-08-12,120253665910190281,120253665771940281,12.04,10.84,170,28,70.83
2026-08-12,120253665917020281,120253665771940281,0.12,0.1,2,0,57.5
2026-08-12,120253665946580281,120253665771940281,61.58,55.42,756,99,81.46
2026-08-12,120253666333460281,120253666333490281,29.02,26.11,432,61,67.17
2026-08-12,120253666506120281,120253666333490281,0.9,0.81,19,4,47.36
2026-08-12,120253666527630281,120253666333490281,22.17,19.95,372,59,59.6
2026-08-12,120253666532760281,120253666333490281,30.29,27.26,471,74,64.31
2026-08-12,120253666628200281,120253666333490281,0.12,0.11,2,1,60.55
2026-08-12,120253666680770281,120253666333490281,0,0,1,0,1.2
2026-08-12,120253667302470281,120253667302360281,2.37,2.13,34,2,69.58
2026-08-12,120253667360680281,120253667302360281,0.79,0.71,30,3,26.45
2026-08-12,120253667384950281,120253667302360281,5.91,5.32,54,12,109.53
2026-08-12,120253667457200281,120253667302360281,0.17,0.15,11,0,15.5
2026-08-12,120253667485200281,120253667302360281,7.57,6.81,97,19,78.02
2026-08-12,120253667505210281,120253667302360281,4.49,4.04,66,7,68.07
2026-08-12,120253667521110281,120253667302360281,8.44,7.6,136,25,62.09
2026-08-12,120253667533570281,120253667302360281,8.81,7.93,91,23,96.85
2026-08-12,120253667542940281,120253667302360281,9.67,8.7,129,19,74.97
2026-08-12,120253667551140281,120253667302360281,5.81,5.23,44,7,131.99
2026-08-12,120253667581310281,120253667581330281,0.72,0.65,12,0,59.94
2026-08-12,120253667622250281,120253667581330281,12.41,11.16,123,21,100.86
2026-08-12,120253667639650281,120253667581330281,5.2,4.68,73,7,71.21
2026-08-12,120253667644420281,120253667581330281,1.42,1.27,45,1,31.45
2026-08-12,120253667649010281,120253667581330281,3.99,3.59,58,5,68.86
2026-08-12,120253667663120281,120253667581330281,0.84,0.76,16,3,52.6
2026-08-12,120253667668650281,120253667581330281,16.19,14.57,283,33,57.21
2026-08-12,120253667678500281,120253667581330281,10.4,9.36,177,25,58.73
2026-08-12,120253667683750281,120253667581330281,20.17,18.15,147,21,137.21
2026-08-12,120253667705850281,120253667581330281,7.65,6.88,153,18,49.99
2026-08-12,120253701043320281,120253700924530281,0.48,0.43,24,1,19.8
2026-08-12,120253701087560281,120253700924530281,0.47,0.42,15,3,31.43
2026-08-12,120253701667190281,120253700924530281,49.77,44.79,721,116,69.03
2026-08-12,120253703188410281,120253702776520281,0.18,0.17,9,1,20.4
2026-08-12,120253703504330281,120253703504250281,0.18,0.16,3,1,60.03
2026-08-12,120253703606030281,120253703504250281,0.6,0.54,16,2,37.68
2026-08-12,120253703628360281,120253703504250281,1.24,1.12,19,4,65.25
2026-08-12,120253703640280281,120253703504250281,1.23,1.11,11,4,111.83
2026-08-12,120253703653020281,120253703504250281,0.5,0.45,7,4,71.91
2026-08-12,120253703658800281,120253703504250281,51.06,45.95,442,89,115.51
2026-08-12,120253703724550281,120253703724520281,1.95,1.75,20,7,97.28
2026-08-12,120253703768810281,120253703724520281,1.5,1.35,25,2,60.17
2026-08-12,120253703780420281,120253703724520281,1.54,1.39,24,1,64.2
2026-08-12,120253703796370281,120253703724520281,2,1.8,37,3,53.97
2026-08-12,120253703813950281,120253703724520281,6.38,5.74,71,12,89.85
2026-08-12,120253703815990281,120253703724520281,0.59,0.53,15,1,39.39
2026-08-12,120253703818060281,120253703724520281,0,0,1,0,2.3
2026-08-12,120253703821200281,120253703724520281,2.91,2.62,47,6,61.99
2026-08-12,120253703824100281,120253703724520281,6.87,6.19,54,8,127.29
2026-08-12,120253703839980281,120253703839970281,1.74,1.56,9,2,193.16
2026-08-12,120253703887140281,120253703839970281,3.22,2.9,36,8,89.45
2026-08-12,120253703898950281,120253703839970281,0.7,0.63,41,1,17.13
2026-08-12,120253703910260281,120253703839970281,0.9,0.81,18,2,49.78
2026-08-12,120253703920400281,120253703839970281,2.4,2.16,26,3,92.4
2026-08-12,120253703928840281,120253703839970281,0.85,0.77,14,4,60.81
2026-08-12,120253703937850281,120253703839970281,6.41,5.77,36,9,177.94
2026-08-12,120253703947150281,120253703839970281,1.21,1.09,28,9,43.13
2026-08-12,120253703952900281,120253703839970281,0.42,0.38,6,0,70.23
2026-08-12,120253703958890281,120253703839970281,0.74,0.67,6,1,123.45
2026-08-12,120253703989530281,120253703989720281,5,4.5,56,16,89.23
2026-08-12,120253704028180281,120253703989720281,3.92,3.53,62,11,63.26
2026-08-12,120253704038100281,120253703989720281,1.9,1.71,31,5,61.41
2026-08-12,120253704045940281,120253703989720281,1,0.9,28,2,35.6
2026-08-12,120253704053390281,120253703989720281,2.74,2.46,48,1,57.03
2026-08-12,120253704062640281,120253703989720281,4.17,3.75,50,8,83.33
2026-08-12,120253704070820281,120253703989720281,6.73,6.06,104,15,64.74
2026-08-12,120253704081240281,120253703989720281,0.73,0.66,17,3,42.98
2026-08-12,120253704087580281,120253703989720281,1.49,1.34,13,2,114.5
2026-08-12,120253704091080281,120253703989720281,1.05,0.95,27,1,38.91
2026-08-13,120247357081010278,120247357080990278,10.56,9.5,156,22,67.67
2026-08-13,120247358420070278,120247358419970278,1.2,1.08,24,5,50.19
2026-08-13,120247359464720278,120247359464690278,7.9,7.11,167,18,47.33
2026-08-13,120247360141410278,120247360141370278,7.77,6.99,148,21,52.49
2026-08-13,120247360141490278,120247360141370278,15.32,13.78,194,27,78.95
2026-08-13,120247382323040278,120247382322970278,8.56,7.7,114,22,75.06
2026-08-13,120247382323050278,120247382322970278,4.01,3.61,90,9,44.52
2026-08-13,120247382323060278,120247382322970278,6.7,6.03,123,16,54.44
2026-08-13,120247382323070278,120247382322970278,9.66,8.69,129,20,74.87
2026-08-13,120247382323080278,120247382322970278,8.31,7.48,132,23,62.95
2026-08-13,120247382323090278,120247382322970278,5.82,5.24,116,14,50.17
2026-08-13,120247488259350278,120247488259330278,17.38,15.64,246,45,70.63
2026-08-13,120247488968980278,120247488930090278,3.1,2.79,52,5,59.7
2026-08-13,120247506542160278,120247506424170278,11.18,10.06,102,15,109.57
2026-08-13,120247753333380278,120247753268510278,7.32,6.59,115,14,63.67
2026-08-13,120247753343390278,120247753268510278,0.09,0.08,10,2,9.05
2026-08-13,120247753631300278,120247753572060278,6,5.4,72,11,83.33
2026-08-13,120247753647720278,120247753572060278,15.21,13.69,220,27,69.14
2026-08-13,120247753784310278,120247753719120278,0.77,0.69,18,2,42.78
2026-08-13,120247753859960278,120247753837740278,9.74,8.77,216,22,45.11
2026-08-13,120247852377810278,120247852291590278,0.33,0.3,5,1,66.66
2026-08-13,120248013951830278,120247753837740278,0.33,0.3,4,1,83.03
2026-08-13,120248013980050278,120247753837740278,7.04,6.34,93,14,75.74
2026-08-13,120248013986740278,120247753837740278,6.28,5.65,79,11,79.48
2026-08-13,120248014002370278,120247753837740278,7.95,7.15,117,16,67.93
2026-08-13,120248014007790278,120247753837740278,0,0,2,0,2.35
2026-08-13,120248014016860278,120247753837740278,3.31,2.98,52,6,63.68
2026-08-13,120248014026550278,120247753837740278,0.31,0.27,8,0,38.15
2026-08-13,120248014031360278,120247753837740278,7.82,7.03,117,19,66.8
2026-08-13,120248014298520278,120247753572060278,9.09,8.18,106,18,85.74
2026-08-13,120248014304990278,120247753572060278,15.14,13.63,213,32,71.09
2026-08-13,120248014307330278,120247753572060278,7.11,6.4,83,10,85.67
2026-08-13,120248014312900278,120247753572060278,0.95,0.85,20,1,47.49
2026-08-13,120248014331980278,120247753572060278,16.26,14.63,197,30,82.54
2026-08-13,120248014338390278,120247753572060278,6.16,5.54,63,14,97.77
2026-08-13,120248014354790278,120247753572060278,9.38,8.44,114,14,82.29
2026-08-13,120248014357340278,120247753572060278,0.2,0.18,6,1,32.8
2026-08-13,120248014361180278,120247753572060278,0.71,0.64,26,1,27.39
2026-08-13,120248014806030278,120247753268510278,3.69,3.32,49,8,75.27
2026-08-13,120248014851080278,120247753268510278,0.2,0.18,3,0,65.07
2026-08-13,120248014943290278,120247753268510278,0.82,0.74,32,1,25.62
2026-08-13,120248014983880278,120247753268510278,5.55,4.99,96,14,57.78
2026-08-13,120248014989930278,120247753268510278,0.81,0.73,28,6,29.01
2026-08-13,120248015000030278,120247753268510278,2.5,2.25,28,7,89.39
2026-08-13,120248015021780278,120247753268510278,6.53,5.88,96,19,68.04
2026-08-13,120248015027340278,120247753268510278,10.83,9.75,137,20,79.08
2026-08-13,120248015032800278,120247753268510278,4.94,4.45,52,9,95.02
2026-08-13,120248015539040278,120247753719120278,4.44,4,90,15,49.33
2026-08-13,120248015573900278,120247753719120278,0.89,0.81,19,2,47.09
2026-08-13,120248015583870278,120247753719120278,0,0,1,0,3.2
2026-08-13,120248015591980278,120247753719120278,4.12,3.7,65,11,63.32
2026-08-13,120248015604620278,120247753719120278,1.17,1.05,28,2,41.76
2026-08-13,120248015608410278,120247753719120278,1.92,1.73,24,3,80.2
2026-08-13,120248015705310278,120247753719120278,0.86,0.77,21,3,40.96
2026-08-13,120248015743610278,120247753719120278,1.12,1.01,35,6,31.98
2026-08-13,120248015758600278,120247753719120278,0.01,0.01,1,0,10
2026-08-13,120248015964290278,120247852291590278,3.4,3.06,43,6,79.16
2026-08-13,120248015969120278,120247852291590278,2.13,1.91,25,3,85
2026-08-13,120248015975280278,120247852291590278,1.87,1.68,27,3,69.3
2026-08-13,120248015981890278,120247852291590278,6.6,5.94,70,11,94.23
2026-08-13,120248015988990278,120247852291590278,1.02,0.91,8,0,126.98
2026-08-13,120248016000090278,120247852291590278,4.44,4,28,1,158.74
2026-08-13,120248016028140278,120247852291590278,0.8,0.72,32,1,24.97
2026-08-13,120248016058110278,120247852291590278,1.6,1.44,23,4,69.46
2026-08-13,120248037140500278,120247488930090278,0.01,0.01,4,0,3.52
2026-08-13,120248037146600278,120247488930090278,6.71,6.04,103,24,65.14
2026-08-13,120248037148270278,120247488930090278,6.06,5.46,90,9,67.36
2026-08-13,120248037149900278,120247488930090278,6.02,5.41,101,20,59.56
2026-08-13,120248037151710278,120247488930090278,6.74,6.07,89,10,75.72
2026-08-13,120248037154320278,120247488930090278,1.64,1.47,22,1,74.46
2026-08-13,120248037227310278,120247488259330278,0.8,0.72,20,1,40.08
2026-08-13,120248037236070278,120247488259330278,4.17,3.75,56,10,74.45
2026-08-13,120248037242460278,120247488259330278,7.76,6.98,53,8,146.41
2026-08-13,120248037248010278,120247488259330278,3.53,3.17,69,5,51.1
2026-08-13,120248037252070278,120247488259330278,1.99,1.79,41,7,48.53
2026-08-13,120248037256010278,120247488259330278,0.59,0.53,18,0,32.84
2026-08-13,120248037259710278,120247488259330278,9.66,8.69,136,23,71
2026-08-13,120248037267250278,120247488259330278,12.42,11.18,153,26,81.21
2026-08-13,120248037325860278,120247360141370278,9.75,8.77,114,17,85.5
2026-08-13,120248037346630278,120247360141370278,2.87,2.58,51,10,56.28
2026-08-13,120248037354900278,120247360141370278,0.53,0.48,9,0,59.2
2026-08-13,120248037373890278,120247360141370278,0.52,0.47,14,1,37.06
2026-08-13,120248037378470278,120247360141370278,7.71,6.94,108,19,71.43
2026-08-13,120248037384100278,120247360141370278,3.17,2.85,54,5,58.67
2026-08-13,120248037402540278,120247360141370278,3.02,2.72,25,2,120.76
2026-08-13,120248037418040278,120247360141370278,5.1,4.59,91,12,56.05
2026-08-13,120248037462010278,120247358419970278,6.41,5.77,72,17,89.08
2026-08-13,120248037469760278,120247358419970278,11.11,10,98,16,113.41
2026-08-13,120248037484310278,120247358419970278,11.71,10.54,110,21,106.42
2026-08-13,120248037487480278,120247358419970278,12.95,11.65,162,37,79.92
2026-08-13,120248037490750278,120247358419970278,2.54,2.29,16,5,159.06
2026-08-13,120248037496400278,120247358419970278,7.49,6.74,121,19,61.9
2026-08-13,120248037498990278,120247358419970278,7.55,6.79,67,15,112.64
2026-08-13,120248037501970278,120247358419970278,3.75,3.37,49,6,76.47
2026-08-13,120248037551200278,120247357080990278,6.73,6.06,51,15,132
2026-08-13,120248037563320278,120247357080990278,4.24,3.81,71,10,59.65
2026-08-13,120248037567290278,120247357080990278,10.74,9.66,159,26,67.52
2026-08-13,120248037571270278,120247357080990278,7.1,6.39,84,14,84.53
2026-08-13,120248037572920278,120247357080990278,1.77,1.59,28,2,63.23
2026-08-13,120248037576340278,120247357080990278,5.12,4.61,70,6,73.18
2026-08-13,120248037581340278,120247357080990278,10.71,9.64,159,26,67.35
2026-08-13,120248037598010278,120247357080990278,9.53,8.57,166,28,57.39
2026-08-13,120248037719570278,120247359464690278,0.1,0.09,4,2,24.93
2026-08-13,120248037736060278,120247359464690278,9.25,8.33,74,16,125.01
2026-08-13,120248037741040278,120247359464690278,12.77,11.5,126,18,101.37
2026-08-13,120248037745600278,120247359464690278,11.28,10.15,74,10,152.43
2026-08-13,120248037747540278,120247359464690278,4.38,3.94,60,14,72.96
2026-08-13,120248037755210278,120247359464690278,0.37,0.34,7,2,53.36
2026-08-13,120248037760680278,120247359464690278,0.32,0.29,7,2,46.13
2026-08-13,120248037841630278,120247506168050278,4.97,4.47,51,7,97.45
2026-08-13,120248037864920278,120247506168050278,7.41,6.67,117,16,63.31
2026-08-13,120248037871170278,120247506168050278,8.77,7.9,58,11,151.27
2026-08-13,120248037884290278,120247506168050278,0.2,0.18,3,1,68.2
2026-08-13,120248037889530278,120247506168050278,3.57,3.21,101,17,35.36
2026-08-13,120248037901600278,120247506168050278,7.97,7.17,106,17,75.2
2026-08-13,120248037907790278,120247506168050278,6.95,6.25,129,23,53.87
2026-08-13,120248037951360278,120247506424170278,10.66,9.59,210,23,50.74
2026-08-13,120248037968460278,120247506424170278,0.19,0.17,7,0,26.49
2026-08-13,120248037978210278,120247506424170278,6.96,6.26,93,6,74.84
2026-08-13,120248037983800278,120247506424170278,4.85,4.37,88,10,55.13
2026-08-13,120248037988730278,120247506424170278,2.94,2.65,50,8,58.87
2026-08-13,120248038023970278,120247382322970278,5.46,4.91,94,9,58.04
2026-08-13,120248038047290278,120247382322970278,11.26,10.13,105,21,107.23
2026-08-13,120248038050550278,120247382322970278,6.48,5.84,94,13,68.98
2026-08-13,120248038053810278,120247382322970278,4.33,3.9,65,5,66.61
2026-08-13,120253665873690281,120253665771940281,0.12,0.1,1,0,115.1
2026-08-13,120253665881380281,120253665771940281,47.96,43.16,871,104,55.06
2026-08-13,120253665893600281,120253665771940281,12.98,11.68,181,30,71.7
2026-08-13,120253665904310281,120253665771940281,9.59,8.63,119,17,80.61
2026-08-13,120253665910190281,120253665771940281,3.77,3.4,50,10,75.45
2026-08-13,120253665946580281,120253665771940281,61.37,55.23,819,126,74.93
2026-08-13,120253666333460281,120253666333490281,10.42,9.38,167,24,62.39
2026-08-13,120253666527630281,120253666333490281,26.26,23.64,275,49,95.5
2026-08-13,120253666532760281,120253666333490281,38.74,34.86,596,72,64.99
2026-08-13,120253666666590281,120253666333490281,0.08,0.08,3,0,28.3
2026-08-13,120253666680770281,120253666333490281,0.27,0.24,3,0,89.2
2026-08-13,120253667302470281,120253667302360281,0.81,0.73,17,2,47.76
2026-08-13,120253667360680281,120253667302360281,0.19,0.17,7,0,26.54
2026-08-13,120253667384950281,120253667302360281,6.32,5.68,114,15,55.4
2026-08-13,120253667485200281,120253667302360281,4.93,4.44,72,10,68.49
2026-08-13,120253667505210281,120253667302360281,8.43,7.59,103,22,81.83
2026-08-13,120253667521110281,120253667302360281,6.88,6.19,120,28,57.36
2026-08-13,120253667533570281,120253667302360281,6.44,5.8,102,14,63.17
2026-08-13,120253667542940281,120253667302360281,0.59,0.53,16,1,36.63
2026-08-13,120253667551140281,120253667302360281,2.12,1.91,46,4,46.05
2026-08-13,120253667581310281,120253667581330281,0.85,0.77,9,0,94.86
2026-08-13,120253667622250281,120253667581330281,3.67,3.3,25,4,146.83
2026-08-13,120253667639650281,120253667581330281,0.96,0.86,47,2,20.43
2026-08-13,120253667644420281,120253667581330281,0.62,0.56,10,3,62.41
2026-08-13,120253667649010281,120253667581330281,3.42,3.08,49,8,69.88
2026-08-13,120253667668650281,120253667581330281,12.13,10.92,192,17,63.18
2026-08-13,120253667678500281,120253667581330281,9.5,8.55,115,14,82.61
2026-08-13,120253667683750281,120253667581330281,11.7,10.53,152,19,76.95
2026-08-13,120253667705850281,120253667581330281,1.33,1.2,34,3,39.2
2026-08-13,120253701248270281,120253700924530281,1.28,1.15,29,1,44.03
2026-08-13,120253701667190281,120253700924530281,6.42,5.78,94,14,68.32
2026-08-13,120253703504330281,120253703504250281,3.96,3.57,30,8,132.05
2026-08-13,120253703606030281,120253703504250281,16.91,15.22,173,26,97.74
2026-08-13,120253703620200281,120253703504250281,0.35,0.31,17,0,20.45
2026-08-13,120253703628360281,120253703504250281,0.44,0.4,15,0,29.58
2026-08-13,120253703640280281,120253703504250281,1.59,1.43,31,7,51.42
2026-08-13,120253703648580281,120253703504250281,3.44,3.1,36,7,95.69
2026-08-13,120253703653020281,120253703504250281,0.57,0.52,9,0,63.84
2026-08-13,120253703658800281,120253703504250281,37.19,33.48,597,79,62.3
2026-08-13,120253703696820281,120253703504250281,0.16,0.15,7,3,23.49
2026-08-13,120253703724550281,120253703724520281,4.93,4.44,60,7,82.15
2026-08-13,120253703765330281,120253703724520281,1.33,1.2,24,3,55.39
2026-08-13,120253703768810281,120253703724520281,0.62,0.55,8,1,76.9
2026-08-13,120253703780420281,120253703724520281,3.12,2.81,58,7,53.87
2026-08-13,120253703796370281,120253703724520281,5.3,4.77,88,15,60.17
2026-08-13,120253703813950281,120253703724520281,14.1,12.69,122,30,115.54
2026-08-13,120253703815990281,120253703724520281,2.93,2.64,64,11,45.78
2026-08-13,120253703821200281,120253703724520281,3.07,2.77,32,3,96.08
2026-08-13,120253703824100281,120253703724520281,4.67,4.2,95,17,49.13
2026-08-13,120253703839980281,120253703839970281,0.54,0.49,7,3,77.43
2026-08-13,120253703887140281,120253703839970281,1.69,1.52,23,4,73.57
2026-08-13,120253703898950281,120253703839970281,10.72,9.65,111,21,96.58
2026-08-13,120253703910260281,120253703839970281,1.47,1.32,22,3,66.77
2026-08-13,120253703920400281,120253703839970281,3.65,3.28,67,7,54.44
2026-08-13,120253703928840281,120253703839970281,0.5,0.45,5,1,99.36
2026-08-13,120253703937850281,120253703839970281,4.83,4.35,51,6,94.72
2026-08-13,120253703947150281,120253703839970281,2.23,2,23,5,96.76
2026-08-13,120253703952900281,120253703839970281,0.59,0.53,10,0,58.52
2026-08-13,120253703958890281,120253703839970281,2.68,2.42,30,8,89.48
2026-08-13,120253703989530281,120253703989720281,6.78,6.11,72,11,94.23
2026-08-13,120253704028180281,120253703989720281,7.46,6.71,115,23,64.84
2026-08-13,120253704038100281,120253703989720281,6.63,5.97,162,14,40.94
2026-08-13,120253704045940281,120253703989720281,2.65,2.39,31,5,85.64
2026-08-13,120253704053390281,120253703989720281,0.77,0.7,17,1,45.48
2026-08-13,120253704062640281,120253703989720281,12.09,10.88,160,22,75.59
2026-08-13,120253704070820281,120253703989720281,13.64,12.28,138,25,98.85
2026-08-13,120253704081240281,120253703989720281,2.47,2.22,37,6,66.7
2026-08-13,120253704087580281,120253703989720281,4.94,4.44,55,9,89.75
2026-08-13,120253704091080281,120253703989720281,7.12,6.41,58,9,122.79
2026-08-14,120247357081010278,120247357080990278,4.84,4.36,128,16,37.82
2026-08-14,120247358420070278,120247358419970278,0.92,0.83,4,0,231.13
2026-08-14,120247359464720278,120247359464690278,13.35,12.01,170,25,78.5
2026-08-14,120247360141410278,120247360141370278,20.99,18.89,332,54,63.23
2026-08-14,120247360141490278,120247360141370278,6.13,5.52,71,7,86.31
2026-08-14,120247382323040278,120247382322970278,4.23,3.8,75,9,56.34
2026-08-14,120247382323050278,120247382322970278,15.69,14.12,165,30,95.07
2026-08-14,120247382323060278,120247382322970278,14.6,13.14,187,33,78.05
2026-08-14,120247382323070278,120247382322970278,2.29,2.06,44,6,52.05
2026-08-14,120247382323080278,120247382322970278,11.71,10.54,129,18,90.8
2026-08-14,120247382323090278,120247382322970278,2.7,2.43,49,12,55.03
2026-08-14,120247488259350278,120247488259330278,16.18,14.56,153,19,105.75
2026-08-14,120247488968980278,120247488930090278,0.02,0.02,2,0,10.8
2026-08-14,120247506542160278,120247506424170278,5.97,5.37,83,18,71.95
2026-08-14,120247753333380278,120247753268510278,7.48,6.73,99,18,75.52
2026-08-14,120247753631300278,120247753572060278,1.91,1.72,67,8,28.56
2026-08-14,120247753647720278,120247753572060278,15.62,14.06,249,31,62.74
2026-08-14,120247753859960278,120247753837740278,15.73,14.16,197,26,79.84
2026-08-14,120247852377810278,120247852291590278,0.24,0.22,4,1,60.88
2026-08-14,120248013980050278,120247753837740278,7.88,7.09,79,18,99.72
2026-08-14,120248013986740278,120247753837740278,7.45,6.71,112,12,66.54
2026-08-14,120248014002370278,120247753837740278,2.58,2.33,34,6,75.98
2026-08-14,120248014016860278,120247753837740278,1.04,0.94,15,2,69.31
2026-08-14,120248014031360278,120247753837740278,9.15,8.23,113,18,80.94
2026-08-14,120248014298520278,120247753572060278,0.31,0.28,8,1,39.06
2026-08-14,120248014304990278,120247753572060278,30.43,27.39,342,74,88.99
2026-08-14,120248014307330278,120247753572060278,1.08,0.97,19,3,56.67
2026-08-14,120248014331980278,120247753572060278,13.72,12.35,152,30,90.28
2026-08-14,120248014338390278,120247753572060278,7.22,6.49,80,22,90.2
2026-08-14,120248014354790278,120247753572060278,6.68,6.01,101,15,66.1
2026-08-14,120248014806030278,120247753268510278,0.83,0.75,18,0,46.28
2026-08-14,120248014943290278,120247753268510278,0.5,0.45,12,1,41.65
2026-08-14,120248014983880278,120247753268510278,2.27,2.04,37,3,61.31
2026-08-14,120248014989930278,120247753268510278,0.11,0.1,4,1,26.95
2026-08-14,120248015021780278,120247753268510278,8,7.2,87,10,91.9
2026-08-14,120248015027340278,120247753268510278,7,6.3,105,14,66.66
2026-08-14,120248015032800278,120247753268510278,1.2,1.08,27,4,44.29
2026-08-14,120248015539040278,120247753719120278,5.39,4.85,82,9,65.79
2026-08-14,120248015573900278,120247753719120278,0,0,1,0,3.4
2026-08-14,120248015591980278,120247753719120278,6.21,5.59,88,15,70.56
2026-08-14,120248015604620278,120247753719120278,4.47,4.02,17,4,262.84
2026-08-14,120248015608410278,120247753719120278,0.14,0.13,1,1,139.1
2026-08-14,120248015705310278,120247753719120278,0.01,0.01,2,0,3.55
2026-08-14,120248015743610278,120247753719120278,0.23,0.21,8,1,28.54
2026-08-14,120248015964290278,120247852291590278,0.06,0.05,5,0,11.74
2026-08-14,120248015969120278,120247852291590278,0.24,0.22,3,1,79.97
2026-08-14,120248015975280278,120247852291590278,0.16,0.14,5,0,31.84
2026-08-14,120248015981890278,120247852291590278,0.48,0.43,7,1,68.36
2026-08-14,120248016000090278,120247852291590278,0.98,0.88,8,2,121.99
2026-08-14,120248016058110278,120247852291590278,0.2,0.18,5,0,40.1
2026-08-14,120248037140500278,120247488930090278,0.01,0.01,1,0,8.7
2026-08-14,120248037146600278,120247488930090278,4.22,3.8,72,18,58.63
2026-08-14,120248037148270278,120247488930090278,7.07,6.37,95,17,74.47
2026-08-14,120248037149900278,120247488930090278,2.48,2.23,49,10,50.54
2026-08-14,120248037151710278,120247488930090278,9.51,8.56,112,19,84.94
2026-08-14,120248037154320278,120247488930090278,0.32,0.29,5,1,64.68
2026-08-14,120248037227310278,120247488259330278,0.12,0.11,2,0,61.5
2026-08-14,120248037236070278,120247488259330278,0.09,0.08,7,1,12.51
2026-08-14,120248037242460278,120247488259330278,2.72,2.45,44,7,61.88
2026-08-14,120248037248010278,120247488259330278,0.74,0.66,13,3,56.64
2026-08-14,120248037259710278,120247488259330278,7.41,6.67,105,11,70.57
2026-08-14,120248037267250278,120247488259330278,12.61,11.35,175,29,72.03
2026-08-14,120248037325860278,120247360141370278,0.84,0.76,17,1,49.56
2026-08-14,120248037346630278,120247360141370278,0.13,0.12,5,1,26.64
2026-08-14,120248037378470278,120247360141370278,4.75,4.28,67,8,70.93
2026-08-14,120248037418040278,120247360141370278,3.67,3.3,42,8,87.38
2026-08-14,120248037462010278,120247358419970278,1.42,1.28,27,2,52.72
2026-08-14,120248037469760278,120247358419970278,0.6,0.54,20,2,30.09
2026-08-14,120248037484310278,120247358419970278,1.38,1.24,25,3,55.05
2026-08-14,120248037487480278,120247358419970278,4.28,3.85,92,14,46.56
2026-08-14,120248037496400278,120247358419970278,0.31,0.28,7,1,44
2026-08-14,120248037498990278,120247358419970278,5.3,4.77,49,5,108.08
2026-08-14,120248037551200278,120247357080990278,4.51,4.06,56,8,80.46
2026-08-14,120248037563320278,120247357080990278,0.39,0.35,5,0,77.68
2026-08-14,120248037567290278,120247357080990278,6.43,5.79,84,9,76.6
2026-08-14,120248037571270278,120247357080990278,4.33,3.9,32,5,135.37
2026-08-14,120248037572920278,120247357080990278,0.12,0.11,5,1,24.56
2026-08-14,120248037576340278,120247357080990278,0.96,0.86,24,1,40
2026-08-14,120248037581340278,120247357080990278,4.51,4.06,101,14,44.64
2026-08-14,120248037598010278,120247357080990278,7.52,6.77,141,23,53.35
2026-08-14,120248037736060278,120247359464690278,0.75,0.67,11,2,67.93
2026-08-14,120248037741040278,120247359464690278,7.37,6.63,79,8,93.31
2026-08-14,120248037745600278,120247359464690278,4.2,3.78,70,13,59.95
2026-08-14,120248037747540278,120247359464690278,0.88,0.8,26,2,34.01
2026-08-14,120248037760680278,120247359464690278,0.13,0.12,9,0,14.92
2026-08-14,120248037841630278,120247506168050278,3.94,3.55,44,6,89.6
2026-08-14,120248037864920278,120247506168050278,0.73,0.66,23,2,31.67
2026-08-14,120248037871170278,120247506168050278,0.95,0.86,22,6,43.21
2026-08-14,120248037884290278,120247506168050278,0.24,0.22,7,0,34.21
2026-08-14,120248037889530278,120247506168050278,3.75,3.38,69,9,54.42
2026-08-14,120248037901600278,120247506168050278,5.2,4.68,103,14,50.53
2026-08-14,120248037907790278,120247506168050278,3.59,3.23,54,8,66.44
2026-08-14,120248037951360278,120247506424170278,11.87,10.68,123,17,96.48
2026-08-14,120248037968460278,120247506424170278,0.16,0.14,9,1,17.36
2026-08-14,120248037978210278,120247506424170278,12.41,11.17,188,25,66.02
2026-08-14,120248037983800278,120247506424170278,3.67,3.3,61,5,60.14
2026-08-14,120248037988730278,120247506424170278,0.11,0.1,5,1,22.42
2026-08-14,120248038023970278,120247382322970278,4.14,3.73,68,8,60.93
2026-08-14,120248038047290278,120247382322970278,12.42,11.18,124,25,100.15
2026-08-14,120248038050550278,120247382322970278,1.18,1.06,17,2,69.14
2026-08-14,120248038053810278,120247382322970278,3.91,3.52,109,10,35.91
2026-08-14,120253665881380281,120253665771940281,69.13,62.22,1087,122,63.6
2026-08-14,120253665893600281,120253665771940281,10.4,9.36,172,28,60.45
2026-08-14,120253665904310281,120253665771940281,9.18,8.26,133,25,69.04
2026-08-14,120253665910190281,120253665771940281,0.01,0,2,0,2.7
2026-08-14,120253665946580281,120253665771940281,34.46,31.01,510,77,67.56
2026-08-14,120253666333460281,120253666333490281,27.23,24.5,394,59,69.1
2026-08-14,120253666506120281,120253666333490281,0.09,0.08,1,1,89.9
2026-08-14,120253666527630281,120253666333490281,15.1,13.59,247,52,61.15
2026-08-14,120253666532760281,120253666333490281,35.62,32.06,503,69,70.82
2026-08-14,120253666628200281,120253666333490281,0.01,0.01,1,1,7.3
2026-08-14,120253667302470281,120253667302360281,0,0,1,0,3.2
2026-08-14,120253667384950281,120253667302360281,11.91,10.72,100,9,119.06
2026-08-14,120253667485200281,120253667302360281,4.74,4.26,91,11,52.07
2026-08-14,120253667505210281,120253667302360281,0.84,0.76,22,1,38.28
2026-08-14,120253667521110281,120253667302360281,10.24,9.22,179,28,57.21
2026-08-14,120253667533570281,120253667302360281,1.1,0.99,41,1,26.84
2026-08-14,120253667622250281,120253667581330281,3.09,2.78,15,6,205.99
2026-08-14,120253667639650281,120253667581330281,0.22,0.2,10,0,21.99
2026-08-14,120253667649010281,120253667581330281,10.57,9.51,114,23,92.74
2026-08-14,120253667668650281,120253667581330281,12.74,11.47,162,24,78.67
2026-08-14,120253667678500281,120253667581330281,15.42,13.88,152,21,101.48
2026-08-14,120253667683750281,120253667581330281,11.89,10.71,179,25,66.45
2026-08-14,120253667705850281,120253667581330281,0,0,1,0,3.3
2026-08-14,120253701148080281,120253700924530281,0.13,0.12,4,0,32.55
2026-08-14,120253701667190281,120253700924530281,0.11,0.1,8,0,14.35
2026-08-14,120253703504330281,120253703504250281,0.39,0.35,8,2,48.22
2026-08-14,120253703606030281,120253703504250281,1.64,1.48,41,4,40.12
2026-08-14,120253703628360281,120253703504250281,0.38,0.35,2,0,192.25
2026-08-14,120253703640280281,120253703504250281,0.61,0.55,8,1,76.09
2026-08-14,120253703658800281,120253703504250281,108.65,97.78,1580,213,68.76
2026-08-14,120253703696820281,120253703504250281,0,0,1,0,1.5
2026-08-14,120253703724550281,120253703724520281,2.71,2.44,62,9,43.68
2026-08-14,120253703765330281,120253703724520281,0,0,1,0,1.3
2026-08-14,120253703768810281,120253703724520281,0.89,0.8,15,3,59.18
2026-08-14,120253703780420281,120253703724520281,8.48,7.64,96,11,88.38
2026-08-14,120253703796370281,120253703724520281,7.07,6.37,132,13,53.58
2026-08-14,120253703813950281,120253703724520281,8.78,7.91,93,14,94.45
2026-08-14,120253703815990281,120253703724520281,11.81,10.63,198,26,59.67
2026-08-14,120253703821200281,120253703724520281,6.62,5.96,121,16,54.72
2026-08-14,120253703824100281,120253703724520281,14.25,12.82,206,31,69.15
2026-08-14,120253703839980281,120253703839970281,0.32,0.28,7,1,45.07
2026-08-14,120253703887140281,120253703839970281,0,0,1,0,2.2
2026-08-14,120253703898950281,120253703839970281,2.95,2.65,60,6,49.14
2026-08-14,120253703920400281,120253703839970281,9.33,8.39,153,24,60.96
2026-08-14,120253703937850281,120253703839970281,7.2,6.48,107,16,67.3
2026-08-14,120253703947150281,120253703839970281,3.74,3.37,60,12,62.35
2026-08-14,120253703952900281,120253703839970281,0.01,0.01,1,0,6.8
2026-08-14,120253703958890281,120253703839970281,1.83,1.65,28,1,65.32
2026-08-14,120253703989530281,120253703989720281,2.41,2.17,64,8,37.71
2026-08-14,120253704028180281,120253703989720281,8.17,7.36,127,13,64.36
2026-08-14,120253704038100281,120253703989720281,9.36,8.42,170,24,55.06
2026-08-14,120253704062640281,120253703989720281,16.22,14.59,241,46,67.28
2026-08-14,120253704070820281,120253703989720281,3.3,2.97,57,11,57.81
2026-08-14,120253704081240281,120253703989720281,5.45,4.91,50,12,109.1
2026-08-14,120253704087580281,120253703989720281,7.47,6.72,126,22,59.26
2026-08-14,120253704091080281,120253703989720281,8.64,7.77,102,23,84.69
2026-08-15,120247357081010278,120247357080990278,8.31,7.48,122,13,68.1
2026-08-15,120247359464720278,120247359464690278,15.89,14.3,181,38,87.77
2026-08-15,120247360141410278,120247360141370278,11.97,10.77,213,26,56.18
2026-08-15,120247360141490278,120247360141370278,8.8,7.92,99,16,88.91
2026-08-15,120247382323040278,120247382322970278,13.37,12.04,118,27,113.33
2026-08-15,120247382323050278,120247382322970278,8.21,7.39,135,17,60.81
2026-08-15,120247382323060278,120247382322970278,14.41,12.97,180,15,80.08
2026-08-15,120247382323070278,120247382322970278,0.78,0.7,22,2,35.27
2026-08-15,120247382323080278,120247382322970278,9.24,8.31,175,24,52.78
2026-08-15,120247382323090278,120247382322970278,0.91,0.82,14,1,65.31
2026-08-15,120247488259350278,120247488259330278,10.32,9.29,130,13,79.39
2026-08-15,120247506542160278,120247506424170278,12.63,11.36,134,16,94.23
2026-08-15,120247753333380278,120247753268510278,6.05,5.44,81,17,74.64
2026-08-15,120247753631300278,120247753572060278,0.02,0.02,5,0,4.2
2026-08-15,120247753647720278,120247753572060278,20.38,18.35,233,29,87.48
2026-08-15,120247753859960278,120247753837740278,11.16,10.04,198,26,56.35
2026-08-15,120248013980050278,120247753837740278,6.8,6.12,49,14,138.76
2026-08-15,120248013986740278,120247753837740278,0.61,0.55,18,1,33.98
2026-08-15,120248014002370278,120247753837740278,0.16,0.14,5,1,31.34
2026-08-15,120248014031360278,120247753837740278,9.25,8.33,132,19,70.08
2026-08-15,120248014304990278,120247753572060278,3.86,3.48,74,8,52.22
2026-08-15,120248014307330278,120247753572060278,0.07,0.07,3,0,24.8
2026-08-15,120248014331980278,120247753572060278,7.71,6.94,136,15,56.72
2026-08-15,120248014338390278,120247753572060278,2.64,2.38,37,8,71.42
2026-08-15,120248014354790278,120247753572060278,4.68,4.21,54,8,86.62
2026-08-15,120248014806030278,120247753268510278,0.13,0.12,5,2,26.94
2026-08-15,120248014983880278,120247753268510278,0.24,0.21,2,1,117.85
2026-08-15,120248015021780278,120247753268510278,2.59,2.33,53,6,48.94
2026-08-15,120248015027340278,120247753268510278,7.12,6.41,99,14,71.89
2026-08-15,120248015032800278,120247753268510278,1.68,1.52,29,1,58.07
2026-08-15,120248015539040278,120247753719120278,1.72,1.55,37,2,46.41
2026-08-15,120248015591980278,120247753719120278,0.57,0.51,22,1,25.95
2026-08-15,120248037146600278,120247488930090278,6.33,5.7,113,13,56
2026-08-15,120248037148270278,120247488930090278,1.56,1.4,33,4,47.16
2026-08-15,120248037149900278,120247488930090278,9.89,8.9,122,18,81.03
2026-08-15,120248037151710278,120247488930090278,6.1,5.49,79,13,77.26
2026-08-15,120248037236070278,120247488259330278,0.69,0.62,5,1,137.6
2026-08-15,120248037242460278,120247488259330278,3.51,3.16,46,9,76.28
2026-08-15,120248037259710278,120247488259330278,9.71,8.74,161,23,60.31
2026-08-15,120248037267250278,120247488259330278,1.63,1.47,32,4,51.05
2026-08-15,120248037325860278,120247360141370278,0,0,1,0,2.1
2026-08-15,120248037378470278,120247360141370278,7.09,6.38,73,13,97.17
2026-08-15,120248037384100278,120247360141370278,0.07,0.07,7,0,10.56
2026-08-15,120248037484310278,120247358419970278,0.25,0.23,11,2,23.1
2026-08-15,120248037487480278,120247358419970278,7.49,6.74,68,10,110.15
2026-08-15,120248037496400278,120247358419970278,0.59,0.53,6,1,97.87
2026-08-15,120248037498990278,120247358419970278,4.23,3.81,44,5,96.23
2026-08-15,120248037551200278,120247357080990278,3.23,2.9,43,3,75.02
2026-08-15,120248037567290278,120247357080990278,1.57,1.41,36,2,43.5
2026-08-15,120248037571270278,120247357080990278,0.3,0.27,5,2,59.9
2026-08-15,120248037576340278,120247357080990278,0.09,0.08,3,0,29.7
2026-08-15,120248037581340278,120247357080990278,2,1.8,57,5,35.08
2026-08-15,120248037598010278,120247357080990278,2.42,2.18,56,9,43.2
2026-08-15,120248037741040278,120247359464690278,0.33,0.29,11,0,29.64
2026-08-15,120248037745600278,120247359464690278,3.79,3.41,88,10,43.03
2026-08-15,120248037747540278,120247359464690278,4.85,4.36,10,0,484.93
2026-08-15,120248037841630278,120247506168050278,3.67,3.3,59,5,62.12
2026-08-15,120248037864920278,120247506168050278,0,0,2,0,2.35
2026-08-15,120248037871170278,120247506168050278,1.14,1.03,11,4,103.54
2026-08-15,120248037889530278,120247506168050278,5.96,5.36,57,6,104.52
2026-08-15,120248037901600278,120247506168050278,0.9,0.81,14,4,64.13
2026-08-15,120248037907790278,120247506168050278,2.13,1.92,43,5,49.53
2026-08-15,120248037951360278,120247506424170278,15.02,13.52,167,21,89.92
2026-08-15,120248037978210278,120247506424170278,5.03,4.53,106,15,47.49
2026-08-15,120248037983800278,120247506424170278,5.38,4.84,56,8,96.06
2026-08-15,120248038023970278,120247382322970278,7.92,7.13,106,14,74.72
2026-08-15,120248038047290278,120247382322970278,4.51,4.06,77,10,58.61
2026-08-15,120248038050550278,120247382322970278,0.39,0.35,8,1,48.27
2026-08-15,120248038053810278,120247382322970278,5.52,4.97,82,11,67.32
2026-08-15,120253665873690281,120253665771940281,0.03,0.03,2,0,14.45
2026-08-15,120253665881380281,120253665771940281,42.76,38.48,728,79,58.73
2026-08-15,120253665893600281,120253665771940281,6.65,5.98,85,9,78.23
2026-08-15,120253665904310281,120253665771940281,19.36,17.43,263,29,73.62
2026-08-15,120253665910190281,120253665771940281,0.07,0.06,2,1,33
2026-08-15,120253665946580281,120253665771940281,29.87,26.88,457,58,65.35
2026-08-15,120253666333460281,120253666333490281,19.8,17.82,260,41,76.14
2026-08-15,120253666506120281,120253666333490281,0.22,0.2,5,1,44.06
2026-08-15,120253666527630281,120253666333490281,26.17,23.55,368,66,71.11
2026-08-15,120253666532760281,120253666333490281,39.6,35.64,715,97,55.38
2026-08-15,120253667384950281,120253667302360281,3.72,3.35,46,7,80.82
2026-08-15,120253667485200281,120253667302360281,1.08,0.98,31,2,34.95
2026-08-15,120253667505210281,120253667302360281,0,0,1,0,4.6
2026-08-15,120253667521110281,120253667302360281,7.08,6.38,107,12,66.21
2026-08-15,120253667649010281,120253667581330281,1.91,1.72,31,7,61.73
2026-08-15,120253667668650281,120253667581330281,11.06,9.96,185,24,59.81
2026-08-15,120253667678500281,120253667581330281,3.25,2.92,82,7,39.62
2026-08-15,120253667683750281,120253667581330281,4.8,4.32,90,11,53.29
2026-08-15,120253703606030281,120253703504250281,0.49,0.44,2,1,246.3
2026-08-15,120253703640280281,120253703504250281,0.11,0.1,4,1,27.55
2026-08-15,120253703658800281,120253703504250281,119.46,107.51,1572,229,75.99
2026-08-15,120253703696820281,120253703504250281,0.01,0.01,1,0,6.5
2026-08-15,120253703780420281,120253703724520281,9.94,8.94,120,17,82.82
2026-08-15,120253703796370281,120253703724520281,12.74,11.46,142,10,89.71
2026-08-15,120253703813950281,120253703724520281,16.17,14.55,178,33,90.83
2026-08-15,120253703815990281,120253703724520281,10.21,9.19,96,18,106.4
2026-08-15,120253703821200281,120253703724520281,1.75,1.58,40,5,43.77
2026-08-15,120253703824100281,120253703724520281,13.19,11.87,154,35,85.67
2026-08-15,120253703898950281,120253703839970281,0.81,0.73,10,0,81.4
2026-08-15,120253703920400281,120253703839970281,3.71,3.34,37,8,100.31
2026-08-15,120253703937850281,120253703839970281,6.56,5.9,109,16,60.15
2026-08-15,120253703958890281,120253703839970281,0.22,0.2,4,0,56.02
2026-08-15,120253703989530281,120253703989720281,0.43,0.39,5,1,85.7
2026-08-15,120253704028180281,120253703989720281,12.62,11.36,139,23,90.82
2026-08-15,120253704038100281,120253703989720281,11.26,10.13,165,21,68.24
2026-08-15,120253704062640281,120253703989720281,2.87,2.58,83,12,34.59
2026-08-15,120253704070820281,120253703989720281,0.4,0.36,5,1,79.84
2026-08-15,120253704081240281,120253703989720281,2.99,2.69,41,8,72.87
2026-08-15,120253704087580281,120253703989720281,4.71,4.24,88,10,53.54
2026-08-15,120253704091080281,120253703989720281,1.83,1.65,37,8,49.47
2026-08-15,120253761401900281,120253761401760281,1.53,1.38,23,3,66.74
2026-08-15,120253761442800281,120253761401760281,0.38,0.34,3,0,127.53
2026-08-15,120253761448600281,120253761401760281,0.15,0.13,4,0,37.48
2026-08-15,120253761460060281,120253761401760281,10.59,9.53,129,18,82.12
2026-08-15,120253761463910281,120253761401760281,6.72,6.04,78,9,86.11
2026-08-15,120253761469260281,120253761401760281,0.28,0.25,8,1,34.55
2026-08-15,120253761473540281,120253761401760281,1.76,1.59,29,7,60.77
2026-08-15,120253761476630281,120253761401760281,0,0,1,0,1
2026-08-15,120253761479690281,120253761401760281,3.05,2.74,56,5,54.43
2026-08-15,120253761546640281,120253761546630281,5.82,5.24,57,18,102.17
2026-08-15,120253761585560281,120253761546630281,0.43,0.39,14,1,30.74
2026-08-15,120253761590460281,120253761546630281,1.44,1.3,13,0,110.73
2026-08-15,120253761596160281,120253761546630281,0.37,0.33,3,1,122.27
2026-08-15,120253761602770281,120253761546630281,4.35,3.92,63,8,69.1
2026-08-15,120253761609070281,120253761546630281,0.51,0.46,31,8,16.54
2026-08-15,120253761614690281,120253761546630281,8.54,7.69,81,12,105.44
2026-08-15,120253761619860281,120253761546630281,0,0,1,0,2.3
2026-08-15,120253761623700281,120253761546630281,5.43,4.89,101,15,53.8
2026-08-15,120253761627390281,120253761546630281,1.9,1.71,50,10,38.08
2026-08-16,120247357081010278,120247357080990278,20.8,18.72,139,18,149.63
2026-08-16,120247359464720278,120247359464690278,9.07,8.16,137,17,66.19
2026-08-16,120247360141410278,120247360141370278,12.25,11.03,193,34,63.48
2026-08-16,120247360141490278,120247360141370278,12.66,11.4,147,35,86.15
2026-08-16,120247382323040278,120247382322970278,7.83,7.05,127,17,61.64
2026-08-16,120247382323050278,120247382322970278,8.93,8.04,106,13,84.25
2026-08-16,120247382323060278,120247382322970278,14.98,13.48,146,21,102.62
2026-08-16,120247382323080278,120247382322970278,10.33,9.3,128,21,80.73
2026-08-16,120247488259350278,120247488259330278,5.97,5.37,117,15,50.99
2026-08-16,120247506542160278,120247506424170278,7.39,6.65,72,7,102.66
2026-08-16,120247753333380278,120247753268510278,8.08,7.27,134,26,60.3
2026-08-16,120247753647720278,120247753572060278,21.09,18.98,242,19,87.14
2026-08-16,120247753859960278,120247753837740278,24.22,21.8,345,48,70.2
2026-08-16,120248013980050278,120247753837740278,6.96,6.26,81,11,85.93
2026-08-16,120248013986740278,120247753837740278,0.28,0.25,10,0,27.67
2026-08-16,120248014031360278,120247753837740278,7.89,7.1,100,17,78.88
2026-08-16,120248014304990278,120247753572060278,3.12,2.81,41,8,76.21
2026-08-16,120248014331980278,120247753572060278,7.19,6.47,172,17,41.8
2026-08-16,120248014338390278,120247753572060278,0.24,0.22,10,0,24.25
2026-08-16,120248014354790278,120247753572060278,7.33,6.6,107,16,68.5
2026-08-16,120248015021780278,120247753268510278,13.56,12.21,196,27,69.2
2026-08-16,120248015027340278,120247753268510278,13.75,12.37,118,19,116.49
2026-08-16,120248015539040278,120247753719120278,0.39,0.35,6,0,64.6
2026-08-16,120248037146600278,120247488930090278,9.86,8.87,143,20,68.93
2026-08-16,120248037148270278,120247488930090278,0.52,0.47,13,1,40.09
2026-08-16,120248037149900278,120247488930090278,9.98,8.98,127,25,78.58
2026-08-16,120248037151710278,120247488930090278,5.35,4.82,83,16,64.48
2026-08-16,120248037242460278,120247488259330278,9.77,8.79,130,29,75.12
2026-08-16,120248037259710278,120247488259330278,15.62,14.06,175,23,89.25
2026-08-16,120248037267250278,120247488259330278,0,0,1,0,2.8
2026-08-16,120248037378470278,120247360141370278,8.65,7.78,118,25,73.28
2026-08-16,120248037487480278,120247358419970278,10.65,9.59,128,25,83.21
2026-08-16,120248037498990278,120247358419970278,6.89,6.2,92,13,74.88
2026-08-16,120248037551200278,120247357080990278,0,0,1,0,1.4
2026-08-16,120248037567290278,120247357080990278,0.59,0.53,14,4,42.22
2026-08-16,120248037581340278,120247357080990278,1.71,1.54,46,9,37.19
2026-08-16,120248037598010278,120247357080990278,2.21,1.99,24,3,92.08
2026-08-16,120248037741040278,120247359464690278,0.42,0.38,22,2,19.26
2026-08-16,120248037745600278,120247359464690278,5.28,4.75,63,9,83.75
2026-08-16,120248037841630278,120247506168050278,8.43,7.59,121,21,69.7
2026-08-16,120248037889530278,120247506168050278,7.08,6.37,85,4,83.26
2026-08-16,120248037907790278,120247506168050278,8.44,7.6,128,13,65.94
2026-08-16,120248037951360278,120247506424170278,14.04,12.63,162,19,86.64
2026-08-16,120248037978210278,120247506424170278,2.87,2.59,81,5,35.47
2026-08-16,120248037983800278,120247506424170278,4.81,4.33,44,10,109.3
2026-08-16,120248038023970278,120247382322970278,8.89,8,63,14,141.1
2026-08-16,120248038047290278,120247382322970278,12.56,11.3,147,35,85.41
2026-08-16,120248038053810278,120247382322970278,3.76,3.38,70,10,53.69
2026-08-16,120253665881380281,120253665771940281,97.44,87.7,1553,164,62.75
2026-08-16,120253665893600281,120253665771940281,1.31,1.18,29,2,45.1
2026-08-16,120253665904310281,120253665771940281,28.74,25.87,394,71,72.95
2026-08-16,120253665910190281,120253665771940281,0.53,0.47,5,1,105.34
2026-08-16,120253665946580281,120253665771940281,36.77,33.09,492,76,74.73
2026-08-16,120253666333460281,120253666333490281,32,28.8,452,73,70.79
2026-08-16,120253666506120281,120253666333490281,0.33,0.3,5,1,66.62
2026-08-16,120253666527630281,120253666333490281,24.93,22.44,378,56,65.96
2026-08-16,120253666532760281,120253666333490281,49.56,44.6,750,99,66.08
2026-08-16,120253667384950281,120253667302360281,1.41,1.27,11,5,128.45
2026-08-16,120253667521110281,120253667302360281,8.42,7.58,144,24,58.48
2026-08-16,120253667649010281,120253667581330281,0,0,1,0,0.6
2026-08-16,120253667668650281,120253667581330281,12.82,11.54,192,18,66.76
2026-08-16,120253667678500281,120253667581330281,6.25,5.62,147,8,42.5
2026-08-16,120253667683750281,120253667581330281,0.39,0.35,10,3,38.72
2026-08-16,120253703606030281,120253703504250281,0.01,0.01,2,0,4.3
2026-08-16,120253703658800281,120253703504250281,118.39,106.55,1687,227,70.18
2026-08-16,120253703780420281,120253703724520281,5.38,4.84,97,23,55.49
2026-08-16,120253703796370281,120253703724520281,13.18,11.86,144,18,91.55
2026-08-16,120253703813950281,120253703724520281,12.33,11.1,155,15,79.54
2026-08-16,120253703815990281,120253703724520281,11.45,10.3,134,21,85.43
2026-08-16,120253703821200281,120253703724520281,0.57,0.51,6,1,95.02
2026-08-16,120253703824100281,120253703724520281,14.31,12.88,173,33,82.74
2026-08-16,120253703937850281,120253703839970281,9.92,8.93,93,13,106.68
2026-08-16,120253704028180281,120253703989720281,6.37,5.73,93,17,68.51
2026-08-16,120253704038100281,120253703989720281,10.7,9.63,171,20,62.58
2026-08-16,120253704062640281,120253703989720281,0.78,0.71,19,1,41.25
2026-08-16,120253704087580281,120253703989720281,16.27,14.65,188,36,86.56
2026-08-16,120253704091080281,120253703989720281,0,0,2,0,1.4
2026-08-16,120253761401900281,120253761401760281,0,0,1,0,3.6
2026-08-16,120253761442800281,120253761401760281,0.09,0.08,1,0,90.1
2026-08-16,120253761454530281,120253761401760281,0.2,0.18,3,0,66.63
2026-08-16,120253761460060281,120253761401760281,9.99,8.99,99,16,100.87
2026-08-16,120253761463910281,120253761401760281,0.44,0.4,17,0,26.02
2026-08-16,120253761469260281,120253761401760281,0.42,0.38,23,2,18.19
2026-08-16,120253761473540281,120253761401760281,0.04,0.04,3,0,13.07
2026-08-16,120253761476630281,120253761401760281,0.3,0.27,3,0,99.57
2026-08-16,120253761479690281,120253761401760281,1.65,1.48,25,0,65.89
2026-08-16,120253761546640281,120253761546630281,4.87,4.39,62,8,78.63
2026-08-16,120253761590460281,120253761546630281,0.9,0.81,12,4,74.9
2026-08-16,120253761602770281,120253761546630281,6.1,5.49,84,15,72.64
2026-08-16,120253761609070281,120253761546630281,1.58,1.43,5,1,316.92
2026-08-16,120253761614690281,120253761546630281,9.52,8.57,187,19,50.92
2026-08-16,120253761619860281,120253761546630281,0.12,0.1,9,0,12.89
2026-08-16,120253761623700281,120253761546630281,5.31,4.78,66,12,80.39
2026-08-16,120253761627390281,120253761546630281,0.02,0.01,4,0,4.13
2026-08-17,120247357081010278,120247357080990278,7.55,6.79,107,10,70.56
2026-08-17,120247359464720278,120247359464690278,6.74,6.07,83,11,81.19
2026-08-17,120247360141410278,120247360141370278,17.33,15.6,284,38,61.02
2026-08-17,120247360141490278,120247360141370278,7.51,6.76,112,14,67.02
2026-08-17,120247382323040278,120247382322970278,9.72,8.74,116,19,83.75
2026-08-17,120247382323050278,120247382322970278,10.96,9.87,143,30,76.67
2026-08-17,120247382323060278,120247382322970278,14.15,12.73,167,33,84.72
2026-08-17,120247382323080278,120247382322970278,10.68,9.61,202,41,52.88
2026-08-17,120247488259350278,120247488259330278,18.31,16.48,256,33,71.51
2026-08-17,120247506542160278,120247506424170278,7.95,7.16,102,15,77.99
2026-08-17,120247753333380278,120247753268510278,5.1,4.59,108,10,47.2
2026-08-17,120247753647720278,120247753572060278,24.52,22.07,297,42,82.55
2026-08-17,120247753859960278,120247753837740278,19.56,17.61,355,48,55.11
2026-08-17,120248013980050278,120247753837740278,10.19,9.17,137,18,74.35
2026-08-17,120248014031360278,120247753837740278,5.63,5.07,106,13,53.12
2026-08-17,120248014331980278,120247753572060278,9.81,8.83,197,27,49.8
2026-08-17,120248014354790278,120247753572060278,8.63,7.76,139,21,62.06
2026-08-17,120248015021780278,120247753268510278,19.41,17.47,216,40,89.85
2026-08-17,120248015027340278,120247753268510278,8.4,7.56,170,17,49.41
2026-08-17,120248037146600278,120247488930090278,15.44,13.89,185,31,83.44
2026-08-17,120248037149900278,120247488930090278,15.62,14.06,202,36,77.33
2026-08-17,120248037151710278,120247488930090278,5.15,4.64,80,15,64.41
2026-08-17,120248037242460278,120247488259330278,5.1,4.59,67,10,76.17
2026-08-17,120248037259710278,120247488259330278,16.63,14.97,239,39,69.58
2026-08-17,120248037378470278,120247360141370278,6.72,6.05,80,12,84.03
2026-08-17,120248037487480278,120247358419970278,11.16,10.05,83,20,134.49
2026-08-17,120248037498990278,120247358419970278,12.11,10.9,220,22,55.03
2026-08-17,120248037581340278,120247357080990278,10.9,9.81,110,23,99.1
2026-08-17,120248037745600278,120247359464690278,9.45,8.5,118,10,80.06
2026-08-17,120248037841630278,120247506168050278,6.9,6.21,79,14,87.35
2026-08-17,120248037889530278,120247506168050278,10.45,9.4,157,16,66.55
2026-08-17,120248037907790278,120247506168050278,6.63,5.96,84,15,78.9
2026-08-17,120248037951360278,120247506424170278,19.8,17.82,243,28,81.5
2026-08-17,120248037978210278,120247506424170278,11.46,10.31,184,14,62.28
2026-08-17,120248037983800278,120247506424170278,9.39,8.45,151,16,62.19
2026-08-17,120248038023970278,120247382322970278,11.2,10.08,161,22,69.57
2026-08-17,120248038047290278,120247382322970278,16.06,14.45,163,28,98.5
2026-08-17,120248038053810278,120247382322970278,12.51,11.26,136,16,92
2026-08-17,120253665881380281,120253665771940281,138.6,124.74,2220,274,62.43
2026-08-17,120253665904310281,120253665771940281,18.92,17.02,287,52,65.91
2026-08-17,120253665946580281,120253665771940281,34.18,30.76,509,80,67.15
2026-08-17,120253666333460281,120253666333490281,36.26,32.64,506,105,71.66
2026-08-17,120253666527630281,120253666333490281,23.17,20.85,241,36,96.13
2026-08-17,120253666532760281,120253666333490281,54.54,49.09,868,120,62.84
2026-08-17,120253667521110281,120253667302360281,14.56,13.1,148,16,98.38
2026-08-17,120253667668650281,120253667581330281,10.49,9.44,144,17,72.83
2026-08-17,120253667678500281,120253667581330281,4.78,4.3,99,15,48.31
2026-08-17,120253703606030281,120253703504250281,0,0,1,0,1.3
2026-08-17,120253703658800281,120253703504250281,108.56,97.7,1620,218,67.01
2026-08-17,120253703780420281,120253703724520281,8.22,7.4,93,11,88.4
2026-08-17,120253703796370281,120253703724520281,15.13,13.62,163,12,92.85
2026-08-17,120253703813950281,120253703724520281,7.97,7.17,136,15,58.6
2026-08-17,120253703815990281,120253703724520281,11.71,10.54,131,15,89.36
2026-08-17,120253703824100281,120253703724520281,15.66,14.09,263,39,59.53
2026-08-17,120253703937850281,120253703839970281,10.79,9.71,196,19,55.06
2026-08-17,120253704028180281,120253703989720281,4.73,4.26,89,11,53.14
2026-08-17,120253704038100281,120253703989720281,12.01,10.81,241,19,49.82
2026-08-17,120253704087580281,120253703989720281,6.18,5.56,77,12,80.24
2026-08-17,120253761460060281,120253761401760281,7.51,6.76,85,15,88.36
2026-08-17,120253761546640281,120253761546630281,5.5,4.95,108,19,50.94
2026-08-17,120253761602770281,120253761546630281,12.59,11.33,126,13,99.92
2026-08-17,120253761614690281,120253761546630281,5.93,5.34,118,21,50.28
2026-08-17,120253761623700281,120253761546630281,3.93,3.53,77,14,51
2026-08-18,120247357081010278,120247357080990278,5.6,5.04,89,21,62.89
2026-08-18,120247359464720278,120247359464690278,3.87,3.48,62,12,62.44
2026-08-18,120247360141410278,120247360141370278,7.24,6.51,132,14,54.84
2026-08-18,120247360141490278,120247360141370278,6.49,5.84,85,17,76.35
2026-08-18,120247382323040278,120247382322970278,2.28,2.05,61,14,37.3
2026-08-18,120247382323050278,120247382322970278,7.49,6.75,79,14,94.87
2026-08-18,120247382323060278,120247382322970278,5.87,5.29,51,7,115.19
2026-08-18,120247382323080278,120247382322970278,8.77,7.9,142,26,61.78
2026-08-18,120247488259350278,120247488259330278,10.01,9.01,127,16,78.79
2026-08-18,120247506542160278,120247506424170278,4.3,3.87,60,10,71.72
2026-08-18,120247753333380278,120247753268510278,3.25,2.93,60,6,54.23
2026-08-18,120247753647720278,120247753572060278,10.56,9.5,168,17,62.85
2026-08-18,120247753859960278,120247753837740278,15.14,13.63,265,28,57.13
2026-08-18,120248013980050278,120247753837740278,9.62,8.66,92,9,104.59
2026-08-18,120248014031360278,120247753837740278,5.63,5.07,122,16,46.18
2026-08-18,120248014331980278,120247753572060278,7.71,6.94,164,19,47.03
2026-08-18,120248014354790278,120247753572060278,3.87,3.48,55,7,70.32
2026-08-18,120248015021780278,120247753268510278,5.21,4.69,89,8,58.52
2026-08-18,120248015027340278,120247753268510278,4.25,3.82,63,10,67.41
2026-08-18,120248037146600278,120247488930090278,8.23,7.4,183,21,44.96
2026-08-18,120248037149900278,120247488930090278,12.79,11.51,165,36,77.49
2026-08-18,120248037151710278,120247488930090278,3.88,3.49,48,12,80.79
2026-08-18,120248037242460278,120247488259330278,2.13,1.91,28,5,75.91
2026-08-18,120248037259710278,120247488259330278,8.87,7.98,126,17,70.38
2026-08-18,120248037378470278,120247360141370278,7.25,6.52,84,17,86.29
2026-08-18,120248037487480278,120247358419970278,2.43,2.18,36,4,67.41
2026-08-18,120248037498990278,120247358419970278,6.28,5.65,57,12,110.19
2026-08-18,120248037581340278,120247357080990278,2.79,2.51,41,7,68.09
2026-08-18,120248037745600278,120247359464690278,1.45,1.3,30,5,48.27
2026-08-18,120248037841630278,120247506168050278,2.12,1.91,60,2,35.3
2026-08-18,120248037889530278,120247506168050278,2.16,1.94,45,1,47.93
2026-08-18,120248037907790278,120247506168050278,0.62,0.56,20,2,31.14
2026-08-18,120248037951360278,120247506424170278,6.45,5.81,93,15,69.37
2026-08-18,120248037978210278,120247506424170278,20.93,18.84,211,22,99.2
2026-08-18,120248037983800278,120247506424170278,7.28,6.55,88,17,82.76
2026-08-18,120248038023970278,120247382322970278,7.05,6.35,123,18,57.35
2026-08-18,120248038047290278,120247382322970278,4.34,3.9,61,11,71.12
2026-08-18,120248038053810278,120247382322970278,3.51,3.16,47,12,74.66
2026-08-18,120248166825390278,120248166804780278,20.25,18.23,323,44,62.7
2026-08-18,120248166829070278,120248166804780278,14.82,13.34,122,23,121.51
2026-08-18,120248166833800278,120248166804780278,2.94,2.64,42,3,69.95
2026-08-18,120248166847040278,120248166804780278,0.01,0.01,2,0,4.85
2026-08-18,120248166849750278,120248166804780278,0.07,0.06,4,1,16.32
2026-08-18,120248166856720278,120248166804780278,1.17,1.05,13,2,90.12
2026-08-18,120248166888580278,120248166866480278,6.54,5.89,67,11,97.61
2026-08-18,120248166893280278,120248166866480278,9.67,8.7,127,22,76.11
2026-08-18,120248166905440278,120248166866480278,13.91,12.52,95,26,146.4
2026-08-18,120248166910740278,120248166866480278,0.45,0.41,17,1,26.72
2026-08-18,120248166916950278,120248166866480278,7.25,6.53,82,11,88.44
2026-08-18,120248166921880278,120248166866480278,1.39,1.25,7,0,199.14
2026-08-18,120248166938060278,120248166938070278,63.5,57.15,978,115,64.92
2026-08-18,120248166951260278,120248166938070278,4.75,4.27,14,5,338.93
2026-08-18,120248166957800278,120248166938070278,15.35,13.82,134,23,114.57
2026-08-18,120248166960220278,120248166938070278,0.09,0.09,2,1,47.45
2026-08-18,120248166964680278,120248166938070278,0.25,0.23,4,1,63.38
2026-08-18,120253665873690281,120253665771940281,0,0,3,0,1.63
2026-08-18,120253665881380281,120253665771940281,109.1,98.19,1674,205,65.17
2026-08-18,120253665904310281,120253665771940281,8.36,7.52,116,16,72.06
2026-08-18,120253665910190281,120253665771940281,0.12,0.11,4,0,31.2
2026-08-18,120253665946580281,120253665771940281,13.99,12.59,161,30,86.87
2026-08-18,120253666333460281,120253666333490281,44.94,40.45,652,98,68.93
2026-08-18,120253666527630281,120253666333490281,18.2,16.38,264,52,68.96
2026-08-18,120253666532760281,120253666333490281,60.49,54.44,726,118,83.33
2026-08-18,120253667521110281,120253667302360281,6.7,6.03,114,13,58.81
2026-08-18,120253667668650281,120253667581330281,8.25,7.43,151,18,54.66
2026-08-18,120253667678500281,120253667581330281,9.36,8.43,105,19,89.16
2026-08-18,120253703640280281,120253703504250281,3.24,2.91,10,3,323.6
2026-08-18,120253703653020281,120253703504250281,0.16,0.14,1,0,157.4
2026-08-18,120253703658800281,120253703504250281,121.6,109.44,1479,205,82.22
2026-08-18,120253703780420281,120253703724520281,12.14,10.92,105,15,115.58
2026-08-18,120253703796370281,120253703724520281,6.01,5.41,92,8,65.38
2026-08-18,120253703813950281,120253703724520281,8.52,7.67,120,22,70.98
2026-08-18,120253703815990281,120253703724520281,3.56,3.2,85,5,41.89
2026-08-18,120253703824100281,120253703724520281,8.3,7.47,109,13,76.14
2026-08-18,120253703937850281,120253703839970281,5.3,4.77,88,10,60.26
2026-08-18,120253704028180281,120253703989720281,9.21,8.29,107,12,86.08
2026-08-18,120253704038100281,120253703989720281,7.29,6.56,95,11,76.75
2026-08-18,120253704087580281,120253703989720281,4.42,3.98,82,10,53.94
2026-08-18,120253761460060281,120253761401760281,2.97,2.67,83,7,35.74
2026-08-18,120253761546640281,120253761546630281,7.72,6.95,80,12,96.52
2026-08-18,120253761602770281,120253761546630281,6.14,5.52,94,9,65.28
2026-08-18,120253761614690281,120253761546630281,2.15,1.94,46,4,46.84
2026-08-18,120253761623700281,120253761546630281,3.7,3.33,58,5,63.83
2026-08-19,120247357081010278,120247357080990278,9.31,8.38,111,22,83.84
2026-08-19,120247359464720278,120247359464690278,0.44,0.4,7,1,62.84
2026-08-19,120247360141410278,120247360141370278,6.22,5.6,106,21,58.7
2026-08-19,120247360141490278,120247360141370278,10.7,9.63,121,26,88.44
2026-08-19,120247382323040278,120247382322970278,5.86,5.27,72,12,81.37
2026-08-19,120247382323050278,120247382322970278,3.24,2.92,56,6,57.85
2026-08-19,120247382323060278,120247382322970278,7.95,7.16,66,14,120.52
2026-08-19,120247382323080278,120247382322970278,12.47,11.22,178,32,70.04
2026-08-19,120247488259350278,120247488259330278,8.09,7.28,135,24,59.94
2026-08-19,120247506542160278,120247506424170278,1.58,1.42,18,3,87.91
2026-08-19,120247753333380278,120247753268510278,3.13,2.82,47,5,66.59
2026-08-19,120247753647720278,120247753572060278,12.23,11.01,97,12,126.07
2026-08-19,120247753859960278,120247753837740278,15.78,14.2,253,24,62.38
2026-08-19,120248013980050278,120247753837740278,4.49,4.04,56,7,80.25
2026-08-19,120248014031360278,120247753837740278,11.11,10,164,19,67.76
2026-08-19,120248014331980278,120247753572060278,15.67,14.11,178,27,88.06
2026-08-19,120248014354790278,120247753572060278,6.44,5.8,69,13,93.34
2026-08-19,120248015021780278,120247753268510278,5.94,5.35,75,14,79.25
2026-08-19,120248015027340278,120247753268510278,6.29,5.66,59,16,106.56
2026-08-19,120248037146600278,120247488930090278,6.42,5.77,118,17,54.36
2026-08-19,120248037149900278,120247488930090278,7.17,6.46,108,15,66.41
2026-08-19,120248037151710278,120247488930090278,0.43,0.39,8,2,53.64
2026-08-19,120248037242460278,120247488259330278,0.26,0.24,7,1,37.59
2026-08-19,120248037259710278,120247488259330278,6.03,5.43,86,14,70.15
2026-08-19,120248037378470278,120247360141370278,5.08,4.57,71,14,71.55
2026-08-19,120248037487480278,120247358419970278,13.3,11.97,104,24,127.86
2026-08-19,120248037498990278,120247358419970278,4.61,4.15,45,7,102.45
2026-08-19,120248037581340278,120247357080990278,4.52,4.07,54,7,83.73
2026-08-19,120248037745600278,120247359464690278,0,0,2,0,0.85
2026-08-19,120248037841630278,120247506168050278,3.16,2.84,63,9,50.17
2026-08-19,120248037889530278,120247506168050278,1.15,1.03,38,1,30.19
2026-08-19,120248037907790278,120247506168050278,1.6,1.44,29,3,55.31
2026-08-19,120248037951360278,120247506424170278,9.57,8.62,114,11,83.99
2026-08-19,120248037978210278,120247506424170278,4.9,4.41,94,8,52.1
2026-08-19,120248037983800278,120247506424170278,5.46,4.91,92,14,59.32
2026-08-19,120248038023970278,120247382322970278,2.35,2.11,53,5,44.28
2026-08-19,120248038047290278,120247382322970278,6.11,5.5,79,7,77.34
2026-08-19,120248038053810278,120247382322970278,0.9,0.81,21,1,42.72
2026-08-19,120248166770820278,120248166599060278,0,0,1,0,1.1
2026-08-19,120248166825390278,120248166804780278,29.56,26.61,303,46,97.57
2026-08-19,120248166829070278,120248166804780278,14.68,13.21,192,21,76.45
2026-08-19,120248166833800278,120248166804780278,15.53,13.97,194,21,80.03
2026-08-19,120248166847040278,120248166804780278,2.41,2.17,15,4,160.91
2026-08-19,120248166849750278,120248166804780278,0.12,0.11,5,0,23.6
2026-08-19,120248166879840278,120248166866480278,0.51,0.46,2,0,252.95
2026-08-19,120248166883820278,120248166866480278,0.4,0.36,13,0,30.48
2026-08-19,120248166888580278,120248166866480278,0.48,0.43,9,2,53.24
2026-08-19,120248166893280278,120248166866480278,20.84,18.75,234,39,89.04
2026-08-19,120248166905440278,120248166866480278,15.08,13.57,207,25,72.86
2026-08-19,120248166910740278,120248166866480278,0.41,0.37,12,1,34.21
2026-08-19,120248166916950278,120248166866480278,21.75,19.58,211,38,103.1
2026-08-19,120248166921880278,120248166866480278,0.08,0.08,6,0,13.97
2026-08-19,120248166938060278,120248166938070278,59.77,53.79,1038,117,57.58
2026-08-19,120248166951260278,120248166938070278,0,0,1,0,4.3
2026-08-19,120248166953920278,120248166938070278,0.31,0.28,8,2,39.04
2026-08-19,120248166957800278,120248166938070278,17.05,15.34,240,49,71.02
2026-08-19,120248166974680278,120248166938070278,0.33,0.29,2,0,163.4
2026-08-19,120248194706920278,120248194706870278,3.26,2.93,23,8,141.75
2026-08-19,120248194739500278,120248194706870278,7.01,6.31,70,15,100.1
2026-08-19,120248194745270278,120248194706870278,17.53,15.78,223,27,78.62
2026-08-19,120248194761320278,120248194706870278,24.18,21.76,318,51,76.04
2026-08-19,120248194763740278,120248194706870278,0.02,0.02,1,0,24.5
2026-08-19,120248194767240278,120248194706870278,3.35,3.01,77,6,43.47
2026-08-19,120248194773590278,120248194706870278,0.01,0.01,3,0,3.03
2026-08-19,120248194839940278,120248194806880278,8.25,7.43,132,21,62.53
2026-08-19,120248194843970278,120248194806880278,9.43,8.49,83,17,113.59
2026-08-19,120248194855950278,120248194806880278,19.66,17.7,298,29,65.98
2026-08-19,120248194860260278,120248194806880278,3.32,2.99,50,5,66.35
2026-08-19,120248194870530278,120248194806880278,9.61,8.65,99,16,97.11
2026-08-19,120248194877530278,120248194806880278,3.47,3.12,18,2,192.86
2026-08-19,120248194966120278,120248194936940278,14.79,13.31,183,44,80.82
2026-08-19,120248194967740278,120248194936940278,12.53,11.27,104,22,120.44
2026-08-19,120248194972070278,120248194936940278,0.01,0.01,3,0,2.27
2026-08-19,120248195093810278,120248194936940278,14.18,12.77,164,27,86.49
2026-08-19,120248195103230278,120248194936940278,5.96,5.36,98,16,60.77
2026-08-19,120248195118160278,120248194936940278,2.6,2.34,38,4,68.43
2026-08-19,120248195123120278,120248194936940278,0.28,0.25,2,0,138.35
2026-08-19,120248195176820278,120248195154280278,0,0,2,0,1.65
2026-08-19,120248195180860278,120248195154280278,1.4,1.26,28,3,49.83
2026-08-19,120248195197960278,120248195154280278,34.13,30.72,491,82,69.51
2026-08-19,120248195199510278,120248195154280278,0.28,0.25,6,2,47.18
2026-08-19,120248195204360278,120248195154280278,0,0,1,0,2.8
2026-08-19,120253665881380281,120253665771940281,116.61,104.95,1596,187,73.06
2026-08-19,120253665904310281,120253665771940281,1.81,1.63,46,8,39.31
2026-08-19,120253665946580281,120253665771940281,6.96,6.27,135,16,51.58
2026-08-19,120253666333460281,120253666333490281,31.86,28.68,449,75,70.96
2026-08-19,120253666527630281,120253666333490281,9.77,8.79,131,20,74.56
2026-08-19,120253666532760281,120253666333490281,32.94,29.64,538,71,61.22
2026-08-19,120253667521110281,120253667302360281,1.96,1.77,35,5,56.09
2026-08-19,120253667668650281,120253667581330281,0.66,0.6,11,2,60.12
2026-08-19,120253667678500281,120253667581330281,3.22,2.89,85,14,37.83
2026-08-19,120253703606030281,120253703504250281,0.03,0.03,2,0,15.65
2026-08-19,120253703658800281,120253703504250281,64.18,57.76,922,137,69.61
2026-08-19,120253703780420281,120253703724520281,4.65,4.19,103,17,45.15
2026-08-19,120253703796370281,120253703724520281,8.22,7.4,122,18,67.41
2026-08-19,120253703813950281,120253703724520281,5.64,5.08,87,9,64.86
2026-08-19,120253703815990281,120253703724520281,5.51,4.96,73,13,75.45
2026-08-19,120253703824100281,120253703724520281,4.51,4.06,49,8,92.05
2026-08-19,120253703937850281,120253703839970281,6.25,5.62,90,11,69.44
2026-08-19,120253704028180281,120253703989720281,0.83,0.75,22,2,37.94
2026-08-19,120253704038100281,120253703989720281,4.92,4.42,92,11,53.44
2026-08-19,120253704087580281,120253703989720281,0.6,0.54,23,0,26.29
2026-08-19,120253761460060281,120253761401760281,1.09,0.98,20,6,54.32
2026-08-19,120253761546640281,120253761546630281,3.01,2.7,53,7,56.7
2026-08-19,120253761602770281,120253761546630281,11.49,10.34,57,6,201.59
2026-08-19,120253761614690281,120253761546630281,3.07,2.76,72,7,42.58
2026-08-19,120253761623700281,120253761546630281,6.8,6.12,123,15,55.3
2026-08-20,120247357081010278,120247357080990278,6.13,5.52,99,14,61.91
2026-08-20,120247359464720278,120247359464690278,0.32,0.29,3,0,105.63
2026-08-20,120247360141410278,120247360141370278,4.11,3.7,91,9,45.2
2026-08-20,120247360141490278,120247360141370278,7.99,7.2,120,22,66.62
2026-08-20,120247382323040278,120247382322970278,4.01,3.61,81,13,49.47
2026-08-20,120247382323050278,120247382322970278,0.59,0.53,15,1,39.25
2026-08-20,120247382323060278,120247382322970278,3.62,3.26,42,9,86.15
2026-08-20,120247382323080278,120247382322970278,2.92,2.63,45,7,65
2026-08-20,120247488259350278,120247488259330278,18.32,16.49,161,30,113.77
2026-08-20,120247753333380278,120247753268510278,2.39,2.15,47,4,50.88
2026-08-20,120247753647720278,120247753572060278,15.05,13.55,117,13,128.64
2026-08-20,120247753859960278,120247753837740278,7.34,6.6,149,17,49.24
2026-08-20,120248013980050278,120247753837740278,1.71,1.54,30,4,57.15
2026-08-20,120248014031360278,120247753837740278,9.61,8.65,130,23,73.92
2026-08-20,120248014331980278,120247753572060278,4.97,4.47,68,5,73.07
2026-08-20,120248014354790278,120247753572060278,7.52,6.76,85,15,88.43
2026-08-20,120248015021780278,120247753268510278,5.62,5.06,74,13,75.92
2026-08-20,120248015027340278,120247753268510278,8.95,8.05,94,15,95.21
2026-08-20,120248037146600278,120247488930090278,1.64,1.47,51,4,32.11
2026-08-20,120248037149900278,120247488930090278,6.06,5.45,90,14,67.29
2026-08-20,120248037242460278,120247488259330278,0.01,0.01,3,0,4.47
2026-08-20,120248037259710278,120247488259330278,6.13,5.52,63,11,97.35
2026-08-20,120248037378470278,120247360141370278,9.82,8.84,124,12,79.19
2026-08-20,120248037487480278,120247358419970278,1.06,0.95,17,2,62.12
2026-08-20,120248037498990278,120247358419970278,4.81,4.33,41,9,117.24
2026-08-20,120248037581340278,120247357080990278,7.18,6.46,96,15,74.82
2026-08-20,120248037745600278,120247359464690278,1.5,1.35,27,6,55.66
2026-08-20,120248037841630278,120247506168050278,3.96,3.57,61,8,64.97
2026-08-20,120248037889530278,120247506168050278,5.56,5,75,10,74.13
2026-08-20,120248037907790278,120247506168050278,4.18,3.76,94,15,44.5
2026-08-20,120248037951360278,120247506424170278,11.22,10.09,159,21,70.54
2026-08-20,120248037978210278,120247506424170278,7.88,7.09,149,17,52.88
2026-08-20,120248037983800278,120247506424170278,4.33,3.9,67,13,64.7
2026-08-20,120248038023970278,120247382322970278,3.63,3.26,69,7,52.57
2026-08-20,120248038047290278,120247382322970278,3.08,2.77,49,6,62.92
2026-08-20,120248038053810278,120247382322970278,0.74,0.67,24,2,30.99
2026-08-20,120248166825390278,120248166804780278,27.76,24.98,467,52,59.43
2026-08-20,120248166829070278,120248166804780278,13.55,12.2,223,28,60.77
2026-08-20,120248166833800278,120248166804780278,18.81,16.93,255,25,73.78
2026-08-20,120248166842190278,120248166804780278,0.11,0.1,3,0,37.3
2026-08-20,120248166847040278,120248166804780278,0.25,0.22,2,1,124.05
2026-08-20,120248166849750278,120248166804780278,0.04,0.04,1,0,39.9
2026-08-20,120248166883820278,120248166866480278,0,0,1,0,1.3
2026-08-20,120248166888580278,120248166866480278,2.5,2.25,22,5,113.45
2026-08-20,120248166893280278,120248166866480278,11.58,10.42,81,19,143
2026-08-20,120248166905440278,120248166866480278,5.85,5.26,116,24,50.42
2026-08-20,120248166916950278,120248166866480278,41.68,37.51,522,67,79.84
2026-08-20,120248166921880278,120248166866480278,0.6,0.54,8,1,75.09
2026-08-20,120248166938060278,120248166938070278,59.54,53.58,1130,130,52.69
2026-08-20,120248166951260278,120248166938070278,1.42,1.28,22,5,64.63
2026-08-20,120248166957800278,120248166938070278,47.43,42.69,502,100,94.49
2026-08-20,120248166974680278,120248166938070278,0.04,0.04,2,0,19.85
2026-08-20,120248194706920278,120248194706870278,0.89,0.8,19,0,47.01
2026-08-20,120248194739500278,120248194706870278,4.33,3.89,63,5,68.67
2026-08-20,120248194745270278,120248194706870278,49.31,44.38,214,49,230.41
2026-08-20,120248194761320278,120248194706870278,16.23,14.61,234,27,69.36
2026-08-20,120248194763740278,120248194706870278,0.32,0.29,3,0,106.17
2026-08-20,120248194767240278,120248194706870278,2.58,2.33,42,3,61.51
2026-08-20,120248194773590278,120248194706870278,0.22,0.2,5,1,44.94
2026-08-20,120248194839940278,120248194806880278,2.7,2.43,32,5,84.41
2026-08-20,120248194843970278,120248194806880278,12.88,11.59,122,24,105.59
2026-08-20,120248194848660278,120248194806880278,0.23,0.2,5,2,45.54
2026-08-20,120248194855950278,120248194806880278,31.23,28.11,402,55,77.68
2026-08-20,120248194860260278,120248194806880278,3.95,3.55,86,7,45.91
2026-08-20,120248194870530278,120248194806880278,7.9,7.11,73,12,108.19
2026-08-20,120248194877530278,120248194806880278,4.77,4.3,64,8,74.58
2026-08-20,120248194966120278,120248194936940278,14.19,12.77,174,30,81.55
2026-08-20,120248194967740278,120248194936940278,9.94,8.95,50,13,198.8
2026-08-20,120248194972070278,120248194936940278,2.72,2.45,22,4,123.75
2026-08-20,120248195093810278,120248194936940278,6.81,6.13,130,15,52.35
2026-08-20,120248195103230278,120248194936940278,5.1,4.59,65,13,78.39
2026-08-20,120248195118160278,120248194936940278,5.54,4.99,55,10,100.73
2026-08-20,120248195123120278,120248194936940278,2.04,1.84,34,9,60.1
2026-08-20,120248195176820278,120248195154280278,1.34,1.21,11,3,121.92
2026-08-20,120248195180860278,120248195154280278,1.88,1.69,12,3,156.92
2026-08-20,120248195197960278,120248195154280278,23.83,21.45,295,43,80.79
2026-08-20,120248195199510278,120248195154280278,0.68,0.61,21,1,32.5
2026-08-20,120248195204360278,120248195154280278,0.62,0.56,12,3,51.92
2026-08-20,120248195205910278,120248195154280278,0.06,0.05,2,0,28.9
2026-08-20,120248195210880278,120248195154280278,0.04,0.03,2,0,18.6
2026-08-20,120248195213230278,120248195154280278,0.31,0.28,5,1,62.22
2026-08-20,120248206576590278,120248206576530278,1.79,1.61,34,6,52.76
2026-08-20,120248206626550278,120248206576530278,45.82,41.24,767,100,59.74
2026-08-20,120248206704810278,120248206683980278,2.58,2.32,41,8,62.84
2026-08-20,120248206712470278,120248206683980278,8.44,7.6,47,17,179.56
2026-08-20,120248206723170278,120248206683980278,54.14,48.72,717,107,75.5
2026-08-20,120248206742290278,120248206683980278,0.54,0.49,6,1,90.13
2026-08-20,120248206776980278,120248194360980278,0.52,0.47,9,0,57.51
2026-08-20,120248206787300278,120248206765540278,1.71,1.53,21,5,81.21
2026-08-20,120248206804380278,120248206765540278,60.04,54.03,732,122,82.02
2026-08-20,120248206807210278,120248206765540278,0,0,1,0,0.5
2026-08-20,120248206822400278,120248206765540278,12.02,10.82,175,25,68.67
2026-08-20,120248206906090278,120248206906000278,12.55,11.3,155,20,81
2026-08-20,120248206923650278,120248206906000278,1.05,0.95,29,1,36.37
2026-08-20,120248206926730278,120248206906000278,4.07,3.67,48,10,84.85
2026-08-20,120248206930410278,120248206906000278,0.81,0.73,9,2,90.48
2026-08-20,120248206948870278,120248206906000278,3.21,2.89,44,4,72.91
2026-08-20,120248206988160278,120248206972940278,9.18,8.27,139,26,66.08
2026-08-20,120248206989900278,120248206972940278,0.64,0.58,22,2,29.12
2026-08-20,120248206991790278,120248206972940278,38.66,34.79,476,80,81.21
2026-08-20,120248206996450278,120248206972940278,1.9,1.71,22,4,86.58
2026-08-20,120248207047610278,120248207047560278,3.32,2.99,59,9,56.28
2026-08-20,120248207143140278,120248207047560278,1.56,1.4,22,3,70.81
2026-08-20,120248207152480278,120248207047560278,0.59,0.53,12,1,49.09
2026-08-20,120248207162510278,120248207047560278,2.62,2.36,31,2,84.48
2026-08-20,120248207169180278,120248207047560278,21.07,18.97,323,60,65.24
2026-08-20,120248207174990278,120248207047560278,0.31,0.28,6,1,51.67
2026-08-20,120248372080200330,120248372080210330,4.98,4.48,190,38,26.19
2026-08-20,120248372134110330,120248372080210330,0.72,0.65,40,5,18.02
2026-08-20,120248372136990330,120248372080210330,19.84,17.86,679,104,29.22
2026-08-20,120248372139410330,120248372080210330,1.66,1.49,82,14,20.21
2026-08-20,120248372140590330,120248372080210330,0.13,0.12,13,2,10.17
2026-08-20,120248372142860330,120248372080210330,7.98,7.19,398,49,20.06
2026-08-20,120248372145280330,120248372080210330,0.27,0.24,28,4,9.67
2026-08-20,120248372148190330,120248372080210330,0.96,0.87,42,8,22.89
2026-08-20,120248372152310330,120248372080210330,7.23,6.51,377,72,19.18
2026-08-20,120248372154590330,120248372080210330,0.42,0.38,16,3,26.56
2026-08-20,120248372299290330,120248372192250330,15.44,13.9,476,73,32.45
2026-08-20,120248372299390330,120248372192250330,0.1,0.09,5,1,20.16
2026-08-20,120248372299400330,120248372192250330,2.42,2.18,44,9,55.11
2026-08-20,120248372299410330,120248372192250330,2.51,2.26,92,12,27.3
2026-08-20,120248372299420330,120248372192250330,7.75,6.97,329,36,23.55
2026-08-20,120248372299430330,120248372192250330,1,0.9,41,4,24.32
2026-08-20,120248372299440330,120248372192250330,6.06,5.46,204,36,29.72
2026-08-20,120248372299450330,120248372192250330,3.72,3.35,109,13,34.12
2026-08-20,120248372299460330,120248372192250330,1.32,1.19,74,11,17.84
2026-08-20,120253665881380281,120253665771940281,83.95,75.56,1409,148,59.58
2026-08-20,120253665904310281,120253665771940281,1.63,1.47,19,5,85.93
2026-08-20,120253665946580281,120253665771940281,7.31,6.58,125,21,58.51
2026-08-20,120253666333460281,120253666333490281,28.81,25.93,285,57,101.08
2026-08-20,120253666527630281,120253666333490281,16.12,14.5,204,27,79
2026-08-20,120253666532760281,120253666333490281,28.1,25.29,420,56,66.9
2026-08-20,120253667521110281,120253667302360281,2.01,1.81,13,2,154.32
2026-08-20,120253667668650281,120253667581330281,1.56,1.41,18,4,86.77
2026-08-20,120253667678500281,120253667581330281,4.07,3.66,42,5,96.9
2026-08-20,120253703606030281,120253703504250281,0.16,0.14,2,0,78.7
2026-08-20,120253703640280281,120253703504250281,0.14,0.12,2,0,68.7
2026-08-20,120253703653020281,120253703504250281,0,0,1,0,1.2
2026-08-20,120253703658800281,120253703504250281,73.7,66.33,1144,144,64.42
2026-08-20,120253703780420281,120253703724520281,4.1,3.69,54,8,75.97
2026-08-20,120253703796370281,120253703724520281,4.28,3.85,56,10,76.43
2026-08-20,120253703813950281,120253703724520281,8.67,7.8,121,9,71.63
2026-08-20,120253703815990281,120253703724520281,5.47,4.92,67,14,81.63
2026-08-20,120253703824100281,120253703724520281,2.37,2.14,47,8,50.52
2026-08-20,120253703937850281,120253703839970281,6.36,5.73,105,19,60.6
2026-08-20,120253704028180281,120253703989720281,0.17,0.15,10,1,16.94
2026-08-20,120253704038100281,120253703989720281,15.55,14,167,26,93.13
2026-08-20,120253704087580281,120253703989720281,0,0,1,0,1.6
2026-08-20,120253761460060281,120253761401760281,0.02,0.02,2,0,8.5
2026-08-20,120253761546640281,120253761546630281,1.22,1.1,19,2,64.45
2026-08-20,120253761602770281,120253761546630281,2.51,2.26,24,4,104.65
2026-08-20,120253761614690281,120253761546630281,3.18,2.86,30,5,105.89
2026-08-20,120253761623700281,120253761546630281,4.87,4.38,60,11,81.13
2026-08-21,120247357081010278,120247357080990278,4.52,4.07,71,12,63.62
2026-08-21,120247360141410278,120247360141370278,8.69,7.82,105,13,82.73
2026-08-21,120247360141490278,120247360141370278,4.4,3.96,68,8,64.72
2026-08-21,120247382323040278,120247382322970278,5.36,4.83,58,11,92.48
2026-08-21,120247382323060278,120247382322970278,1.57,1.42,32,3,49.21
2026-08-21,120247382323080278,120247382322970278,9.55,8.59,53,9,180.1
2026-08-21,120247488259350278,120247488259330278,6.59,5.93,96,15,68.65
2026-08-21,120247753333380278,120247753268510278,6.79,6.12,124,18,54.8
2026-08-21,120247753647720278,120247753572060278,10.69,9.62,127,9,84.16
2026-08-21,120247753859960278,120247753837740278,8.9,8.01,143,27,62.26
2026-08-21,120248013980050278,120247753837740278,1.52,1.37,28,2,54.43
2026-08-21,120248014031360278,120247753837740278,8.11,7.3,65,10,124.81
2026-08-21,120248014331980278,120247753572060278,7.86,7.08,116,12,67.77
2026-08-21,120248014354790278,120247753572060278,2.17,1.95,28,6,77.51
2026-08-21,120248015021780278,120247753268510278,4.55,4.1,100,16,45.55
2026-08-21,120248015027340278,120247753268510278,5.14,4.63,119,8,43.2
2026-08-21,120248037146600278,120247488930090278,3.43,3.09,51,6,67.3
2026-08-21,120248037149900278,120247488930090278,2.44,2.2,73,8,33.47
2026-08-21,120248037259710278,120247488259330278,7.02,6.32,107,19,65.63
2026-08-21,120248037378470278,120247360141370278,3.22,2.9,24,7,134.13
2026-08-21,120248037487480278,120247358419970278,2.98,2.69,53,11,56.29
2026-08-21,120248037498990278,120247358419970278,3.06,2.76,39,6,78.56
2026-08-21,120248037581340278,120247357080990278,2.25,2.02,47,6,47.84
2026-08-21,120248037841630278,120247506168050278,6.79,6.11,108,10,62.85
2026-08-21,120248037889530278,120247506168050278,1.59,1.43,14,5,113.38
2026-08-21,120248037907790278,120247506168050278,4.02,3.61,59,11,68.05
2026-08-21,120248037951360278,120247506424170278,4.99,4.49,96,10,51.93
2026-08-21,120248037978210278,120247506424170278,2.46,2.21,57,8,43.08
2026-08-21,120248037983800278,120247506424170278,4.1,3.69,35,9,117.14
2026-08-21,120248038023970278,120247382322970278,7.67,6.9,76,16,100.86
2026-08-21,120248038047290278,120247382322970278,2.97,2.68,48,5,61.96
2026-08-21,120248166825390278,120248166804780278,46.67,42,763,103,61.17
2026-08-21,120248166829070278,120248166804780278,7.13,6.42,112,17,63.67
2026-08-21,120248166833800278,120248166804780278,0.18,0.16,11,0,16.52
2026-08-21,120248166883820278,120248166866480278,0,0,1,0,2.3
2026-08-21,120248166888580278,120248166866480278,0.08,0.07,5,0,16.56
2026-08-21,120248166893280278,120248166866480278,0.25,0.22,13,0,19.01
2026-08-21,120248166899900278,120248166866480278,0,0,1,0,1.2
2026-08-21,120248166905440278,120248166866480278,1.68,1.51,26,3,64.57
2026-08-21,120248166916950278,120248166866480278,58.08,52.27,800,108,72.6
2026-08-21,120248166938060278,120248166938070278,34.16,30.75,707,83,48.32
2026-08-21,120248166957800278,120248166938070278,52.18,46.96,671,124,77.76
2026-08-21,120248194706920278,120248194706870278,0.09,0.08,6,1,14.43
2026-08-21,120248194739500278,120248194706870278,0.97,0.87,21,4,46.01
2026-08-21,120248194745270278,120248194706870278,28.04,25.24,542,85,51.74
2026-08-21,120248194756580278,120248194706870278,0.47,0.42,6,1,77.57
2026-08-21,120248194761320278,120248194706870278,12.39,11.15,137,24,90.42
2026-08-21,120248194767240278,120248194706870278,0.46,0.41,9,1,50.71
2026-08-21,120248194773590278,120248194706870278,0.17,0.15,11,1,15.35
2026-08-21,120248194843970278,120248194806880278,2.19,1.97,46,7,47.66
2026-08-21,120248194848660278,120248194806880278,0.49,0.44,17,2,28.95
2026-08-21,120248194855950278,120248194806880278,11.81,10.63,148,22,79.81
2026-08-21,120248194860260278,120248194806880278,3.96,3.57,31,9,127.85
2026-08-21,120248194870530278,120248194806880278,18.21,16.39,254,41,71.69
2026-08-21,120248194877530278,120248194806880278,5.39,4.85,87,17,61.99
2026-08-21,120248194966120278,120248194936940278,29.66,26.69,362,55,81.94
2026-08-21,120248194967740278,120248194936940278,3.91,3.52,28,4,139.75
2026-08-21,120248194972070278,120248194936940278,0,0,2,0,2.45
2026-08-21,120248195093810278,120248194936940278,5.74,5.16,102,11,56.25
2026-08-21,120248195103230278,120248194936940278,2.81,2.53,31,3,90.75
2026-08-21,120248195118160278,120248194936940278,5.08,4.57,82,12,61.95
2026-08-21,120248195176820278,120248195154280278,0.84,0.75,7,3,119.66
2026-08-21,120248195180860278,120248195154280278,0.26,0.23,5,2,51
2026-08-21,120248195197960278,120248195154280278,17.38,15.64,324,34,53.65
2026-08-21,120248195199510278,120248195154280278,0.91,0.82,21,4,43.48
2026-08-21,120248195204360278,120248195154280278,13.69,12.32,79,25,173.29
2026-08-21,120248195205910278,120248195154280278,0.01,0.01,2,0,3.95
2026-08-21,120248195210880278,120248195154280278,5.08,4.57,80,13,63.44
2026-08-21,120248195213230278,120248195154280278,0.04,0.04,2,0,22.3
2026-08-21,120248206576590278,120248206576530278,6.31,5.68,89,15,70.92
2026-08-21,120248206626550278,120248206576530278,49.5,44.55,909,116,54.46
2026-08-21,120248206644020278,120248206576530278,1.99,1.79,15,3,132.5
2026-08-21,120248206704810278,120248206683980278,0.77,0.7,32,3,24.2
2026-08-21,120248206712470278,120248206683980278,0.76,0.69,16,4,47.64
2026-08-21,120248206723170278,120248206683980278,81.82,73.64,993,163,82.4
2026-08-21,120248206730280278,120248206683980278,0.2,0.18,10,1,19.53
2026-08-21,120248206742290278,120248206683980278,0.31,0.28,13,1,23.78
2026-08-21,120248206776980278,120248194360980278,0,0,1,0,3.5
2026-08-21,120248206787300278,120248206765540278,0.22,0.2,10,1,21.78
2026-08-21,120248206804380278,120248206765540278,69.17,62.25,986,134,70.15
2026-08-21,120248206807210278,120248206765540278,3.73,3.35,59,8,63.14
2026-08-21,120248206822400278,120248206765540278,2.11,1.9,31,6,68.09
2026-08-21,120248206906090278,120248206906000278,25.17,22.65,350,42,71.9
2026-08-21,120248206923650278,120248206906000278,3.3,2.97,61,5,54.15
2026-08-21,120248206926730278,120248206906000278,4.08,3.67,77,10,53
2026-08-21,120248206930410278,120248206906000278,0.53,0.47,12,1,43.77
2026-08-21,120248206945940278,120248206906000278,0.01,0.01,1,0,8.4
2026-08-21,120248206948870278,120248206906000278,8.29,7.46,134,16,61.88
2026-08-21,120248206988160278,120248206972940278,9.37,8.43,145,21,64.61
2026-08-21,120248206989900278,120248206972940278,0.96,0.86,30,5,31.97
2026-08-21,120248206991790278,120248206972940278,57.15,51.44,828,120,69.02
2026-08-21,120248206993670278,120248206972940278,0,0,1,0,2.4
2026-08-21,120248206996450278,120248206972940278,0.69,0.62,12,2,57.48
2026-08-21,120248207047610278,120248207047560278,7.16,6.45,115,22,62.3
2026-08-21,120248207143140278,120248207047560278,9.36,8.43,135,13,69.37
2026-08-21,120248207155460278,120248207047560278,0.01,0.01,1,0,11
2026-08-21,120248207159750278,120248207047560278,2.04,1.84,5,1,408.28
2026-08-21,120248207162510278,120248207047560278,0.69,0.62,10,2,69.42
2026-08-21,120248207169180278,120248207047560278,30.61,27.55,446,71,68.64
2026-08-21,120248207174990278,120248207047560278,0.28,0.25,8,1,34.38
2026-08-21,120248372080200330,120248372080210330,3.15,2.83,177,33,17.79
2026-08-21,120248372134110330,120248372080210330,3.21,2.89,192,32,16.72
2026-08-21,120248372136990330,120248372080210330,16.59,14.93,945,149,17.56
2026-08-21,120248372139410330,120248372080210330,6.77,6.09,294,70,23.03
2026-08-21,120248372140590330,120248372080210330,0.05,0.04,7,0,6.99
2026-08-21,120248372142860330,120248372080210330,7.91,7.12,374,68,21.14
2026-08-21,120248372145280330,120248372080210330,0.68,0.61,40,13,16.92
2026-08-21,120248372148190330,120248372080210330,0.05,0.04,3,0,15.33
2026-08-21,120248372152310330,120248372080210330,16.65,14.99,804,164,20.71
2026-08-21,120248372154590330,120248372080210330,0.42,0.38,22,4,19.25
2026-08-21,120248372299290330,120248372192250330,3.12,2.81,166,24,18.8
2026-08-21,120248372299390330,120248372192250330,0.01,0.01,1,0,11.5
2026-08-21,120248372299400330,120248372192250330,0.31,0.28,19,3,16.24
2026-08-21,120248372299410330,120248372192250330,0.96,0.87,45,6,21.43
2026-08-21,120248372299420330,120248372192250330,38.26,34.44,1556,285,24.59
2026-08-21,120248372299430330,120248372192250330,1.69,1.52,74,14,22.87
2026-08-21,120248372299440330,120248372192250330,3.55,3.19,191,30,18.58
2026-08-21,120248372299450330,120248372192250330,4.76,4.28,216,41,22.03
2026-08-21,120248372299460330,120248372192250330,3.69,3.32,157,33,23.51
2026-08-21,120253665881380281,120253665771940281,60.66,54.59,1144,120,53.02
2026-08-21,120253665904310281,120253665771940281,3.94,3.54,81,11,48.62
2026-08-21,120253665946580281,120253665771940281,9.18,8.26,152,22,60.41
2026-08-21,120253666333460281,120253666333490281,19.21,17.29,219,44,87.71
2026-08-21,120253666527630281,120253666333490281,21.47,19.33,243,44,88.37
2026-08-21,120253666532760281,120253666333490281,34.63,31.17,437,69,79.25
2026-08-21,120253667678500281,120253667581330281,2.22,2,51,8,43.58
2026-08-21,120253703658800281,120253703504250281,90.35,81.32,1213,221,74.49
2026-08-21,120253703780420281,120253703724520281,3.27,2.95,38,6,86.17
2026-08-21,120253703796370281,120253703724520281,3.06,2.75,88,8,34.78
2026-08-21,120253703813950281,120253703724520281,4,3.6,77,13,51.92
2026-08-21,120253703815990281,120253703724520281,1.48,1.33,25,4,59.2
2026-08-21,120253703937850281,120253703839970281,10.41,9.37,110,16,94.65
2026-08-21,120253704038100281,120253703989720281,12.69,11.42,205,25,61.88
2026-08-21,120253761546640281,120253761546630281,1.77,1.59,25,5,70.68
2026-08-21,120253761602770281,120253761546630281,4.04,3.63,33,11,122.38
2026-08-21,120253761614690281,120253761546630281,2.69,2.42,41,8,65.66
2026-08-21,120253761623700281,120253761546630281,0.63,0.57,24,4,26.18
2026-08-22,120247357081010278,120247357080990278,5.51,4.96,95,10,57.96
2026-08-22,120247360141410278,120247360141370278,3.12,2.81,88,9,35.5
2026-08-22,120247360141490278,120247360141370278,4.59,4.13,54,6,84.93
2026-08-22,120247382323040278,120247382322970278,3.22,2.89,46,10,69.9
2026-08-22,120247382323060278,120247382322970278,4.8,4.32,70,11,68.57
2026-08-22,120247382323080278,120247382322970278,5.35,4.82,97,14,55.19
2026-08-22,120247488259350278,120247488259330278,6.22,5.6,99,18,62.81
2026-08-22,120247753333380278,120247753268510278,3.55,3.2,69,10,51.48
2026-08-22,120247753647720278,120247753572060278,8.41,7.57,178,18,47.25
2026-08-22,120247753859960278,120247753837740278,11.96,10.77,166,25,72.06
2026-08-22,120248013980050278,120247753837740278,9.35,8.42,82,14,114.06
2026-08-22,120248014031360278,120247753837740278,9.75,8.77,128,19,76.17
2026-08-22,120248014331980278,120247753572060278,8.25,7.43,161,23,51.25
2026-08-22,120248014354790278,120247753572060278,5.7,5.13,53,13,107.52
2026-08-22,120248015021780278,120247753268510278,2.6,2.34,49,11,53.02
2026-08-22,120248015027340278,120247753268510278,3.08,2.77,84,10,36.63
2026-08-22,120248037146600278,120247488930090278,9.72,8.75,135,25,72.02
2026-08-22,120248037149900278,120247488930090278,0.89,0.8,31,2,28.7
2026-08-22,120248037259710278,120247488259330278,4.91,4.41,64,12,76.64
2026-08-22,120248037378470278,120247360141370278,2.63,2.36,22,2,119.38
2026-08-22,120248037487480278,120247358419970278,1.19,1.07,20,4,59.28
2026-08-22,120248037498990278,120247358419970278,4.37,3.93,28,6,155.91
2026-08-22,120248037581340278,120247357080990278,1.54,1.39,47,6,32.76
2026-08-22,120248037841630278,120247506168050278,4.1,3.69,52,5,78.91
2026-08-22,120248037889530278,120247506168050278,1.39,1.25,28,3,49.49
2026-08-22,120248037907790278,120247506168050278,5.75,5.17,83,9,69.26
2026-08-22,120248037951360278,120247506424170278,5.71,5.14,95,12,60.1
2026-08-22,120248037978210278,120247506424170278,4.19,3.77,86,10,48.69
2026-08-22,120248037983800278,120247506424170278,7.52,6.77,92,17,81.72
2026-08-22,120248038023970278,120247382322970278,2.02,1.82,27,2,74.73
2026-08-22,120248038047290278,120247382322970278,1.69,1.52,43,3,39.31
2026-08-22,120248166825390278,120248166804780278,31.8,28.62,598,78,53.19
2026-08-22,120248166829070278,120248166804780278,37.33,33.6,465,63,80.28
2026-08-22,120248166893280278,120248166866480278,0.08,0.07,5,1,16.64
2026-08-22,120248166905440278,120248166866480278,3.17,2.86,51,8,62.24
2026-08-22,120248166916950278,120248166866480278,54.16,48.75,843,115,64.25
2026-08-22,120248166938060278,120248166938070278,60.05,54.04,1004,127,59.81
2026-08-22,120248166957800278,120248166938070278,60.93,54.83,914,149,66.66
2026-08-22,120248194706920278,120248194706870278,0.95,0.85,10,2,94.95
2026-08-22,120248194739500278,120248194706870278,1.45,1.3,11,3,131.44
2026-08-22,120248194745270278,120248194706870278,45.15,40.63,747,128,60.44
2026-08-22,120248194761320278,120248194706870278,5.69,5.12,69,11,82.41
2026-08-22,120248194763740278,120248194706870278,0.03,0.02,3,1,8.77
2026-08-22,120248194767240278,120248194706870278,0.7,0.63,16,3,43.46
2026-08-22,120248194843970278,120248194806880278,1.39,1.25,30,1,46.46
2026-08-22,120248194848660278,120248194806880278,1.85,1.67,44,10,42.06
2026-08-22,120248194855950278,120248194806880278,16.17,14.55,212,44,76.26
2026-08-22,120248194860260278,120248194806880278,13.56,12.21,160,20,84.77
2026-08-22,120248194870530278,120248194806880278,19.7,17.73,167,35,117.99
2026-08-22,120248194877530278,120248194806880278,3.2,2.88,54,8,59.32
2026-08-22,120248194936950278,120248194936940278,0.08,0.07,3,1,26.6
2026-08-22,120248194966120278,120248194936940278,29.38,26.44,304,63,96.65
2026-08-22,120248194967740278,120248194936940278,0.44,0.39,14,0,31.17
2026-08-22,120248195093810278,120248194936940278,6.01,5.41,50,15,120.27
2026-08-22,120248195103230278,120248194936940278,6.48,5.83,50,10,129.51
2026-08-22,120248195118160278,120248194936940278,12.34,11.1,161,20,76.62
2026-08-22,120248195176820278,120248195154280278,1.35,1.22,5,1,270.98
2026-08-22,120248195180860278,120248195154280278,5.92,5.32,64,10,92.42
2026-08-22,120248195197960278,120248195154280278,4.14,3.73,80,13,51.8
2026-08-22,120248195199510278,120248195154280278,13.85,12.47,105,23,131.94
2026-08-22,120248195204360278,120248195154280278,16.57,14.92,176,26,94.17
2026-08-22,120248195205910278,120248195154280278,0.59,0.53,3,2,196.03
2026-08-22,120248195210880278,120248195154280278,14.97,13.48,206,32,72.68
2026-08-22,120248195213230278,120248195154280278,1.9,1.71,35,3,54.43
2026-08-22,120248206576590278,120248206576530278,2.9,2.61,37,7,78.34
2026-08-22,120248206626550278,120248206576530278,81.41,73.27,1382,175,58.9
2026-08-22,120248206644020278,120248206576530278,0.41,0.37,17,4,24.25
2026-08-22,120248206704810278,120248206683980278,7.46,6.71,112,15,66.58
2026-08-22,120248206712470278,120248206683980278,1.79,1.61,26,8,68.9
2026-08-22,120248206723170278,120248206683980278,66.92,60.23,1042,158,64.22
2026-08-22,120248206730280278,120248206683980278,0.15,0.14,4,1,37.55
2026-08-22,120248206742290278,120248206683980278,0,0,3,0,1.33
2026-08-22,120248206787300278,120248206765540278,0.01,0.01,2,0,2.9
2026-08-22,120248206804380278,120248206765540278,79.56,71.6,1326,174,60
2026-08-22,120248206807210278,120248206765540278,4.41,3.97,76,13,58.02
2026-08-22,120248206822400278,120248206765540278,0.4,0.36,13,1,31.11
2026-08-22,120248206906090278,120248206906000278,6.79,6.11,136,12,49.92
2026-08-22,120248206923650278,120248206906000278,3.22,2.89,46,4,69.91
2026-08-22,120248206926730278,120248206906000278,0.15,0.13,8,2,18.51
2026-08-22,120248206930410278,120248206906000278,0.83,0.74,22,0,37.56
2026-08-22,120248206934590278,120248206906000278,0.48,0.43,7,1,68.74
2026-08-22,120248206945940278,120248206906000278,0,0,1,0,3.1
2026-08-22,120248206948870278,120248206906000278,2.34,2.11,45,4,52.07
2026-08-22,120248206988160278,120248206972940278,0.83,0.75,21,3,39.45
2026-08-22,120248206989900278,120248206972940278,0.1,0.09,13,1,7.5
2026-08-22,120248206991790278,120248206972940278,75.74,68.17,1081,140,70.07
2026-08-22,120248206996450278,120248206972940278,1.73,1.56,4,0,432.55
2026-08-22,120248207047610278,120248207047560278,9.09,8.18,116,24,78.37
2026-08-22,120248207143140278,120248207047560278,1.24,1.11,22,5,56.22
2026-08-22,120248207152480278,120248207047560278,0,0,1,0,0.7
2026-08-22,120248207159750278,120248207047560278,0.11,0.1,2,0,54.25
2026-08-22,120248207162510278,120248207047560278,0.19,0.17,3,1,64.1
2026-08-22,120248207169180278,120248207047560278,12.35,11.11,233,31,52.98
2026-08-22,120248207174990278,120248207047560278,1.14,1.02,15,2,75.83
2026-08-22,120248372080200330,120248372080210330,1.34,1.21,76,9,17.63
2026-08-22,120248372134110330,120248372080210330,3.07,2.76,99,20,31.03
2026-08-22,120248372136990330,120248372080210330,4.65,4.19,228,40,20.4
2026-08-22,120248372139410330,120248372080210330,10.05,9.05,460,73,21.85
2026-08-22,120248372142860330,120248372080210330,3.14,2.82,114,17,27.53
2026-08-22,120248372145280330,120248372080210330,0.19,0.17,6,2,31.53
2026-08-22,120248372148190330,120248372080210330,0.09,0.08,4,2,23.35
2026-08-22,120248372152310330,120248372080210330,1.67,1.5,77,13,21.63
2026-08-22,120248372299290330,120248372192250330,7.39,6.65,366,52,20.2
2026-08-22,120248372299400330,120248372192250330,0.43,0.39,21,4,20.56
2026-08-22,120248372299410330,120248372192250330,0.02,0.02,2,0,11.05
2026-08-22,120248372299420330,120248372192250330,8.62,7.75,427,82,20.18
2026-08-22,120248372299430330,120248372192250330,0.87,0.79,20,7,43.73
2026-08-22,120248372299440330,120248372192250330,0.61,0.55,24,5,25.6
2026-08-22,120248372299450330,120248372192250330,0.45,0.41,22,4,20.53
2026-08-22,120248372299460330,120248372192250330,0.55,0.49,28,5,19.56
2026-08-22,120253665881380281,120253665771940281,72.12,64.9,1151,144,62.65
2026-08-22,120253665904310281,120253665771940281,10.76,9.68,149,27,72.2
2026-08-22,120253665910190281,120253665771940281,0.83,0.75,3,1,276.27
2026-08-22,120253665946580281,120253665771940281,17.77,15.99,182,37,97.62
2026-08-22,120253666333460281,120253666333490281,27.83,25.05,383,67,72.67
2026-08-22,120253666527630281,120253666333490281,16.16,14.54,240,42,67.32
2026-08-22,120253666532760281,120253666333490281,24.76,22.29,473,59,52.36
2026-08-22,120253667678500281,120253667581330281,3.59,3.23,58,12,61.91
2026-08-22,120253703606030281,120253703504250281,0.26,0.24,7,0,37.49
2026-08-22,120253703658800281,120253703504250281,99.15,89.24,1235,181,80.28
2026-08-22,120253703780420281,120253703724520281,5.24,4.72,78,9,67.23
2026-08-22,120253703796370281,120253703724520281,4.75,4.28,70,7,67.89
2026-08-22,120253703813950281,120253703724520281,6.71,6.04,118,9,56.85
2026-08-22,120253703815990281,120253703724520281,1.62,1.46,33,6,49.07
2026-08-22,120253703937850281,120253703839970281,1.14,1.02,36,5,31.63
2026-08-22,120253704038100281,120253703989720281,14.18,12.76,176,34,80.54
2026-08-22,120253761546640281,120253761546630281,0.91,0.82,18,4,50.52
2026-08-22,120253761602770281,120253761546630281,0.71,0.64,17,0,41.87
2026-08-22,120253761614690281,120253761546630281,0.62,0.56,14,2,44.64
2026-08-22,120253761623700281,120253761546630281,3.19,2.87,26,4,122.68
2026-08-23,120247357081010278,120247357080990278,1.41,1.27,31,7,45.38
2026-08-23,120247360141410278,120247360141370278,3.48,3.13,46,8,75.55
2026-08-23,120247360141490278,120247360141370278,2.06,1.85,23,5,89.6
2026-08-23,120247382323040278,120247382322970278,2.79,2.51,21,5,132.84
2026-08-23,120247382323060278,120247382322970278,1.47,1.32,9,2,163.11
2026-08-23,120247382323080278,120247382322970278,1.3,1.17,14,3,93.06
2026-08-23,120247488259350278,120247488259330278,1.54,1.38,24,5,64.08
2026-08-23,120247753333380278,120247753268510278,1.03,0.93,18,2,57.37
2026-08-23,120247753647720278,120247753572060278,4.11,3.7,58,7,70.83
2026-08-23,120247753859960278,120247753837740278,5.11,4.6,90,10,56.8
2026-08-23,120248013980050278,120247753837740278,1.52,1.37,23,3,66.16
2026-08-23,120248014031360278,120247753837740278,2.29,2.06,45,7,50.98
2026-08-23,120248014331980278,120247753572060278,9.31,8.38,116,20,80.29
2026-08-23,120248014354790278,120247753572060278,0,0,0,2,
2026-08-23,120248015021780278,120247753268510278,0.53,0.47,10,5,52.55
2026-08-23,120248015027340278,120247753268510278,1.1,0.99,26,3,42.33
2026-08-23,120248037146600278,120247488930090278,1.66,1.49,25,7,66.27
2026-08-23,120248037149900278,120247488930090278,1.44,1.3,22,6,65.6
2026-08-23,120248037259710278,120247488259330278,1.96,1.76,18,5,108.64
2026-08-23,120248037378470278,120247360141370278,1.5,1.35,14,1,107.46
2026-08-23,120248037498990278,120247358419970278,1.04,0.94,9,1,115.68
2026-08-23,120248037581340278,120247357080990278,2.5,2.25,39,4,64.12
2026-08-23,120248037841630278,120247506168050278,2.61,2.35,43,6,60.7
2026-08-23,120248037889530278,120247506168050278,6.84,6.15,24,7,284.9
2026-08-23,120248037907790278,120247506168050278,0.77,0.69,18,2,42.76
2026-08-23,120248037951360278,120247506424170278,2.76,2.48,46,4,59.92
2026-08-23,120248037978210278,120247506424170278,3.63,3.26,44,6,82.4
2026-08-23,120248037983800278,120247506424170278,3.27,2.94,42,5,77.8
2026-08-23,120248038023970278,120247382322970278,6.52,5.87,45,14,144.84
2026-08-23,120248038047290278,120247382322970278,0.37,0.34,9,1,41.47
2026-08-23,120248166825390278,120248166804780278,2.81,2.53,51,8,55.01
2026-08-23,120248166829070278,120248166804780278,30.16,27.15,353,69,85.45
2026-08-23,120248166893280278,120248166866480278,0.01,0.01,3,0,3.83
2026-08-23,120248166905440278,120248166866480278,0.08,0.07,6,1,13.45
2026-08-23,120248166916950278,120248166866480278,40.38,36.34,501,65,80.59
2026-08-23,120248166938060278,120248166938070278,23.01,20.71,399,65,57.68
2026-08-23,120248166957800278,120248166938070278,41.69,37.52,494,99,84.39
2026-08-23,120248194745270278,120248194706870278,31.86,28.67,396,88,80.45
2026-08-23,120248194761320278,120248194706870278,0.31,0.28,2,1,153.1
2026-08-23,120248194763740278,120248194706870278,0.03,0.03,1,0,31.1
2026-08-23,120248194855950278,120248194806880278,33.66,30.29,333,71,101.08
2026-08-23,120248194860260278,120248194806880278,4.07,3.66,49,10,83.09
2026-08-23,120248194870530278,120248194806880278,0.69,0.62,11,1,62.67
2026-08-23,120248194877530278,120248194806880278,0,0,1,0,2.5
2026-08-23,120248194966120278,120248194936940278,20.56,18.5,211,61,97.42
2026-08-23,120248194967740278,120248194936940278,0.63,0.57,10,1,63.29
2026-08-23,120248194972070278,120248194936940278,1.05,0.94,12,3,87.48
2026-08-23,120248195093810278,120248194936940278,3.91,3.52,35,7,111.68
2026-08-23,120248195103230278,120248194936940278,0.28,0.25,4,0,68.83
2026-08-23,120248195118160278,120248194936940278,8.13,7.32,88,17,92.41
2026-08-23,120248195176820278,120248195154280278,0.6,0.54,5,0,119.96
2026-08-23,120248195180860278,120248195154280278,0.39,0.35,10,2,38.6
2026-08-23,120248195199510278,120248195154280278,1.39,1.25,16,2,86.74
2026-08-23,120248195204360278,120248195154280278,21.33,19.2,238,49,89.62
2026-08-23,120248195205910278,120248195154280278,0.13,0.12,1,0,129.7
2026-08-23,120248195210880278,120248195154280278,6.01,5.41,61,13,98.6
2026-08-23,120248195213230278,120248195154280278,2.59,2.34,12,3,216.24
2026-08-23,120248206576590278,120248206576530278,2.6,2.34,24,6,108.54
2026-08-23,120248206626550278,120248206576530278,44.28,39.85,608,102,72.83
2026-08-23,120248206704810278,120248206683980278,0.01,0.01,2,0,3.9
2026-08-23,120248206723170278,120248206683980278,46.63,41.97,453,83,102.93
2026-08-23,120248206787300278,120248206765540278,0.28,0.25,2,1,139.7
2026-08-23,120248206804380278,120248206765540278,40.46,36.42,503,102,80.44
2026-08-23,120248206807210278,120248206765540278,2.43,2.19,48,12,50.67
2026-08-23,120248206822400278,120248206765540278,0.01,0.01,1,0,5.9
2026-08-23,120248206906090278,120248206906000278,0.53,0.48,3,1,178.1
2026-08-23,120248206923650278,120248206906000278,0.35,0.31,11,0,31.51
2026-08-23,120248206930410278,120248206906000278,0.11,0.1,5,0,22.16
2026-08-23,120248206988160278,120248206972940278,1.28,1.15,11,2,116.39
2026-08-23,120248206991790278,120248206972940278,51.67,46.5,594,93,86.99
2026-08-23,120248206993670278,120248206972940278,0.31,0.28,3,2,102.6
2026-08-23,120248206996450278,120248206972940278,0.04,0.04,2,0,20.85
2026-08-23,120248207047610278,120248207047560278,16.97,15.27,156,32,108.78
2026-08-23,120248207143140278,120248207047560278,0.15,0.13,6,1,24.92
2026-08-23,120248207152480278,120248207047560278,0.01,0.01,4,0,2.58
2026-08-23,120248207159750278,120248207047560278,0.11,0.1,5,0,21.34
2026-08-23,120248207162510278,120248207047560278,1.08,0.98,9,5,120.5
2026-08-23,120248207169180278,120248207047560278,1.35,1.21,26,4,51.88
2026-08-23,120248372080200330,120248372080210330,6.21,5.59,240,39,25.86
2026-08-23,120248372134110330,120248372080210330,0.05,0.05,7,1,7.5
2026-08-23,120248372136990330,120248372080210330,0.07,0.06,4,1,16.3
2026-08-23,120248372139410330,120248372080210330,6.08,5.47,311,40,19.55
2026-08-23,120248372142860330,120248372080210330,0.25,0.22,19,2,13.04
2026-08-23,120248372145280330,120248372080210330,0.52,0.46,26,6,19.86
2026-08-23,120248372152310330,120248372080210330,0.27,0.24,24,3,11.2
2026-08-23,120248372299290330,120248372192250330,12.58,11.33,493,99,25.52
2026-08-23,120248372299400330,120248372192250330,2.55,2.29,82,10,31.1
2026-08-23,120248372299420330,120248372192250330,1.04,0.93,32,7,32.45
2026-08-23,120248372299450330,120248372192250330,0.11,0.1,7,2,15.09
2026-08-23,120253665881380281,120253665771940281,43.56,39.2,584,94,74.59
2026-08-23,120253665904310281,120253665771940281,2.3,2.07,47,11,48.91
2026-08-23,120253665946580281,120253665771940281,11.93,10.74,120,21,99.42
2026-08-23,120253666333460281,120253666333490281,19.45,17.5,175,51,111.12
2026-08-23,120253666527630281,120253666333490281,4.25,3.82,77,18,55.16
2026-08-23,120253666532760281,120253666333490281,12.72,11.44,148,24,85.92
2026-08-23,120253667678500281,120253667581330281,1.85,1.67,15,4,123.58
2026-08-23,120253703658800281,120253703504250281,43.23,38.91,498,92,86.8
2026-08-23,120253703780420281,120253703724520281,1.02,0.91,13,3,78.18
2026-08-23,120253703796370281,120253703724520281,3.21,2.89,57,10,56.36
2026-08-23,120253703813950281,120253703724520281,3.12,2.81,38,5,82.04
2026-08-23,120253703815990281,120253703724520281,1.63,1.47,12,3,135.68
2026-08-23,120253703937850281,120253703839970281,1.14,1.03,25,2,45.79
2026-08-23,120253704038100281,120253703989720281,5.07,4.56,91,17,55.73
